{
    "paper_id": "PMC7110681",
    "metadata": {
        "title": "Influenza virus but not MERS coronavirus circulation in Iran, 2013\u20132016: Comparison between pilgrims and general population",
        "authors": [
            {
                "first": "Jila",
                "middle": [],
                "last": "Yavarian",
                "suffix": "",
                "email": null,
                "affiliation": {}
            },
            {
                "first": "Nazanin",
                "middle": [
                    "Zahra"
                ],
                "last": "Shafiei Jandaghi",
                "suffix": "",
                "email": null,
                "affiliation": {}
            },
            {
                "first": "Maryam",
                "middle": [],
                "last": "Naseri",
                "suffix": "",
                "email": null,
                "affiliation": {}
            },
            {
                "first": "Peyman",
                "middle": [],
                "last": "Hemmati",
                "suffix": "",
                "email": null,
                "affiliation": {}
            },
            {
                "first": "Mohhamadnasr",
                "middle": [],
                "last": "Dadras",
                "suffix": "",
                "email": null,
                "affiliation": {}
            },
            {
                "first": "Mohammad",
                "middle": [
                    "Mehdi"
                ],
                "last": "Gouya",
                "suffix": "",
                "email": null,
                "affiliation": {}
            },
            {
                "first": "Talat",
                "middle": [],
                "last": "Mokhtari Azad",
                "suffix": "",
                "email": "mokhtari@tums.ac.ir",
                "affiliation": {}
            }
        ]
    },
    "body_text": [
        {
            "text": "The Middle East respiratory syndrome coronavirus (MERS-CoV) was first identified in a patient from Kingdom of Saudi Arabia (KSA) in June 2012 [1]. According to World Health Organization (WHO) report, until 21 September 2017, the number of laboratory-confirmed cases of MERS-CoV was 2081, with 722 deaths. Most of the cases originated from or had a history of travel to Middle-East. Mecca and Karbala are places in the Middle-East which are visited by Muslims especially during Hajj, Umrah and Arbaeen.",
            "cite_spans": [
                {
                    "start": 142,
                    "end": 145,
                    "mention": "[1]",
                    "ref_id": "BIBREF0"
                }
            ],
            "section": "Introduction",
            "ref_spans": []
        },
        {
            "text": "KSA hosts about 2.5 million Muslim pilgrims from more than 180 countries during the Hajj pilgrimage annually. Hajj is one of the largest mass gatherings of its kind in the world. Umrah is a visit to the holy sites in KSA the same as Hajj but it can be occurred at any time during the year. During the Hajj, respiratory tract infections are the leading cause of hospitalization in KSA [2], [3].",
            "cite_spans": [
                {
                    "start": 384,
                    "end": 387,
                    "mention": "[2]",
                    "ref_id": "BIBREF11"
                },
                {
                    "start": 389,
                    "end": 392,
                    "mention": "[3]",
                    "ref_id": "BIBREF20"
                }
            ],
            "section": "Introduction",
            "ref_spans": []
        },
        {
            "text": "Karbala is a holly place in Iraq which Muslims visit there during the year especially Arbaeen. Arbaeen is a Shia Muslim ritual that occurs forty days after the day of Ashura (10th day of the month of Muharram). It celebrates the death of Hussein ibn Ali, the grandson of Prophet Mohammad, who was killed on the day of Ashura. Arbaeen is the world largest annual pilgrimage as more than 20 millions of Shia Muslims gather in the city of Karbala in Iraq.",
            "cite_spans": [],
            "section": "Introduction",
            "ref_spans": []
        },
        {
            "text": "Mass gathering of people in a confined area specially Hajj and Arbaeen increases the risk of respiratory tract infections which are very common and responsible for most of the hospital admissions. After June 2012 global concern was about the potential for MERS-CoV spreading by travelers returning from the pilgrimage. For early detection of emerging respiratory viruses, the International Health Regulations Emerging Committee established a program for all countries (especially those with returning pilgrims) to strengthen their surveillance to detect and report any new cases.",
            "cite_spans": [],
            "section": "Introduction",
            "ref_spans": []
        },
        {
            "text": "However KSA has been reported the majority of MERS-CoV cases (>80%) since 2012, but in the 6.5 million pilgrims in Hajj 2012 and 2013 no MERS-CoV cases were reported [4].",
            "cite_spans": [
                {
                    "start": 166,
                    "end": 169,
                    "mention": "[4]",
                    "ref_id": "BIBREF21"
                }
            ],
            "section": "Introduction",
            "ref_spans": []
        },
        {
            "text": "Influenza viruses are important human respiratory pathogens with high morbidity and mortality that cause both seasonal and endemic infections. Nowadays emergence of H5N1 and H7N7 is the concern for influenza pandemic. Different studies have shown a high incidence of influenza virus infection during the Muslim Hajj pilgrimage [5], [6] but there is no published data about the prevalence of respiratory virus infections during Arbaeen.",
            "cite_spans": [
                {
                    "start": 327,
                    "end": 330,
                    "mention": "[5]",
                    "ref_id": "BIBREF22"
                },
                {
                    "start": 332,
                    "end": 335,
                    "mention": "[6]",
                    "ref_id": "BIBREF23"
                }
            ],
            "section": "Introduction",
            "ref_spans": []
        },
        {
            "text": "Among Hajj pilgrims, influenza is the most common vaccine preventable virus infection, but its epidemiology is poorly understood in mass gatherings [7]. Beside detection of MERS-CoV, we designed this study to investigate about the importance of influenza vaccination in general population and pilgrims.",
            "cite_spans": [
                {
                    "start": 148,
                    "end": 151,
                    "mention": "[7]",
                    "ref_id": "BIBREF24"
                }
            ],
            "section": "Introduction",
            "ref_spans": []
        },
        {
            "text": "In Iran, the influenza season starts in late November and lasts until late April, peaking in January and February. The National Influenza Center (NIC) in Iran, located at Virology Department, School of Public Health, Tehran University of Medical Sciences, examines clinical samples from patients with severe acute respiratory infections (SARI) for influenza virus surveillance throughout the year in general population and/or pilgrims.",
            "cite_spans": [],
            "section": "Introduction",
            "ref_spans": []
        },
        {
            "text": "After MERS detection in 2012, all suspected cases were tested in NIC and the first MERS case, a 52 year old woman with a history of hypertension, was confirmed in May 2014, Iran [8]. With continues surveillance totally six MERS cases were identified in Iran which the last one was in March 2015.",
            "cite_spans": [
                {
                    "start": 178,
                    "end": 181,
                    "mention": "[8]",
                    "ref_id": "BIBREF25"
                }
            ],
            "section": "Introduction",
            "ref_spans": []
        },
        {
            "text": "The study's primary aim was screening the Iranian pilgrims and general population with SARI for detection of MERS-CoV during 2013\u20132016. The second aim was to assess the prevalence of influenza virus infections in these patients and the final aim was to comparison of influenza and MERS-CoV circulation between general population and pilgrims.",
            "cite_spans": [],
            "section": "Introduction",
            "ref_spans": []
        },
        {
            "text": "Throat swab specimens according to Ministry of Health protocol were collected from a total of 42351 patients with SARIs. Of them, 38511 specimens were collected from general population and 3840 specimens were taken from arriving pilgrims at Emam Khomeini Airport in Tehran, 2013\u20132016. Throat swabs were collected in viral transport media and immediately transported to NIC, School of Public Health, Tehran University of Medical Sciences.",
            "cite_spans": [],
            "section": "Respiratory specimens ::: Materials & methods",
            "ref_spans": []
        },
        {
            "text": "Total nucleic acids were purified from a 200 \u03bcl sample using High Pure Viral Nucleic Acid kit (Roche, Germany) according to the manufacturer's instructions. Each sample was tested independently in a 25 \u03bcl reaction for influenza A/B and MERS-CoV using QuantiFast Probe RT-PCR Kit (Qiagen, Germany). MERS-CoV was tested with targeting the upstream region of the E gene (UpE) for screening and the open reading frame 1b for confirmation [9].",
            "cite_spans": [
                {
                    "start": 434,
                    "end": 437,
                    "mention": "[9]",
                    "ref_id": "BIBREF26"
                }
            ],
            "section": "Molecular diagnosis ::: Materials & methods",
            "ref_spans": []
        },
        {
            "text": "In total 42351 patients with SARIs were included in this study which 3840 were returning Iranian pilgrims from Mecca and Karbala and 38511 were patients with SARI who admitted to local hospitals. Iranian pilgrims had symptoms upon arrival or a week later, thereby indicating that the respiratory infections were acquired during the pilgrimage.",
            "cite_spans": [],
            "section": "Results",
            "ref_spans": []
        },
        {
            "text": "Of 3840 pilgrims, 499 (13%) were positive for influenza viruses. Influenza A/H1N1, B and A/H3N2 accounted for 51.7% (258/499), 27% (135/499) and 20% (100/499) of the virus positive samples, respectively.",
            "cite_spans": [],
            "section": "Results",
            "ref_spans": []
        },
        {
            "text": "Of 38511 patients in general population, 4868 (12.6%) were positive for influenza viruses. Influenza A/H1N1, B and A/H3N2 accounted for 46.7% (2272/4868), 20.1% (981/4868) and 32.7% (1594/4868) of the virus positive samples. MERS-CoV was not detected in these patients.",
            "cite_spans": [],
            "section": "Results",
            "ref_spans": []
        },
        {
            "text": "During the years of study in all patients, circulating influenza strains differed but the pattern was similar in both pilgrims and general population.",
            "cite_spans": [],
            "section": "Results",
            "ref_spans": []
        },
        {
            "text": "In January 2013, A/H1N1 viruses predominated while since February influenza B viruses were the most common strains until April 2013. At the end of the year, during November and December 2013, A/H3N2 viruses became predominant until February 2014, but in March and April 2014 influenza B viruses were dominated. In May 2014 besides influenza B, A/H1N1 had a rise and during June and July both influenza A/H1N1 and B viruses had similar circulation.",
            "cite_spans": [],
            "section": "Results",
            "ref_spans": []
        },
        {
            "text": "The last month of the year 2014, showed similar circulation of three strains until May 2015, but in January 2015 A/H1N1and in March and April influenza B viruses were predominant strains with co-circulation of the other viruses. In October 2015, influenza A/H1N1 and A/H3N2 viruses had similar circulation but in November and December 2015, A/H1N1 became predominant strain.",
            "cite_spans": [],
            "section": "Results",
            "ref_spans": []
        },
        {
            "text": "In January 2016, A/H1N1 was common with co-circulation of A/H3N2 and B viruses. In February there was a decrease in A/H1N1 circulation with a slight increase in A/H3N2 and a sharp rise in B viruses. In March 2016 influenza B viruses were common but in April and October A/H3N2 and B viruses had similar circulation while in November and December 2016, A/H3N2 virus was predominant. Fig. 1\nshows the prevalence of different influenza strains during the months of the years (2013\u20132016).",
            "cite_spans": [],
            "section": "Results",
            "ref_spans": [
                {
                    "start": 382,
                    "end": 388,
                    "mention": "Fig. 1",
                    "ref_id": "FIGREF0"
                }
            ]
        },
        {
            "text": "In 2014 dual infections of influenza A/H1N1and B viruses were detected in three pilgrims returning from Karbala in May and one pilgrim arriving from Karbala in June. Four dual infections of influenza A/H1N1 and B viruses were detected in June and July in non-pilgrim patients.",
            "cite_spans": [],
            "section": "Results",
            "ref_spans": []
        },
        {
            "text": "During 2015 six dual infections of influenza A/H3N2 and B viruses were detected which two were in pilgrims returning from Umrah in February and Hajj in October and four were detected in February, March, June and October in non-pilgrim patients.",
            "cite_spans": [],
            "section": "Results",
            "ref_spans": []
        },
        {
            "text": "Six dual infections of influenza A/H1N1 and B viruses were identified in general population in February, November and December 2015. Since January until March 2015, four dual infections of influenza A/H1N1 and A/H3N2 were detected.",
            "cite_spans": [],
            "section": "Results",
            "ref_spans": []
        },
        {
            "text": "In 2016 just in non-pilgrim patients three dual infections of influenza A/H1N1 and A/H3N2 viruses were detected in November.",
            "cite_spans": [],
            "section": "Results",
            "ref_spans": []
        },
        {
            "text": "During the years of this study from 3840 Iranian pilgrims, 46.1% (1773/3840) returned from Karbala, 35.2% (1355/3840) came from Umrah and 18.7% arrived from Hajj. We did not have any pilgrims returning from Mecca in 2016 but just 4.8% (185/3840) came from Karbala.",
            "cite_spans": [],
            "section": "Results",
            "ref_spans": []
        },
        {
            "text": "More information about the prevalence of different influenza strains in Hajj, Umrah, Karbala and general population are shown in Table 1\n.",
            "cite_spans": [],
            "section": "Results",
            "ref_spans": [
                {
                    "start": 129,
                    "end": 136,
                    "mention": "Table 1",
                    "ref_id": "TABREF0"
                }
            ]
        },
        {
            "text": "This paper showed the results of study of MERS-CoV and influenza virus infections among pilgrims and non-pilgrim patients with SARI during 2013\u20132016.",
            "cite_spans": [],
            "section": "Discussion",
            "ref_spans": []
        },
        {
            "text": "Each year more than 5 million Muslims travel from all over the world to participate in Hajj and Umrah. Approximately more than one million pilgrims travel from Iran to KSA annually. In recent years more than 10 million Iranian pilgrims have been gathering during Arbaeen in Karbala. In this study 46.1% (1773/3840) of pilgrims returned from Karbala which 13.6% were influenza positive with A/H1N1 predominance. In a study on 177 Iranian pilgrims to Karbala who admitted to Iraqi hospitals, 3.39% suffered from respiratory infections [10]. In another study from a total of 26574 pilgrims admitted to Iranian clinics in Iraq, the main cause was acute respiratory infections (48%) [11].",
            "cite_spans": [
                {
                    "start": 533,
                    "end": 537,
                    "mention": "[10]",
                    "ref_id": "BIBREF1"
                },
                {
                    "start": 678,
                    "end": 682,
                    "mention": "[11]",
                    "ref_id": "BIBREF2"
                }
            ],
            "section": "Discussion",
            "ref_spans": []
        },
        {
            "text": "Generally performing the pilgrimage in a confined area is associated with an increased occurrence of respiratory infections in the pilgrims. Transmission of different infectious diseases during mass gatherings in holly places has a global effect when pilgrims return to their country. In 1989 a meningococcal disease outbreak and its global spread during the Hajj lead to this fact that meningococcal vaccine became a mandatory vaccine for all pilgrims [12]. According to the vaccination protocol in Iran, all pilgrims had received meningococcal vaccination, but influenza vaccination is not mandatory and we do not have data about its vaccination in this group. However in a review by Gautret et al. no remarkable effect of influenza vaccination on the influenza infection of pilgrims was found. Apparently this lake of efficiency of influenza vaccine might be the result of mismatch between circulating influenza viruses with vaccine strains [2].",
            "cite_spans": [
                {
                    "start": 453,
                    "end": 457,
                    "mention": "[12]",
                    "ref_id": "BIBREF3"
                },
                {
                    "start": 944,
                    "end": 947,
                    "mention": "[2]",
                    "ref_id": "BIBREF11"
                }
            ],
            "section": "Discussion",
            "ref_spans": []
        },
        {
            "text": "Influenza viruses are common respiratory viruses with high mortality and morbidity especially in young children and elderly. In Iran influenza viruses are circulating throughout the year with a big peak during cold months. Since 2012 besides influenza virus screening NIC examines clinical samples for MERS-CoV detection from suspected patients throughout the year in general population and/or pilgrims.",
            "cite_spans": [],
            "section": "Discussion",
            "ref_spans": []
        },
        {
            "text": "We previously reported that a cluster of MERS-CoV was detected in Kerman/Iran in 2014 among nonpilgrims [8]. Current study showed that among the population screened, no cases were positive for MERS-CoV. These results were in accordance with previous studies which have performed among pilgrims of different countries. A cohort of 5235 pilgrims attending the 2013 Hajj showed the lack of MERS-CoV in nasal carriage [13]. In a study on 154 French Hajj pilgrims in 2012, in spite of high rate of respiratory infections, MERS-CoV was not detected [14]. These findings suggest that MERS-CoV in its current form has poor interhuman transmission and may not have the pandemic potential as seen in influenza A/H1N1 in 2009. However investigation about a highly fatal human coronavirus is necessary as it is a challenge and little is known about its importance, epidemiology and zoonotic transmission.",
            "cite_spans": [
                {
                    "start": 104,
                    "end": 107,
                    "mention": "[8]",
                    "ref_id": "BIBREF25"
                },
                {
                    "start": 414,
                    "end": 418,
                    "mention": "[13]",
                    "ref_id": "BIBREF4"
                },
                {
                    "start": 543,
                    "end": 547,
                    "mention": "[14]",
                    "ref_id": "BIBREF5"
                }
            ],
            "section": "Discussion",
            "ref_spans": []
        },
        {
            "text": "In pilgrims of this study influenza B accounted for 27% (135/499) and influenza A for 71.7% (358/499) of positive influenza results in contrast to findings by Balkhy et al., in 2003, that 90% of pilgrims had influenza B and 10% had influenza A [15].",
            "cite_spans": [
                {
                    "start": 244,
                    "end": 248,
                    "mention": "[15]",
                    "ref_id": "BIBREF6"
                }
            ],
            "section": "Discussion",
            "ref_spans": []
        },
        {
            "text": "The results of a UK study with paired serum samples collected before and after the Hajj using hemagglutination inhibition test, showed that 38% of UK pilgrims had influenza infection during the Hajj 2003 [16]. In another study during Hajj 2005, 14% of UK pilgrims with respiratory infections had influenza virus [17].",
            "cite_spans": [
                {
                    "start": 204,
                    "end": 208,
                    "mention": "[16]",
                    "ref_id": "BIBREF7"
                },
                {
                    "start": 312,
                    "end": 316,
                    "mention": "[17]",
                    "ref_id": "BIBREF8"
                }
            ],
            "section": "Discussion",
            "ref_spans": []
        },
        {
            "text": "Rashid et al., in 2008 performed a comparative study in symptomatic UK and Saudi pilgrims which found infections in 25% and 13% of their pilgrims respectively. Rhinoviruses were detected in half of UK pilgrims, followed by influenza virus but in Saudi pilgrims 78.5% had influenza virus infection [18].",
            "cite_spans": [
                {
                    "start": 297,
                    "end": 301,
                    "mention": "[18]",
                    "ref_id": "BIBREF9"
                }
            ],
            "section": "Discussion",
            "ref_spans": []
        },
        {
            "text": "In 2009, Alborzi et al. reported that 9.8% of Iranian Hajj pilgrims with respiratory infections had influenza [19]. In 2012, 305 Iranian pilgrims with respiratory infections returning from Hajj were assessed for detection of A/H1N1pdm which just five patients (1.69%) were positive [20]. In a survey on serum samples of 338 Iranian pilgrims before and after Hajj with ELISA, 3.6% were influenza positive [21].",
            "cite_spans": [
                {
                    "start": 110,
                    "end": 114,
                    "mention": "[19]",
                    "ref_id": "BIBREF10"
                },
                {
                    "start": 282,
                    "end": 286,
                    "mention": "[20]",
                    "ref_id": "BIBREF12"
                },
                {
                    "start": 404,
                    "end": 408,
                    "mention": "[21]",
                    "ref_id": "BIBREF13"
                }
            ],
            "section": "Discussion",
            "ref_spans": []
        },
        {
            "text": "In another Iranian study on serum samples of Hajj pilgrims in 2004\u20132005, before departure and two weeks after respiratory infections, there was a 21.5% seroconversion for influenza viruses. While virus culture on their sputum was 13.3% influenza positive [22]. In a study on 275 symptomatic Iranian Hajj pilgrims, 25 (9.1%) were influenza positive by virus culture whereas 33 (12%) had influenza with RT-PCR test [23].",
            "cite_spans": [
                {
                    "start": 255,
                    "end": 259,
                    "mention": "[22]",
                    "ref_id": "BIBREF14"
                },
                {
                    "start": 413,
                    "end": 417,
                    "mention": "[23]",
                    "ref_id": "BIBREF15"
                }
            ],
            "section": "Discussion",
            "ref_spans": []
        },
        {
            "text": "The findings of this research showed that influenza virus infection was the cause of respiratory infections in 499 of 3840 (13%) of Iranian pilgrims. In a similar study in Kashmir, north India during 2014\u201315 among returning Hajj and Umrah pilgrims with respiratory illness, none of the 300 participants tested positive for MERS-CoV; however, 33 (11%) tested positive for influenza viruses [24].",
            "cite_spans": [
                {
                    "start": 389,
                    "end": 393,
                    "mention": "[24]",
                    "ref_id": "BIBREF16"
                }
            ],
            "section": "Discussion",
            "ref_spans": []
        },
        {
            "text": "In general population, of 38511 SARI patients, 4868 (12.6%) were influenza positive during the years of this study with different circulation of the subtypes as seen in other studies:",
            "cite_spans": [],
            "section": "Discussion",
            "ref_spans": []
        },
        {
            "text": "Timmermans et al. performed a study on 586 outpatients with influenza-like-illness in western Cambodia between May 2010 and December 2012. Influenza was found in 168 cases (29%). Dominant influenza subtypes were A/H1N1 in 2010, influenza B in 2011 and influenza A/H3N2 in 2012 [25].",
            "cite_spans": [
                {
                    "start": 277,
                    "end": 281,
                    "mention": "[25]",
                    "ref_id": "BIBREF17"
                }
            ],
            "section": "Discussion",
            "ref_spans": []
        },
        {
            "text": "In a study by Mancinelli et al. a total of 133 respiratory specimens positive for the influenza A and B viruses were subtyped during the 2012\u20132013 influenza season in Italy. Influenza B was slightly more prevalent (53.38%) than influenza A (46.62%) and the most common subtype was A/H1N1 (87.1%) while only 12.9% were A/H3N2 [26].",
            "cite_spans": [
                {
                    "start": 325,
                    "end": 329,
                    "mention": "[26]",
                    "ref_id": "BIBREF18"
                }
            ],
            "section": "Discussion",
            "ref_spans": []
        },
        {
            "text": "In a ten year (2004\u20132014) study of influenza surveillance in northern Italy, the same as our study influenza A/H3N2 was prominent during 2013\u20132014 [27].",
            "cite_spans": [
                {
                    "start": 147,
                    "end": 151,
                    "mention": "[27]",
                    "ref_id": "BIBREF19"
                }
            ],
            "section": "Discussion",
            "ref_spans": []
        },
        {
            "text": "The results of this study showed similar pattern of virus circulation in pilgrims and non-pilgrims SARI patients. As influenza has high morbidity and mortality, its vaccination is recommended for general population especially for high risk groups and pilgrims before going to pilgrimage.",
            "cite_spans": [],
            "section": "Discussion",
            "ref_spans": []
        },
        {
            "text": "Finally accurate screening and testing for MERS-CoV and other respiratory viruses including influenza, is necessary for early diagnosis to prevent virus transmission and to do effective treatment. As a final point lack of demographic and clinical data was the most important limitation of this study.",
            "cite_spans": [],
            "section": "Discussion",
            "ref_spans": []
        },
        {
            "text": "Jila Yavarian performed the analyses of the data and wrote the paper. Nazanin Zahra Shafiei Jandaghi reviewed the paper critically, and comments were included. Maryam Naseri performed the tests. Peyman Hemmati, Mohammadnasr Dadras were responsible for epidemiological investigation and data collection. Mohammad Mehdi Gouya and Talat Mokhtari Azad were responsible for study design.",
            "cite_spans": [],
            "section": "Author contributions",
            "ref_spans": []
        },
        {
            "text": "None.",
            "cite_spans": [],
            "section": "Conflicts of interest",
            "ref_spans": []
        }
    ],
    "ref_entries": {
        "TABREF0": {
            "text": "Table 1: Prevalence of influenza virus strains in general population (GP) and returning Iranian pilgrims from Hajj, Umrah and Karbala during 2013\u20132016.\n",
            "type": "table"
        },
        "FIGREF0": {
            "text": "Figure 1: Prevalence of influenza virus strains in general population (A) and returning Iranian pilgrims (B) during the months of the years (2013\u20132016).",
            "type": "figure"
        }
    },
    "back_matter": [],
    "bib_entries": {
        "BIBREF0": {
            "title": "Isolation of a novel coronavirus from a man with pneumonia in Saudi Arabia",
            "authors": [
                {
                    "first": "A.M.",
                    "middle": [],
                    "last": "Zaki",
                    "suffix": ""
                },
                {
                    "first": "S.",
                    "middle": [],
                    "last": "van Boheemen",
                    "suffix": ""
                },
                {
                    "first": "T.M.",
                    "middle": [],
                    "last": "Bestebroer",
                    "suffix": ""
                },
                {
                    "first": "A.D.",
                    "middle": [],
                    "last": "Osterhaus",
                    "suffix": ""
                },
                {
                    "first": "R.A.",
                    "middle": [],
                    "last": "Fouchier",
                    "suffix": ""
                }
            ],
            "year": 2012,
            "venue": "N Engl J Med",
            "volume": "367",
            "issn": "",
            "pages": "1814-1820",
            "other_ids": {
                "DOI": []
            }
        },
        "BIBREF1": {
            "title": "The most frequent causes of hospitalization of Iranian pilgrims in Iraq during a 5-month period in 2012, and their outcome",
            "authors": [
                {
                    "first": "S.",
                    "middle": [],
                    "last": "Sadeghi",
                    "suffix": ""
                },
                {
                    "first": "A.",
                    "middle": [],
                    "last": "Heidari",
                    "suffix": ""
                },
                {
                    "first": "H.",
                    "middle": [],
                    "last": "Fazli",
                    "suffix": ""
                },
                {
                    "first": "M.",
                    "middle": [],
                    "last": "Rezaei",
                    "suffix": ""
                },
                {
                    "first": "J.",
                    "middle": [],
                    "last": "Sheikhzadeh",
                    "suffix": ""
                }
            ],
            "year": 2015,
            "venue": "Iran Red Crescent Med J",
            "volume": "17",
            "issn": "11",
            "pages": null,
            "other_ids": {
                "DOI": []
            }
        },
        "BIBREF2": {
            "title": "Prevalence of diseases in pilgrims referring to Iranian clinics in Iraq",
            "authors": [
                {
                    "first": "J.",
                    "middle": [],
                    "last": "Mousavi",
                    "suffix": ""
                },
                {
                    "first": "F.",
                    "middle": [],
                    "last": "Jafari",
                    "suffix": ""
                }
            ],
            "year": 2016,
            "venue": "Int J Travel Med Glob Health",
            "volume": "4",
            "issn": "1",
            "pages": "31-33",
            "other_ids": {
                "DOI": []
            }
        },
        "BIBREF3": {
            "title": "Travel epidemiology: the Saudi perspective",
            "authors": [
                {
                    "first": "Z.A.",
                    "middle": [],
                    "last": "Memish",
                    "suffix": ""
                },
                {
                    "first": "S.",
                    "middle": [],
                    "last": "Venkatesh",
                    "suffix": ""
                },
                {
                    "first": "Q.A.",
                    "middle": [],
                    "last": "Ahmed",
                    "suffix": ""
                }
            ],
            "year": 2003,
            "venue": "Int J Antimicrob Agents",
            "volume": "21",
            "issn": "",
            "pages": "96-101",
            "other_ids": {
                "DOI": []
            }
        },
        "BIBREF4": {
            "title": "Prevalence of MERS-CoV nasal carriage and compliance with the Saudi Health recommendations among pilgrims attending the 2013 Hajj",
            "authors": [
                {
                    "first": "Z.A.",
                    "middle": [],
                    "last": "Memish",
                    "suffix": ""
                },
                {
                    "first": "A.",
                    "middle": [],
                    "last": "Assiri",
                    "suffix": ""
                },
                {
                    "first": "M.",
                    "middle": [],
                    "last": "Almasri",
                    "suffix": ""
                },
                {
                    "first": "R.F.",
                    "middle": [],
                    "last": "Alhakeem",
                    "suffix": ""
                },
                {
                    "first": "A.",
                    "middle": [],
                    "last": "Turkestani",
                    "suffix": ""
                },
                {
                    "first": "A.A.",
                    "middle": [],
                    "last": "Al Rabeeah",
                    "suffix": ""
                }
            ],
            "year": 2014,
            "venue": "J Infect Dis",
            "volume": "210",
            "issn": "7",
            "pages": "1067-1072",
            "other_ids": {
                "DOI": []
            }
        },
        "BIBREF5": {
            "title": "Lack of nasal carriage of novel corona virus (HCoV-EMC) in French Hajj pilgrims returning from the Hajj 2012, despite a high rate of respiratory symptoms",
            "authors": [
                {
                    "first": "P.",
                    "middle": [],
                    "last": "Gautret",
                    "suffix": ""
                },
                {
                    "first": "R.",
                    "middle": [],
                    "last": "Charrel",
                    "suffix": ""
                },
                {
                    "first": "K.",
                    "middle": [],
                    "last": "Belhouchat",
                    "suffix": ""
                },
                {
                    "first": "T.",
                    "middle": [],
                    "last": "Drali",
                    "suffix": ""
                },
                {
                    "first": "S.",
                    "middle": [],
                    "last": "Benkouiten",
                    "suffix": ""
                },
                {
                    "first": "A.",
                    "middle": [],
                    "last": "Nougairede",
                    "suffix": ""
                }
            ],
            "year": 2013,
            "venue": "Clin Microbiol Infect",
            "volume": "19",
            "issn": "",
            "pages": "315-317",
            "other_ids": {
                "DOI": []
            }
        },
        "BIBREF6": {
            "title": "Influenza a common viral infection among Hajj pilgrims: time for routine surveillance and vaccination",
            "authors": [
                {
                    "first": "H.H.",
                    "middle": [],
                    "last": "Balkhy",
                    "suffix": ""
                },
                {
                    "first": "Z.A.",
                    "middle": [],
                    "last": "Memish",
                    "suffix": ""
                },
                {
                    "first": "S.",
                    "middle": [],
                    "last": "Bafaqeer",
                    "suffix": ""
                },
                {
                    "first": "M.A.",
                    "middle": [],
                    "last": "Almuneef",
                    "suffix": ""
                }
            ],
            "year": 2004,
            "venue": "J Travel Med",
            "volume": "11",
            "issn": "",
            "pages": "82-86",
            "other_ids": {
                "DOI": []
            }
        },
        "BIBREF7": {
            "title": "Influenza among UK pilgrims to Hajj",
            "authors": [
                {
                    "first": "El.",
                    "middle": [],
                    "last": "Bashir H",
                    "suffix": ""
                },
                {
                    "first": "E.",
                    "middle": [],
                    "last": "Haworth",
                    "suffix": ""
                },
                {
                    "first": "M.",
                    "middle": [],
                    "last": "Zambon",
                    "suffix": ""
                },
                {
                    "first": "S.",
                    "middle": [],
                    "last": "Shafi",
                    "suffix": ""
                },
                {
                    "first": "J.",
                    "middle": [],
                    "last": "Zuckerman",
                    "suffix": ""
                },
                {
                    "first": "R.",
                    "middle": [],
                    "last": "Booy",
                    "suffix": ""
                }
            ],
            "year": 2003,
            "venue": "Emerg Infect Dis",
            "volume": "2004",
            "issn": "10",
            "pages": "882-883",
            "other_ids": {
                "DOI": []
            }
        },
        "BIBREF8": {
            "title": "Influenza and respiratory syncytial Virus infections in British Hajj pilgrims",
            "authors": [
                {
                    "first": "H.",
                    "middle": [],
                    "last": "Rashid",
                    "suffix": ""
                },
                {
                    "first": "S.",
                    "middle": [],
                    "last": "Shafi",
                    "suffix": ""
                },
                {
                    "first": "R.",
                    "middle": [],
                    "last": "Booy",
                    "suffix": ""
                },
                {
                    "first": "H.",
                    "middle": [],
                    "last": "El Bashir",
                    "suffix": ""
                },
                {
                    "first": "K.",
                    "middle": [],
                    "last": "Ali",
                    "suffix": ""
                },
                {
                    "first": "M.C.",
                    "middle": [],
                    "last": "Zambon",
                    "suffix": ""
                }
            ],
            "year": 2008,
            "venue": "Emerg Health Threats J",
            "volume": "1",
            "issn": "",
            "pages": null,
            "other_ids": {
                "DOI": []
            }
        },
        "BIBREF9": {
            "title": "Viral respiratory infections at the Hajj:comparison between UK and Saudi pilgrims",
            "authors": [
                {
                    "first": "H.",
                    "middle": [],
                    "last": "Rashid",
                    "suffix": ""
                },
                {
                    "first": "S.",
                    "middle": [],
                    "last": "Shafi",
                    "suffix": ""
                },
                {
                    "first": "E.",
                    "middle": [],
                    "last": "Haworth",
                    "suffix": ""
                },
                {
                    "first": "El.",
                    "middle": [],
                    "last": "Bashir H",
                    "suffix": ""
                },
                {
                    "first": "Z.A.",
                    "middle": [],
                    "last": "Memish",
                    "suffix": ""
                },
                {
                    "first": "M.",
                    "middle": [],
                    "last": "Sudhanva",
                    "suffix": ""
                }
            ],
            "year": 2008,
            "venue": "Clin Microbiol Infect",
            "volume": "14",
            "issn": "6",
            "pages": "569-574",
            "other_ids": {
                "DOI": []
            }
        },
        "BIBREF10": {
            "title": "Viral etiology of acute respiratory infections among Iranian Hajj pilgrims",
            "authors": [
                {
                    "first": "A.",
                    "middle": [],
                    "last": "Alborzi",
                    "suffix": ""
                },
                {
                    "first": "M.H.",
                    "middle": [],
                    "last": "Aelami",
                    "suffix": ""
                },
                {
                    "first": "M.",
                    "middle": [],
                    "last": "Ziyaeyan",
                    "suffix": ""
                },
                {
                    "first": "M.",
                    "middle": [],
                    "last": "Jamalidoust",
                    "suffix": ""
                },
                {
                    "first": "M.",
                    "middle": [],
                    "last": "Moeini",
                    "suffix": ""
                },
                {
                    "first": "B.",
                    "middle": [],
                    "last": "Pourabbas",
                    "suffix": ""
                }
            ],
            "year": 2009,
            "venue": "J Travel Med",
            "volume": "16",
            "issn": "4",
            "pages": "239-242",
            "other_ids": {
                "DOI": []
            }
        },
        "BIBREF11": {
            "title": "Hajj-associated viral respiratory infections: a systematic review",
            "authors": [
                {
                    "first": "P.",
                    "middle": [],
                    "last": "Gautret",
                    "suffix": ""
                },
                {
                    "first": "S.",
                    "middle": [],
                    "last": "Benkouiten",
                    "suffix": ""
                },
                {
                    "first": "J.A.",
                    "middle": [],
                    "last": "Al-Tawfiq",
                    "suffix": ""
                },
                {
                    "first": "Z.A.",
                    "middle": [],
                    "last": "Memish",
                    "suffix": ""
                }
            ],
            "year": 2016,
            "venue": "Travel Med Infect Dis",
            "volume": "14",
            "issn": "",
            "pages": "92-109",
            "other_ids": {
                "DOI": []
            }
        },
        "BIBREF12": {
            "title": "Pandemic 2009 influenza A (H1N1) infection among 2009 Hajj Pilgrims from Southern Iran: a real-time RT-PCR-based study",
            "authors": [
                {
                    "first": "M.",
                    "middle": [],
                    "last": "Ziyaeyan",
                    "suffix": ""
                },
                {
                    "first": "A.",
                    "middle": [],
                    "last": "Alborzi",
                    "suffix": ""
                },
                {
                    "first": "M.",
                    "middle": [],
                    "last": "Jamalidoust",
                    "suffix": ""
                },
                {
                    "first": "M.",
                    "middle": [],
                    "last": "Moeini",
                    "suffix": ""
                },
                {
                    "first": "G.R.",
                    "middle": [],
                    "last": "Pouladfar",
                    "suffix": ""
                },
                {
                    "first": "B.",
                    "middle": [],
                    "last": "Pourabbas",
                    "suffix": ""
                }
            ],
            "year": 2012,
            "venue": "Influenza Other Respir Viruses",
            "volume": "6",
            "issn": "",
            "pages": "e80-e84",
            "other_ids": {
                "DOI": []
            }
        },
        "BIBREF13": {
            "title": "Acute respiratory viral infections among Tamattu' Hajj pilgrims in Iran",
            "authors": [
                {
                    "first": "R.",
                    "middle": [],
                    "last": "Imani",
                    "suffix": ""
                },
                {
                    "first": "A.",
                    "middle": [],
                    "last": "Karimi",
                    "suffix": ""
                },
                {
                    "first": "R.",
                    "middle": [],
                    "last": "Habibian",
                    "suffix": ""
                }
            ],
            "year": 2013,
            "venue": "Life Sci J",
            "volume": "10",
            "issn": "",
            "pages": "449-453",
            "other_ids": {
                "DOI": []
            }
        },
        "BIBREF14": {
            "title": "Surveying respiratory infections among Iranian Hajj pilgrims",
            "authors": [
                {
                    "first": "S.M.",
                    "middle": [],
                    "last": "Razavi",
                    "suffix": ""
                },
                {
                    "first": "H.",
                    "middle": [],
                    "last": "Ziaee",
                    "suffix": ""
                },
                {
                    "first": "T.",
                    "middle": [],
                    "last": "Mokhtari-Azad",
                    "suffix": ""
                },
                {
                    "first": "R.",
                    "middle": [],
                    "last": "Hamkar",
                    "suffix": ""
                },
                {
                    "first": "T.",
                    "middle": [],
                    "last": "Doroodi",
                    "suffix": ""
                },
                {
                    "first": "A.",
                    "middle": [],
                    "last": "Mirsalehian",
                    "suffix": ""
                }
            ],
            "year": 2007,
            "venue": "Iran J Clin Infect Dis",
            "volume": "2",
            "issn": "2",
            "pages": "67-70",
            "other_ids": {
                "DOI": []
            }
        },
        "BIBREF15": {
            "title": "Influenza viral infections among the Iranian Hajj pilgrims returning to Shiraz, Fars province",
            "authors": [
                {
                    "first": "A.",
                    "middle": [],
                    "last": "Moattari",
                    "suffix": ""
                },
                {
                    "first": "A.",
                    "middle": [],
                    "last": "Emami",
                    "suffix": ""
                },
                {
                    "first": "M.",
                    "middle": [],
                    "last": "Moghadami",
                    "suffix": ""
                },
                {
                    "first": "B.",
                    "middle": [],
                    "last": "Honarvar",
                    "suffix": ""
                }
            ],
            "year": 2012,
            "venue": "Iran Influenza Other Respir Viruses",
            "volume": "6",
            "issn": "",
            "pages": "77-79",
            "other_ids": {
                "DOI": []
            }
        },
        "BIBREF16": {
            "title": "Influenza not MERS CoV among returning Hajj and Umrah pilgrims with respiratory illness, Kashmir, north India, 2014-15",
            "authors": [
                {
                    "first": "P.A.",
                    "middle": [],
                    "last": "Koul",
                    "suffix": ""
                },
                {
                    "first": "H.",
                    "middle": [],
                    "last": "Mir",
                    "suffix": ""
                },
                {
                    "first": "S.",
                    "middle": [],
                    "last": "Saha",
                    "suffix": ""
                },
                {
                    "first": "M.S.",
                    "middle": [],
                    "last": "Chadha",
                    "suffix": ""
                },
                {
                    "first": "V.",
                    "middle": [],
                    "last": "Potdar",
                    "suffix": ""
                },
                {
                    "first": "M.-A.",
                    "middle": [],
                    "last": "Widdowson",
                    "suffix": ""
                }
            ],
            "year": 2017,
            "venue": "Travel Med Infect Dis",
            "volume": "15",
            "issn": "",
            "pages": "45-47",
            "other_ids": {
                "DOI": []
            }
        },
        "BIBREF17": {
            "title": "Human sentinel surveillance of influenza and other respiratory viral pathogens in border areas of Western Cambodia",
            "authors": [
                {
                    "first": "A.",
                    "middle": [],
                    "last": "Timmermans",
                    "suffix": ""
                },
                {
                    "first": "M.C.",
                    "middle": [],
                    "last": "Melendrez",
                    "suffix": ""
                },
                {
                    "first": "Y.",
                    "middle": [],
                    "last": "Se",
                    "suffix": ""
                },
                {
                    "first": "I.",
                    "middle": [],
                    "last": "Chuang",
                    "suffix": ""
                },
                {
                    "first": "N.",
                    "middle": [],
                    "last": "Samon",
                    "suffix": ""
                },
                {
                    "first": "N.",
                    "middle": [],
                    "last": "Uthaimongko",
                    "suffix": ""
                }
            ],
            "year": 2016,
            "venue": "Plos One",
            "volume": "11",
            "issn": "3",
            "pages": null,
            "other_ids": {
                "DOI": []
            }
        },
        "BIBREF18": {
            "title": "Clinical features of children hospitalized with influenza A and B infections during the 2012\u20132013 influenza season in Italy",
            "authors": [
                {
                    "first": "L.",
                    "middle": [],
                    "last": "Mancinelli",
                    "suffix": ""
                },
                {
                    "first": "M.",
                    "middle": [],
                    "last": "Onori",
                    "suffix": ""
                },
                {
                    "first": "C.",
                    "middle": [],
                    "last": "Concato",
                    "suffix": ""
                },
                {
                    "first": "R.",
                    "middle": [],
                    "last": "Sorge",
                    "suffix": ""
                },
                {
                    "first": "S.",
                    "middle": [],
                    "last": "Chiavelli",
                    "suffix": ""
                },
                {
                    "first": "L.",
                    "middle": [],
                    "last": "Coltella",
                    "suffix": ""
                }
            ],
            "year": 2016,
            "venue": "BMC Infect Dis",
            "volume": "16",
            "issn": "",
            "pages": null,
            "other_ids": {
                "DOI": []
            }
        },
        "BIBREF19": {
            "title": "Ten influenza seasons in France: distribution and timing of influenza A and B circulation, 2003\u20132013",
            "authors": [
                {
                    "first": "A.",
                    "middle": [],
                    "last": "Mosnier",
                    "suffix": ""
                },
                {
                    "first": "S.",
                    "middle": [],
                    "last": "Caini",
                    "suffix": ""
                },
                {
                    "first": "I.",
                    "middle": [],
                    "last": "Daviaud",
                    "suffix": ""
                },
                {
                    "first": "J.L.",
                    "middle": [],
                    "last": "Bensoussan",
                    "suffix": ""
                },
                {
                    "first": "F.",
                    "middle": [],
                    "last": "Stoll-Keller",
                    "suffix": ""
                },
                {
                    "first": "T.T.",
                    "middle": [],
                    "last": "Bui",
                    "suffix": ""
                }
            ],
            "year": 2015,
            "venue": "BMC Infect Dis",
            "volume": "15",
            "issn": "",
            "pages": null,
            "other_ids": {
                "DOI": []
            }
        },
        "BIBREF20": {
            "title": "Pattern of admission to hospitals during Muslim pilgrimage (Hajj)",
            "authors": [
                {
                    "first": "S.M.",
                    "middle": [],
                    "last": "Al-Ghamdi",
                    "suffix": ""
                },
                {
                    "first": "H.O.",
                    "middle": [],
                    "last": "Akbar",
                    "suffix": ""
                },
                {
                    "first": "Y.A.",
                    "middle": [],
                    "last": "Qari",
                    "suffix": ""
                },
                {
                    "first": "O.A.",
                    "middle": [],
                    "last": "Fathaldin",
                    "suffix": ""
                },
                {
                    "first": "R.S.",
                    "middle": [],
                    "last": "Al-Rashed",
                    "suffix": ""
                }
            ],
            "year": 2003,
            "venue": "Saudi Med J",
            "volume": "24",
            "issn": "10",
            "pages": "1073-1076",
            "other_ids": {
                "DOI": []
            }
        },
        "BIBREF21": {
            "title": "Public health management of mass gatherings: the Saudi Arabian experience with MERS-CoV",
            "authors": [
                {
                    "first": "Z.A.",
                    "middle": [],
                    "last": "Memish",
                    "suffix": ""
                },
                {
                    "first": "A.A.",
                    "middle": [],
                    "last": "Al-Rabeeah",
                    "suffix": ""
                }
            ],
            "year": 2013,
            "venue": "Bull World Health Organ",
            "volume": "91",
            "issn": "",
            "pages": null,
            "other_ids": {
                "DOI": []
            }
        },
        "BIBREF22": {
            "title": "Influenza a common viral infection among Hajj pilgrims: time for routine surveillance and vaccination",
            "authors": [
                {
                    "first": "H.H.",
                    "middle": [],
                    "last": "Balkhy",
                    "suffix": ""
                },
                {
                    "first": "Z.A.",
                    "middle": [],
                    "last": "Memish",
                    "suffix": ""
                },
                {
                    "first": "S.",
                    "middle": [],
                    "last": "Bafaqeer",
                    "suffix": ""
                },
                {
                    "first": "M.A.",
                    "middle": [],
                    "last": "Almuneef",
                    "suffix": ""
                }
            ],
            "year": 2004,
            "venue": "J Travel Med",
            "volume": "11",
            "issn": "",
            "pages": "82-86",
            "other_ids": {
                "DOI": []
            }
        },
        "BIBREF23": {
            "title": "",
            "authors": [],
            "year": null,
            "venue": "",
            "volume": "",
            "issn": "",
            "pages": null,
            "other_ids": {
                "DOI": []
            }
        },
        "BIBREF24": {
            "title": "Pandemic influenza: mass gatherings and mass infection",
            "authors": [
                {
                    "first": "H.",
                    "middle": [],
                    "last": "Rashid",
                    "suffix": ""
                },
                {
                    "first": "E.",
                    "middle": [],
                    "last": "Haworth",
                    "suffix": ""
                },
                {
                    "first": "S.",
                    "middle": [],
                    "last": "Shafi",
                    "suffix": ""
                },
                {
                    "first": "Z.A.",
                    "middle": [],
                    "last": "Memish",
                    "suffix": ""
                },
                {
                    "first": "R.",
                    "middle": [],
                    "last": "Booy",
                    "suffix": ""
                }
            ],
            "year": 2008,
            "venue": "Lancet Infect Dis",
            "volume": "8",
            "issn": "",
            "pages": "526-527",
            "other_ids": {
                "DOI": []
            }
        },
        "BIBREF25": {
            "title": "Cluster of Middle East respiratory syndrome coronavirus infections in Iran, 2014",
            "authors": [
                {
                    "first": "J.",
                    "middle": [],
                    "last": "Yavarian",
                    "suffix": ""
                },
                {
                    "first": "F.",
                    "middle": [],
                    "last": "Rezaei",
                    "suffix": ""
                },
                {
                    "first": "A.",
                    "middle": [],
                    "last": "Shadab",
                    "suffix": ""
                },
                {
                    "first": "M.",
                    "middle": [],
                    "last": "Soroush",
                    "suffix": ""
                },
                {
                    "first": "M.M.",
                    "middle": [],
                    "last": "Gooya",
                    "suffix": ""
                },
                {
                    "first": "T.",
                    "middle": [],
                    "last": "Mokhtari Azad",
                    "suffix": ""
                }
            ],
            "year": 2015,
            "venue": "Emerg Infect Dis",
            "volume": "21",
            "issn": "2",
            "pages": "362-364",
            "other_ids": {
                "DOI": []
            }
        },
        "BIBREF26": {
            "title": "Detection of a novel human coronavirus by real-time reverse-transcription polymerase chain reaction",
            "authors": [
                {
                    "first": "V.M.",
                    "middle": [],
                    "last": "Corman",
                    "suffix": ""
                },
                {
                    "first": "I.",
                    "middle": [],
                    "last": "Eckerle",
                    "suffix": ""
                },
                {
                    "first": "T.",
                    "middle": [],
                    "last": "Bleicker",
                    "suffix": ""
                },
                {
                    "first": "A.",
                    "middle": [],
                    "last": "Zaki",
                    "suffix": ""
                },
                {
                    "first": "O.",
                    "middle": [],
                    "last": "Landt",
                    "suffix": ""
                },
                {
                    "first": "M.",
                    "middle": [],
                    "last": "Eschbach-Bludau",
                    "suffix": ""
                }
            ],
            "year": 2012,
            "venue": "EuroSurveill",
            "volume": "17",
            "issn": "39",
            "pages": null,
            "other_ids": {
                "DOI": []
            }
        }
    }
}