{
    "paper_id": "PMC7110327",
    "metadata": {
        "title": "Infectious exacerbations of chronic obstructive pulmonary disease associated with respiratory viruses and non\u2010typeable Haemophilus influenzae\n",
        "authors": [
            {
                "first": "Venkata",
                "middle": [],
                "last": "Bandi",
                "suffix": "",
                "email": null,
                "affiliation": {}
            },
            {
                "first": "Marta",
                "middle": [],
                "last": "Jakubowycz",
                "suffix": "",
                "email": null,
                "affiliation": {}
            },
            {
                "first": "Carla",
                "middle": [],
                "last": "Kinyon",
                "suffix": "",
                "email": null,
                "affiliation": {}
            },
            {
                "first": "Edward",
                "middle": [
                    "O"
                ],
                "last": "Mason",
                "suffix": "",
                "email": null,
                "affiliation": {}
            },
            {
                "first": "Robert",
                "middle": [
                    "L"
                ],
                "last": "Atmar",
                "suffix": "",
                "email": null,
                "affiliation": {}
            },
            {
                "first": "Stephen",
                "middle": [
                    "B"
                ],
                "last": "Greenberg",
                "suffix": "",
                "email": null,
                "affiliation": {}
            },
            {
                "first": "Timothy",
                "middle": [
                    "F"
                ],
                "last": "Murphy",
                "suffix": "",
                "email": null,
                "affiliation": {}
            }
        ]
    },
    "body_text": [
        {
            "text": "The course of chronic obstructive pulmonary disease (COPD) is characterized by periodic exacerbations of the disease. These exacerbations are associated with substantial morbidity, lead to approximately 2 million hospital admissions annually, cause respiratory failure requiring mechanical ventilation in some patients, and are an important cause of death in COPD [1]. Exacerbations are caused by a wide range of factors, including viral infection, bacterial infection, allergy, fluid overload, environmental factors and others [[1], [2]]. In order to develop successful strategies to better treat and prevent exacerbations, it will be important to elucidate more precisely the etiology of exacerbations. Unfortunately, the etiology of exacerbations is difficult to determine with certainty in individual patients.",
            "cite_spans": [],
            "section": "1Introduction",
            "ref_spans": []
        },
        {
            "text": "Determining the infectious etiology of exacerbations is particularly challenging in view of the limitations of routine laboratory tests. Viral pathogens have been identified by viral cultures, analysis of clinical samples by the polymerase chain reaction (PCR) and by serological tests. Since these assays are not routinely performed, the diagnosis of a viral infection is generally a presumptive, clinical diagnosis by the practicing physician. Several studies which utilized assays to identify viral pathogens have established that viral infection is associated with a significant proportion of exacerbations of COPD [[3], [4], [5], [6], [7]]. One study demonstrated that respiratory tract viral infections were present in 23% of hospitalizations in adults with COPD and in 45% of those admitted during winter months [3].",
            "cite_spans": [],
            "section": "1Introduction",
            "ref_spans": []
        },
        {
            "text": "Non\u2010typeable Haemophilus influenzae is the most common bacterium implicated as a cause of exacerbations of COPD [1]. A goal of the present study is to assess the immune response to non\u2010typeable H. influenzae isolated from the sputum of patients experiencing exacerbations. Several studies have used this approach [8]. However, one must be cautious in interpreting these studies because recent work has established that the immune response to non\u2010typeable H. influenzae in COPD is directed at strain\u2010specific antigens [[9], [10], [11], [12], [13], [14]]. Therefore, in order to detect a human immune response to non\u2010typeable H. influenzae, it is critical that the homologous infecting strain be used as the source of antigen in the immunoassays.",
            "cite_spans": [],
            "section": "1Introduction",
            "ref_spans": []
        },
        {
            "text": "While several studies have assayed for the presence of viral infection in exacerbations and several studies have looked carefully for evidence of infection caused by non\u2010typeable H. influenzae, no studies have used rigorous methods to look for both in the same set of patients. In the present study, 35 exacerbations during which non\u2010typeable H. influenzae was isolated from the sputum, were identified in a cohort of adults with COPD followed prospectively at Baylor College of Medicine. The goal of the present study was to rigorously assess these 35 exacerbations for the presence of viral infection and for infection by non\u2010typeable H. influenzae as evidenced by the presence of the organism in sputum and a new immune response to the homologous isolate.",
            "cite_spans": [],
            "section": "1Introduction",
            "ref_spans": []
        },
        {
            "text": "Samples were collected from subjects receiving care at Ben Taub General Hospital of the Harris County Hospital District and enrolled in a longitudinal study of chronic bronchitis. To be eligible for the longitudinal study, a subject had to have chronic bronchitis as defined by the American Thoracic Society [15]. Subjects with known asthma, bronchiectasis, malignancy or immunocompromising conditions were excluded. Subjects also had to agree to be followed monthly for evaluation and to be seen when signs or symptoms of a respiratory illness developed.",
            "cite_spans": [],
            "section": "2.1Study population ::: 2Materials and methods",
            "ref_spans": []
        },
        {
            "text": "Study samples were selected from subjects who had an exacerbation, had non\u2010typeable H. influenzae isolated from a sputum sample collected during the illness, had pre\u2010 and post\u2010exacerbation sera available for analysis, and had no other illness in the interval covered by the paired sera. An exacerbation was defined as upper and/or lower respiratory symptoms, and one of the following symptoms: increased sputum production, cough or dyspnea.",
            "cite_spans": [],
            "section": "2.1Study population ::: 2Materials and methods",
            "ref_spans": []
        },
        {
            "text": "Sputum specimens were collected and transported on ice to the laboratory within 4 h of collection for bacteriologic studies as previously described [16]. Nasal washes and throat swab specimens were collected for virologic studies, placed in veal infusion broth, and transported on ice to the laboratory within 4 h of collection. Serum for antibody studies was collected at each visit, at the time of an exacerbation, and 2\u20134 weeks later, and it was stored at \u221220\u00b0C until used in serologic assays.",
            "cite_spans": [],
            "section": "2.2Specimens ::: 2Materials and methods",
            "ref_spans": []
        },
        {
            "text": "Viral cultures and virus identification were performed as described previously [[3], [17], [18]] with the following modifications. Primary rhesus monkey kidney cells (BioWhittaker, Walkersville, MD, USA) were used in place of Madin\u2010Darby canine kidney (MDCK) cells for some samples, and two human lung embryonic lung fibroblast lines (WI\u201038, MRC\u20105) were used for some samples. All samples were inoculated onto human epidermoid cells (Hep\u20102) and monkey kidney (LLC\u2010MK2) cells.",
            "cite_spans": [],
            "section": "2.3Virologic studies ::: 2Materials and methods",
            "ref_spans": []
        },
        {
            "text": "Serologic studies for antibody levels to respiratory viruses were performed as described previously [3]. These included microneutralization tests for influenza A and B viruses, parainfluenza viruses types 1\u20133, respiratory syncytial virus, and coronavirus type 229E [[3], [19]], hemagglutination inhibition assays for influenza A and B viruses, and an enzyme\u2010linked immunosorbent assay (ELISA) for coronavirus type OC43 [20].",
            "cite_spans": [],
            "section": "2.3Virologic studies ::: 2Materials and methods",
            "ref_spans": []
        },
        {
            "text": "Reverse transcription PCR assays were performed using virus\u2010specific primers and probes for influenza A and B viruses, picornaviruses, coronavirus type OC43, parainfluenza virus types 1 and 3, and respiratory syncytial virus as previously described [[21], [22], [23], [24], [25]]. For parainfluenza virus type 2, a region of the F gene [26] was amplified using the following virus\u2010specific primers: upstream primer, 5\u2032\u2010CATGTACTATACTGATGGTGG\u20103\u2032; downstream primer, 5\u2032\u2010GTTAGTAACTTAAATAGGGTAAC\u20103\u2032. Parainfluenza virus type 2\u2010specific amplimers were identified using a digoxigenin\u2010labeled oligoprobe: 5\u2032\u2010AATGGAACATGCAACATCACC\u20103\u2032.",
            "cite_spans": [],
            "section": "2.3Virologic studies ::: 2Materials and methods",
            "ref_spans": []
        },
        {
            "text": "Isolates of non\u2010typeable H. influenzae were grown on chocolate agar overnight at 37\u00b0C under 5% CO2. For ELISA, strains were grown in a shaking incubator to mid\u2010exponential phase (optical density at 600 nm (OD600) \u223c0.2) in brain heart infusion broth containing hemin and nicotinamide adenine dinucleotide (NAD) both at 10 \u03bcg ml\u22121. Bacteria that did not reliably grow to mid\u2010exponential phase by this method (total of 10) were grown in chocolate broth (15 g proteose peptone No. 3, 1 g corn starch, 4 g potassium phosphate dibasic, 1 g potassium phosphate monobasic, 5 g sodium chloride, 10 mg hemin and with 10 \u03bcg ml\u22121 NAD in 800 ml distilled water).",
            "cite_spans": [],
            "section": "2.4Bacterial strains and growth conditions ::: 2Materials and methods",
            "ref_spans": []
        },
        {
            "text": "Isolates of non\u2010typeable H. influenzae were subjected to typing by sodium dodecyl sulfate\u2013polyacrylamide gel electrophoresis (SDS\u2013PAGE) of whole bacterial cell lysates, as previously described [[27], [28]]. This method is based largely on the mobility of outer membrane proteins in SDS\u2013PAGE [29]. Isolates were grown on chocolate agar overnight. A loopful of bacteria was suspended in 0.1 ml of phosphate\u2010buffered saline (PBS). An equal volume of 2\u00d7 sample buffer (0.1 M Tris, 2% SDS, 10%\u03b2\u2010mercaptoethanol, 40% glycerol and 0.05% bromophenol blue) was added, and the mixture was heated in a boiling water bath for 15 min. A 20\u2010\u03bcl aliquot was subjected to SDS\u2013PAGE on 11% gels. Gels were stained with Coomassie blue.",
            "cite_spans": [],
            "section": "2.5Typing of non\u2010typeable H. influenzae\n ::: 2Materials and methods",
            "ref_spans": []
        },
        {
            "text": "The level of IgG in human serum to whole cell preparations of homologous isolates of non\u2010typeable H. influenzae was determined by ELISA. Wells of a 96\u2010well microtiter plates (Immulon 4; Dynatech) were coated overnight at 4\u00b0C with 0.1 ml of mid\u2010exponential phase bacteria suspended in PBS to an OD600 of \u223c0.20. Wells were washed twice with PBS containing 0.05% Tween 20 (PBS\u2010Tween). Unbound sites on plastic were blocked with 3% non\u2010fat dry milk in PBS\u2010Tween for 1 h at room temperature. Wells were washed three times with PBS\u2010Tween. Serum was diluted in 1% non\u2010fat dry milk in PBS\u2010Tween, 100 \u03bcl was added to wells in multiple dilutions (ranging from 1:500 to 1:64,000), and incubated at 37\u00b0C for 2 h. After the wells were washed three times with PBS\u2010Tween, horseradish peroxidase\u2010conjugated rabbit anti\u2010human F(ab\u2032)2 IgG (DAKO, Carpenteria, CA, USA), diluted 1:3000 in 3% goat serum, was added to the wells and incubated for 1 h at room temperature. After washing wells, substrate and color developer (0.1 mg 3,3\u2032,5,5\u2032\u2010tetramethyl\u2010benzidine\u2010dimethyl sulfoxide\u20130.2% hydrogen peroxide per ml in 0.1 M sodium acetate adjusted to a pH 4.5 with citric acid) were added to the wells and incubated for 15 min at room temperature before the reactions were stopped by addition of 4 N H2SO4. The OD450 was read.",
            "cite_spans": [],
            "section": "2.6ELISA ::: 2Materials and methods",
            "ref_spans": []
        },
        {
            "text": "Paired samples of pre\u2010 and post\u2010exacerbation sera were always run together. The percentage change in OD between the pre\u2010exacerbation serum and the post\u2010exacerbation serum for each dilution was calculated using the following formula: (OD post\u2010exacerbation serum\u2212OD pre\u2010exacerbation serum)\u00d7100/OD pre\u2010exacerbation serum. To determine the percentage change which represents a significant increase in the antibody response from a pre\u2010exacerbation to a post\u2010exacerbation sample, ELISA was performed on 15 paired serum samples, collected 2 months apart from adults with COPD followed with monthly sputum cultures and who did not grow non\u2010typeable H. influenzae in the sputum. These paired sera were tested against isolates of non\u2010typeable H. influenzae. The percentage change in OD was calculated as described above.",
            "cite_spans": [],
            "section": "2.6ELISA ::: 2Materials and methods",
            "ref_spans": []
        },
        {
            "text": "Thirty\u2010five of 152 exacerbations were studied. Reasons for exclusion from study included the failure to obtain a sputum sample during the illness (n=13), failure to isolate non\u2010typeable H. influenzae from sputum samples collected (n=75), lack of availability of either a pre\u2010exacerbation or a convalescent serum for the illness (n=14), lack of availability of at least one strain of non\u2010typeable H. influenzae from the illness sample (n=8), and illness not selected for study (n=7). The 35 exacerbations occurred in 24 subjects during which non\u2010typeable H. influenzae was isolated from sputum. Table 1 shows the baseline clinical characteristics of the patients. Pre\u2010exacerbation sera were collected a median of 24 days (range 5\u2013104 days) before the onset of the illness, and post\u2010exacerbation sera were collected a median of 39 days (range 24\u201383 days) after illness onset. The median time from illness onset to clinic visit was 2 days (range 0\u201315 days).",
            "cite_spans": [],
            "section": "3.1Exacerbations ::: 3Results",
            "ref_spans": [
                {
                    "start": 594,
                    "end": 601,
                    "mention": "Table 1",
                    "ref_id": "TABREF0"
                }
            ]
        },
        {
            "text": "Multiple colonies of non\u2010typeable H. influenzae were picked from original culture plates and grown individually when possible. Of 35 exacerbations, two or more colonies (range 2\u201319 colonies) were recovered from the original culture plate in 28. An average of 4.3 colonies per sample was recovered with 134 isolates in total. In seven exacerbations, a single colony was recovered. Molecular typing by SDS\u2013PAGE was performed to determine the frequency with which single or multiple isolates were present in the sputum simultaneously. Of the 28 samples with multiple colonies, 25 had a single strain of non\u2010typeable H. influenzae. Three sputum samples contained isolates with two banding patterns in SDS\u2013PAGE that differed in multiple bands from one another, indicating that these two sputum samples had two genetically different strains of non\u2010typeable H. influenzae simultaneously.",
            "cite_spans": [],
            "section": "3.2Typing of isolates of non\u2010typeable H. influenzae\n ::: 3Results",
            "ref_spans": []
        },
        {
            "text": "ELISAs were performed to measure serum IgG to the homologous isolate in pre\u2010exacerbation and post\u2010exacerbation sera of 35 exacerbations during which non\u2010typeable H. influenzae was isolated from sputum. Paired pre\u2010 and post\u2010exacerbation sera were always tested in the same assay. Varying dilutions of each set of paired samples were tested and the OD was plotted against dilution. The percentage change between paired pre\u2010 and post\u2010exacerbation sera was measured at a dilution of serum which demonstrated a linear relationship between OD and dilution (1:500 to 1:16,000).",
            "cite_spans": [],
            "section": "3.3Serum IgG response to homologous non\u2010typeable H. influenzae\n ::: 3Results",
            "ref_spans": []
        },
        {
            "text": "To determine the percentage change which represents a significant increase in the antibody response from a pre\u2010exacerbation to a post\u2010exacerbation sample, ELISA was performed on 15 paired serum samples, collected 2 months apart from adults with COPD who did not grow non\u2010typeable H. influenzae from monthly sputum samples. These paired control sera demonstrated a 0.43\u00b18.58% (mean\u00b1S.D.) change when tested with heterologous isolates of non\u2010typeable H. influenzae. A change in OD of 22.1% represented the upper limit of the 99% confidence interval for the controls. Therefore, any change in OD from pre\u2010 to post\u2010exacerbation serum samples of 22.1% or more was regarded as a significant change.",
            "cite_spans": [],
            "section": "3.3Serum IgG response to homologous non\u2010typeable H. influenzae\n ::: 3Results",
            "ref_spans": []
        },
        {
            "text": "\nFig. 1 shows the distribution of results of percent change in serum IgG to homologous isolates following 35 exacerbations. A significant increase in serum IgG was observed in 11 of 35 (31.4%) exacerbations. The range of increase in OD among the 11 samples was 22.5\u2013201.9%. This represents a 1.22\u20133.01\u2010fold increase in serum IgG to homologous strains of non\u2010typeable H. influenzae in the 11 exacerbations demonstrating a significant response.",
            "cite_spans": [],
            "section": "3.3Serum IgG response to homologous non\u2010typeable H. influenzae\n ::: 3Results",
            "ref_spans": [
                {
                    "start": 1,
                    "end": 7,
                    "mention": "Fig. 1",
                    "ref_id": "FIGREF0"
                }
            ]
        },
        {
            "text": "Three sputum samples contained two different isolates of non\u2010typeable H. influenzae simultaneously during exacerbations. Each isolate was tested individually in ELISA with homologous pre\u2010 and post\u2010exacerbation sera. None of these three patients had a statistically significant IgG response to either of the homologous sputum isolates.",
            "cite_spans": [],
            "section": "3.3Serum IgG response to homologous non\u2010typeable H. influenzae\n ::: 3Results",
            "ref_spans": []
        },
        {
            "text": "Eighteen respiratory viral infections were identified in 16 of the 35 (46.7%) exacerbations (Table 2). Rhinovirus was cultured from four subjects, parainfluenza type 3 from three subjects, and influenza A/H3N2 from one subject. Serologic evidence of infection with influenza A virus was seen in four subjects and parainfluenza type 3 virus in two subjects and coronavirus OC43 in one subject. RT\u2010PCR assays identified three additional infections (two picornavirus and one parainfluenza type 3 virus). Dual infections were identified in two subjects (one rhinovirus plus influenza A virus and one influenza A virus plus coronavirus OC43). Persons with infection identified by culture or PCR were more likely to be seen within the first 2 days of illness onset than those with infection documented by serology (7/9 vs. 1/6, P=0.04, Fisher's exact test). The average time from illness onset to evaluation was no longer in persons for whom no respiratory virus infection was documented compared to that for those with a documented respiratory viral infection (3.8 vs. 4.9 days, respectively).",
            "cite_spans": [],
            "section": "3.4Virological studies ::: 3Results",
            "ref_spans": [
                {
                    "start": 93,
                    "end": 100,
                    "mention": "Table 2",
                    "ref_id": "TABREF1"
                }
            ]
        },
        {
            "text": "\nTable 3 shows a summary of the results of virological studies and ELISAs to non\u2010typeable H. influenzae in the 35 exacerbations. All possible combinations were observed, including evidence of simultaneous viral and bacterial infection, absence of both viral and bacterial infection and evidence of each individually. Three exacerbations (8.6%) showed evidence of both viral infection and also a new serum IgG response to non\u2010typeable H. influenzae, suggesting co\u2010infection. Overall, evidence of infection with a respiratory virus or non\u2010typeable H. influenzae was seen in 24 of 35 exacerbations (68.6%). The data were analyzed to test the hypothesis that when evidence of viral infection was absent, an immune response to non\u2010typeable H. influenzae was more likely. An immune response to non\u2010typeable H. influenzae occurred more frequently in the absence of viral infection but did not reach statistical significance (P=0.167).",
            "cite_spans": [],
            "section": "3.5Correlation of virological studies and immune response to non\u2010typeable H. influenzae\n ::: 3Results",
            "ref_spans": [
                {
                    "start": 1,
                    "end": 8,
                    "mention": "Table 3",
                    "ref_id": "TABREF2"
                }
            ]
        },
        {
            "text": "An important limitation in developing strategies to prevent exacerbations of COPD is the relative lack of accurate information regarding the etiology of exacerbations in individual patients. Because specialized techniques are required to establish a diagnosis of viral infection, the diagnosis of viral respiratory tract infection by clinicians is generally made on clinical grounds. To complicate matters further, the isolation of a bacterial pathogen from the sputum of an adult with COPD during an exacerbation does not prove etiology because colonization by bacteria occurs in the absence of an exacerbation. Therefore, assays beyond sputum cultures are necessary to more accurately predict bacterial etiology.",
            "cite_spans": [],
            "section": "4Discussion",
            "ref_spans": []
        },
        {
            "text": "In the present study, 35 exacerbations associated with the isolation from sputum of non\u2010typeable H. influenzae were identified as part of a prospective study. These patients were studied carefully for evidence of viral infection using viral culture, serology and PCR\u2010based assays. In addition, samples from these patients were subjected to immunoassays to identify a new immune response to the homologous isolate of non\u2010typeable H. influenzae to more accurately assess a bacterial etiology. This careful evaluation allows a far more accurate assessment of the etiology of exacerbations. Previous studies have used similar methods, but no studies thus far have evaluated the same set of patients with exacerbations of COPD for both viral and bacterial infection in this way [[3], [6], [7], [30]].",
            "cite_spans": [],
            "section": "4Discussion",
            "ref_spans": []
        },
        {
            "text": "Sixteen of the 35 exacerbations (45.7%) were associated with evidence of acute viral infection. This number is similar to that observed in previous studies of COPD patients with exacerbations, including those whose sputum cultures were negative for non\u2010typeable H. influenzae[[3], [5], [31]]. The most frequent viruses were parainfluenza type 3 and picornaviruses. This pattern is similar to that observed in previous studies [[3], [31]].",
            "cite_spans": [],
            "section": "4Discussion",
            "ref_spans": []
        },
        {
            "text": "The demonstration of a new immune response to non\u2010typeable H. influenzae isolated from the sputum at the time of the exacerbation provides evidence that the organism caused the exacerbation. Eleven of the 35 exacerbations (31.4%) were associated with the development of new serum IgG to the homologous isolate detected in whole cell ELISA. Although the demonstration of new serum IgG to non\u2010typeable H. influenzae provides supportive evidence that the organism in the sputum was etiologic, no gold standard exists for unequivocally identifying the organism as the cause of an individual exacerbation. Some patients who experience exacerbations due to bacteria may develop an immune response which is not detected by using whole cell ELISA with serum. For example, a mucosal immune response can occur independent of a systemic immune response [[32], [33]]. Indeed, in a recent study, analysis of systemic and mucosal antibody responses to Moraxella catarrhalis isolated during exacerbations of COPD revealed instances of the development of mucosal IgA responses in the absence of serum IgG responses to the homologous isolate [34]. Similarly, cell\u2010mediated immune responses to antigens of non\u2010typeable H. influenzae may occur in adults with COPD independent of antibody responses [35]. Therefore, the absence of a new serum IgG response does not exclude the possibility that the exacerbation was caused by non\u2010typeable H. influenzae. Furthermore, it is possible that colonization with an isolate of non\u2010typeable H. influenzae may induce an immune response, even in the absence of a clinical exacerbation.",
            "cite_spans": [],
            "section": "4Discussion",
            "ref_spans": []
        },
        {
            "text": "In spite of these limitations of measuring new serum IgG to non\u2010typeable H. influenzae, several elements of the design of the present study should be emphasized. First, the homologous isolate was used as the antigen in ELISA for all assays. A serious limitation of a large number of published studies on the immune response to non\u2010typeable H. influenzae is the use of laboratory strains or heterologous isolates to detect immune responses [8]. The antibody response following infection with non\u2010typeable H. influenzae is predominantly directed at strain\u2010specific epitopes [[9], [10], [11], [12], [13], [14]]. Therefore it is important to use homologous isolates to measure immune responses to non\u2010typeable H. influenzae as was done in this study. Second, adult human serum contains \u2018background\u2019 antibodies to many antigens of non\u2010typeable H. influenzae. These antibodies are cross reactive with antigens on other bacteria and do not bind to the surface of non\u2010typeable H. influenzae; thus, the antibodies are unlikely to mediate protective immune responses. The present study utilized whole bacterial cells in ELISA to increase the likelihood that antibodies which bind to the intact bacterial cell were detected.",
            "cite_spans": [],
            "section": "4Discussion",
            "ref_spans": []
        },
        {
            "text": "A third important element of the present study is the availability of samples as a result of the prospective study design. Serum from prior to the onset of symptoms was used as the pre\u2010exacerbation serum. Such samples are preferable to \u2018acute\u2019 serum collected at the time of the exacerbation since partial antibody responses may already be developing by the time the patient is evaluated. Furthermore, assays of pre\u2010 and post\u2010exacerbation serum allowed us to detect exclusively new antibody responses in spite of the presence of varying titers of background antibodies.",
            "cite_spans": [],
            "section": "4Discussion",
            "ref_spans": []
        },
        {
            "text": "Finally, multiple strains of non\u2010typeable H. influenzae can colonize the human respiratory tract simultaneously [[28], [36]]. In the present study, multiple colonies from the original sputum culture plates were subcultured separately and subjected to molecular typing to assess the possibility that multiple strains were present. In three of the 35 exacerbations, multiple strains were present. Whole cell ELISAs were performed with both of the isolates individually in these cases.",
            "cite_spans": [],
            "section": "4Discussion",
            "ref_spans": []
        },
        {
            "text": "We hypothesized that patients who showed evidence of viral infection would be less likely to develop an immune response to non\u2010typeable H. influenzae than those patients who lacked evidence of viral infection. While a trend in this direction was observed, the data did not support this hypothesis. This study showed that exacerbations may be caused by virus alone, non\u2010typeable H. influenzae alone, or virus and non\u2010typeable H. influenzae simultaneously. In the case of evidence of simultaneous infection by virus and non\u2010typeable H. influenzae, several interpretations are possible. First, the exacerbation may be caused by virus and H. influenzae is a colonizer that induces an immune response. Second, a viral infection may be the initial inciting event in the exacerbation and secondary infection with non\u2010typeable H. influenzae occurs. This scenario has been proposed in several respiratory tract infections including otitis media, sinusitis and exacerbations of COPD. Third, a virus may be causing upper respiratory tract infection while the lower respiratory tract symptoms characteristic of an exacerbation are caused by non\u2010typeable H. influenzae. It is not possible to draw a conclusion regarding these possibilities based on the data in the present study.",
            "cite_spans": [],
            "section": "4Discussion",
            "ref_spans": []
        },
        {
            "text": "In summary, rigorous methods to identify evidence of viral infection were applied to samples from patients experiencing exacerbations of COPD from whom non\u2010typeable H. influenzae was isolated from sputum. A total of 45.7% of these exacerbations were associated with evidence of viral infection and approximately one third were associated with the development of serum IgG responses to the homologous isolate of non\u2010typeable H. influenzae; overall, two thirds of exacerbations were associated with a viral infection or a rise in serum IgG to the homologous isolate of non\u2010typeable H. influenzae. The data indicate that exacerbations may be caused by virus alone, non\u2010typeable H. influenzae alone, or virus and non\u2010typeable H. influenzae simultaneously. These results highlight the challenge facing practicing physicians who treat patients with exacerbations of COPD and emphasize the need for better methods to accurately identify the etiology of exacerbations of COPD.",
            "cite_spans": [],
            "section": "4Discussion",
            "ref_spans": []
        }
    ],
    "ref_entries": {
        "TABREF0": {
            "text": "Table 1: Baseline characteristics of 24 patients with COPD\n",
            "type": "table"
        },
        "TABREF1": {
            "text": "Table 2: Viral etiology of documented respiratory tract infection during 35 exacerbations in which non\u2010typeable H. influenzae was present in sputum culture\n",
            "type": "table"
        },
        "TABREF2": {
            "text": "Table 3: Summary of virological studies and immune response to non\u2010typeable H. influenzae in 35 exacerbations\n",
            "type": "table"
        },
        "FIGREF0": {
            "text": "Figure 1: Results of whole cell ELISAs measuring percentage of change in serum IgG levels between pre\u2010 and post\u2010exacerbation serum samples, using homologous isolates of H. influenzae. The horizontal line at 22.1% shows the cutoff for significant change. Thirty\u2010eight values are shown for 35 exacerbations; in three exacerbations, two isolates of H. influenzae were isolated simultaneously and each was tested individually with paired pre\u2010 and post\u2010exacerbation sera.",
            "type": "figure"
        }
    },
    "back_matter": [],
    "bib_entries": {
        "BIBREF0": {
            "title": "Bacterial infection in chronic obstructive pulmonary disease in 2000. A state of the art review",
            "authors": [],
            "year": 2001,
            "venue": "Clin. Microbiol. Rev.",
            "volume": "14",
            "issn": "",
            "pages": "336-363",
            "other_ids": {
                "DOI": []
            }
        },
        "BIBREF1": {
            "title": "Fine mapping of outer membrane protein P2 antigenic sites which vary during persistent infection by Haemophilus influenzae\n",
            "authors": [],
            "year": 1996,
            "venue": "Infect. Immun.",
            "volume": "64",
            "issn": "",
            "pages": "4673-4679",
            "other_ids": {
                "DOI": []
            }
        },
        "BIBREF2": {
            "title": "Human immune response to nontypeable Haemophilus influenzae in chronic bronchitis",
            "authors": [],
            "year": 1997,
            "venue": "J. Infect. Dis.",
            "volume": "176",
            "issn": "",
            "pages": "1247-1252",
            "other_ids": {
                "DOI": []
            }
        },
        "BIBREF3": {
            "title": "Importance of an immunodominant surface\u2010exposed loop on outer membrane protein P2 of nontypeable Haemophilus influenzae\n",
            "authors": [],
            "year": 1997,
            "venue": "Infect. Immun.",
            "volume": "65",
            "issn": "",
            "pages": "150-155",
            "other_ids": {
                "DOI": []
            }
        },
        "BIBREF4": {
            "title": "Opsonic antibodies to outer membrane protein P2 of nonencapsulated Haemophilus influenzae are strain specific",
            "authors": [],
            "year": 1994,
            "venue": "Infect. Immun.",
            "volume": "62",
            "issn": "",
            "pages": "779-784",
            "other_ids": {
                "DOI": []
            }
        },
        "BIBREF5": {
            "title": "Immunochemical characterization of variable epitopes of outer membrane protein P2 of nontypeable Haemophilus influenzae\n",
            "authors": [],
            "year": 1991,
            "venue": "Infect. Immun.",
            "volume": "59",
            "issn": "",
            "pages": "247-252",
            "other_ids": {
                "DOI": []
            }
        },
        "BIBREF6": {
            "title": "",
            "authors": [],
            "year": null,
            "venue": "",
            "volume": "",
            "issn": "",
            "pages": null,
            "other_ids": {
                "DOI": []
            }
        },
        "BIBREF7": {
            "title": "Nontypeable Haemophilus influenzae in the lower respiratory tract of patients with chronic bronchitis",
            "authors": [],
            "year": 2001,
            "venue": "Am. J. Respir. Crit. Care Med.",
            "volume": "164",
            "issn": "",
            "pages": "2114-2119",
            "other_ids": {
                "DOI": []
            }
        },
        "BIBREF8": {
            "title": "Maintenance of viability and comparison of identification methods for influenza and other respiratory viruses of humans",
            "authors": [],
            "year": 1977,
            "venue": "J. Clin. Microbiol.",
            "volume": "6",
            "issn": "",
            "pages": "19-22",
            "other_ids": {
                "DOI": []
            }
        },
        "BIBREF9": {
            "title": "Typing and subtyping clinical isolates of influenza virus using reverse transcription\u2010polymerase chain reaction",
            "authors": [],
            "year": 1996,
            "venue": "Clin. Diagn. Virol.",
            "volume": "7",
            "issn": "",
            "pages": "77-84",
            "other_ids": {
                "DOI": []
            }
        },
        "BIBREF10": {
            "title": "Microneutralization test for influenza A and B and parainfluenza 1 and 2 viruses that uses continuous cell lines and fresh serum enhancement",
            "authors": [],
            "year": 1980,
            "venue": "J. Clin. Microbiol.",
            "volume": "12",
            "issn": "",
            "pages": "426-432",
            "other_ids": {
                "DOI": []
            }
        },
        "BIBREF11": {
            "title": "Chronic obstructive pulmonary disease",
            "authors": [],
            "year": 2000,
            "venue": "N. Engl. J. Med.",
            "volume": "343",
            "issn": "",
            "pages": "269-280",
            "other_ids": {
                "DOI": []
            }
        },
        "BIBREF12": {
            "title": "Development and application of an enzyme immunoassay for coronavirus OC43 antibody in acute respiratory illness",
            "authors": [],
            "year": 1994,
            "venue": "J. Clin. Microbiol.",
            "volume": "32",
            "issn": "",
            "pages": "2372-2376",
            "other_ids": {
                "DOI": []
            }
        },
        "BIBREF13": {
            "title": "Comparison of reverse transcription\u2010PCR with tissue culture and other rapid diagnostic assays for detection of type A influenza virus",
            "authors": [],
            "year": 1996,
            "venue": "J. Clin. Microbiol.",
            "volume": "34",
            "issn": "",
            "pages": "2604-2606",
            "other_ids": {
                "DOI": []
            }
        },
        "BIBREF14": {
            "title": "Respiratory tract viral infections in inner\u2010city asthmatic adults",
            "authors": [],
            "year": 1998,
            "venue": "Arch. Intern. Med.",
            "volume": "158",
            "issn": "",
            "pages": "2453-2459",
            "other_ids": {
                "DOI": []
            }
        },
        "BIBREF15": {
            "title": "Rapid diagnosis of human parainfluenza virus type 1 infection by quantitative reverse transcription\u2010PCR\u2010enzyme hybridization assay",
            "authors": [],
            "year": 1996,
            "venue": "J. Clin. Microbiol.",
            "volume": "34",
            "issn": "",
            "pages": "1914-1917",
            "other_ids": {
                "DOI": []
            }
        },
        "BIBREF16": {
            "title": "Rapid detection of parainfluenza virus type 3 RNA in respiratory specimens: use of reverse transcription\u2010PCR\u2010enzyme immunoassay",
            "authors": [],
            "year": 1994,
            "venue": "J. Clin. Microbiol.",
            "volume": "32",
            "issn": "",
            "pages": "484-488",
            "other_ids": {
                "DOI": []
            }
        },
        "BIBREF17": {
            "title": "Detection of respiratory syncytial virus by RNA\u2010polymerase chain reaction and differentiation of subgroups with oligonucleotide probes",
            "authors": [],
            "year": 1994,
            "venue": "J. Med. Virol.",
            "volume": "44",
            "issn": "",
            "pages": "80-87",
            "other_ids": {
                "DOI": []
            }
        },
        "BIBREF18": {
            "title": "Sequence of the fusion protein gene of human parainfluenza type 2 virus and its 3\u2032 intergenic region: lack of small hydrophobic (SH) gene",
            "authors": [],
            "year": 1990,
            "venue": "Virology",
            "volume": "178",
            "issn": "",
            "pages": "289-292",
            "other_ids": {
                "DOI": []
            }
        },
        "BIBREF19": {
            "title": "New strains of bacteria and exacerbations of chronic obstructive pulmonary disease",
            "authors": [],
            "year": 2002,
            "venue": "N. Engl. J. Med.",
            "volume": "347",
            "issn": "",
            "pages": "465-471",
            "other_ids": {
                "DOI": []
            }
        },
        "BIBREF20": {
            "title": "Simultaneous respiratory tract colonization by multiple strains of nontypeable Haemophilus influenzae in chronic obstructive pulmonary disease: implications for antibiotic therapy",
            "authors": [],
            "year": 1999,
            "venue": "J. Infect. Dis.",
            "volume": "180",
            "issn": "",
            "pages": "404-409",
            "other_ids": {
                "DOI": []
            }
        },
        "BIBREF21": {
            "title": "A subtyping system for nontypable Haemophilus influenzae based on outer\u2010membrane proteins",
            "authors": [],
            "year": 1983,
            "venue": "J. Infect. Dis.",
            "volume": "147",
            "issn": "",
            "pages": "838-846",
            "other_ids": {
                "DOI": []
            }
        },
        "BIBREF22": {
            "title": "Respiratory viral infections in adults with and without chronic obstructive pulmonary disease",
            "authors": [],
            "year": 2000,
            "venue": "Am. J. Respir. Crit. Care Med.",
            "volume": "162",
            "issn": "",
            "pages": "167-173",
            "other_ids": {
                "DOI": []
            }
        },
        "BIBREF23": {
            "title": "Role of infection in chronic bronchitis",
            "authors": [],
            "year": 1976,
            "venue": "Am. Rev. Respir. Dis.",
            "volume": "113",
            "issn": "",
            "pages": "465-473",
            "other_ids": {
                "DOI": []
            }
        },
        "BIBREF24": {
            "title": "Respiratory viruses, symptoms, and inflammatory markers in acute exacerbations and stable chronic obstructive pulmonary disease",
            "authors": [],
            "year": 2001,
            "venue": "Am. J. Respir. Crit. Care Med.",
            "volume": "164",
            "issn": "",
            "pages": "1618-1623",
            "other_ids": {
                "DOI": []
            }
        },
        "BIBREF25": {
            "title": "Diversity of antibody\u2010mediated immunity at the mucosal barrier",
            "authors": [],
            "year": 1999,
            "venue": "Infect. Immun.",
            "volume": "67",
            "issn": "",
            "pages": "2687-2691",
            "other_ids": {
                "DOI": []
            }
        },
        "BIBREF26": {
            "title": "Intraperitoneal immunization of human subjects with tetanus toxoid induces specific antibody\u2010secreting cells in the peritoneal cavity and in the circulation, but fails to elicit a secretory IgA response",
            "authors": [],
            "year": 1994,
            "venue": "Clin. Exp. Immunol.",
            "volume": "96",
            "issn": "",
            "pages": "356-363",
            "other_ids": {
                "DOI": []
            }
        },
        "BIBREF27": {
            "title": "Systemic and mucosal antibody response to Moraxella catarrhalis following exacerbations of chronic obstructive pulmonary disease",
            "authors": [],
            "year": 2002,
            "venue": "J. Infect. Dis.",
            "volume": "185",
            "issn": "",
            "pages": "632-640",
            "other_ids": {
                "DOI": []
            }
        },
        "BIBREF28": {
            "title": "Lymphocyte proliferative response to P6 of Haemophilus influenzae is associated with relative protection from exacerbations of chronic obstructive pulmonary disease",
            "authors": [],
            "year": 2002,
            "venue": "Am. J. Respir. Crit. Care Med.",
            "volume": "165",
            "issn": "",
            "pages": "967-971",
            "other_ids": {
                "DOI": []
            }
        },
        "BIBREF29": {
            "title": "Risk factors for otitis media and carriage of multiple strains of Haemophilus influenzae and Streptococcus pneumoniae\n",
            "authors": [],
            "year": 2000,
            "venue": "Emerg. Infect. Dis.",
            "volume": "6",
            "issn": "",
            "pages": "622-630",
            "other_ids": {
                "DOI": []
            }
        },
        "BIBREF30": {
            "title": "Impact of respiratory virus infections on persons with chronic underlying conditions",
            "authors": [],
            "year": 2000,
            "venue": "J. Am. Med. Assoc.",
            "volume": "283",
            "issn": "",
            "pages": "499-505",
            "other_ids": {
                "DOI": []
            }
        },
        "BIBREF31": {
            "title": "Viral respiratory infections in elderly patients and patients with chronic obstructive pulmonary disease",
            "authors": [],
            "year": 2002,
            "venue": "Am. J. Med.",
            "volume": "112",
            "issn": "Suppl. 6A",
            "pages": "28S-32S",
            "other_ids": {
                "DOI": []
            }
        },
        "BIBREF32": {
            "title": "Association of viral and Mycoplasma pneumoniae infections with acute respiratory illness in patients with chronic obstructive pulmonary disease",
            "authors": [],
            "year": 1980,
            "venue": "Am. Rev. Respir. Dis.",
            "volume": "121",
            "issn": "",
            "pages": "225-232",
            "other_ids": {
                "DOI": []
            }
        },
        "BIBREF33": {
            "title": "Infections with viruses and Mycoplasma pneumoniae during exacerbations of chronic bronchitis",
            "authors": [],
            "year": 1978,
            "venue": "J. Infect. Dis.",
            "volume": "137",
            "issn": "",
            "pages": "377-383",
            "other_ids": {
                "DOI": []
            }
        },
        "BIBREF34": {
            "title": "Bacterial infection in chronic obstructive pulmonary disease",
            "authors": [],
            "year": 1992,
            "venue": "Am. Rev. Respir. Dis.",
            "volume": "146",
            "issn": "",
            "pages": "1067-1083",
            "other_ids": {
                "DOI": []
            }
        },
        "BIBREF35": {
            "title": "Antigenic drift of Haemophilus influenzae in patients with chronic obstructive pulmonary disease",
            "authors": [],
            "year": 1989,
            "venue": "Infect. Immun.",
            "volume": "57",
            "issn": "",
            "pages": "3038-3044",
            "other_ids": {
                "DOI": []
            }
        }
    }
}