{
    "paper_id": "PMC7109664",
    "metadata": {
        "title": "Assessment of the Efficacy of Commercially Available and Candidate Vaccines against a Pandemic H1N1 2009 Virus",
        "authors": [
            {
                "first": "Gary",
                "middle": [
                    "P."
                ],
                "last": "Kobinger",
                "suffix": "",
                "email": null,
                "affiliation": {}
            },
            {
                "first": "Isabelle",
                "middle": [],
                "last": "Meunier",
                "suffix": "",
                "email": null,
                "affiliation": {}
            },
            {
                "first": "Ami",
                "middle": [],
                "last": "Patel",
                "suffix": "",
                "email": null,
                "affiliation": {}
            },
            {
                "first": "St\u00e9phane",
                "middle": [],
                "last": "Pillet",
                "suffix": "",
                "email": null,
                "affiliation": {}
            },
            {
                "first": "Jason",
                "middle": [],
                "last": "Gren",
                "suffix": "",
                "email": null,
                "affiliation": {}
            },
            {
                "first": "Shane",
                "middle": [],
                "last": "Stebner",
                "suffix": "",
                "email": null,
                "affiliation": {}
            },
            {
                "first": "Anders",
                "middle": [],
                "last": "Leung",
                "suffix": "",
                "email": null,
                "affiliation": {}
            },
            {
                "first": "James",
                "middle": [
                    "L."
                ],
                "last": "Neufeld",
                "suffix": "",
                "email": null,
                "affiliation": {}
            },
            {
                "first": "Darwyn",
                "middle": [],
                "last": "Kobasa",
                "suffix": "",
                "email": null,
                "affiliation": {}
            },
            {
                "first": "Veronika",
                "middle": [],
                "last": "von Messling",
                "suffix": "",
                "email": null,
                "affiliation": {}
            }
        ]
    },
    "body_text": [
        {
            "text": "\nImmunization and challenge. Groups of five 16-to 20-weekold ferrets without antibodies against circulating influenza strains were immunized with one of the 2008 seasonal inactivated split vaccines (Fluviral; GlaxoSmithKline) or the cold-adapted live attenuated vaccine (FluMist; MedImmune), a swine influenza vaccine (FluSure; Pfizer), or a matched laboratory-produced inactivated vaccine (pH1N1inact). The latter vaccine consisted of a Madin-Darby canine kidney (MDCK) cell-produced whole-virus preparation of A/Mexico/ InDRE4487/2009 (MX10; H1N1) that was isolated during the ongoing H1N1 influenza outbreak, purified by ultracentrifugation, subsequently inactivated by addition of formalin to a final concentration of 0.1%, and incubated for 3 days at 4\u00b0C (Fisher Scientific). The animals received the recommended dose of the respective commercial vaccines or a dose containing 15 \u03bcg of hemagglutinin (HA) of the experimental vaccine. With the exception of FluMist, which was inoculated intranasally, all vaccines were injected in the gluteal muscle at the recommended dose for humans or pigs, respectively. Five weeks later, the animals were challenged intranasally with 105 50% tissue culture infectious doses (TCID50) of MX10. Clinical signs, body temperature, and weight were assessed daily, and animals were euthanized based on clinical evaluation or at the end of the study on day 16.",
            "cite_spans": [],
            "section": "Methods",
            "ref_spans": []
        },
        {
            "text": "\nVirus quantification and pathology. Nasal washes were collected on days 1, 3, 6, 9, and 16 after challenge, and virus titers were quantified by limiting dilution. In brief, 10-fold serial dilutions were incubated on MDCK cells with 6 replicates per dilution. At 72\u201396 h after infection, the plates were scored for cytopathic effect, and the TCID50 virus titers were calculated using the method of Reed and Muench [12]. RNA was isolated, and viral copy numbers were quantified using real-time reverse-transcription polymerase chain reaction (RT-PCR). Tissues preserved in RNAlater were homogenized using a bead mill homogenizer for extraction of total RNA. RNA was isolated from nasal washes and swabs, by use of the QIAamp Viral RNA Mini Kit (Qiagen), and from tissues, by use of the RNeasy Mini Kit (Qiagen). The H1N1 virus was detected by quantitative real-time RT-PCR performed using the LightCycler 480 RNA Master Hydrolysis Probes (Roche) assay targeting the HA gene (nucleotide position 714- 815; GenBank accession number GQ160606). Reaction conditions were as follows: at 63\u00b0C for 3 min; at 95\u00b0C for 30 s; and 45 cycles at 95\u00b0C for15 sandat60\u00b0C for 30 s with the use of a Lightcycler 480 (Roche). The low detection limit for this H1N1 assay is 0.1 pfu/mL. The primer sequences are as follows: HAF, GGATCAAGAAGGGAGAATGAACTATT; HAR, AATGCATATCTCGGTACCACTAGATTT; and HAP, CCGGGAGACAAAATAACATTCGAAGCAAC.",
            "cite_spans": [
                {
                    "start": 415,
                    "end": 417,
                    "mention": "12",
                    "ref_id": "BIBREF3"
                }
            ],
            "section": "Methods",
            "ref_spans": []
        },
        {
            "text": "After euthanasia, necropsy was performed for all animals, and photographs of their lungs were taken before the lungs were harvested for histopathologic analysis. Lungs were inflated by slow injection of \u223c5 mL of phosphate-buffered saline (PBS; Invitrogen) in the trachea, and formalin-fixed and paraffin- embedded tissue sections were stained with hematoxylin-eosin.",
            "cite_spans": [],
            "section": "Methods",
            "ref_spans": []
        },
        {
            "text": "\nImmune response assessment. Serum samples were collected on days 3, 7, 10, 14, and 21 after vaccination and were analyzed for the presence of hemagglutination-inhibiting (HAI) antibodies against MX10 and the seasonal H1N1 strain A/Brisbane/59/2007. HAI antibody titers are expressed as the reciprocal of the highest serum dilution that inhibits hemagglutination of turkey red blood cells. On day 10 after vaccination, heparinized blood was collected for proliferation assays. In brief, peripheral blood mononuclear cells were isolated by ficoll-hypaque (GE Healthcare) gradient purification and cultivated in the presence of overlapping peptide pools covering the nucleocapsid (NP), neuraminidase (NA), and HA proteins of the related H1N1 strain A/Brevig Mission/1918. The proliferation response was measured by adding 5-bromo-2-deoxyuridine (BrdU) to the peptide-exposed peripheral blood mononuclear cells after 72 h. The next day, cells were fixed, and BrdU incorporation was quantified by immunostaining performed using a chemoluminescent substrate (Roche). The proliferation index is expressed as the ratio of BrdU incorporation measured for the respective influenza peptide pool and for an Ebola virus peptide as negative control. Messenger RNA profiles of cytokines, including interferon (IFN)-\u03b1, IFN-\u03b3, interleukin (IL)- 6, and IL-10, were generated from nasal wash RNAs isolated on days 1, 3, 6, and 9 after infection and from RNA isolated from the right and left lung, respectively, of animals euthanized on day 9. The assays were performed using the primers and method outlined elsewhere [13].",
            "cite_spans": [
                {
                    "start": 1600,
                    "end": 1602,
                    "mention": "13",
                    "ref_id": "BIBREF4"
                }
            ],
            "section": "Methods",
            "ref_spans": []
        },
        {
            "text": "\nFailure of seasonal vaccines to elicit HAI antibodies recognizing the pandemic H1N1 2009 virus. HAI antibody titer kinetics were monitored for 21 days after immunization, because titers of >40 reciprocal dilutions remain the reference standard that is predictive of protective immunity elicited by influenza vaccine candidates [14]. HAI antibody titers against the pandemic H1N1 2009 MX10 isolate were detected at day 7 in ferrets receiving the laboratory-produced matched vaccine pH1N1inact or the swine influenza vaccine FluSure, reaching titers >40 on day 7 or 10, respectively. FluSure or pH1N1inact did not generate detectable HAI antibody titers against the seasonal H1N1 strain A/Brisbane/59/2007 included in conventional seasonal influenza vaccines, such as Fluviral or FluMist. In contrast, between day 7 and day 10, both seasonal vaccines elicited HAI antibody titers against A/Brisbane/59/2007 that were >40, whereas no cross-reactive response to MX10 was detected before challenge (Figure 1B). None of the vaccines elicited an IFN- \u03b3 enzyme-linked immunospot response upon stimulation with overlapping peptides covering the NP, NA, and HA proteins of H1N1 strain A/Brevig Mission/1918. These proteins share 94%, 87%, and 86% amino acid identity with the respective MX10 proteins, which may have contributed to the weak response observed. However, increased proliferation activity in response to NP peptide pools was detected in animals immunized with FluMist, indicating a cross-reactive T cell response (Figure 1C).",
            "cite_spans": [
                {
                    "start": 329,
                    "end": 331,
                    "mention": "14",
                    "ref_id": "BIBREF5"
                }
            ],
            "section": "Results",
            "ref_spans": [
                {
                    "start": 995,
                    "end": 1003,
                    "mention": "Figure 1",
                    "ref_id": "FIGREF0"
                },
                {
                    "start": 1518,
                    "end": 1526,
                    "mention": "Figure 1",
                    "ref_id": "FIGREF0"
                }
            ]
        },
        {
            "text": "\nCorrelation of presence of HAI antibodies with milder disease and improved survival. Upon intranasal challenge with MX10, all vaccinated animals displayed a 1-day delay in the onset of fever, and they then followed a course comparable to that of nonvaccinated controls (Figure 2A). Clinically, animals immunized with the swine vaccine FluSure demonstrated more complete protection with mild and transient signs of disease, less weight loss in the first week than in the other groups, and 100% survival. The matched pH1N1inact vaccine also resulted in reduced weight loss, clinical signs of disease, and improvement of the survival rate from 50% to 80%, compared with observations in naive controls (Figure 2B\u2013D). In contrast, there were no statistically significant differences in recorded clinical signs of disease, weight loss, or survival rate between the animals given Fluviral and the control groups, over the course of the experiment after challenge (P > .05). The group of ferrets vaccinated with FluMist showed a slight improvement in average body weight at days 5 and 6 after challenge. However, weight loss increased from day 6 to day 9, at which point clinical signs of disease, including nasal seromucous exudates, shallow and labored breathing, and reduced activity forced euthanasia for 4 of the 5 animals given FluMist, resulting in a small increase in the mortality rate, compared with that noted for the unvaccinated control group. This increase in the mortality rate associated with mismatched FluMist immunization was also observed in a second experiment with 4 animals, although the increase was not statistically significant (data not shown).",
            "cite_spans": [],
            "section": "Results",
            "ref_spans": [
                {
                    "start": 271,
                    "end": 279,
                    "mention": "Figure 2",
                    "ref_id": "FIGREF0"
                },
                {
                    "start": 700,
                    "end": 708,
                    "mention": "Figure 2",
                    "ref_id": "FIGREF1"
                }
            ]
        },
        {
            "text": "At the respective times of euthanasia, gross pathological evaluation of lungs demonstrated minimal lesions in all 5 animals vaccinated with FluSure, including 1 animal euthanized on day 9, without reaching experimental end points to obtain, on a timely basis, tissue samples matched to those obtained from the other groups (Figure 3). Animals vaccinated with pH1N1inact showed a slight improvement, with smaller lesions noted in 3 of the 5 ferrets. Three of 4 control animals had severe lesions with hepatization, hemorrhages, and widespread alveolitis and bronchiolitis, which were comparable to lesions observed in 4/5 or 5/5 ferrets vaccinated with Fluviral or FluMist, respectively.",
            "cite_spans": [],
            "section": "Results",
            "ref_spans": [
                {
                    "start": 324,
                    "end": 332,
                    "mention": "Figure 3",
                    "ref_id": "FIGREF2"
                }
            ]
        },
        {
            "text": "\nAssociation between protection and lower infectious viral loads early after infection. All groups reached nasal infectious titers of \u223c106 TCID50 at day 1 after challenge, with the exception of the animals immunized with the swine vaccine FluSure, which had a 10-fold lower titer (Figure 4A). The group vaccinated with FluMist maintained relatively high levels of virus replication through day 3, whereas the other groups experienced titer decreases of \u2a7e20-fold. With the exception of one animal in the control group, no infectious viral particles were detectable by titration in the nasal washes of animals on day 6 or later, although viral RNA could be detected by real-time RT-PCR until the end of the experiment (Figure 4B).",
            "cite_spans": [],
            "section": "Results",
            "ref_spans": [
                {
                    "start": 281,
                    "end": 289,
                    "mention": "Figure 4",
                    "ref_id": "FIGREF3"
                },
                {
                    "start": 717,
                    "end": 725,
                    "mention": "Figure 4",
                    "ref_id": "FIGREF3"
                }
            ]
        },
        {
            "text": "\nCorrelation between moderate levels of IL-6 in nasal wash cells at day 9 after infection and partial protection. Animals immunized with pH1N1inact or FluSure experienced the lowest IFN- \u03b1 levels and up-regulation of IFN- \u03b3 during the early stage of the infection. Moderately elevated levels of IL-6 were detected later in the course of disease\u2014at day 9 exclusively in these 2 groups, which showed evidence of protection (Figure 5). In contrast, the group vaccinated with FluMist exhibited the highest average of mRNA transcripts for IFN-\u03b1, up to day 6, and for IFN-\u03b3, at day 3, possibly reflecting a better cellular response. Of interest, at day 3, levels of IL-10 transcripts were significantly higher in the upper airway of animals vaccinated with FluMist, and at day 9 after infection, they were slightly increased in the lower airway, compared with observations in control animals and animals vaccinated with pH1N1inact or FluSure (Figure 5). No differences in tumor necrosis factor- \u03b1 and IL-8 levels were observed between the groups (data not shown).",
            "cite_spans": [],
            "section": "Results",
            "ref_spans": [
                {
                    "start": 422,
                    "end": 430,
                    "mention": "Figure 5",
                    "ref_id": "FIGREF4"
                },
                {
                    "start": 937,
                    "end": 945,
                    "mention": "Figure 5",
                    "ref_id": "FIGREF4"
                }
            ]
        },
        {
            "text": "The availability of an efficient vaccine is essential to alleviate the effect of the ongoing influenza pandemic. A possible intervention strategy to mitigate the 2009 fall influenza season in the Northern Hemisphere was to initially perform mass immunization with the seasonal vaccine, followed by mass immunization with the fully matched pandemic H1N1 2009 vaccine as soon as would become available. To direct a concerted public health response to control the spread of the virus, the efficacy of a newly produced matched inactivated vaccine, as well as that of already available inactivated and live attenuated vaccines, has to be assessed. Toward this end, we compared the antibody and cellular responses elicited by 2 seasonal vaccines (Fluviral and FluMist), the commercial swine vaccine FluSure, and a laboratory-produced matched inactivated whole-virus preparation. We found that only the swine and matched vaccines resulted in production of HAI antibodies against the pandemic H1N1 2009 virus, whereas only FluMist triggered a cross-reactive cellular response. Intranasal challenge with the virulent Mexican isolate MX10, similar to MX/4482, which also leads to a 50% mortality rate among naive animals [6], revealed that none of the vaccines was able to confer complete protection after only one immunization. However, FluSure was associated with the best reduction in morbidity and complete protection from mortality, whereas the matched inactivated vaccine resulted in moderate clinical improvement and reduced mortality. As was expected from undetectable HAI antibody titers, animals vaccinated with Fluviral or FluMist did not experience a beneficial effect, compared with unvaccinated control animals.",
            "cite_spans": [
                {
                    "start": 1212,
                    "end": 1213,
                    "mention": "6",
                    "ref_id": "BIBREF21"
                }
            ],
            "section": "Discussion",
            "ref_spans": []
        },
        {
            "text": "The partial protection observed in animals vaccinated with one dose of the matched inactivated vaccine, despite the detection of an HAI antibody response within the protective range, indicates that protection from aggressive isolates may require more than a single immunization, which would put an additional strain on vaccine availability. The use of a more virulent challenge strain enables assessment of vaccine efficacy in a worst-case scenario. However, the disease severity associated with currently circulating pandemic H1N1 2009 strains in most patients is more similar to that associated with seasonal influenza [3]. It is thus possible that a single 15-\u03bcg dose of a matched inactivated vaccine will be sufficient to confer protection against most pandemic H1N1 2009 strains, especially in individuals with some levels of cross-protection due to previous influenza infection. The efficiency of a commercially available swine vaccine indicates that this product would be adequate to protect animals, including pig herds, which could minimize interspecies transmission and maybe limit evolution of the virus. The FluSure vaccine consists of an inactivated H1N1 and H3N2 type A field isolate formulated with Amphigen (Pfizer) as an adjuvant [15], indicating that the use of this and other adjuvants merits a more in-depth evaluation in the context of the development of improved human influenza vaccines.",
            "cite_spans": [
                {
                    "start": 622,
                    "end": 623,
                    "mention": "3",
                    "ref_id": "BIBREF18"
                },
                {
                    "start": 1248,
                    "end": 1250,
                    "mention": "15",
                    "ref_id": "BIBREF6"
                }
            ],
            "section": "Discussion",
            "ref_spans": []
        },
        {
            "text": "A curious observation is the more severe cases of disease and the higher mortality rate noted for animals vaccinated with FluMist, which correlated with slightly more infectious virus in the nasal washes of this group at day 3. This correlation between the infectious viral load in the upper respiratory tract and the clinical outcome was in fact observed for all groups in the present study, confirming previous reports that the infectious viral load in the airway is predictive of levels of protection in vaccinated ferrets after challenge with respiratory viruses, including severe acute respiratory syndrome-associated coronavirus and influenza [16, 17]. On the other hand, data from this study also indicate that weight loss was, on average, more severe for the unvaccinated control animals than for any other vaccinated group of animals. The present study was designed to evaluate protective efficacy after vaccination and not the possible subtle negative effects caused by immunization with mismatched influenza antigens. Larger study group sizes will be necessary to conclusively address this question with an appropriate degree of statistical confidence. Antibody-mediated enhancement of influenza infection, including subtype-crossreactive, nonneutralizing antibodies, has been previously described in cultured cells [18\u201320]. This mechanism has never been directly associated with a worsened clinical condition in animal models of influenza infection, although a recent study reported that maternally derived antibodies possibly enhanced swine influenza virus-induced pneumonia in pigs [21]. These observations further support the need for a more detailed evaluation of the efficacy of influenza vaccine in controlled experimental conditions where various levels of preexisting immunity to mismatched influenza antigens could be studied.",
            "cite_spans": [
                {
                    "start": 650,
                    "end": 652,
                    "mention": "16",
                    "ref_id": "BIBREF7"
                },
                {
                    "start": 654,
                    "end": 656,
                    "mention": "17",
                    "ref_id": "BIBREF8"
                },
                {
                    "start": 1328,
                    "end": 1333,
                    "mention": "18\u201320",
                    "ref_id": "BIBREF9"
                },
                {
                    "start": 1597,
                    "end": 1599,
                    "mention": "21",
                    "ref_id": "BIBREF13"
                }
            ],
            "section": "Discussion",
            "ref_spans": []
        },
        {
            "text": "All animals demonstrated a strong induction of the proinflammatory cytokine IL-6 at day 6; this level remained elevated at day 9 only in the 2 groups of ferrets showing noticeable protection. Animals vaccinated with FluMist, the only group that mounted a strong cross-reactive cellular response, had the highest IFN- \u03b3 response. However, this response was not sufficient to control the disease. In fact, the strong expression of IL-10, an anti-inflammatory cytokine, detected in that group on day 3 may have suppressed an appropriate inflammatory response, including IL-6 expression, and temporarily favored virus replication, as previously demonstrated in pigs infected with foot-and-mouth disease [22]. There are reports showing the negative effect of IL-10 on influenza virus-infected mice and pigs [23, 24], and increased IL-10 production correlated with a low antibody response in elderly individuals after influenza vaccination [25]. Evaluating the response of cytokines, including IL-6 and IL-10, at early time points in patients may help predict unfavorable outcome and allow for better allocation of resources to individuals requiring more intensive clinical intervention.",
            "cite_spans": [
                {
                    "start": 700,
                    "end": 702,
                    "mention": "22",
                    "ref_id": "BIBREF14"
                },
                {
                    "start": 803,
                    "end": 805,
                    "mention": "23",
                    "ref_id": "BIBREF15"
                },
                {
                    "start": 807,
                    "end": 809,
                    "mention": "24",
                    "ref_id": "BIBREF16"
                },
                {
                    "start": 935,
                    "end": 937,
                    "mention": "25",
                    "ref_id": "BIBREF17"
                }
            ],
            "section": "Discussion",
            "ref_spans": []
        },
        {
            "text": "The present study reports the immune responses and protective efficacy of commercially available vaccines and one laboratory-produced matched vaccine with regard to prevention of pandemic H1N1 2009 infection in ferrets. The findings of this study may help to guide ongoing preparations for the influenza season in the Northern Hemisphere.",
            "cite_spans": [],
            "section": "Discussion",
            "ref_spans": []
        }
    ],
    "ref_entries": {
        "FIGREF0": {
            "text": "Figure 1.: Humoral and cellular immune responses elicited by the different vaccines. Quantification of hemagglutination-inhibiting antibody titers against H1N1 A/Mexico/InDRE4487/2009 (MX10) (A) and H1N1 A/ Brisbane/59/07 (B) over the first 21 days after immunization. Data points denote the mean of all values obtained for the respective groups, and error bars denote the standard error. C, Proliferation activity of peripheral blood mononuclear cells (PBMCs) isolated on day 10 after immunization, upon stimulation with 3 pools of overlapping peptides covering the nucleocapsid (NP), neuraminidase (NA), and hemagglutinin (HA) proteins of the H1N1 strain Brevig Mission/1/1918. The proliferation index denotes the ratio of influenza peptide pool-stimulated and Ebola control peptide- stimulated values. The average proliferation observed in each group for a respective pool is shown, and the individual pools are denoted by black, gray, or white bars. Ctl, nonimmunized control group; HAI, hemagglutination-inhibiting antibodies.",
            "type": "figure"
        },
        "FIGREF1": {
            "text": "Figure 2.: Clinical assessment after challenge with MX10. Five weeks after immunization, the animals were challenged with 105 50% tissue culture infectious doses of MX10. Temperature (A) and weight (B) were determined daily, and clinical signs (C) were scored at least every third day over the course of the disease. Data points denote the mean of all values obtained for the respective groups, and error bars denote the standard error. D, Survival curve of animals in the different groups. Ctl, nonimmunized control group.",
            "type": "figure"
        },
        "FIGREF2": {
            "text": "Figure 3.: Gross pathological changes in the lungs. On day 9 after infection, the lungs shown were collected from animals in the FluMist (MedImmune), pH1N1inact, Fluviral (GlaxoSmithKline), and control groups that had reached experimental end points and from an animal randomly selected from the FluSure (Pfizer) group.",
            "type": "figure"
        },
        "FIGREF3": {
            "text": "Figure 4.: Nasal wash titers and viral load. Nasal wash titers (A) and the viral copy numbers in nasal wash (B) were quantified on days 1, 3, 6, 9, and 16 after challenge. Data points denote the mean of all values obtained for the respective groups, and error bars denote the standard error.",
            "type": "figure"
        },
        "FIGREF4": {
            "text": "Figure 5.: Relative quantification of cytokine messenger RNA (mRNA) induction. Changes in cytokine mRNA levels were determined by semiquantitative real-time reverse-transcription polymerase chain reaction in nasal wash RNA or RNA isolated from lung tissue harvested on day 9. Ten nanograms of RNA were used for each reaction, and the fold change was calculated using the comparative cycle threshold (\u0394\u0394Ct) method. Columns denote the mean of all values obtained for the respective group, and error bars denote the standard error. Ctl, nonimmunized control group; dpi, days post infection; IFN, interferon; IL, interleukin.",
            "type": "figure"
        }
    },
    "back_matter": [],
    "bib_entries": {
        "BIBREF0": {
            "title": "Pandemic (H1N1) 2009-update 60",
            "authors": [],
            "year": null,
            "venue": "",
            "volume": "",
            "issn": "",
            "pages": null,
            "other_ids": {
                "DOI": []
            }
        },
        "BIBREF1": {
            "title": "Emergence of a novel swine-origin influenza A (H1N1) virus in humans",
            "authors": [
                {
                    "first": "FS",
                    "middle": [],
                    "last": "Dawood",
                    "suffix": ""
                },
                {
                    "first": "S",
                    "middle": [],
                    "last": "Jain",
                    "suffix": ""
                },
                {
                    "first": "L",
                    "middle": [],
                    "last": "Finelli",
                    "suffix": ""
                }
            ],
            "year": 2009,
            "venue": "N Engl JMed",
            "volume": "360",
            "issn": "",
            "pages": "2605-2615",
            "other_ids": {
                "DOI": []
            }
        },
        "BIBREF2": {
            "title": "Oseltamivir-resistant novel influenza A (H1N1) virus Infection in two immunosuppressed patients\u2014Seattle, Washington, 2009",
            "authors": [],
            "year": 2009,
            "venue": "MMWR Morb Mortal Wkly Rep",
            "volume": "58",
            "issn": "",
            "pages": "893-896",
            "other_ids": {
                "DOI": []
            }
        },
        "BIBREF3": {
            "title": "A simple method of estimating fifty percent endpoints",
            "authors": [
                {
                    "first": "LJ",
                    "middle": [],
                    "last": "Reed",
                    "suffix": ""
                },
                {
                    "first": "H",
                    "middle": [],
                    "last": "Muench",
                    "suffix": ""
                }
            ],
            "year": 1938,
            "venue": "Am J Hyg",
            "volume": "27",
            "issn": "",
            "pages": "493-497",
            "other_ids": {
                "DOI": []
            }
        },
        "BIBREF4": {
            "title": "Severe seasonal influenza in ferrets correlates with reduced interferon and increased IL-6 induction",
            "authors": [
                {
                    "first": "N",
                    "middle": [],
                    "last": "Svitek",
                    "suffix": ""
                },
                {
                    "first": "PA",
                    "middle": [],
                    "last": "Rudd",
                    "suffix": ""
                },
                {
                    "first": "K",
                    "middle": [],
                    "last": "Obojes",
                    "suffix": ""
                },
                {
                    "first": "S",
                    "middle": [],
                    "last": "Pillet",
                    "suffix": ""
                },
                {
                    "first": "V",
                    "middle": [],
                    "last": "von Messling",
                    "suffix": ""
                }
            ],
            "year": 2008,
            "venue": "Virology",
            "volume": "376",
            "issn": "",
            "pages": "53-59",
            "other_ids": {
                "DOI": []
            }
        },
        "BIBREF5": {
            "title": "A trivalent virus-like particle vaccine elicits protective immune responses against seasonal influenza strains in mice and ferrets",
            "authors": [
                {
                    "first": "TM",
                    "middle": [],
                    "last": "Ross",
                    "suffix": ""
                },
                {
                    "first": "K",
                    "middle": [],
                    "last": "Mahmood",
                    "suffix": ""
                },
                {
                    "first": "CJ",
                    "middle": [],
                    "last": "Crevar",
                    "suffix": ""
                },
                {
                    "first": "K",
                    "middle": [],
                    "last": "Schneider-Ohrum",
                    "suffix": ""
                },
                {
                    "first": "PM",
                    "middle": [],
                    "last": "Heaton",
                    "suffix": ""
                },
                {
                    "first": "RA",
                    "middle": [],
                    "last": "Bright",
                    "suffix": ""
                }
            ],
            "year": 2009,
            "venue": "PLoS One",
            "volume": "4",
            "issn": "",
            "pages": "6032-6032",
            "other_ids": {
                "DOI": []
            }
        },
        "BIBREF6": {
            "title": "",
            "authors": [
                {
                    "first": "XP",
                    "middle": [],
                    "last": "Flusure",
                    "suffix": ""
                }
            ],
            "year": null,
            "venue": "",
            "volume": "",
            "issn": "",
            "pages": null,
            "other_ids": {
                "DOI": []
            }
        },
        "BIBREF7": {
            "title": "Adenovirus-based vaccine prevents pneumonia in ferrets challenged with the SARS coronavirus and stimulates robust immune responses in macaques",
            "authors": [
                {
                    "first": "GP",
                    "middle": [],
                    "last": "Kobinger",
                    "suffix": ""
                },
                {
                    "first": "JM",
                    "middle": [],
                    "last": "Figueredo",
                    "suffix": ""
                },
                {
                    "first": "T",
                    "middle": [],
                    "last": "Rowe",
                    "suffix": ""
                }
            ],
            "year": 2007,
            "venue": "Vaccine",
            "volume": "25",
            "issn": "",
            "pages": "5220-5231",
            "other_ids": {
                "DOI": []
            }
        },
        "BIBREF8": {
            "title": "Investigation of the biological indicator for vaccine efficacy against highly pathogenic avian influenza (HPAI) H5N1 virus challenge in mice and ferrets",
            "authors": [
                {
                    "first": "MS",
                    "middle": [],
                    "last": "Song",
                    "suffix": ""
                },
                {
                    "first": "TK",
                    "middle": [],
                    "last": "Oh",
                    "suffix": ""
                },
                {
                    "first": "PN",
                    "middle": [],
                    "last": "Pascua",
                    "suffix": ""
                }
            ],
            "year": 2009,
            "venue": "Vaccine",
            "volume": "27",
            "issn": "",
            "pages": "3145-3152",
            "other_ids": {
                "DOI": []
            }
        },
        "BIBREF9": {
            "title": "Antibody-mediated growth of influenza A NWS virus in macrophagelike cell line P388D1",
            "authors": [
                {
                    "first": "H",
                    "middle": [],
                    "last": "Ochiai",
                    "suffix": ""
                },
                {
                    "first": "M",
                    "middle": [],
                    "last": "Kurokawa",
                    "suffix": ""
                },
                {
                    "first": "K",
                    "middle": [],
                    "last": "Hayashi",
                    "suffix": ""
                },
                {
                    "first": "S",
                    "middle": [],
                    "last": "Niwayama",
                    "suffix": ""
                }
            ],
            "year": 1988,
            "venue": "J Virol",
            "volume": "62",
            "issn": "",
            "pages": "20-26",
            "other_ids": {
                "DOI": []
            }
        },
        "BIBREF10": {
            "title": "Infection enhancement of influenza A NWS virus in primary murine macrophages by anti-hemagglutinin monoclonal antibody",
            "authors": [
                {
                    "first": "H",
                    "middle": [],
                    "last": "Ochiai",
                    "suffix": ""
                },
                {
                    "first": "M",
                    "middle": [],
                    "last": "Kurokawa",
                    "suffix": ""
                },
                {
                    "first": "S",
                    "middle": [],
                    "last": "Matsui",
                    "suffix": ""
                }
            ],
            "year": 1992,
            "venue": "J Med Virol",
            "volume": "36",
            "issn": "",
            "pages": "217-221",
            "other_ids": {
                "DOI": []
            }
        },
        "BIBREF11": {
            "title": "Pneumonia and respiratory failure from swine-origin influenza A (H1N1) in Mexico",
            "authors": [
                {
                    "first": "R",
                    "middle": [],
                    "last": "Perez-Padilla",
                    "suffix": ""
                },
                {
                    "first": "D",
                    "middle": [],
                    "last": "de la Rosa-Zamboni",
                    "suffix": ""
                },
                {
                    "first": "S",
                    "middle": [],
                    "last": "Ponce de Leon",
                    "suffix": ""
                }
            ],
            "year": 2009,
            "venue": "N Engl J Med",
            "volume": "361",
            "issn": "",
            "pages": "680-689",
            "other_ids": {
                "DOI": []
            }
        },
        "BIBREF12": {
            "title": "Subtype cross-reactive, infectionenhancing antibody responses to influenza A viruses",
            "authors": [
                {
                    "first": "M",
                    "middle": [],
                    "last": "Tamura",
                    "suffix": ""
                },
                {
                    "first": "RG",
                    "middle": [],
                    "last": "Webster",
                    "suffix": ""
                },
                {
                    "first": "FA",
                    "middle": [],
                    "last": "Ennis",
                    "suffix": ""
                }
            ],
            "year": 1994,
            "venue": "J Virol",
            "volume": "68",
            "issn": "",
            "pages": "3499-3504",
            "other_ids": {
                "DOI": []
            }
        },
        "BIBREF13": {
            "title": "The immune response and maternal antibody interference to a heterologous H1N1 swine influenza virus infection following vaccination",
            "authors": [
                {
                    "first": "P",
                    "middle": [],
                    "last": "Kitikoon",
                    "suffix": ""
                },
                {
                    "first": "D",
                    "middle": [],
                    "last": "Nilubol",
                    "suffix": ""
                },
                {
                    "first": "BJ",
                    "middle": [],
                    "last": "Erickson",
                    "suffix": ""
                }
            ],
            "year": 2006,
            "venue": "Vet Immunol Immunopathol",
            "volume": "112",
            "issn": "",
            "pages": "117-128",
            "other_ids": {
                "DOI": []
            }
        },
        "BIBREF14": {
            "title": "Immunosuppression during acute infection with foot-and-mouth disease virus in swine is mediated by IL-10",
            "authors": [
                {
                    "first": "F",
                    "middle": [],
                    "last": "D\u00e1az-San Segundo",
                    "suffix": ""
                },
                {
                    "first": "T",
                    "middle": [],
                    "last": "Rodr\u00edguez-Calvo",
                    "suffix": ""
                },
                {
                    "first": "A",
                    "middle": [],
                    "last": "de Avila",
                    "suffix": ""
                },
                {
                    "first": "N",
                    "middle": [],
                    "last": "Sevilla",
                    "suffix": ""
                }
            ],
            "year": 2009,
            "venue": "PLoS One",
            "volume": "4",
            "issn": "",
            "pages": "5659-5659",
            "other_ids": {
                "DOI": []
            }
        },
        "BIBREF15": {
            "title": "Alveolar macrophages are indispensable for controlling influenza viruses in lungs of pigs",
            "authors": [
                {
                    "first": "HM",
                    "middle": [],
                    "last": "Kim",
                    "suffix": ""
                },
                {
                    "first": "YW",
                    "middle": [],
                    "last": "Lee",
                    "suffix": ""
                },
                {
                    "first": "KJ",
                    "middle": [],
                    "last": "Lee",
                    "suffix": ""
                }
            ],
            "year": 2008,
            "venue": "J Virol",
            "volume": "82",
            "issn": "",
            "pages": "4265-4274",
            "other_ids": {
                "DOI": []
            }
        },
        "BIBREF16": {
            "title": "IL-10 deficiency unleashes an influenza-specific Th17 response and enhances survival against high-dose challenge",
            "authors": [
                {
                    "first": "KK",
                    "middle": [],
                    "last": "McKinstry",
                    "suffix": ""
                },
                {
                    "first": "TM",
                    "middle": [],
                    "last": "Strutt",
                    "suffix": ""
                },
                {
                    "first": "A",
                    "middle": [],
                    "last": "Buck",
                    "suffix": ""
                }
            ],
            "year": 2009,
            "venue": "J Immunol",
            "volume": "182",
            "issn": "",
            "pages": "7353-7363",
            "other_ids": {
                "DOI": []
            }
        },
        "BIBREF17": {
            "title": "High interleukin-10 production is associated with low antibody response to influenza vaccination in the elderly",
            "authors": [
                {
                    "first": "E",
                    "middle": [],
                    "last": "Corsini",
                    "suffix": ""
                },
                {
                    "first": "L",
                    "middle": [],
                    "last": "Vismara",
                    "suffix": ""
                },
                {
                    "first": "L",
                    "middle": [],
                    "last": "Lucchi",
                    "suffix": ""
                }
            ],
            "year": 2006,
            "venue": "J Leukoc Biol",
            "volume": "80",
            "issn": "",
            "pages": "376-82",
            "other_ids": {
                "DOI": []
            }
        },
        "BIBREF18": {
            "title": "Swine influenza A (H1N1) strikes a potential for global disaster",
            "authors": [
                {
                    "first": "S",
                    "middle": [],
                    "last": "Galwankar",
                    "suffix": ""
                },
                {
                    "first": "A",
                    "middle": [],
                    "last": "Clem",
                    "suffix": ""
                }
            ],
            "year": 2009,
            "venue": "J Emerg Trauma Shock",
            "volume": "2",
            "issn": "",
            "pages": "99-105",
            "other_ids": {
                "DOI": []
            }
        },
        "BIBREF19": {
            "title": "Severe respiratory disease concurrent with the circulation of H1N1 influenza",
            "authors": [
                {
                    "first": "G",
                    "middle": [],
                    "last": "Chowell",
                    "suffix": ""
                },
                {
                    "first": "SM",
                    "middle": [],
                    "last": "Bertozzi",
                    "suffix": ""
                },
                {
                    "first": "MA",
                    "middle": [],
                    "last": "Colchero",
                    "suffix": ""
                }
            ],
            "year": 2009,
            "venue": "N Engl J Med",
            "volume": "361",
            "issn": "",
            "pages": "674-679",
            "other_ids": {
                "DOI": []
            }
        },
        "BIBREF20": {
            "title": "Emergence and pandemic potential of swine-origin H1N1 influenza virus",
            "authors": [
                {
                    "first": "G",
                    "middle": [],
                    "last": "Neumann",
                    "suffix": ""
                },
                {
                    "first": "T",
                    "middle": [],
                    "last": "Noda",
                    "suffix": ""
                },
                {
                    "first": "Y",
                    "middle": [],
                    "last": "Kawaoka",
                    "suffix": ""
                }
            ],
            "year": 2009,
            "venue": "Nature",
            "volume": "459",
            "issn": "",
            "pages": "931-939",
            "other_ids": {
                "DOI": []
            }
        },
        "BIBREF21": {
            "title": "Transmission and pathogenesis of swine-origin 2009 A(H1N1) influenza viruses in ferrets and mice",
            "authors": [
                {
                    "first": "TR",
                    "middle": [],
                    "last": "Maines",
                    "suffix": ""
                },
                {
                    "first": "A",
                    "middle": [],
                    "last": "Jayaraman",
                    "suffix": ""
                },
                {
                    "first": "JA",
                    "middle": [],
                    "last": "Belser",
                    "suffix": ""
                }
            ],
            "year": 2009,
            "venue": "Science",
            "volume": "325",
            "issn": "",
            "pages": "484-487",
            "other_ids": {
                "DOI": []
            }
        },
        "BIBREF22": {
            "title": "Influenza A(H1N1)v in the Southern Hemisphere-lessons to learn for Europe?",
            "authors": [
                {
                    "first": "E",
                    "middle": [],
                    "last": "Depoortere",
                    "suffix": ""
                },
                {
                    "first": "J",
                    "middle": [],
                    "last": "Mantero",
                    "suffix": ""
                },
                {
                    "first": "A",
                    "middle": [],
                    "last": "Lenglet",
                    "suffix": ""
                },
                {
                    "first": "P",
                    "middle": [],
                    "last": "Kreidl",
                    "suffix": ""
                },
                {
                    "first": "D",
                    "middle": [],
                    "last": "Coulombier",
                    "suffix": ""
                }
            ],
            "year": 2009,
            "venue": "Euro Surveill",
            "volume": "14",
            "issn": "",
            "pages": "19,246-19,246",
            "other_ids": {
                "DOI": []
            }
        },
        "BIBREF23": {
            "title": "Influenza activity in Europe during eight seasons (1999\u20132007): an evaluation of the indicators used to measure activity and an assessment of the timing, length and course of peak activity (spread) across Europe",
            "authors": [
                {
                    "first": "J",
                    "middle": [],
                    "last": "Paget",
                    "suffix": ""
                },
                {
                    "first": "R",
                    "middle": [],
                    "last": "Marquet",
                    "suffix": ""
                },
                {
                    "first": "A",
                    "middle": [],
                    "last": "Meijer",
                    "suffix": ""
                },
                {
                    "first": "K",
                    "middle": [],
                    "last": "van der Velden",
                    "suffix": ""
                }
            ],
            "year": 2007,
            "venue": "BMC Infect Dis",
            "volume": "7",
            "issn": "",
            "pages": "141-141",
            "other_ids": {
                "DOI": []
            }
        },
        "BIBREF24": {
            "title": "Surveillance for influenza\u2014United States, 1997\u201398, 1998\u201399, and 1999\u201300 seasons",
            "authors": [
                {
                    "first": "TL",
                    "middle": [],
                    "last": "Brammer",
                    "suffix": ""
                },
                {
                    "first": "EL",
                    "middle": [],
                    "last": "Murray",
                    "suffix": ""
                },
                {
                    "first": "K",
                    "middle": [],
                    "last": "Fukuda",
                    "suffix": ""
                },
                {
                    "first": "HE",
                    "middle": [],
                    "last": "Hall",
                    "suffix": ""
                },
                {
                    "first": "A",
                    "middle": [],
                    "last": "Klimov",
                    "suffix": ""
                },
                {
                    "first": "NJ",
                    "middle": [],
                    "last": "Cox",
                    "suffix": ""
                }
            ],
            "year": 2002,
            "venue": "MMWR Surveill Summ",
            "volume": "51",
            "issn": "",
            "pages": "1-10",
            "other_ids": {
                "DOI": []
            }
        }
    }
}