{
    "paper_id": "PMC7092802",
    "metadata": {
        "title": "First Case of 2019 Novel Coronavirus in the United States",
        "authors": [
            {
                "first": "Michelle",
                "middle": [
                    "L."
                ],
                "last": "Holshue",
                "suffix": "",
                "email": null,
                "affiliation": {}
            },
            {
                "first": "Chas",
                "middle": [],
                "last": "DeBolt",
                "suffix": "",
                "email": null,
                "affiliation": {}
            },
            {
                "first": "Scott",
                "middle": [],
                "last": "Lindquist",
                "suffix": "",
                "email": null,
                "affiliation": {}
            },
            {
                "first": "Kathy",
                "middle": [
                    "H."
                ],
                "last": "Lofy",
                "suffix": "",
                "email": null,
                "affiliation": {}
            },
            {
                "first": "John",
                "middle": [],
                "last": "Wiesman",
                "suffix": "",
                "email": null,
                "affiliation": {}
            },
            {
                "first": "Hollianne",
                "middle": [],
                "last": "Bruce",
                "suffix": "",
                "email": null,
                "affiliation": {}
            },
            {
                "first": "Christopher",
                "middle": [],
                "last": "Spitters",
                "suffix": "",
                "email": null,
                "affiliation": {}
            },
            {
                "first": "Keith",
                "middle": [],
                "last": "Ericson",
                "suffix": "",
                "email": null,
                "affiliation": {}
            },
            {
                "first": "Sara",
                "middle": [],
                "last": "Wilkerson",
                "suffix": "",
                "email": null,
                "affiliation": {}
            },
            {
                "first": "Ahmet",
                "middle": [],
                "last": "Tural",
                "suffix": "",
                "email": null,
                "affiliation": {}
            },
            {
                "first": "George",
                "middle": [],
                "last": "Diaz",
                "suffix": "",
                "email": null,
                "affiliation": {}
            },
            {
                "first": "Amanda",
                "middle": [],
                "last": "Cohn",
                "suffix": "",
                "email": null,
                "affiliation": {}
            },
            {
                "first": "LeAnne",
                "middle": [],
                "last": "Fox",
                "suffix": "",
                "email": null,
                "affiliation": {}
            },
            {
                "first": "Anita",
                "middle": [],
                "last": "Patel",
                "suffix": "",
                "email": null,
                "affiliation": {}
            },
            {
                "first": "Susan",
                "middle": [
                    "I."
                ],
                "last": "Gerber",
                "suffix": "",
                "email": null,
                "affiliation": {}
            },
            {
                "first": "Lindsay",
                "middle": [],
                "last": "Kim",
                "suffix": "",
                "email": null,
                "affiliation": {}
            },
            {
                "first": "Suxiang",
                "middle": [],
                "last": "Tong",
                "suffix": "",
                "email": null,
                "affiliation": {}
            },
            {
                "first": "Xiaoyan",
                "middle": [],
                "last": "Lu",
                "suffix": "",
                "email": null,
                "affiliation": {}
            },
            {
                "first": "Steve",
                "middle": [],
                "last": "Lindstrom",
                "suffix": "",
                "email": null,
                "affiliation": {}
            },
            {
                "first": "Mark",
                "middle": [
                    "A."
                ],
                "last": "Pallansch",
                "suffix": "",
                "email": null,
                "affiliation": {}
            },
            {
                "first": "William",
                "middle": [
                    "C."
                ],
                "last": "Weldon",
                "suffix": "",
                "email": null,
                "affiliation": {}
            },
            {
                "first": "Holly",
                "middle": [
                    "M."
                ],
                "last": "Biggs",
                "suffix": "",
                "email": null,
                "affiliation": {}
            },
            {
                "first": "Timothy",
                "middle": [
                    "M."
                ],
                "last": "Uyeki",
                "suffix": "",
                "email": null,
                "affiliation": {}
            },
            {
                "first": "Satish",
                "middle": [
                    "K."
                ],
                "last": "Pillai",
                "suffix": "",
                "email": null,
                "affiliation": {}
            }
        ]
    },
    "body_text": [
        {
            "text": "On January 19, 2020, a 35-year-old man presented to an urgent care clinic in Snohomish County, Washington, with a 4-day history of cough and subjective fever. On checking into the clinic, the patient put on a mask in the waiting room. After waiting approximately 20 minutes, he was taken into an examination room and underwent evaluation by a provider. He disclosed that he had returned to Washington State on January 15 after traveling to visit family in Wuhan, China. The patient stated that he had seen a health alert from the U.S. Centers for Disease Control and Prevention (CDC) about the novel coronavirus outbreak in China and, because of his symptoms and recent travel, decided to see a health care provider.",
            "cite_spans": [],
            "section": "Case Report",
            "ref_spans": []
        },
        {
            "text": "Apart from a history of hypertriglyceridemia, the patient was an otherwise healthy nonsmoker. The physical examination revealed a body temperature of 37.2\u00b0C, blood pressure of 134/87 mm Hg, pulse of 110 beats per minute, respiratory rate of 16 breaths per minute, and oxygen saturation of 96% while the patient was breathing ambient air. Lung auscultation revealed rhonchi, and chest radiography was performed, which was reported as showing no abnormalities (Figure 1). A rapid nucleic acid amplification test (NAAT) for influenza A and B was negative. A nasopharyngeal swab specimen was obtained and sent for detection of viral respiratory pathogens by NAAT; this was reported back within 48 hours as negative for all pathogens tested, including influenza A and B, parainfluenza, respiratory syncytial virus, rhinovirus, adenovirus, and four common coronavirus strains known to cause illness in humans (HKU1, NL63, 229E, and OC43).",
            "cite_spans": [],
            "section": "Case Report",
            "ref_spans": [
                {
                    "start": 459,
                    "end": 467,
                    "mention": "Figure 1",
                    "ref_id": "FIGREF0"
                }
            ]
        },
        {
            "text": "Given the patient\u2019s travel history, the local and state health departments were immediately notified. Together with the urgent care clinician, the Washington Department of Health notified the CDC Emergency Operations Center. Although the patient reported that he had not spent time at the Huanan seafood market and reported no known contact with ill persons during his travel to China, CDC staff concurred with the need to test the patient for 2019-nCoV on the basis of current CDC \u201cpersons under investigation\u201d case definitions.8 Specimens were collected in accordance with CDC guidance and included serum and nasopharyngeal and oropharyngeal swab specimens. After specimen collection, the patient was discharged to home isolation with active monitoring by the local health department.",
            "cite_spans": [
                {
                    "start": 529,
                    "end": 530,
                    "mention": "8",
                    "ref_id": "BIBREF18"
                }
            ],
            "section": "Case Report",
            "ref_spans": []
        },
        {
            "text": "On January 20, 2020, the CDC confirmed that the patient\u2019s nasopharyngeal and oropharyngeal swabs tested positive for 2019-nCoV by real-time reverse-transcriptase\u2013polymerase-chain-reaction (rRT-PCR) assay. In coordination with CDC subject-matter experts, state and local health officials, emergency medical services, and hospital leadership and staff, the patient was admitted to an airborne-isolation unit at Providence Regional Medical Center for clinical observation, with health care workers following CDC recommendations for contact, droplet, and airborne precautions with eye protection.9",
            "cite_spans": [
                {
                    "start": 592,
                    "end": 593,
                    "mention": "9",
                    "ref_id": "BIBREF19"
                }
            ],
            "section": "Case Report",
            "ref_spans": []
        },
        {
            "text": "On admission, the patient reported persistent dry cough and a 2-day history of nausea and vomiting; he reported that he had no shortness of breath or chest pain. Vital signs were within normal ranges. On physical examination, the patient was found to have dry mucous membranes. The remainder of the examination was generally unremarkable. After admission, the patient received supportive care, including 2 liters of normal saline and ondansetron for nausea.",
            "cite_spans": [],
            "section": "Case Report",
            "ref_spans": []
        },
        {
            "text": "On days 2 through 5 of hospitalization (days 6 through 9 of illness), the patient\u2019s vital signs remained largely stable, apart from the development of intermittent fevers accompanied by periods of tachycardia (Figure 2). The patient continued to report a nonproductive cough and appeared fatigued. On the afternoon of hospital day 2, the patient passed a loose bowel movement and reported abdominal discomfort. A second episode of loose stool was reported overnight; a sample of this stool was collected for rRT-PCR testing, along with additional respiratory specimens (nasopharyngeal and oropharyngeal) and serum. The stool and both respiratory specimens later tested positive by rRT-PCR for 2019-nCoV, whereas the serum remained negative.",
            "cite_spans": [],
            "section": "Case Report",
            "ref_spans": [
                {
                    "start": 210,
                    "end": 218,
                    "mention": "Figure 2",
                    "ref_id": null
                }
            ]
        },
        {
            "text": "Treatment during this time was largely supportive. For symptom management, the patient received, as needed, antipyretic therapy consisting of 650 mg of acetaminophen every 4 hours and 600 mg of ibuprofen every 6 hours. He also received 600 mg of guaifenesin for his continued cough and approximately 6 liters of normal saline over the first 6 days of hospitalization.",
            "cite_spans": [],
            "section": "Case Report",
            "ref_spans": []
        },
        {
            "text": "The nature of the patient isolation unit permitted only point-of-care laboratory testing initially; complete blood counts and serum chemical studies were available starting on hospital day 3. Laboratory results on hospital days 3 and 5 (illness days 7 and 9) reflected leukopenia, mild thrombocytopenia, and elevated levels of creatine kinase (Table 1). In addition, there were alterations in hepatic function measures: levels of alkaline phosphatase (68 U per liter), alanine aminotransferase (105 U per liter), aspartate aminotransferase (77 U per liter), and lactate dehydrogenase (465 U per liter) were all elevated on day 5 of hospitalization. Given the patient\u2019s recurrent fevers, blood cultures were obtained on day 4; these have shown no growth to date.",
            "cite_spans": [],
            "section": "Case Report",
            "ref_spans": [
                {
                    "start": 344,
                    "end": 351,
                    "mention": "Table 1",
                    "ref_id": null
                }
            ]
        },
        {
            "text": "A chest radiograph taken on hospital day 3 (illness day 7) was reported as showing no evidence of infiltrates or abnormalities (Figure 3). However, a second chest radiograph from the night of hospital day 5 (illness day 9) showed evidence of pneumonia in the lower lobe of the left lung (Figure 4). These radiographic findings coincided with a change in respiratory status starting on the evening of hospital day 5, when the patient\u2019s oxygen saturation values as measured by pulse oximetry dropped to as low as 90% while he was breathing ambient air. On day 6, the patient was started on supplemental oxygen, delivered by nasal cannula at 2 liters per minute. Given the changing clinical presentation and concern about hospital-acquired pneumonia, treatment with vancomycin (a 1750-mg loading dose followed by 1 g administered intravenously every 8 hours) and cefepime (administered intravenously every 8 hours) was initiated.",
            "cite_spans": [],
            "section": "Case Report",
            "ref_spans": [
                {
                    "start": 128,
                    "end": 136,
                    "mention": "Figure 3",
                    "ref_id": "FIGREF2"
                },
                {
                    "start": 288,
                    "end": 296,
                    "mention": "Figure 4",
                    "ref_id": "FIGREF3"
                }
            ]
        },
        {
            "text": "On hospital day 6 (illness day 10), a fourth chest radiograph showed basilar streaky opacities in both lungs, a finding consistent with atypical pneumonia (Figure 5), and rales were noted in both lungs on auscultation. Given the radiographic findings, the decision to administer oxygen supplementation, the patient\u2019s ongoing fevers, the persistent positive 2019-nCoV RNA at multiple sites, and published reports of the development of severe pneumonia3,4 at a period consistent with the development of radiographic pneumonia in this patient, clinicians pursued compassionate use of an investigational antiviral therapy. Treatment with intravenous remdesivir (a novel nucleotide analogue prodrug in development10,11) was initiated on the evening of day 7, and no adverse events were observed in association with the infusion. Vancomycin was discontinued on the evening of day 7, and cefepime was discontinued on the following day, after serial negative procalcitonin levels and negative nasal PCR testing for methicillin-resistant Staphylococcus aureus.",
            "cite_spans": [
                {
                    "start": 450,
                    "end": 451,
                    "mention": "3",
                    "ref_id": "BIBREF13"
                },
                {
                    "start": 452,
                    "end": 453,
                    "mention": "4",
                    "ref_id": "BIBREF14"
                },
                {
                    "start": 708,
                    "end": 710,
                    "mention": "10",
                    "ref_id": "BIBREF1"
                },
                {
                    "start": 711,
                    "end": 713,
                    "mention": "11",
                    "ref_id": "BIBREF2"
                }
            ],
            "section": "Case Report",
            "ref_spans": [
                {
                    "start": 156,
                    "end": 164,
                    "mention": "Figure 5",
                    "ref_id": "FIGREF4"
                }
            ]
        },
        {
            "text": "On hospital day 8 (illness day 12), the patient\u2019s clinical condition improved. Supplemental oxygen was discontinued, and his oxygen saturation values improved to 94 to 96% while he was breathing ambient air. The previous bilateral lower-lobe rales were no longer present. His appetite improved, and he was asymptomatic aside from intermittent dry cough and rhinorrhea. As of January 30, 2020, the patient remains hospitalized. He is afebrile, and all symptoms have resolved with the exception of his cough, which is decreasing in severity.",
            "cite_spans": [],
            "section": "Case Report",
            "ref_spans": []
        },
        {
            "text": "Clinical specimens for 2019-nCoV diagnostic testing were obtained in accordance with CDC guidelines.12 Nasopharyngeal and oropharyngeal swab specimens were collected with synthetic fiber swabs; each swab was inserted into a separate sterile tube containing 2 to 3 ml of viral transport medium. Serum was collected in a serum separator tube and then centrifuged in accordance with CDC guidelines. The urine and stool specimens were each collected in sterile specimen containers. Specimens were stored between 2\u00b0C and 8\u00b0C until ready for shipment to the CDC. Specimens for repeat 2019-nCoV testing were collected on illness days 7, 11, and 12 and included nasopharyngeal and oropharyngeal swabs, serum, and urine and stool samples.",
            "cite_spans": [
                {
                    "start": 100,
                    "end": 102,
                    "mention": "12",
                    "ref_id": "BIBREF3"
                }
            ],
            "section": "Specimen Collection ::: Methods",
            "ref_spans": []
        },
        {
            "text": "Clinical specimens were tested with an rRT-PCR assay that was developed from the publicly released virus sequence. Similar to previous diagnostic assays for severe acute respiratory syndrome coronavirus (SARS-CoV) and Middle East respiratory syndrome coronavirus (MERS-CoV), it has three nucleocapsid gene targets and a positive control target. A description of this assay13 and sequence information for the rRT-PCR panel primers and probes14 are available on the CDC Laboratory Information website for 2019-nCoV.15",
            "cite_spans": [
                {
                    "start": 372,
                    "end": 374,
                    "mention": "13",
                    "ref_id": "BIBREF4"
                },
                {
                    "start": 440,
                    "end": 442,
                    "mention": "14",
                    "ref_id": "BIBREF5"
                },
                {
                    "start": 513,
                    "end": 515,
                    "mention": "15",
                    "ref_id": "BIBREF6"
                }
            ],
            "section": "Diagnostic Testing for 2019-nCoV ::: Methods",
            "ref_spans": []
        },
        {
            "text": "On January 7, 2020, Chinese researchers shared the full genetic sequence of 2019-nCoV through the National Institutes of Health GenBank database16 and the Global Initiative on Sharing All Influenza Data (GISAID)17 database; a report about the isolation of 2019-nCoV was later published.18 Nucleic acid was extracted from rRT-PCR\u2013positive specimens (oropharyngeal and nasopharyngeal) and used for whole-genome sequencing on both Sanger and next-generation sequencing platforms (Illumina and MinIon). Sequence assembly was completed with the use of Sequencher software, version 5.4.6 (Sanger); minimap software, version 2.17 (MinIon); and freebayes software, version 1.3.1 (MiSeq). Complete genomes were compared with the available 2019-nCoV reference sequence (GenBank accession number NC_045512.2).",
            "cite_spans": [
                {
                    "start": 144,
                    "end": 146,
                    "mention": "16",
                    "ref_id": "BIBREF7"
                },
                {
                    "start": 211,
                    "end": 213,
                    "mention": "17",
                    "ref_id": "BIBREF8"
                },
                {
                    "start": 286,
                    "end": 288,
                    "mention": "18",
                    "ref_id": "BIBREF9"
                }
            ],
            "section": "Genetic Sequencing ::: Methods",
            "ref_spans": []
        },
        {
            "text": "The initial respiratory specimens (nasopharyngeal and oropharyngeal swabs) obtained from this patient on day 4 of his illness were positive for 2019-nCoV (Table 2). The low cycle threshold (Ct) values (18 to 20 in nasopharyngeal specimens and 21 to 22 in oropharyngeal specimens) on illness day 4 suggest high levels of virus in these specimens, despite the patient\u2019s initial mild symptom presentation. Both upper respiratory specimens obtained on illness day 7 remained positive for 2019-nCoV, including persistent high levels in a nasopharyngeal swab specimen (Ct values, 23 to 24). Stool obtained on illness day 7 was also positive for 2019-nCoV (Ct values, 36 to 38). Serum specimens for both collection dates were negative for 2019-nCoV. Nasopharyngeal and oropharyngeal specimens obtained on illness days 11 and 12 showed a trend toward decreasing levels of virus. The oropharyngeal specimen tested negative for 2019-nCoV on illness day 12. The rRT-PCR results for serum obtained on these dates are still pending.",
            "cite_spans": [],
            "section": "Specimen Testing for 2019-nCoV ::: Results",
            "ref_spans": [
                {
                    "start": 155,
                    "end": 162,
                    "mention": "Table 2",
                    "ref_id": null
                }
            ]
        },
        {
            "text": "The full genome sequences from oropharyngeal and nasopharyngeal specimens were identical to one another and were nearly identical to other available 2019-nCoV sequences. There were only 3 nucleotides and 1 amino acid that differed at open reading frame 8 between this patient\u2019s virus and the 2019-nCoV reference sequence (NC_045512.2). The sequence is available through GenBank (accession number MN985325).16",
            "cite_spans": [
                {
                    "start": 406,
                    "end": 408,
                    "mention": "16",
                    "ref_id": "BIBREF7"
                }
            ],
            "section": "Genetic Sequencing ::: Results",
            "ref_spans": []
        },
        {
            "text": "Our report of the first confirmed case of 2019-nCoV in the United States illustrates several aspects of this emerging outbreak that are not yet fully understood, including transmission dynamics and the full spectrum of clinical illness. Our case patient had traveled to Wuhan, China, but reported that he had not visited the wholesale seafood market or health care facilities or had any sick contacts during his stay in Wuhan. Although the source of his 2019-nCoV infection is unknown, evidence of person-to-person transmission has been published. Through January 30, 2020, no secondary cases of 2019-nCoV related to this case have been identified, but monitoring of close contacts continues.19",
            "cite_spans": [
                {
                    "start": 692,
                    "end": 694,
                    "mention": "19",
                    "ref_id": "BIBREF10"
                }
            ],
            "section": "Discussion ::: Results",
            "ref_spans": []
        },
        {
            "text": "Detection of 2019-nCoV RNA in specimens from the upper respiratory tract with low Ct values on day 4 and day 7 of illness is suggestive of high viral loads and potential for transmissibility. It is notable that we also detected 2019-nCoV RNA in a stool specimen collected on day 7 of the patient\u2019s illness. Although serum specimens from our case patient were repeatedly negative for 2019-nCoV, viral RNA has been detected in blood in severely ill patients in China.4 However, extrapulmonary detection of viral RNA does not necessarily mean that infectious virus is present, and the clinical significance of the detection of viral RNA outside the respiratory tract is unknown at this time.",
            "cite_spans": [
                {
                    "start": 465,
                    "end": 466,
                    "mention": "4",
                    "ref_id": "BIBREF14"
                }
            ],
            "section": "Discussion ::: Results",
            "ref_spans": []
        },
        {
            "text": "Currently, our understanding of the clinical spectrum of 2019-nCoV infection is very limited. Complications such as severe pneumonia, respiratory failure, acute respiratory distress syndrome (ARDS), and cardiac injury, including fatal outcomes, have been reported in China.4,18,20 However, it is important to note that these cases were identified on the basis of their pneumonia diagnosis and thus may bias reporting toward more severe outcomes.",
            "cite_spans": [
                {
                    "start": 273,
                    "end": 274,
                    "mention": "4",
                    "ref_id": "BIBREF14"
                },
                {
                    "start": 275,
                    "end": 277,
                    "mention": "18",
                    "ref_id": "BIBREF9"
                },
                {
                    "start": 278,
                    "end": 280,
                    "mention": "20",
                    "ref_id": "BIBREF12"
                }
            ],
            "section": "Discussion ::: Results",
            "ref_spans": []
        },
        {
            "text": "Our case patient initially presented with mild cough and low-grade intermittent fevers, without evidence of pneumonia on chest radiography on day 4 of his illness, before having progression to pneumonia by illness day 9. These nonspecific signs and symptoms of mild illness early in the clinical course of 2019-nCoV infection may be indistinguishable clinically from many other common infectious diseases, particularly during the winter respiratory virus season. In addition, the timing of our case patient\u2019s progression to pneumonia on day 9 of illness is consistent with later onset of dyspnea (at a median of 8 days from onset) reported in a recent publication.4 Although a decision to administer remdesivir for compassionate use was based on the case patient\u2019s worsening clinical status, randomized controlled trials are needed to determine the safety and efficacy of remdesivir and any other investigational agents for treatment of patients with 2019-nCoV infection.",
            "cite_spans": [
                {
                    "start": 664,
                    "end": 665,
                    "mention": "4",
                    "ref_id": "BIBREF14"
                }
            ],
            "section": "Discussion ::: Results",
            "ref_spans": []
        },
        {
            "text": "We report the clinical features of the first reported patient with 2019-nCoV infection in the United States. Key aspects of this case included the decision made by the patient to seek medical attention after reading public health warnings about the outbreak; recognition of the patient\u2019s recent travel history to Wuhan by local providers, with subsequent coordination among local, state, and federal public health officials; and identification of possible 2019-nCoV infection, which allowed for prompt isolation of the patient and subsequent laboratory confirmation of 2019-nCoV, as well as for admission of the patient for further evaluation and management. This case report highlights the importance of clinicians eliciting a recent history of travel or exposure to sick contacts in any patient presenting for medical care with acute illness symptoms, in order to ensure appropriate identification and prompt isolation of patients who may be at risk for 2019-nCoV infection and to help reduce further transmission. Finally, this report highlights the need to determine the full spectrum and natural history of clinical disease, pathogenesis, and duration of viral shedding associated with 2019-nCoV infection to inform clinical management and public health decision making.",
            "cite_spans": [],
            "section": "Discussion ::: Results",
            "ref_spans": []
        }
    ],
    "ref_entries": {
        "FIGREF0": {
            "text": "Figure 1: No thoracic abnormalities were noted.",
            "type": "figure"
        },
        "FIGREF2": {
            "text": "Figure 3: No acute intrathoracic plain-film abnormality was noted.",
            "type": "figure"
        },
        "FIGREF3": {
            "text": "Figure 4: Increasing left basilar opacity was visible, arousing concern about pneumonia.",
            "type": "figure"
        },
        "FIGREF4": {
            "text": "Figure 5: Stable streaky opacities in the lung bases were visible, indicating likely atypical pneumonia; the opacities have steadily increased in density over time.",
            "type": "figure"
        }
    },
    "back_matter": [],
    "bib_entries": {
        "BIBREF0": {
            "title": "Pneumonia of unknown cause \u2014 China.",
            "authors": [],
            "year": 2020,
            "venue": "",
            "volume": "",
            "issn": "",
            "pages": null,
            "other_ids": {
                "DOI": []
            }
        },
        "BIBREF1": {
            "title": "A randomized, controlled trial of ebola virus disease therapeutics.",
            "authors": [],
            "year": 2019,
            "venue": "N Engl J Med",
            "volume": "381",
            "issn": "",
            "pages": "2293-2303",
            "other_ids": {
                "DOI": []
            }
        },
        "BIBREF2": {
            "title": "Comparative therapeutic efficacy of remdesivir and combination lopinavir, ritonavir, and interferon beta against MERS-CoV.",
            "authors": [],
            "year": 2020,
            "venue": "Nat Commun",
            "volume": "11",
            "issn": "",
            "pages": "222-222",
            "other_ids": {
                "DOI": []
            }
        },
        "BIBREF3": {
            "title": "Interim guidelines for collecting, handling, and testing clinical specimens from patients under investigation (PUIs) for 2019 novel coronavirus (2019-nCoV).",
            "authors": [],
            "year": 2020,
            "venue": "",
            "volume": "",
            "issn": "",
            "pages": null,
            "other_ids": {
                "DOI": []
            }
        },
        "BIBREF4": {
            "title": "Real-time RT-PCR panel for detection 2019-novel coronavirus.",
            "authors": [],
            "year": 2020,
            "venue": "",
            "volume": "",
            "issn": "",
            "pages": null,
            "other_ids": {
                "DOI": []
            }
        },
        "BIBREF5": {
            "title": "2019-novel coronavirus (2019-nCoV) real-time rRT-PCR panel primers and probes.",
            "authors": [],
            "year": 2020,
            "venue": "",
            "volume": "",
            "issn": "",
            "pages": null,
            "other_ids": {
                "DOI": []
            }
        },
        "BIBREF6": {
            "title": "Information for laboratories. 2019 novel coronavirus, Wuhan, China.",
            "authors": [],
            "year": 2020,
            "venue": "",
            "volume": "",
            "issn": "",
            "pages": null,
            "other_ids": {
                "DOI": []
            }
        },
        "BIBREF7": {
            "title": "GenBank overview",
            "authors": [],
            "year": null,
            "venue": "",
            "volume": "",
            "issn": "",
            "pages": null,
            "other_ids": {
                "DOI": []
            }
        },
        "BIBREF8": {
            "title": "",
            "authors": [],
            "year": null,
            "venue": "GISAID (Global Initiative on Sharing All Influenza Data) home page",
            "volume": "",
            "issn": "",
            "pages": null,
            "other_ids": {
                "DOI": []
            }
        },
        "BIBREF9": {
            "title": "A novel coronavirus from patients with pneumonia in China, 2019.",
            "authors": [],
            "year": 2020,
            "venue": "N Engl J Med",
            "volume": "382",
            "issn": "",
            "pages": "727-733",
            "other_ids": {
                "DOI": []
            }
        },
        "BIBREF10": {
            "title": "Novel coronavirus outbreak 2020",
            "authors": [],
            "year": null,
            "venue": "",
            "volume": "",
            "issn": "",
            "pages": null,
            "other_ids": {
                "DOI": []
            }
        },
        "BIBREF11": {
            "title": "Novel coronavirus \u2014 China.",
            "authors": [],
            "year": 2020,
            "venue": "",
            "volume": "",
            "issn": "",
            "pages": null,
            "other_ids": {
                "DOI": []
            }
        },
        "BIBREF12": {
            "title": "Epidemiological and clinical characteristics of 99 cases of 2019 novel coronavirus pneumonia in Wuhan, China: a descriptive study.",
            "authors": [],
            "year": 2020,
            "venue": "Lancet",
            "volume": "",
            "issn": "",
            "pages": null,
            "other_ids": {
                "DOI": []
            }
        },
        "BIBREF13": {
            "title": "A familial cluster of pneumonia associated with the 2019 novel coronavirus indicating person-to-person transmission: a study of a family cluster.",
            "authors": [],
            "year": 2020,
            "venue": "Lancet",
            "volume": "",
            "issn": "",
            "pages": null,
            "other_ids": {
                "DOI": []
            }
        },
        "BIBREF14": {
            "title": "Clinical features of patients infected with 2019 novel coronavirus in Wuhan, China.",
            "authors": [],
            "year": 2020,
            "venue": "Lancet",
            "volume": "",
            "issn": "",
            "pages": null,
            "other_ids": {
                "DOI": []
            }
        },
        "BIBREF15": {
            "title": "2019 Novel coronavirus, Wuhan, China: 2019-nCoV situation summary.",
            "authors": [],
            "year": 2020,
            "venue": "",
            "volume": "",
            "issn": "",
            "pages": null,
            "other_ids": {
                "DOI": []
            }
        },
        "BIBREF16": {
            "title": "Importation and human-to-human transmission of a novel coronavirus in Vietnam.",
            "authors": [],
            "year": 2020,
            "venue": "N Engl J Med",
            "volume": "382",
            "issn": "",
            "pages": "872-874",
            "other_ids": {
                "DOI": []
            }
        },
        "BIBREF17": {
            "title": "Wuhan coronavirus (2019-nCoV) global cases",
            "authors": [],
            "year": null,
            "venue": "",
            "volume": "",
            "issn": "",
            "pages": null,
            "other_ids": {
                "DOI": []
            }
        },
        "BIBREF18": {
            "title": "Interim guidance for healthcare professionals: criteria to guide evaluation of patients under investigation (PUI) for 2019-nCoV.",
            "authors": [],
            "year": 2020,
            "venue": "",
            "volume": "",
            "issn": "",
            "pages": null,
            "other_ids": {
                "DOI": []
            }
        },
        "BIBREF19": {
            "title": "Infection control. 2019 Novel coronavirus, Wuhan, China.",
            "authors": [],
            "year": 2020,
            "venue": "",
            "volume": "",
            "issn": "",
            "pages": null,
            "other_ids": {
                "DOI": []
            }
        }
    }
}