{
    "paper_id": "PMC7095480",
    "metadata": {
        "title": "Liquorice may tackle SARS",
        "authors": [
            {
                "first": "HelenR.",
                "middle": [],
                "last": "Pilcher",
                "suffix": "",
                "email": null,
                "affiliation": {}
            }
        ]
    },
    "body_text": [
        {
            "text": "\n\n",
            "cite_spans": [],
            "section": "",
            "ref_spans": []
        },
        {
            "text": "Liquorice may prove an unlikely ally in the fight against sudden acute respiratory syndrome (SARS). In the lab at least, an extract of the plant's root blocks the SARS virus from growing inside cells, new research reveals1.",
            "cite_spans": [
                {
                    "start": 221,
                    "end": 222,
                    "mention": "1",
                    "ref_id": "BIBREF0"
                }
            ],
            "section": "",
            "ref_spans": []
        },
        {
            "text": "The study is part of an ongoing search for a treatment for SARS. The flu-like disease has claimed more than 750 lives since it emerged last year in Guangdong Province, China.",
            "cite_spans": [],
            "section": "",
            "ref_spans": []
        },
        {
            "text": "High doses of the liquorice extract, called glycyrrhizin, practically wipe out the SARS virus in infected monkey cells, find virologist Jindrich Cinatl of Frankfurt University Medical School, Germany and his colleagues. The drug is more potent than ribavirin, the most commonly used treatment for SARS.",
            "cite_spans": [],
            "section": "",
            "ref_spans": []
        },
        {
            "text": "Glycyrrhizin makes it difficult for the SARS virus to attach to and invade a target cell, the team found. It also hinders virus reproduction, slowing its spread from one cell to the next. ",
            "cite_spans": [],
            "section": "",
            "ref_spans": []
        },
        {
            "text": "\"We don't have many leads [for effective drugs] at this point, so this is very exciting,\" says virologist Robert Baker from the US Army Medical Research Institute of Infectious Diseases (USAMRIID) in Fort Detrick, Maryland. Good nursing and hospital care are the best treatments at present, he explains.",
            "cite_spans": [],
            "section": "",
            "ref_spans": []
        },
        {
            "text": "But glycyrrhizin has drawbacks: large amounts are needed to affect SARS-infected cells. \"It's unlikely to result in a treatment for the disease,\" says biochemist Rolf Hilgenfeld who studies the virus at L\u00fcbeck University, Germany. \"I can't imagine swallowing a tablet that big,\" he says.",
            "cite_spans": [],
            "section": "",
            "ref_spans": []
        },
        {
            "text": "Nonetheless, the compound may lead to the development of similar, more potent drugs, argues Baker. ",
            "cite_spans": [],
            "section": "",
            "ref_spans": []
        },
        {
            "text": "\n Broad search\n",
            "cite_spans": [],
            "section": "",
            "ref_spans": []
        },
        {
            "text": " Glycyrrhizin is the molecule responsible for liquorice's peculiar flavour. It hampers the growth of other viruses, including herpes, and helps restore liver function in patients with hepatitis C. It is currently being assessed as a treatment for HIV infection, as it slows the replication of the virus in cultured cells. ",
            "cite_spans": [],
            "section": "",
            "ref_spans": []
        },
        {
            "text": "The liquorice extract is one of many candidate compounds being tested against SARS. As the epidemic intensified, so too did efforts to find effective drugs.",
            "cite_spans": [],
            "section": "",
            "ref_spans": []
        },
        {
            "text": "We will need some more experimental drugs to try Rolf Hilgenfeld , L\u00fcbeck University",
            "cite_spans": [],
            "section": "",
            "ref_spans": []
        },
        {
            "text": "In the past two months, for example, Baker and other researchers at USAMRIID have tested over 200,000 compounds, sent in from laboratories across the world. \"We're using a combination of brute force - screening just about every compound we can get our hands on - and a more rational approach - screening drugs that have already been licensed,\" says Baker. The team has yet to publish its results.",
            "cite_spans": [],
            "section": "",
            "ref_spans": []
        },
        {
            "text": "Even if glycyrrhizin or similar drugs are found to work in culture, they will still be a long way off the clinic. Researchers will need to pin down how the compounds operate, and test them in human cells and in animals. \"We also need to work out how easily the drug gets into people, how long it stays around and how quickly it's eliminated,\" says Baker. ",
            "cite_spans": [],
            "section": "",
            "ref_spans": []
        },
        {
            "text": "Even then results can be disappointing when drugs are tested on people. Ribavirin is losing popularity amongst Asian doctors who feel it does not benefit SARS-infected patients.",
            "cite_spans": [],
            "section": "",
            "ref_spans": []
        },
        {
            "text": "\"The research needs intensifying,\" says Hilgenfeld. \"We are likely to see a decline in the disease over the summer before probably coming back in the winter - so we will need some more experimental drugs to try.\"",
            "cite_spans": [],
            "section": "",
            "ref_spans": []
        }
    ],
    "ref_entries": {},
    "back_matter": [],
    "bib_entries": {
        "BIBREF0": {
            "title": "Glycyrrhizin, an active component of liquorice roots, and replication of SARS-associated coronavirus",
            "authors": [
                {
                    "first": "J",
                    "middle": [],
                    "last": "Cinatl",
                    "suffix": ""
                }
            ],
            "year": 2003,
            "venue": "The Lancet",
            "volume": "361,",
            "issn": "",
            "pages": "2045 - 2046",
            "other_ids": {
                "DOI": [
                    "10.1016/S0140-6736(03)13615-X"
                ]
            }
        }
    }
}