{
    "paper_id": "PMC7101865",
    "metadata": {
        "title": "Rheumatologische Notf\u00e4lle an der Grenze zur Intensivmedizin",
        "authors": [
            {
                "first": "Peter",
                "middle": [],
                "last": "H\u00e4rle",
                "suffix": "",
                "email": "p-haerle@kkmainz.de",
                "affiliation": {}
            }
        ]
    },
    "body_text": [
        {
            "text": "Einen \u00dcberblick \u00fcber eine Auswahl medikament\u00f6s verursachter Notf\u00e4lle gibt Tab. 1.",
            "cite_spans": [],
            "section": "\u00dcbersicht \u00fcber medikament\u00f6s verursachte Notf\u00e4lle",
            "ref_spans": [
                {
                    "start": 79,
                    "end": 80,
                    "mention": "1",
                    "ref_id": null
                }
            ]
        },
        {
            "text": "Initial stehen eine allgemeine Schw\u00e4che und M\u00fcdigkeit, Schwindel aber auch \u00dcbelkeit und Erbrechen im Vordergrund. Diese Symptomatik ist relativ unspezifisch und kann als Krankheitsaktivit\u00e4t einer rheumatischen Erkrankung missinterpretiert werden. Dies gilt insbesondere im Rahmen der Dosisreduktion von Prednisolon bei der Polymyalgia rheumatica. Wird das fr\u00fche Stadium einer NRI nicht erkannt, kann sich bei weiterer Prednisolon-Dosisreduktion und ggf. zus\u00e4tzlich auftretender Infektsymptomatik eine schwere NRI-Symptomatik ausbilden mit Hypotension, Pseudoperitonitis, Hypoglyk\u00e4mie, Fieber, Elektrolytentgleisungen und schlie\u00dflich Delir und Schocksymptomatik (s. Tab. 2). Im fr\u00fchen Stadium kann die akute NRI als depressive Symptomatik fehlgedeutet werden.",
            "cite_spans": [],
            "section": "Klinisches Erscheinungsbild ::: Akute Nebennierenrindeninsuffizienz",
            "ref_spans": [
                {
                    "start": 670,
                    "end": 671,
                    "mention": "2",
                    "ref_id": null
                }
            ]
        },
        {
            "text": "An erster Stelle muss bei Patienten unter GK-Therapie an die M\u00f6glichkeit einer latenten NRI gedacht werden. Hilfreich ist immer die Kenntnis des GK-Reduktionsschemas mit Initialdosis und Geschwindigkeit sowie Intervallgr\u00f6\u00dfe der Dosisreduktion. Bei Verdacht auf das Vorliegen einer relativen NRI-Symptomatik sollte zun\u00e4chst die Prednisolon-Dosis erh\u00f6ht und ein ACTH(adrenokortikotropes Hormon)-Kurztest durchgef\u00fchrt werden. Anamnestisch sollte nach externen Stressoren psychischer, physischer und infekti\u00f6ser Natur gefragt werden. Da die Symptomatik einer NRI vielgestaltig sein kann, sind eine gezielte Untersuchung und Infektionsdiagnostik anzuschlie\u00dfen (Urinstatus, Labor mit Blutbild [BB] und CRP[C-reaktives Protein]/BSG [Blutk\u00f6rperchensenkungsgeschwindigkeit], Thoraxr\u00f6ntgenaufnahme). Differenzialdiagnostisch w\u00e4re auch an andere Differenzialdiagnosen im Rahmen der unspezifischen Symptomatik zu denken.",
            "cite_spans": [],
            "section": "Diagnostisches Vorgehen ::: Akute Nebennierenrindeninsuffizienz",
            "ref_spans": []
        },
        {
            "text": "Die Therapie wird durch die ausl\u00f6sende Ursache und die klinische Symptomatik bestimmt. Generell sollte bei Verdacht auf eine akute NRI eine station\u00e4re Behandlung stark in Erw\u00e4gung gezogen werden. Im Rahmen des station\u00e4ren Aufenthaltes kann rasch die differenzialdiagnostische Abkl\u00e4rung sowie ggf. rasch auch die entsprechende Therapie eingeleitet werden. Im Vordergrund der Therapie stehen die Substitution von Glukokortikoiden, Fl\u00fcssigkeit sowie der gezielte Elektrolyt- und Azidoseausgleich.",
            "cite_spans": [],
            "section": "Therapie ::: Akute Nebennierenrindeninsuffizienz",
            "ref_spans": []
        },
        {
            "text": "Wichtig ist das Ausstellen eines \u201eKortisonausweises\u201c f\u00fcr Patienten mit l\u00e4ngerfristig angelegter GK-Therapie sowie die eingehende Aufkl\u00e4rung des Patienten \u00fcber die Verhaltensweise bei \u201ebanalen\u201c Infektionen oder au\u00dferordentlichem Stress.",
            "cite_spans": [],
            "section": "Prophylaxe ::: Akute Nebennierenrindeninsuffizienz",
            "ref_spans": []
        },
        {
            "text": "Als Faustregel oder 3 \u00d7 3-Regel kann gelten: \u00dcber mindestens 3 Tage mindestens das 3\u2011fache der regul\u00e4ren GK-Tagesdosis einnehmen.",
            "cite_spans": [],
            "section": "Prophylaxe ::: Akute Nebennierenrindeninsuffizienz",
            "ref_spans": []
        },
        {
            "text": "In der Literatur sind mehr als 400 Medikamente bekannt, die eine entz\u00fcndliche, interstitielle Lungenerkrankung induzieren sollen (www.pneumotox.com). Im Fokus auf die Therapie entz\u00fcndlich rheumatischer Erkrankungen k\u00f6nnen insbesondere m\u2011TOR-Inhibitoren (Sirolimus), Anti-TNF(Tumor-Nekrose-Faktor)-\u03b1-Inhibitoren, Cyclophosphamid, Gold, Allopurinol, NSAR(nichtsteroidale Antirheumatika)/Coxibe, Antiepileptika, Antibiotika und Methotrexat (MTX) genannt werden. Bei zahlreichen entz\u00fcndlich-rheumatischen Erkrankungen wie der rheumatoiden Arthritis oder Erkrankungen des systemischen Sklerose- oder Myositisformenkreises besteht per se ein Risiko f\u00fcr eine pulmonale Manifestation. Die Pr\u00e4valenz einer chronischen interstitiellen Lungenerkrankungen (ILD) bei der rheumatoiden Arthritis (RA) wird mit 3\u201310 % angegeben und scheint nach Adjustierung f\u00fcr MTX im Patientenkollektiv mit der RA-Krankheitsaktivit\u00e4t zu korrelieren [11]. Somit erscheint h\u00e4ufig bei zuf\u00e4llig entdeckter interstitieller Lungenproblematik eine Komorbidit\u00e4t im Rahmen der rheumatischen Grunderkrankung oder eine schleichende Toxizit\u00e4t durch die Basistherapie schwierig zu differenzieren. Die Methotrexat-induzierte Pneumonitis gilt als seltene, aber schwerwiegende Komplikation der MTX-Therapie [1]. MTX wird exemplarisch besprochen, da MTX in der Rheumatologie das sicherlich am h\u00e4ufigsten eingesetzte Immuntherapeutikum nach den Glukokortikoiden darstellt. Die Mortalit\u00e4t der MTX-Pneumonitis wird in der Literatur mit 10\u201320 % angegeben. Bei raschem Erkennen des Krankheitsbildes und Therapieeinleitung mit Glukokortikoiden sowie Pausieren des Medikaments, heilt die Pneumonitis ohne Residualsymptomatik aus. Die klinische Symptomatik kann unabh\u00e4ngig von der Therapiedauer oder MTX-Dosis auftreten. Nikotinabusus und eine vorgesch\u00e4digte Lunge k\u00f6nnen als Risikofaktoren angesehen werden. Der Pathomechanismus der MTX-Pneumonitis ist bislang unklar.",
            "cite_spans": [
                {
                    "start": 919,
                    "end": 921,
                    "mention": "11",
                    "ref_id": "BIBREF2"
                },
                {
                    "start": 1261,
                    "end": 1262,
                    "mention": "1",
                    "ref_id": "BIBREF0"
                }
            ],
            "section": "Epidemiologie ::: \u201eDrug-induced\u201c interstitielle Lungenerkrankungen",
            "ref_spans": []
        },
        {
            "text": "Die Mortalit\u00e4t der MTX-Pneumonitis wird in der Literatur mit 10\u201320 % angegeben",
            "cite_spans": [],
            "section": "Epidemiologie ::: \u201eDrug-induced\u201c interstitielle Lungenerkrankungen",
            "ref_spans": []
        },
        {
            "text": "Im Gegensatz hierzu kann potenziell jedes Medikament eine akute Toxizit\u00e4t am Lungengewebe verursachen im Sinne eines Lungen\u00f6dems, fibrosierender Prozesse, diffuser H\u00e4morrhagien, Vaskulopathie bis zum akuten respiratorischen Distress-Syndrom (ARDS) oder auch ein medikamenteninduziertes Exanthem mit Eosinophilie und systemischen Symptomen (DRESS)/medikamenteninduziertes Hypersensitivit\u00e4tssyndrom (DIHS) [6].",
            "cite_spans": [
                {
                    "start": 405,
                    "end": 406,
                    "mention": "6",
                    "ref_id": "BIBREF12"
                }
            ],
            "section": "Epidemiologie ::: \u201eDrug-induced\u201c interstitielle Lungenerkrankungen",
            "ref_spans": []
        },
        {
            "text": "Die MTX-Pneumonitis kann sich sowohl akut innerhalb weniger Tage bis schleichend innerhalb von Monaten entwickeln. Als hervorstechendes klinisches Symptom gilt die zunehmende Belastungsdyspnoe mit trockenem Husten. Begleitend k\u00f6nnen Fieber und Sch\u00fcttelfrost auftreten. Teilweise bestehen auch thorakale Schmerzen und auskultatorisch trockene Rasselger\u00e4usche. Differenzialdiagnostisch sollte dann unter anderem auch an eine pulmonale Infektion (Tab. 3), obstruktive/restriktive Ventilationsst\u00f6rung oder eine instabile koronare Herzkrankheit (KHK) gedacht werden. Ein DRESS/DIHS kann mit fl\u00fcchtigen und klinisch nicht apparenten Manifestationen bis zur schweren Beteiligung der inneren Organe (Lunge, Leber, Niere, Herz), zu Blutbildver\u00e4nderungen, Pseudolymphomen, Fieber und exfoliativen Exanthemen und zum Tod f\u00fchren [6].",
            "cite_spans": [
                {
                    "start": 818,
                    "end": 819,
                    "mention": "6",
                    "ref_id": "BIBREF12"
                }
            ],
            "section": "Klinisches Erscheinungsbild ::: \u201eDrug-induced\u201c interstitielle Lungenerkrankungen",
            "ref_spans": [
                {
                    "start": 449,
                    "end": 450,
                    "mention": "3",
                    "ref_id": null
                }
            ]
        },
        {
            "text": "An erster Stelle muss bei oben genannter Symptomatik eine medikamenteninduzierte Pneumonitis als diagnostische Option in Betracht gezogen werden. Dies geschieht in erster Linie durch das klinische Erscheinungsbild, ggf. auch Abfall der peripheren Sauerstoffs\u00e4ttigung in der Pulsoxymetrie und die bestehende Medikation mit, z. B. MTX. An zweiter Stelle steht die bildgebende Diagnostik durch eine hochaufl\u00f6sende Computertomographie (HR-CT). Der Ausschluss differenzialdiagnostischer Erw\u00e4gungen wie pulmonaler Infekt oder KHK muss ebenfalls zeitgleich erfolgen (EKG [Elektrokardiogramm], laborchemische Marker mit Differenzialblutbild, CRP, CK [Kreatinkinase], GOT [Glutamat-Oxalacetat-Transaminase], LDH [Laktatdehydrogenase], Kreatinin).",
            "cite_spans": [],
            "section": "Diagnostisches Vorgehen ::: \u201eDrug-induced\u201c interstitielle Lungenerkrankungen",
            "ref_spans": []
        },
        {
            "text": "Prim\u00e4r ist eine medikamenteninduzierte Pneumonitis als diagnostische Option in Betracht zuziehen",
            "cite_spans": [],
            "section": "Diagnostisches Vorgehen ::: \u201eDrug-induced\u201c interstitielle Lungenerkrankungen",
            "ref_spans": []
        },
        {
            "text": "Die Durchf\u00fchrung einer Lungenfunktionspr\u00fcfung ist f\u00fcr die Diagnosestellung entbehrlich, jedoch zur Quantifizierung der pulmonalen Einschr\u00e4nkung und zur Verlaufskontrolle eine sinnvolle Erg\u00e4nzung. Als Verlaufsparameter gelten die periphere O2-S\u00e4ttigung, CO-Diffusionskapazit\u00e4t, FVC (forcierte Vitalkapazit\u00e4t) unter Ber\u00fccksichtigung einer m\u00f6glicherweise zus\u00e4tzlich vorliegenden obstruktiven Lungenerkrankung und ein 6\u2011min-Gehtest mit Dokumentation der Gehstrecke und Blutgasanalyse vor und nach der Belastung. Im Rahmen einer differenzialdiagnostischen Abkl\u00e4rung infekti\u00f6ser oder einer exogen allergischen Genese ist die Durchf\u00fchrung einer Bronchoskopie mit diagnostischer bronchoalveol\u00e4rer Lavage (BAL) auf Bakterien, Pilze, Pneumocystis und ggf. CMV(Zytomegalievirus)-PCR (Polymerasekettenreaktion) (Tab. 3) sinnvoll. Bei klinisch evidenter Dyspnoesymptomatik oder reduzierter peripherer O2-S\u00e4ttigung sollte eine dringende station\u00e4re Aufnahme zur differenzialdiagnostischen Evaluation und Therapie erwogen werden.",
            "cite_spans": [],
            "section": "Diagnostisches Vorgehen ::: \u201eDrug-induced\u201c interstitielle Lungenerkrankungen",
            "ref_spans": [
                {
                    "start": 805,
                    "end": 806,
                    "mention": "3",
                    "ref_id": null
                }
            ]
        },
        {
            "text": "Die vermutete medikament\u00f6se Therapie, z. B. MTX, muss sofort abgesetzt werden. Begleitend wird zun\u00e4chst eine i.v.-Prednisolon-Therapie empfohlen. Dies erscheint besonders unter der Vorstellung einer interstitiellen Infiltration mit Entz\u00fcndungszellen des Lungenparenchyms sinnvoll. Die Dauer und Dosierung der GK-Therapie richtet sich nach Klinik und Verlauf der Lungenfunktionseinschr\u00e4nkung. Die radiologischen Ver\u00e4nderungen manifestieren sich wie bei infekti\u00f6sen Pneumonien nicht selten verz\u00f6gert. Bei f\u00fchrender obstruktiver Symptomatik findet eine broncholytische Therapie mit inhalativen GK und \u03b2\u2011Mimetika Anwendung. Entsprechend der Klinik kann eine supportive Therapie mit Sauerstoff und Atemunterst\u00fctzungsverfahren wie Masken-BIPAP (\u201ebilevel positive airway pressure\u201c) oder auch druckkontrollierte Beatmung notwendig werden.",
            "cite_spans": [],
            "section": "Therapie ::: \u201eDrug-induced\u201c interstitielle Lungenerkrankungen",
            "ref_spans": []
        },
        {
            "text": "In der Regel tritt die septische Arthritis als Mono-, seltener als Oligoarthritis auf. Klinisch k\u00f6nnen die klassischen Entz\u00fcndungszeichen mit Schmerzen, R\u00f6tung, \u00dcberw\u00e4rmung, Schwellung und eingeschr\u00e4nkter Funktion vorgefunden werden. Diese Symptome entstehen innerhalb von Stunden bis wenigen Tagen. Gleichzeitiges Auftreten von Fieber und laborchemisch erh\u00f6hten Entz\u00fcndungsparametern (CRP, Leukozytose) sind alarmierende zus\u00e4tzliche Befunde. Dies darf dann nicht als akute Exazerbation der Grunderkrankung (z. B. einer RA) fehlgedeutet werden. Bei jeder unklaren Arthritis sollte immer eine Gelenkpunktion unter sterilen Kautelen erfolgen.",
            "cite_spans": [],
            "section": "Klinisches Erscheinungsbild ::: Septische Arthritis",
            "ref_spans": []
        },
        {
            "text": "Auch nach Gelenkpunktionen k\u00f6nnen Infektionen bei nicht sauberer Punktionstechnik auftreten. Statistisch wird eine Infektion nach Gelenkpunktion bereits innerhalb der ersten Tage post punctionem klinisch evident [16].",
            "cite_spans": [
                {
                    "start": 213,
                    "end": 215,
                    "mention": "16",
                    "ref_id": "BIBREF7"
                }
            ],
            "section": "Klinisches Erscheinungsbild ::: Septische Arthritis",
            "ref_spans": []
        },
        {
            "text": "\nFalls eine septische Arthritis differenzialdiagnostisch in Betracht zu ziehen ist, sollte immer eine Gelenkpunktion erfolgen.\n",
            "cite_spans": [],
            "section": "Diagnostisches Vorgehen ::: Septische Arthritis",
            "ref_spans": []
        },
        {
            "text": "Vor der Gelenkpunktion sollte immer eine alkoholische Spr\u00fchdesinfektion mit Einwirkzeit von mindestens 2\u20133 min durchgef\u00fchrt werden. Die Desinfektion vor einer Gelenkpunktion mit einem alkohlgetr\u00e4nkten Tupfer ist definitiv nicht ausreichend und w\u00e4re als grob fahrl\u00e4ssig anzusehen.",
            "cite_spans": [],
            "section": "Diagnostisches Vorgehen ::: Septische Arthritis",
            "ref_spans": []
        },
        {
            "text": "Die H\u00f6he der Zellzahl im Erguss kann eine septische Arthritis weder ausschlie\u00dfen noch sichern",
            "cite_spans": [],
            "section": "Diagnostisches Vorgehen ::: Septische Arthritis",
            "ref_spans": []
        },
        {
            "text": "Das Punktat wird nach Viskosit\u00e4t, Tr\u00fcbheit und Farbe beurteilt. Je weniger visk\u00f6s das Punktat, desto entz\u00fcndlicher ist h\u00e4ufig der Erguss. Je tr\u00fcber der Erguss, desto h\u00f6her ist die Zellzahl. Ein blutiger Erguss oder Fetttropfen deuten auf eine Er\u00f6ffnung des Knochenmarks oder Verletzung der Synovialis hin, wie es nach Gelenktraumata auftreten kann. Je h\u00f6her die Zellzahl, desto wahrscheinlicher wird eine infekti\u00f6se Genese. Aber: Die H\u00f6he der Zellzahl im Erguss kann eine septische Arthritis weder ausschlie\u00dfen noch sichern. Daher ist zwingend die Anfertigung eines Gram-Pr\u00e4parates sowie einer Kultur mit Antibiogramm notwendig. Bis zum Ausschluss einer klinisch m\u00f6glichen septischen Arthritis sollte die Injektion von GK ins Gelenk unterbleiben.",
            "cite_spans": [],
            "section": "Diagnostisches Vorgehen ::: Septische Arthritis",
            "ref_spans": []
        },
        {
            "text": "Entscheidend ist immer die Fokussuche. Ein besonderes Augenmerk sollte auf Hautinfektionen und die Abkl\u00e4rung bez\u00fcglich einer Endokarditis auch mittels trans\u00f6sophagealen Herzechos gelegt werden. Differenzialdiagnostisch ist bei einer akuten Mono\u2011/Oligoarthritis insbesondere auch an eine akute Gicht oder Pseudogicht (Kalziumpyrophosphat) zu denken. Insbesondere bei den Kristallarthritiden k\u00f6nnen massiv erh\u00f6hte Leukozytenzahlen gemessen werden, sodass die Mikroskopie im kompensierten, polarisierten Licht auf kristalline Strukturen im Kontext der Differenzialdiagnose einer Gelenkinfektion eine hohe Bedeutung erlangt [5]. Die Kristalle unterscheiden sich durch die Form und das Polarisationsmuster. Auch beim eindeutigen Nachweis von Harns\u00e4urekristallen kann, besonders bei der chronisch rezidivierenden Gicht, eine bakterielle Superinfektion vorliegen. An diese Komplikation muss immer gedacht werden, sodass bei entz\u00fcndlichen Gelenkerg\u00fcssen auch aus forensischen Gr\u00fcnden m\u00f6glichst immer eine mikrobiologische Analyse anzustreben ist. Sollte der Kliniker vom Vorliegen einer bakteriellen Infektion \u00fcberzeugt sein, die mikrobiologischen Analysen jedoch keinen Keimnachweis erbringen, kann eine molekulare Erregerdiagnostik durch Polymerasekettenreaktion (PCR) auf Bakterien (qualitativ 16s rDNA[ribosomale Desoxyribonukleins\u00e4ure]-PCR) oder Pilze (qualitativ 18s rDNA-PCR) angefordert werden. Bei positivem PCR-Befund kann, ggf. mit spezifischen PCR-Primern, gezielt nach Erregern gesucht werden [5].",
            "cite_spans": [
                {
                    "start": 621,
                    "end": 622,
                    "mention": "5",
                    "ref_id": "BIBREF11"
                },
                {
                    "start": 1499,
                    "end": 1500,
                    "mention": "5",
                    "ref_id": "BIBREF11"
                }
            ],
            "section": "Diagnostisches Vorgehen ::: Septische Arthritis",
            "ref_spans": []
        },
        {
            "text": "Eine septische Arthritis sollte initial im Krankenhaus behandelt werden, nicht zuletzt aufgrund der Suche nach einem Infektionsfokus (insbesondere auch Endokarditis) und des m\u00f6glichen akut septischen Krankheitsverlaufs. Dar\u00fcber hinaus sollten diese Patienten dem Unfallchirurgen oder Orthop\u00e4den mit der Frage nach einer Gelenksp\u00fclung unverz\u00fcglich am Aufnahmetag vorgestellt werden, denn bereits nach 1 Tag k\u00f6nnen irreversible Gelenkzerst\u00f6rungen vorliegen. Die Prognose des Gelenks und der allgemeine klinische Verlauf werden entscheidend von der raschen Diagnostik und Therapie bestimmt. Die kalkulierte Initialtherapie wird intraven\u00f6s, z. B. mit Cefuroxim 3\u2011mal 1,5 g, eingeleitet.",
            "cite_spans": [],
            "section": "Therapie ::: Septische Arthritis",
            "ref_spans": []
        },
        {
            "text": "Prognose des Gelenks und klinischer Verlauf werden von der raschen Diagnostik und Therapie bestimmt",
            "cite_spans": [],
            "section": "Therapie ::: Septische Arthritis",
            "ref_spans": []
        },
        {
            "text": "Auf jeden Fall erfolgt die weitere Antibiotikatherapie gezielt nach Eintreffen des Antibiogramms. Daher sollte Punktat in einem sterilen R\u00f6hrchen f\u00fcr die mikrobiologische Untersuchung mit ins Krankenhaus gegeben werden, falls bereits extern die Gelenkpunktion erfolgt ist. Die Dauer der Therapie richtet sich nach dem Erreger und der Klinik sowie den systemischen Entz\u00fcndungsparametern. Bei fehlendem vollst\u00e4ndigem R\u00fcckgang der systemischen Entz\u00fcndungsparameter trotz klinischer Besserung des septischen Gelenks ist zus\u00e4tzlich auch an eine septische Weichteilabsiedlung zu denken, die m\u00f6glicherweise einer chirurgischen Abszessdrainagebehandlung bedarf.",
            "cite_spans": [],
            "section": "Therapie ::: Septische Arthritis",
            "ref_spans": []
        },
        {
            "text": "Die Polymyalgia rheumatica (PMR) ist eine Erkrankung des h\u00f6heren Lebensalters (>50 Jahre) und geht mit f\u00fchrenden Muskelschmerzen, Steifigkeit sowie Schulter- und H\u00fcftschmerzen einher [2, 14]. Nicht selten besteht eine Vaskulitis der gro\u00dfen, aber auch nachgeordneten Gef\u00e4\u00dfkaliber. Betroffen sind die Abg\u00e4nge der Halsarterien, Aorta, Axillararterien und auch Oberschenkelarterien. Insbesondere alarmierend sind Kopf- und Kauschmerzen wie auch kurzfristige Sehst\u00f6rungen oder Gesichtsfeldausf\u00e4lle [3]. Treten diese Symptome auf, muss rasch eine i.v.-Glukokortikoidtherapie begonnen werden, um irreversible isch\u00e4mische Sch\u00e4den an Auge und Gehirn zu verhindern. Da bei ca. 20 % der Patienten mit einer PMR auch eine Vaskulitis mit dem Risiko isch\u00e4misch-irreversibler Komplikationen auftreten kann, ist die sonographische Evaluation der Kopf\u2011, Hals\u2011, Axillaarterien auf das Vorliegen einer Vaskulitis angeraten [9]. Die DEGUM (Deutsche Gesellschaft f\u00fcr Ultraschall in der Medizin) (www.degum.de) bietet hier entsprechende Spezialkurse zum Erlernen standardisierter Untersuchungsg\u00e4nge pr\u00e4disponierter Arterien an.",
            "cite_spans": [
                {
                    "start": 184,
                    "end": 185,
                    "mention": "2",
                    "ref_id": "BIBREF8"
                },
                {
                    "start": 187,
                    "end": 189,
                    "mention": "14",
                    "ref_id": "BIBREF5"
                },
                {
                    "start": 494,
                    "end": 495,
                    "mention": "3",
                    "ref_id": "BIBREF9"
                },
                {
                    "start": 905,
                    "end": 906,
                    "mention": "9",
                    "ref_id": "BIBREF15"
                }
            ],
            "section": "Klinisches Erscheinungsbild ::: Polymyalgia rheumatica/Riesenzellarteriitis",
            "ref_spans": []
        },
        {
            "text": "Differenzialdiagnostisch sollten bei Kauschmerzen der Gebissstatus an sich sowie Spuren auf n\u00e4chtliches Z\u00e4hneknirschen, insbesondere bei fehlender BSG/CRP-Beschleunigung, auch an eine kieferorthop\u00e4dische Ursache denken lassen.",
            "cite_spans": [],
            "section": "Klinisches Erscheinungsbild ::: Polymyalgia rheumatica/Riesenzellarteriitis",
            "ref_spans": []
        },
        {
            "text": "Bei einem Alter <50 Jahre ist die Diagnose einer PMR unwahrscheinlich, und andere Erkrankungen stehen im Vordergrund wie atherothrombotische Ereignisse (z. B. Arteriosklerose der Karotiden), thrombotisch-embolisch (z. B. intermittierendes Vorhofflimmern), entz\u00fcndlich-infekti\u00f6se oder autoimmune Prozesse (z. B. multiple Sklerose). Laborchemisch charakteristisch sind bei der Riesenzellvaskulitis mit oder ohne PMR eine stark beschleunigte BSG oder sogar Sturzsenkung sowie erh\u00f6hte CRP-Werte. Differenzialdiagnostisch sollte bei stark erh\u00f6hten systemischen Entz\u00fcndungsparametern auch an zahlreiche andere Ursachen gedacht werden [5].",
            "cite_spans": [
                {
                    "start": 629,
                    "end": 630,
                    "mention": "5",
                    "ref_id": "BIBREF11"
                }
            ],
            "section": "Diagnostisches Vorgehen ::: Polymyalgia rheumatica/Riesenzellarteriitis",
            "ref_spans": []
        },
        {
            "text": "Allgemein spricht die PMR-Symptomatik sehr schnell und gut auf eine GK-Therapie an. Bei Vorliegen von Alarmsignalen einer ophthalmologischen Beteiligung oder bereits vorliegender einseitiger Erblindung wird die GK-Therapie intraven\u00f6s unter station\u00e4ren Bedingungen begonnen. Im station\u00e4ren Setting k\u00f6nnen entgleisende Komorbidit\u00e4ten wie Hyperglyk\u00e4mie mit Elektrolytentgleisungen und Exsikkose mit pr\u00e4renalem Nierenversagen, hypertensive Krisen oder auch psychiatrische Symptome unter Glukokortikoiden in der Regel gut beherrscht werden.",
            "cite_spans": [],
            "section": "Therapie ::: Polymyalgia rheumatica/Riesenzellarteriitis",
            "ref_spans": []
        },
        {
            "text": "Im zeitnahen Verlauf wird nach Evaluation der Risikofaktoren eine Anti-IL(Interleukin)-6-Therapie begonnen. Diese Therapie f\u00fchrt zu einer deutlichen Reduktion der schweren Infektionen und Halbierung der kumulativen Prednisolon-Dosis im Verlauf [12]. Dennoch sollte eine Dosisreduktion von Prednisolon erst dann erfolgen, wenn BSG und CRP im Normbereich liegen. Eine Reduktion des Allgemeinzustandes, zunehmende Schw\u00e4che, Myalgien oder Kopfschmerzen k\u00f6nnen zum einen Hinweis auf eine wieder zunehmende Krankheitsaktivit\u00e4t sein, zum anderen jedoch auch auf das Vorliegen einer relativen NRI, wie weiter oben beschrieben.",
            "cite_spans": [
                {
                    "start": 245,
                    "end": 247,
                    "mention": "12",
                    "ref_id": "BIBREF3"
                }
            ],
            "section": "Therapie ::: Polymyalgia rheumatica/Riesenzellarteriitis",
            "ref_spans": []
        },
        {
            "text": "Klinische Erscheinungsformen von Kollagenosen und Vaskulitiden sind heterogen, jedoch finden sich bei entz\u00fcndlicher Nierenbeteiligung in der Regel auch deutlich erh\u00f6hte systemische Entz\u00fcndungsparameter und bei raschem Verlauf auch klinische Zeichen eines nephrotischen Syndroms mit unterschiedlich stark ausgepr\u00e4gten \u00d6demen. Bei schweren Verlaufsformen kann auch ein pulmorenales Syndrom auftreten. Dieser Begriff, der eine pulmonale und renale autoimmun-entz\u00fcndliche Manifestation beschreibt, wurde von Goodpasture erstmalig beschrieben [15]. Die zugrunde liegende Immunpathologie ist heterogen. So kann durch direkte antik\u00f6rperinduzierte Autoimmunit\u00e4t wie beim Anti-Basalmembran-Syndrom oder durch Immunkomplexablagerungen in Kapillaren wie beim systemischen Lupus und Immunkomplexvaskulitiden oder auch durch Immunzell-vermittelte ANCA-assoziierte Mechanismen wie bei den Kleingef\u00e4\u00dfvaskulitiden mit positivem Proteinase-3- oder Myeloperoxidase-Antik\u00f6rper dieses Syndrom ausgel\u00f6st werden. Gemeinsam ist die pathogenetische Endstrecke mit kapill\u00e4ren Blutungen und Nekrosen, die zu schweren Organsch\u00e4den f\u00fchren k\u00f6nnen.",
            "cite_spans": [
                {
                    "start": 539,
                    "end": 541,
                    "mention": "15",
                    "ref_id": "BIBREF6"
                }
            ],
            "section": "Klinisches Erscheinungsbild ::: Entz\u00fcndliche Nierenerkrankungen",
            "ref_spans": []
        },
        {
            "text": "Die Labordiagnostik gibt die entscheidenden Hinweise auf eine m\u00f6gliche organbedrohliche Manifestation.",
            "cite_spans": [],
            "section": "Klinisches Erscheinungsbild ::: Entz\u00fcndliche Nierenerkrankungen",
            "ref_spans": []
        },
        {
            "text": "Die Basisdiagnostik sollte im diagnostischen Algorithmus bereits initial vollst\u00e4ndig zur Detektion einer entz\u00fcndlichen Nierenbeteiligung durchgef\u00fchrt werden [5].",
            "cite_spans": [
                {
                    "start": 158,
                    "end": 159,
                    "mention": "5",
                    "ref_id": "BIBREF11"
                }
            ],
            "section": "Diagnostisches Vorgehen ::: Entz\u00fcndliche Nierenerkrankungen",
            "ref_spans": []
        },
        {
            "text": "Folgende Screeninguntersuchungen sind geboten:Serum/Plasma: Kreatinin mit eGRF CKD-EPI (\u201eestimated Glomerul\u00e4re Filtrations Rate; Chronic Kidney Disease-Epidemiology Collaboration\u201c) und bei eingeschr\u00e4nkter Nierenfunktion differenzierend die fraktionierte Harnstoffexkretion (pr\u00e4-, intra-/postrenale St\u00f6rung);Spontanurin (SPOT-Urin): Eiwei\u00df und Albumin pro Gramm Kreatinin:Die Durchf\u00fchrung eines Urinstix aus einem verd\u00fcnnten Urin, z. B. am sp\u00e4ten Vormittag nach reichlich Fl\u00fcssigkeitskonsum oder einem Infusionsprogramm, kann aufgrund des Verd\u00fcnnungseffektes bestehende pathologisch erh\u00f6hte Analyte (Eiwei\u00df, Erythrozyten, Nitrit) m\u00f6glicherweise nicht erfassen und somit bei falsch negativem Befund aufgrund einer inad\u00e4quaten Pr\u00e4analyse die Diagnose einer Nierenbeteiligung entscheidend verz\u00f6gern. Wird der SPOT-Urin mit Korrektur auf die Urin-Kreatinin-Konzentration angefordert, wird dieses pr\u00e4analytische Problem vermieden;Urinsediment aus dem zweiten Morgenurin mit Mikroskopie m\u00f6glichst innerhalb 1 h nach Miktion auf Zylinder und Akanthozyten;Antik\u00f6rper gegen glomerul\u00e4re Basalmembran (Anti-GBM-AK), Antik\u00f6rper gegen Proteinase\u20113 (Anti-PR3-AK) und Myeloperoxidase (Anti-MPO-AK) bei initialem Verdacht auf Kleingef\u00e4\u00dfvaskulitis oder im Rahmen initial unklarer entz\u00fcndlicher Erkrankungen ANCA-IFT (Anti-Neutrophilen Cytoplasmatische Antik\u00f6rper-Immunfluoreszenz-Test) auf Ethanol und Formalin mit entsprechendem zytoplasmatischem oder perinukle\u00e4rem Muster;Komplement C3 und C4.",
            "cite_spans": [],
            "section": "Diagnostisches Vorgehen ::: Entz\u00fcndliche Nierenerkrankungen",
            "ref_spans": []
        },
        {
            "text": "Das therapeutische Vorgehen richtet sich nach der Grunderkrankung und ist den entsprechenden Leitlinien und Empfehlungen zu entnehmen.",
            "cite_spans": [],
            "section": "Therapie ::: Entz\u00fcndliche Nierenerkrankungen",
            "ref_spans": []
        },
        {
            "text": "Im Vordergrund stehen in der Regel Fieber mit unklarem Fokus und Multiorganbeteiligung (Hepatitis, Zytopenien, Verbrauchskoagulopathie, Enzephalopathie, unterschiedliche Variationen und Auspr\u00e4gungen von Exanthemen, Nierenversagen u. a.).",
            "cite_spans": [],
            "section": "Klinisches Erscheinungsbild ::: H\u00e4mophagozytische Lymphohistiozytose/Makrophagenaktivierungssyndrom",
            "ref_spans": []
        },
        {
            "text": "Neben einer eingehenden Organdiagnostik, die auf die Detektion von Infektionserkrankungen (s. oben), Neoplasien und rheumatischen Erkrankungen ausgerichtet ist, erfolgt die erg\u00e4nzende Labordiagnostik als weiterer Mosaikstein zur Evaluation auf Immun\u00fcberaktivierung.",
            "cite_spans": [],
            "section": "Diagnostisches Vorgehen ::: H\u00e4mophagozytische Lymphohistiozytose/Makrophagenaktivierungssyndrom",
            "ref_spans": []
        },
        {
            "text": "Ferritin sowie das sCD163 (l\u00f6sliches H\u00e4moglobin/\u201ehaptoglobin scavancer receptor\u201c auf Makrophagen) ist in der Regel deutlich erh\u00f6ht. Der l\u00f6sliche Interleukin-2-Rezeptor \u03b1 (sCD25) zeigt ebenfalls stark erh\u00f6hte Werte als Ausdruck der intensiven Lymphozytenaktivierung. Erh\u00f6hte LDH-Werte k\u00f6nnen Ausdruck der \u00fcberschie\u00dfenden Zelllyse durch Makrophagen sein. In der Regel findet sich eine Hepatopathie mit erh\u00f6hten Transaminasen, Cholestaseparametern, Hypertriglyzerid\u00e4mie als Ausdruck einer lymphozyt\u00e4ren hepatischen Infiltration mit sonographischem Nachweis einer Hepatosplenomegalie. Die Hepatopathie in Kombination mit einer Verbrauchskoagulopathie kann zu verminderten Fibrinogenwerten f\u00fchren, sodass sich eine initial stark erh\u00f6hte BSG rasch zu deutlich geringeren Senkungsgeschwindigkeiten ver\u00e4ndern kann. In diesem Kontext sollte eine Knochenmarkbiopsie durchgef\u00fchrt werden und gezielt nach einer H\u00e4mophagozytose (F\u00e4rbung gegen CD163 mit Nachweis von phagozytierten Thrombozyten, kernhaltigen Erythrozyten) beim Pathologen gefragt werden. Das H\u00e4mophagozytoseph\u00e4nomen kann auch in Lymphknoten, Leber und Milz nachgewiesen werden.",
            "cite_spans": [],
            "section": "Diagnostisches Vorgehen ::: H\u00e4mophagozytische Lymphohistiozytose/Makrophagenaktivierungssyndrom",
            "ref_spans": []
        },
        {
            "text": "Die Therapie richtet sich nach dem klinischen Bild mit grunds\u00e4tzlich zun\u00e4chst Therapie der Grundproblematik (Infektion, Neoplasie, rheumatische Erkrankung) sowie Immund\u00e4mpfung mit Glukokortikoiden oder Immunrekonstitution bei HIV. Eine Evaluation im Krankenhaus ist unabdingbar, und die Therapie wie auch Diagnostik werden entsprechend den vorliegenden Organdysfunktionen ausgeweitet.",
            "cite_spans": [],
            "section": "Therapie ::: H\u00e4mophagozytische Lymphohistiozytose/Makrophagenaktivierungssyndrom",
            "ref_spans": []
        },
        {
            "text": "Beim cAPS entsteht eine disseminierte thrombotische Mikroangiopathie mit unterschiedlicher Auspr\u00e4gung einer isch\u00e4mischen Multiorgandysfunktion von Lunge, Herz, ZNS (Zentralnervensystem), Gastrointestinaltrakt, Niere und Haut in Kombination mit h\u00e4molytischer An\u00e4mie (Coombs positiv) und Thrombozytopenie.",
            "cite_spans": [],
            "section": "Klinisches Erscheinungsbild ::: Katastrophales Antiphospholipidantik\u00f6rpersyndrom",
            "ref_spans": []
        },
        {
            "text": "Bei Patienten mit einer bereits bekannten rheumatischen Autoimmunerkrankung, insbesondere dem systemischen Lupus erythematodes, sollte bei akuter disseminierter Gerinnungs- und Organdysfunktionssymptomatik an ein cAPS gedacht werden. Auch kann ein cAPS prim\u00e4r auftreten, sodass die Verdachtsdiagnose entsprechend dem klinischen Bild einer disseminierten thrombotischen Mikroangiopathie gestellt werden muss, um dann auf das Vorliegen von APL-AK, Anti-Cardiolipin-, \u03b22-Glykoprotein-I-Ig(Immunglobulin)G, -M (u. a.) sowie das Lupusantikoagulans (funktioneller Test) bestimmen zu k\u00f6nnen. Entsprechend den Klassifikationskriterien muss formal 12 Wochen sp\u00e4ter erneut eine APL-AK-Bestimmung erfolgen, um die Diagnose final zu sichern, da zahlreiche transiente Einflussfaktoren wie Medikamente und Infektionen positive APL-AK induzieren k\u00f6nnen.",
            "cite_spans": [],
            "section": "Diagnostisches Vorgehen ::: Katastrophales Antiphospholipidantik\u00f6rpersyndrom",
            "ref_spans": []
        },
        {
            "text": "Die wesentlichen Therapiegrundz\u00fcge sind die Behandlung der ggf. bekannten ausl\u00f6senden Ursache, wie Infektionen sowie eine Antikoagulation mit Heparin, Gabe polyvalenter Immunglobuline, Anti-CD20- und Anti-Komplement-Therapie sowie der Plasmaaustausch zur Elimination der Autoantik\u00f6rper. Zur differenzierten Betrachtung des Managements der zahlreichen Facetten des APS wird auf die aktuelle Empfehlung der EULAR (European League Against Rheumatism) verwiesen [13].",
            "cite_spans": [
                {
                    "start": 459,
                    "end": 461,
                    "mention": "13",
                    "ref_id": "BIBREF4"
                }
            ],
            "section": "Therapie ::: Katastrophales Antiphospholipidantik\u00f6rpersyndrom",
            "ref_spans": []
        },
        {
            "text": "\nIn der Regel werden therapeutische Entscheidungen in der Rheumatologie erst nach ausgiebiger Diagnostik und differenzialdiagnostischen \u00dcberlegungen gef\u00e4llt.Dennoch gibt es bei rheumatischen Erkrankungen akute Situationen, die einer sofortigen Intervention bed\u00fcrfen, also als Notfall angesehen werden m\u00fcssen.Insbesondere handelt es sich um fulminant verlaufende entz\u00fcndliche Erkrankungen, schwere Nebenwirkungen durch zahlreiche Medikamente oder auch Infektionskomplikationen unter einer immunsuppressiven Therapie.\n",
            "cite_spans": [],
            "section": "Fazit f\u00fcr die Praxis",
            "ref_spans": []
        }
    ],
    "ref_entries": {},
    "back_matter": [],
    "bib_entries": {
        "BIBREF0": {
            "title": "The use of methotrexate in rheumatoid arthritis",
            "authors": [
                {
                    "first": "AT",
                    "middle": [],
                    "last": "Borchers",
                    "suffix": ""
                },
                {
                    "first": "CL",
                    "middle": [],
                    "last": "Keen",
                    "suffix": ""
                },
                {
                    "first": "GS",
                    "middle": [],
                    "last": "Cheema",
                    "suffix": ""
                }
            ],
            "year": 2004,
            "venue": "Semin Arthritis Rheum",
            "volume": "34",
            "issn": "",
            "pages": "465-483",
            "other_ids": {
                "DOI": [
                    "10.1016/j.semarthrit.2003.12.003"
                ]
            }
        },
        "BIBREF1": {
            "title": "Corticosteroid therapy",
            "authors": [
                {
                    "first": "WH",
                    "middle": [],
                    "last": "Reinhart",
                    "suffix": ""
                }
            ],
            "year": 2005,
            "venue": "Schweiz Rundsch Med Prax",
            "volume": "94",
            "issn": "",
            "pages": "239-243",
            "other_ids": {
                "DOI": []
            }
        },
        "BIBREF2": {
            "title": "Rheumatoid arthritis disease activity predicting incident clinically-apparent RA-associated interstitial lung disease: A prospective cohort study",
            "authors": [
                {
                    "first": "JA",
                    "middle": [],
                    "last": "Sparks",
                    "suffix": ""
                },
                {
                    "first": "X",
                    "middle": [],
                    "last": "He",
                    "suffix": ""
                },
                {
                    "first": "J",
                    "middle": [],
                    "last": "Huang",
                    "suffix": ""
                }
            ],
            "year": 2019,
            "venue": "Arthritis Rheumatol",
            "volume": "",
            "issn": "",
            "pages": null,
            "other_ids": {
                "DOI": [
                    "10.1002/art.4090"
                ]
            }
        },
        "BIBREF3": {
            "title": "Trial of tocilizumab in giant-cell arteritis",
            "authors": [
                {
                    "first": "JH",
                    "middle": [],
                    "last": "Stone",
                    "suffix": ""
                },
                {
                    "first": "K",
                    "middle": [],
                    "last": "Tuckwell",
                    "suffix": ""
                },
                {
                    "first": "S",
                    "middle": [],
                    "last": "Dimonaco",
                    "suffix": ""
                }
            ],
            "year": 2017,
            "venue": "N Engl J Med",
            "volume": "377",
            "issn": "",
            "pages": "317-328",
            "other_ids": {
                "DOI": [
                    "10.1056/NEJMoa1613849"
                ]
            }
        },
        "BIBREF4": {
            "title": "EULAR recommendations for the management of antiphospholipid syndrome in adults",
            "authors": [
                {
                    "first": "MG",
                    "middle": [],
                    "last": "Tektonidou",
                    "suffix": ""
                },
                {
                    "first": "L",
                    "middle": [],
                    "last": "Andreoli",
                    "suffix": ""
                },
                {
                    "first": "M",
                    "middle": [],
                    "last": "Limper",
                    "suffix": ""
                }
            ],
            "year": 2019,
            "venue": "Ann Rheum Dis",
            "volume": "",
            "issn": "",
            "pages": null,
            "other_ids": {
                "DOI": [
                    "10.1136/annrheumdis-2019-215213"
                ]
            }
        },
        "BIBREF5": {
            "title": "Polymyalgia rheumatica and giant cell arteritis",
            "authors": [
                {
                    "first": "B",
                    "middle": [],
                    "last": "Unwin",
                    "suffix": ""
                },
                {
                    "first": "CM",
                    "middle": [],
                    "last": "Williams",
                    "suffix": ""
                },
                {
                    "first": "W",
                    "middle": [],
                    "last": "Gilliland",
                    "suffix": ""
                }
            ],
            "year": 2006,
            "venue": "Am Fam Physician",
            "volume": "74",
            "issn": "",
            "pages": "1547-1554",
            "other_ids": {
                "DOI": []
            }
        },
        "BIBREF6": {
            "title": "Pulmonary-renal syndrome: A\u00a0life threatening but treatable condition",
            "authors": [
                {
                    "first": "SC",
                    "middle": [],
                    "last": "West",
                    "suffix": ""
                },
                {
                    "first": "N",
                    "middle": [],
                    "last": "Arulkumaran",
                    "suffix": ""
                },
                {
                    "first": "PW",
                    "middle": [],
                    "last": "Ind",
                    "suffix": ""
                }
            ],
            "year": 2013,
            "venue": "Postgrad Med J",
            "volume": "89",
            "issn": "",
            "pages": "274-283",
            "other_ids": {
                "DOI": [
                    "10.1136/postgradmedj-2012-131416"
                ]
            }
        },
        "BIBREF7": {
            "title": "Clinical features and outcome of septic arthritis in a\u00a0single UK health district 1982\u20131991",
            "authors": [
                {
                    "first": "VC",
                    "middle": [],
                    "last": "Weston",
                    "suffix": ""
                },
                {
                    "first": "AC",
                    "middle": [],
                    "last": "Jones",
                    "suffix": ""
                },
                {
                    "first": "N",
                    "middle": [],
                    "last": "Bradbury",
                    "suffix": ""
                }
            ],
            "year": 1999,
            "venue": "Ann Rheum Dis",
            "volume": "58",
            "issn": "",
            "pages": "214-219",
            "other_ids": {
                "DOI": [
                    "10.1136/ard.58.4.214"
                ]
            }
        },
        "BIBREF8": {
            "title": "2012 provisional classification criteria for polymyalgia rheumatica: A\u00a0European League Against Rheumatism/American College of Rheumatology collaborative initiative",
            "authors": [
                {
                    "first": "B",
                    "middle": [],
                    "last": "Dasgupta",
                    "suffix": ""
                },
                {
                    "first": "MA",
                    "middle": [],
                    "last": "Cimmino",
                    "suffix": ""
                },
                {
                    "first": "H",
                    "middle": [],
                    "last": "Maradit-Kremers",
                    "suffix": ""
                }
            ],
            "year": 2012,
            "venue": "Ann Rheum Dis",
            "volume": "71",
            "issn": "",
            "pages": "484-492",
            "other_ids": {
                "DOI": [
                    "10.1136/annrheumdis-2011-200329"
                ]
            }
        },
        "BIBREF9": {
            "title": "Different patterns and specific outcomes of large-vessel involvements in giant cell arteritis",
            "authors": [
                {
                    "first": "H",
                    "middle": [],
                    "last": "de Boysson",
                    "suffix": ""
                },
                {
                    "first": "E",
                    "middle": [],
                    "last": "Liozon",
                    "suffix": ""
                },
                {
                    "first": "O",
                    "middle": [],
                    "last": "Espitia",
                    "suffix": ""
                }
            ],
            "year": 2019,
            "venue": "J Autoimmun",
            "volume": "",
            "issn": "",
            "pages": null,
            "other_ids": {
                "DOI": [
                    "10.1016/j.jaut.2019.05.011"
                ]
            }
        },
        "BIBREF10": {
            "title": "Chronic kidney disease and the risks of death, cardiovascular events, and hospitalization",
            "authors": [
                {
                    "first": "AS",
                    "middle": [],
                    "last": "Go",
                    "suffix": ""
                },
                {
                    "first": "GM",
                    "middle": [],
                    "last": "Chertow",
                    "suffix": ""
                },
                {
                    "first": "D",
                    "middle": [],
                    "last": "Fan",
                    "suffix": ""
                }
            ],
            "year": 2004,
            "venue": "N Engl J Med",
            "volume": "351",
            "issn": "",
            "pages": "1296-1305",
            "other_ids": {
                "DOI": [
                    "10.1056/NEJMoa041031"
                ]
            }
        },
        "BIBREF11": {
            "title": "",
            "authors": [
                {
                    "first": "P",
                    "middle": [],
                    "last": "H\u00e4rle",
                    "suffix": ""
                }
            ],
            "year": 2018,
            "venue": "Rheumalabor \u2013 Aus der Praxis, f\u00fcr die Praxis",
            "volume": "",
            "issn": "",
            "pages": null,
            "other_ids": {
                "DOI": []
            }
        },
        "BIBREF12": {
            "title": "Drug reaction with eosinophilia and systemic symptoms (DreSS): How far have we come?",
            "authors": [
                {
                    "first": "SA",
                    "middle": [],
                    "last": "Martinez-Cabriales",
                    "suffix": ""
                },
                {
                    "first": "F",
                    "middle": [],
                    "last": "Rodriguez-Bolanos",
                    "suffix": ""
                },
                {
                    "first": "NH",
                    "middle": [],
                    "last": "Shear",
                    "suffix": ""
                }
            ],
            "year": 2019,
            "venue": "Am J Clin Dermatol",
            "volume": "20",
            "issn": "",
            "pages": "217-236",
            "other_ids": {
                "DOI": [
                    "10.1007/s40257-018-00416-4"
                ]
            }
        },
        "BIBREF13": {
            "title": "Management of septic arthritis: A systematic review",
            "authors": [
                {
                    "first": "CJ",
                    "middle": [],
                    "last": "Mathews",
                    "suffix": ""
                },
                {
                    "first": "G",
                    "middle": [],
                    "last": "Kingsley",
                    "suffix": ""
                },
                {
                    "first": "M",
                    "middle": [],
                    "last": "Field",
                    "suffix": ""
                }
            ],
            "year": 2007,
            "venue": "Ann Rheum Dis",
            "volume": "66",
            "issn": "4",
            "pages": "440-445",
            "other_ids": {
                "DOI": []
            }
        },
        "BIBREF14": {
            "title": "International consensus statement on an update of the classification criteria for definite antiphospholipid syndrome (APS)",
            "authors": [
                {
                    "first": "S",
                    "middle": [],
                    "last": "Miyakis",
                    "suffix": ""
                },
                {
                    "first": "MD",
                    "middle": [],
                    "last": "Lockshin",
                    "suffix": ""
                },
                {
                    "first": "T",
                    "middle": [],
                    "last": "Atsumi",
                    "suffix": ""
                }
            ],
            "year": 2006,
            "venue": "J Thromb Haemost",
            "volume": "4",
            "issn": "",
            "pages": "295-306",
            "other_ids": {
                "DOI": [
                    "10.1111/j.1538-7836.2006.01753.x"
                ]
            }
        },
        "BIBREF15": {
            "title": "Temporal arteritis (giant cell arteritis). Clinical picture, histology, and treatment",
            "authors": [
                {
                    "first": "T",
                    "middle": [],
                    "last": "Ness",
                    "suffix": ""
                },
                {
                    "first": "C",
                    "middle": [],
                    "last": "Auw-Hadrich",
                    "suffix": ""
                },
                {
                    "first": "D",
                    "middle": [],
                    "last": "Schmidt",
                    "suffix": ""
                }
            ],
            "year": 2006,
            "venue": "Ophthalmologe",
            "volume": "103",
            "issn": "",
            "pages": "296-301",
            "other_ids": {
                "DOI": [
                    "10.1007/s00347-006-1324-9"
                ]
            }
        }
    }
}