{
    "paper_id": "PMC7102632",
    "metadata": {
        "title": "SARS Coronavirus Redux",
        "authors": [
            {
                "first": "Enya",
                "middle": [],
                "last": "Qing",
                "suffix": "",
                "email": null,
                "affiliation": {}
            },
            {
                "first": "Tom",
                "middle": [],
                "last": "Gallagher",
                "suffix": "",
                "email": "tgallag@luc.edu",
                "affiliation": {}
            }
        ]
    },
    "body_text": [
        {
            "text": "Within a short time after recognizing a novel infectious respiratory syndrome in Wuhan, China, dedicated virologists at the center of the outbreak completed groundbreaking work to identify the agent of disease. Their investigations, reported in Zhou et al. [1], began with next-generation sequencing of nucleic acids in the bronchoalveolar lavage fluids of diseased patients. From the sequence data, a novel coronavirus was identified and provisionally named 2019-nCoV. The 2019-nCoV RNA virus genome is closely related to the severe acute respiratory syndrome (SARS)-CoV that emerged in human populations in 2003\u20132004 to cause epidemic disease and to several SARS-related CoVs in bats that are known to have the potential for human infection [2]. Thus, 2019-nCoV is now renamed \u2018SARS-CoV-2\u2019. It is alarming that SARS-CoV-2 has expanded far beyond that of the previous 2003 SARS-CoV, spreading to over 40 countries and infecting over 80 000 individuals as of 25 February 2020. The infection is associated with a SARS-like disease [3], with a case fatality rate at 3.4%. The SARS-CoV-2/coronavirus disease 2019 (COVID-19) epidemic has been designated a public health emergency of international concern by the World Health Organization.",
            "cite_spans": [
                {
                    "start": 258,
                    "end": 259,
                    "mention": "1",
                    "ref_id": "BIBREF0"
                },
                {
                    "start": 744,
                    "end": 745,
                    "mention": "2",
                    "ref_id": "BIBREF1"
                },
                {
                    "start": 1031,
                    "end": 1032,
                    "mention": "3",
                    "ref_id": "BIBREF2"
                }
            ],
            "section": "",
            "ref_spans": []
        },
        {
            "text": "Zhou and coworkers [1] set the stage to address this public health emergency. They developed quantitative PCR-based methods to detect SARS-CoV-2 infections. Using these methods, they verified the respiratory tract as a principal infection site and established preliminary time courses of virus amplification and clearance in patients. Subsequent detailed clinical investigations demonstrated that SARS-CoV-2 is detected within 1\u20132 days after patient symptoms, peaking 4\u20136 days later and clearing within 18 days [4]. Seroconversion was evident at that time, with abundant virus-specific IgG measured approximately 20 days after disease onset. These are the findings that help to define transmissibility periods and inform public health authorities on appropriate quarantine measures.",
            "cite_spans": [
                {
                    "start": 20,
                    "end": 21,
                    "mention": "1",
                    "ref_id": "BIBREF0"
                },
                {
                    "start": 512,
                    "end": 513,
                    "mention": "4",
                    "ref_id": "BIBREF3"
                }
            ],
            "section": "",
            "ref_spans": []
        },
        {
            "text": "In addition, the Shi group isolated SARS-CoV-2 from the bronchoalveolar lavage fluid of a diseased patient [1]. The virus propagated on monkey and human cells and, notably, parallel investigations by others demonstrated that SARS-CoV-2 also productively infected primary human airway epithelial cells [3]. Using in vitro infection assays, Zhou et al. discovered that convalescent sera from surviving patients convincingly neutralized infections [1]. Moreover, in an initial assessment of broad antibody-mediated protection, they found that horse anti-SARS-CoV serum cross-neutralized SARS-CoV-2 infections [1]. Therefore, one can be optimistic about the prospects for broad antibody-mediated immunity against current and future zoonotic SARS-related CoVs, although much work lies ahead to identify vaccines that can elicit appropriate neutralizing antibodies.",
            "cite_spans": [
                {
                    "start": 108,
                    "end": 109,
                    "mention": "1",
                    "ref_id": "BIBREF0"
                },
                {
                    "start": 302,
                    "end": 303,
                    "mention": "3",
                    "ref_id": "BIBREF2"
                },
                {
                    "start": 446,
                    "end": 447,
                    "mention": "1",
                    "ref_id": "BIBREF0"
                },
                {
                    "start": 607,
                    "end": 608,
                    "mention": "1",
                    "ref_id": "BIBREF0"
                }
            ],
            "section": "",
            "ref_spans": []
        },
        {
            "text": "Using the isolated SARS-CoV-2 virus, the authors subsequently identified a critical host susceptibility factor [1]. When cultured cells overexpressed the transmembrane protein angiotensin converting enzyme 2 (ACE2) protein from humans, bats, pigs, or civet cats, they became hypersensitized to infection, showing that ACE2 is a SARS-CoV-2 receptor [1]. These findings harken back to the earlier SARS-CoV, which also utilizes both human and animal ACE2 proteins as receptors and exhibits a zoonotic distribution that matches its binding to the ACE2 receptor orthologs [5]. They also reflect the behavior of the Middle East respiratory syndrome (MERS)-CoV, which, although relying on a distinct dipeptidyl peptidase 4 (DPP4) protein receptor, similarly disseminates among animal species in correlation with its binding to DPP4 orthologs.",
            "cite_spans": [
                {
                    "start": 112,
                    "end": 113,
                    "mention": "1",
                    "ref_id": "BIBREF0"
                },
                {
                    "start": 349,
                    "end": 350,
                    "mention": "1",
                    "ref_id": "BIBREF0"
                },
                {
                    "start": 568,
                    "end": 569,
                    "mention": "5",
                    "ref_id": "BIBREF4"
                }
            ],
            "section": "",
            "ref_spans": []
        },
        {
            "text": "The findings by Zhou and colleagues highlight interactions of the entering SARS-CoV-2 virus with host factors; specifically those interactions with the \u2018corona\u2019 of spike (S) proteins projecting from virus membranes. The most threatening bat-derived CoVs are those with distinctively human-tropic S proteins (Figure 1\n, top). Once inside human lungs (Figure 1, bottom), S proteins interact with host susceptibility factors, including receptors and proteases, which causes massive protein conformational changes triggering virus\u2013cell membrane fusion and infection. S-specific neutralizing antibodies and antiviral agents interfere with these susceptibility factors and protect from infection.",
            "cite_spans": [],
            "section": "",
            "ref_spans": [
                {
                    "start": 308,
                    "end": 316,
                    "mention": "Figure 1",
                    "ref_id": "FIGREF0"
                },
                {
                    "start": 350,
                    "end": 358,
                    "mention": "Figure 1",
                    "ref_id": "FIGREF0"
                }
            ]
        },
        {
            "text": "This report by Shi\u2019s group [1] and broader knowledge of CoV entry frame important questions. Which animal CoVs have the greatest potential for human infection? For SARS-related CoVs, addressing this question amounts to identifying those animal CoVs that bind human ACE2 receptors. Structural bioinformatics approaches are helpful here, because even before the Zhou et al. report [1], insights made in silico accurately predicted that SARS-CoV-2 spikes bind human ACE2 [6]. Surveillance methods using cell culture models will further address this question, when testing human cell infection with SARS-related animal CoVs and paying close attention to those viruses isolated from wildlife in close proximity with humans. Which CoVs transmit human disease? Recent structural and biochemical analyses of SARS-CoV-2 S proteins [7] begin to address this question. The receptor-binding domains on the SARS-CoV-2 S proteins bind with high affinity to human ACE2 [7], which may explain the facile transmissibility of this virus. However, additional host interactions may also correlate with transmission and disease, and Zhou et al. noted unique features on a separate (N-terminal) domain of the SARS-CoV-2 S proteins that may confer binding to alternative host-cell receptors [1]. Alternative host cell interactions by these N-terminal domains warrant consideration, as it is known that analogous domains on several human CoVs have important auxiliary cell-binding functions [8]. SARS-CoV-2 S proteins have also acquired several basic residues (RRAR/S), forming a furin protease cleavage site. Temporal progression of proteolytic scissions prime and then activate SARS-CoV S proteins to catalyze virus\u2013cell membrane fusion [9]. Thus, the SARS-CoV-2 furin substrate site is likely to facilitate the priming cleavage step, which sensitizes S proteins to the subsequent activating cleavages occurring on susceptible target cells, and facilitates virus entry and infection, as depicted in Figure 1. Consequently, the hypothesis that heightened protease sensitivities account, in part, for SARS-CoV-2 transmissibility and disease certainly merits further exploration.",
            "cite_spans": [
                {
                    "start": 28,
                    "end": 29,
                    "mention": "1",
                    "ref_id": "BIBREF0"
                },
                {
                    "start": 380,
                    "end": 381,
                    "mention": "1",
                    "ref_id": "BIBREF0"
                },
                {
                    "start": 469,
                    "end": 470,
                    "mention": "6",
                    "ref_id": "BIBREF5"
                },
                {
                    "start": 823,
                    "end": 824,
                    "mention": "7",
                    "ref_id": "BIBREF6"
                },
                {
                    "start": 955,
                    "end": 956,
                    "mention": "7",
                    "ref_id": "BIBREF6"
                },
                {
                    "start": 1269,
                    "end": 1270,
                    "mention": "1",
                    "ref_id": "BIBREF0"
                },
                {
                    "start": 1468,
                    "end": 1469,
                    "mention": "8",
                    "ref_id": "BIBREF7"
                },
                {
                    "start": 1716,
                    "end": 1717,
                    "mention": "9",
                    "ref_id": "BIBREF8"
                }
            ],
            "section": "",
            "ref_spans": [
                {
                    "start": 1977,
                    "end": 1985,
                    "mention": "Figure 1",
                    "ref_id": "FIGREF0"
                }
            ]
        },
        {
            "text": "Quarantine measures are in place to limit the SARS-CoV-2 epidemic, but the risk of a global pandemic is real. The development of effective vaccines and antiviral drugs is a priority to reduce the burden of this virus. An immediate challenge is to construct SARS-CoV-2 S-based vaccines that display conserved epitopes and elicit broadly neutralizing antibodies as well as virus-specific T cell responses. Similar daunting tasks lie ahead in identifying safe and effective drugs that suppress SARS-CoV-2 entry and replication and in making recommendations for their clinical use. If given too late, they may not modify the disease course, even if virus loads are diminished. Committed research communities can and will build from the foundational knowledge that is now in place and respond appropriately to these challenges.",
            "cite_spans": [],
            "section": "",
            "ref_spans": []
        }
    ],
    "ref_entries": {
        "FIGREF0": {
            "text": "Figure 1: Severe Acute Respiratory Syndrome (SARS)-CoV-2 Zoonosis and Cell Entry. Bat SARS-related CoVs (top left) are thought to transmit through intermediate host(s), with a select subset of viruses having features necessary to infect the human respiratory tract (top right). Infection (lower panel) requires SARS-CoV-2 spike (S) engagement with host angiotensin converting enzyme 2 (ACE2) receptors. Subsequently, surface proteases cleave S2, the fusion-mediating subunit of S, which triggers a series of conformational changes that result in fusion between the viral envelope and the target cell membrane. Features of SARS-CoV-2 that may facilitate human infection include: (1) S1B receptor-binding motifs (RBMs) (in green) that bind orthologous ACE2 receptors; (2) a S1A domain that may confer additional host interactions; and (3) a furin protease cleavage substrate that may confer heightened sensitivity to host protease cleavages [9]. Antiviral antibodies (lower-left inset) prevent infection by: (a) binding S1B RBMs, blocking receptor access; (b) binding distal to RBMs, sterically interfering; (c) binding S1A, possibly preventing alternative attachment to distinct receptors; and (d) binding S2, arresting membrane fusion. Attractive antiviral compounds include protease inhibitors [10], which deactivate membrane fusion triggering and suppress virus entry. This figure was created using BioRender (https://biorender.com/).",
            "type": "figure"
        }
    },
    "back_matter": [],
    "bib_entries": {
        "BIBREF0": {
            "title": "A pneumonia outbreak associated with a new coronavirus of probable bat origin",
            "authors": [
                {
                    "first": "P.",
                    "middle": [],
                    "last": "Zhou",
                    "suffix": ""
                }
            ],
            "year": 2020,
            "venue": "Nature",
            "volume": "579",
            "issn": "",
            "pages": "270-273",
            "other_ids": {
                "DOI": []
            }
        },
        "BIBREF1": {
            "title": "SARS-like WIV1-CoV poised for human emergence",
            "authors": [
                {
                    "first": "V.D.",
                    "middle": [],
                    "last": "Menachery",
                    "suffix": ""
                }
            ],
            "year": 2016,
            "venue": "Proc. Natl. Acad. Sci. U. S. A.",
            "volume": "113",
            "issn": "",
            "pages": "3048-3053",
            "other_ids": {
                "DOI": []
            }
        },
        "BIBREF2": {
            "title": "A novel coronavirus from patients with pneumonia in China, 2019",
            "authors": [
                {
                    "first": "N.",
                    "middle": [],
                    "last": "Zhu",
                    "suffix": ""
                }
            ],
            "year": 2020,
            "venue": "N. Engl. J. Med.",
            "volume": "382",
            "issn": "",
            "pages": "727-733",
            "other_ids": {
                "DOI": []
            }
        },
        "BIBREF3": {
            "title": "SARS-CoV-2 viral load in upper respiratory specimens of infected patients",
            "authors": [
                {
                    "first": "L.",
                    "middle": [],
                    "last": "Zou",
                    "suffix": ""
                }
            ],
            "year": 2020,
            "venue": "N. Engl. J. Med.",
            "volume": "",
            "issn": "",
            "pages": null,
            "other_ids": {
                "DOI": [
                    "10.1056/NEJMc2001737"
                ]
            }
        },
        "BIBREF4": {
            "title": "Receptor and viral determinants of SARS-coronavirus adaptation to human ACE2",
            "authors": [
                {
                    "first": "W.",
                    "middle": [],
                    "last": "Li",
                    "suffix": ""
                }
            ],
            "year": 2005,
            "venue": "EMBO J.",
            "volume": "24",
            "issn": "",
            "pages": "1634-1643",
            "other_ids": {
                "DOI": []
            }
        },
        "BIBREF5": {
            "title": "Receptor recognition by novel coronavirus from Wuhan: an analysis based on decade-long structural studies of SARS",
            "authors": [
                {
                    "first": "Y.",
                    "middle": [],
                    "last": "Wan",
                    "suffix": ""
                }
            ],
            "year": 2020,
            "venue": "J. Virol.",
            "volume": "",
            "issn": "",
            "pages": null,
            "other_ids": {
                "DOI": [
                    "10.1128/JVI.00127-20"
                ]
            }
        },
        "BIBREF6": {
            "title": "Cryo-EM structure of the 2019-nCoV spike in the prefusion conformation",
            "authors": [
                {
                    "first": "D.",
                    "middle": [],
                    "last": "Wrapp",
                    "suffix": ""
                }
            ],
            "year": 2020,
            "venue": "Science",
            "volume": "",
            "issn": "",
            "pages": null,
            "other_ids": {
                "DOI": [
                    "10.1126/science.abb2507"
                ]
            }
        },
        "BIBREF7": {
            "title": "Structures of MERS-CoV spike glycoprotein in complex with sialoside attachment receptors",
            "authors": [
                {
                    "first": "Y.",
                    "middle": [],
                    "last": "Park",
                    "suffix": ""
                }
            ],
            "year": 2019,
            "venue": "Nat. Struct. Mol. Biol.",
            "volume": "26",
            "issn": "",
            "pages": "1151-1157",
            "other_ids": {
                "DOI": []
            }
        },
        "BIBREF8": {
            "title": "Activation of the SARS coronavirus spike protein via sequential proteolytic cleavage at two distinct sites",
            "authors": [
                {
                    "first": "S.",
                    "middle": [],
                    "last": "Belouzard",
                    "suffix": ""
                }
            ],
            "year": 2009,
            "venue": "Proc. Natl. Acad. Sci. U. S. A.",
            "volume": "106",
            "issn": "",
            "pages": "5871-5876",
            "other_ids": {
                "DOI": []
            }
        },
        "BIBREF9": {
            "title": "Protease inhibitors targeting coronavirus and filovirus entry",
            "authors": [
                {
                    "first": "Y.",
                    "middle": [],
                    "last": "Zhou",
                    "suffix": ""
                }
            ],
            "year": 2015,
            "venue": "Antivir. Res.",
            "volume": "116",
            "issn": "",
            "pages": "76-84",
            "other_ids": {
                "DOI": []
            }
        }
    }
}