{
    "paper_id": "PMC7103319",
    "metadata": {
        "title": "Diagn\u00f3stico microbiol\u00f3gico de las infecciones virales respiratorias",
        "authors": [
            {
                "first": "Jos\u00e9",
                "middle": [
                    "M."
                ],
                "last": "Eiros",
                "suffix": "",
                "email": "eiros@med.uva.es",
                "affiliation": {}
            },
            {
                "first": "Ra\u00fal",
                "middle": [],
                "last": "Ortiz de Lejarazu",
                "suffix": "",
                "email": null,
                "affiliation": {}
            },
            {
                "first": "Alberto",
                "middle": [],
                "last": "Tenorio",
                "suffix": "",
                "email": null,
                "affiliation": {}
            },
            {
                "first": "Inmaculada",
                "middle": [],
                "last": "Casas",
                "suffix": "",
                "email": null,
                "affiliation": {}
            },
            {
                "first": "Francisco",
                "middle": [],
                "last": "Pozo",
                "suffix": "",
                "email": null,
                "affiliation": {}
            },
            {
                "first": "Guillermo",
                "middle": [],
                "last": "Ruiz",
                "suffix": "",
                "email": null,
                "affiliation": {}
            },
            {
                "first": "Pilar",
                "middle": [],
                "last": "P\u00e9rez-Bre\u00f1a",
                "suffix": "",
                "email": null,
                "affiliation": {}
            }
        ]
    },
    "body_text": [
        {
            "text": "La infecci\u00f3n respiratoria aguda es la enfermedad m\u00e1s frecuente a lo largo de toda la vida del ser humano, con variaci\u00f3n en cuanto a su etiolog\u00eda condicionada, fundamentalmente, por la edad, las circunstancias medioambientales, el \u00e1mbito asistencial y la enfermedad de base. En nuestro entorno las enfermedades infecciosas son el motivo m\u00e1s frecuente de las consultas en pediatr\u00eda extrahospitalaria; de ellas, aproximadamente el 70% corresponde a una infecci\u00f3n respiratoria y m\u00e1s de la mitad son de origen viral. La mayor\u00eda de las infecciones respiratorias s\u00f3lo afectan al tracto respiratorio superior y pueden ser consideradas leves, de curso benigno y autolimitado (catarro com\u00fan, rinitis y faringoamigdalitis). Se estima que alrededor del 5% puede implicar al tracto respiratorio inferior (bronquitis, bronquiolitis y neumon\u00eda), son potencialmente m\u00e1s graves y, en muchos casos, requieren el ingreso hospitalario. En edad adulta las infecciones respiratorias de origen viral son una causa importante de morbilidad; sin embargo, los cuadros cl\u00ednicos que precisan atenci\u00f3n m\u00e9dica pr\u00e1cticamente se limitan a ancianos, pacientes con inmunodeficiencia grave o a aquellos con enfermedad pulmonar subyacente.",
            "cite_spans": [],
            "section": "Introducci\u00f3n",
            "ref_spans": []
        },
        {
            "text": "Se han identificado m\u00e1s de 200 virus diferentes, distribuidos en seis familias (tabla 1\n), implicados en la patogenia de las infecciones del tracto respiratorio.",
            "cite_spans": [],
            "section": "Introducci\u00f3n",
            "ref_spans": [
                {
                    "start": 80,
                    "end": 87,
                    "mention": "tabla 1",
                    "ref_id": "TABREF0"
                }
            ]
        },
        {
            "text": "Como caracter\u00edstica general, cada uno de los virus puede ser el agente etiol\u00f3gico de m\u00e1s de un s\u00edndrome diferente (Tabla 2, Tabla 3\n). Sin embargo, cada uno de ellos se relaciona mayoritariamente con un tipo particular de enfermedad, seg\u00fan el \u00e1rea geogr\u00e1fica, la estacionalidad y la edad del paciente. En este sentido, en nuestro entorno los rinovirus son la causa m\u00e1s frecuente de catarro com\u00fan en los adultos, el virus respiratorio sincitial (VRS) es el m\u00e1s prevalente en las bronquiolitis de ni\u00f1os de corta edad y el virus parainfluenza tipo 1 es el agente causal del mayor n\u00famero de casos de laringotraqueobronquitis aguda. Las caracter\u00edsticas epidemiol\u00f3gicas de algunos de estos virus les confieren propiedades que tambi\u00e9n pueden ser identificativas. Los virus parainfluenza 1 y 2, virus de la gripe y VRS suelen aparecer de forma epid\u00e9mica, con variabilidad estacional entre ellos.",
            "cite_spans": [],
            "section": "Introducci\u00f3n",
            "ref_spans": [
                {
                    "start": 115,
                    "end": 122,
                    "mention": "Tabla 2",
                    "ref_id": "TABREF1"
                },
                {
                    "start": 124,
                    "end": 131,
                    "mention": "Tabla 3",
                    "ref_id": "TABREF2"
                }
            ]
        },
        {
            "text": "Las focalidades infecciosas, consideradas con un criterio did\u00e1ctico, son las siguientes: resfriado com\u00fan, faringitis aguda, laringitis aguda, laringotraqueobronquitis aguda, otitis media aguda, sinusitis, epiglotitis, bronquitis aguda, exacerbaci\u00f3n de la enfermedad pulmonar obstructiva cr\u00f3nica, bronquiolitis y neumon\u00eda.",
            "cite_spans": [],
            "section": "Introducci\u00f3n",
            "ref_spans": []
        },
        {
            "text": "El requisito principal a la hora de valorar las muestras del tracto respiratorio es que \u00e9stas deben contener el mayor n\u00famero posible de c\u00e9lulas epiteliales, que son en las que fundamentalmente se replica el virus. En este sentido, resultan apropiadas para la investigaci\u00f3n de virus gripales las muestras respiratorias tales como los frotis de faringe o nasofaringe y los lavados o aspirados nasales o bronquiales, obtenidos durante los primeros d\u00edas de la enfermedad.",
            "cite_spans": [],
            "section": "Recogida y transporte de muestras ::: Diagn\u00f3stico virol\u00f3gico de los virus de la gripe",
            "ref_spans": []
        },
        {
            "text": "El transporte de las muestras debe realizarse a 4 \u00b0C (o en su defecto congeladas a \u221270 \u00b0C) con objeto de asegurar la infectividad de las part\u00edculas virales. La recuperaci\u00f3n de los virus gripales se favorece con un medio de transporte adecuado, que consiste en una soluci\u00f3n salina a pH neutro con estabilizadores de prote\u00ednas, como el suero de alb\u00famina bovina, y antibi\u00f3ticos para reducir el crecimiento de bacterias que integran la microbiota acompa\u00f1ante.",
            "cite_spans": [],
            "section": "Recogida y transporte de muestras ::: Diagn\u00f3stico virol\u00f3gico de los virus de la gripe",
            "ref_spans": []
        },
        {
            "text": "Los virus de la gripe son capaces de replicarse en diferentes l\u00edneas celulares primarias, diploides o continuas, aunque la susceptibilidad a la infecci\u00f3n es baja en la mayor\u00eda de ellas. La l\u00ednea celular m\u00e1s com\u00fanmente utilizada son las c\u00e9lulas Madin Darby de ri\u00f1\u00f3n de perro (MDCK). Las l\u00edneas celulares inoculadas con las muestras respiratorias de los pacientes se incuban a 33\u201335 \u00b0C en presencia de tripsina para asegurar la activaci\u00f3n proteol\u00edtica de los virus. La identificaci\u00f3n de crecimiento del virus sobre la monocapa de c\u00e9lulas se realiza de modo convencional mediante la observaci\u00f3n del efecto citop\u00e1tico causado en ellas, que consiste en la aparici\u00f3n de c\u00e9lulas degenerativas y redondeadas que se desprenden de la monocapa. La caracterizaci\u00f3n del virus aislado se efect\u00faa por inmunofluorescenia mediante la utilizaci\u00f3n de anticuerpos monoclonales. En ocasiones, el efecto citop\u00e1tico es dif\u00edcil de apreciar por lo que es necesario disponer de otros m\u00e9todos para identificar el crecimiento viral en los cultivos celulares, como la hemaglutinaci\u00f3n, la hemadsorci\u00f3n o la detecci\u00f3n de ant\u00edgenos virales con t\u00e9cnicas de inmunofluorescencia.",
            "cite_spans": [],
            "section": "Aislamiento mediante cultivo ::: Diagn\u00f3stico virol\u00f3gico de los virus de la gripe",
            "ref_spans": []
        },
        {
            "text": "Una de las principales limitaciones del aislamiento de los virus de la gripe es el tiempo necesario de crecimiento e identificaci\u00f3n en cultivo celular (4\u20137 d\u00edas). Hay varios m\u00e9todos capaces de detectar los virus de la gripe de modo m\u00e1s precoz, entre 1 y 3 d\u00edas despu\u00e9s de la inoculaci\u00f3n de la l\u00ednea celular y antes de la aparici\u00f3n del efecto citop\u00e1tico. El m\u00e1s com\u00fanmente utilizado es el Shell vial, en el que las muestras son directamente centrifugadas sobre la monocapa celular para facilitar la adherencia y la penetraci\u00f3n viral. Posteriormente, a las 24\u201348 h se detecta la presencia de prote\u00ednas virales mediante inmunofluorescencia.",
            "cite_spans": [],
            "section": "Aislamiento mediante cultivo ::: Diagn\u00f3stico virol\u00f3gico de los virus de la gripe",
            "ref_spans": []
        },
        {
            "text": "Los virus de la gripe tambi\u00e9n pueden aislarse tras inocular la muestra en la cavidad alantoidea de huevos de gallina embrionados, ya que estos virus se replican profusamente en las c\u00e9lulas tras su incubaci\u00f3n a 33\u201335 \u00b0C durante 3 d\u00edas para los aislados de virus de la gripe procedentes de mam\u00edferos, y a 37 \u00b0C para los aislados aviares de virus de la gripe A. Una vez finalizada la incubaci\u00f3n, se debe analizar por hemaglutinaci\u00f3n los fluidos amni\u00f3tico y alantoideo en busca de actividad viral. Los virus de la gripe C, sin embargo, solamente crecen en la cavidad amni\u00f3tica de los embriones de pollo.",
            "cite_spans": [],
            "section": "Aislamiento mediante cultivo ::: Diagn\u00f3stico virol\u00f3gico de los virus de la gripe",
            "ref_spans": []
        },
        {
            "text": "La principal ventaja de los m\u00e9todos basados en la detecci\u00f3n de los ant\u00edgenos virales es su independencia de la infectividad del virus, aunque la calidad de la muestra es muy importante. Entre sus ventajas destaca el hecho de que permite una r\u00e1pida obtenci\u00f3n de resultados, generalmente en unas pocas horas despu\u00e9s de la recepci\u00f3n de la muestra. Como limitaci\u00f3n rese\u00f1able cabe apuntar que los resultados a menudo son dif\u00edciles de interpretar, la especificidad depender\u00e1 de la experiencia del personal que los realice y la sensibilidad suele ser baja. Los m\u00e9todos de inmunofluorescencia y enzimoinmunoan\u00e1lisis (EIA) se emplean habitualmente para la detecci\u00f3n de los ant\u00edgenos virales directamente en la muestra cl\u00ednica o bien en las c\u00e9lulas del cultivo en las que previamente se ha inoculado la muestra.",
            "cite_spans": [],
            "section": "Detecci\u00f3n de ant\u00edgenos virales ::: Diagn\u00f3stico virol\u00f3gico de los virus de la gripe",
            "ref_spans": []
        },
        {
            "text": "Los ant\u00edgenos virales utilizados generalmente para el diagn\u00f3stico son, en principio, las mol\u00e9culas que se sit\u00faan en la superficie del virus, la hemaglutinina y la neuraminidasa, y que tambi\u00e9n pueden encontrarse frecuentemente en la superficie de las c\u00e9lulas infectadas. No obstante, puesto que estas mol\u00e9culas est\u00e1n sometidas a una continua variaci\u00f3n evolutiva, tambi\u00e9n es posible emplear otras prote\u00ednas menos accesibles del virus, como la nucleoprote\u00edna, y por ello menos variables. Un aspecto adicional derivado de nuestra actividad en laboratorios de referencia de gripe es que, con objeto de realizar vigilancia y estudios epidemiol\u00f3gicos, es importante realizar la subtipificaci\u00f3n de los virus de la gripe A. La diferenciaci\u00f3n del virus de la gripe A del tipo B es tan importante como la diferenciaci\u00f3n de los subtipos H1 y H3 dentro de los virus de la gripe A.",
            "cite_spans": [],
            "section": "Detecci\u00f3n de ant\u00edgenos virales ::: Diagn\u00f3stico virol\u00f3gico de los virus de la gripe",
            "ref_spans": []
        },
        {
            "text": "Adicionalmente, se han comercializado t\u00e9cnicas de inmunocromatograf\u00eda capilar y de enzimoinmunoan\u00e1lisis de membrana que posibilitan detectar virus gripales o sus ant\u00edgenos en pocos minutos y cuya lectura es visual. No obstante, su utilidad se ve limitada debido a su coste y bajas sensibilidad y especificidad. Por su amplia implantaci\u00f3n en la asistencia urgente y en el \u00e1mbito pedi\u00e1trico recogemos en la tabla 4\ndiferentes pruebas de detecci\u00f3n r\u00e1pida disponibles en el momento actual y se alude a sus caracter\u00edsticas operacionales intr\u00ednsecas.",
            "cite_spans": [],
            "section": "Detecci\u00f3n de ant\u00edgenos virales ::: Diagn\u00f3stico virol\u00f3gico de los virus de la gripe",
            "ref_spans": [
                {
                    "start": 405,
                    "end": 412,
                    "mention": "tabla 4",
                    "ref_id": "TABREF3"
                }
            ]
        },
        {
            "text": "Los m\u00e9todos moleculares de diagn\u00f3stico que permiten la detecci\u00f3n de \u00e1cidos nucleicos est\u00e1n basados en la b\u00fasqueda y el reconocimiento del genoma viral en la muestra cl\u00ednica o en el cultivo viral y en la tabla 5\nest\u00e1n resumidos los m\u00e9todos moleculares que pueden ser utilizados en la detecci\u00f3n y/o la caracterizaci\u00f3n de virus gripales.",
            "cite_spans": [],
            "section": "Detecci\u00f3n de \u00e1cidos nucleicos ::: Diagn\u00f3stico virol\u00f3gico de los virus de la gripe",
            "ref_spans": [
                {
                    "start": 203,
                    "end": 210,
                    "mention": "tabla 5",
                    "ref_id": "TABREF4"
                }
            ]
        },
        {
            "text": "La reacci\u00f3n en cadena de la polimerasa (PCR) es la t\u00e9cnica m\u00e1s empleada, tanto en su vertiente cl\u00e1sica o a tiempo final como en la de tiempo real. En ambas la reacci\u00f3n de amplificaci\u00f3n tiene que ir precedida de una transcripci\u00f3n inversa para transformar en ADN cualquiera de los 8 segmentos de ARN que contiene el genoma de los virus de la gripe A y B o de los 7 segmentos del genoma del virus de la gripe C.",
            "cite_spans": [],
            "section": "T\u00e9cnicas de amplificaci\u00f3n gen\u00f3mica basadas en la reacci\u00f3n en cadena de la polimerasa ::: Diagn\u00f3stico virol\u00f3gico de los virus de la gripe",
            "ref_spans": []
        },
        {
            "text": "Normalmente estas t\u00e9cnicas de PCR se encuentran dise\u00f1adas en genes muy conservados, como los que codifican para la prote\u00edna matriz (M), la nucleoprote\u00edna (NP) o el segmento g\u00e9nico NS, que nos permitir\u00e1n diferenciar entre los tres g\u00e9neros: Influenzavirus A, B o C. Otros genes diana en la detecci\u00f3n de Influenzavirus A, son la hemaglutinina (HA) y la neuraminidasa (NA), los cuales nos permitir\u00e1n conocer el subtipo del virus gripal. Los subtipos m\u00e1s importantes desde el punto de vista cl\u00ednico-epidemiol\u00f3gico son H3N2 y H1N1, porque circulan en el ser humano durante las temporadas de gripe. Desde 1997, cuando se produjo el salto interespec\u00edfico del virus gripal A del subtipo H5N1, su detecci\u00f3n supone un gran inter\u00e9s por su potencial pand\u00e9mico y porque su instauraci\u00f3n con una transmisi\u00f3n eficiente entre personas implicar\u00eda una urgencia sanitaria de repercusi\u00f3n mundial3.",
            "cite_spans": [
                {
                    "start": 873,
                    "end": 874,
                    "mention": "3",
                    "ref_id": "BIBREF15"
                }
            ],
            "section": "T\u00e9cnicas de amplificaci\u00f3n gen\u00f3mica basadas en la reacci\u00f3n en cadena de la polimerasa ::: Diagn\u00f3stico virol\u00f3gico de los virus de la gripe",
            "ref_spans": []
        },
        {
            "text": "Con respecto a la detecci\u00f3n mediante t\u00e9cnicas de PCR convencional a tiempo final, adem\u00e1s de las t\u00e9cnicas \u00abartesanales\u00bb (\u00abcaseras\u00bb o in house), hay kits comerciales, en formato m\u00faltiple, como el Seeplex RV Detection 16 Kit (Seegene, Seoul, Korea), basado en tecnolog\u00eda DPO (dual priming oligonucleotide) que consiste en el dise\u00f1o de cebadores formados por dos segmentos con el objeto de aumentar la especificidad, uno m\u00e1s largo que el otro y separados entre s\u00ed por un espaciador de polideoxiinosinas. Este kit, adem\u00e1s de permitir el diagn\u00f3stico de la infecci\u00f3n gripal por virus A y B, proporciona el diagn\u00f3stico diferencial con adenovirus, metapneumovirus, coronavirus humano 229E, OC43 y NL63, virus parainfluenza 1, 2 y 3, VRS tipos A y B y rinovirus. Uno de los principales inconvenientes de la PCR convencional o a tiempo final es que se trata de un m\u00e9todo cualitativo, que muchas veces requiere la aplicaci\u00f3n de una PCR secuencial (PCR anidada o nested-PCR) para obtener una sensibilidad similar a la que se alcanza con una PCR a tiempo real, lo que comporta m\u00e1s carga de trabajo, un incremento del tiempo necesario hasta la obtenci\u00f3n de los resultados y un mayor riesgo de contaminaciones.",
            "cite_spans": [],
            "section": "T\u00e9cnicas de amplificaci\u00f3n gen\u00f3mica basadas en la reacci\u00f3n en cadena de la polimerasa ::: Diagn\u00f3stico virol\u00f3gico de los virus de la gripe",
            "ref_spans": []
        },
        {
            "text": "El empleo de diferentes sondas marcadas fluorog\u00e9nicamente (TaqMan, sondas de hibridaci\u00f3n, molecular beacon), cebadores marcados que dan lugar a un amplic\u00f3n autofluorescente (primers scorpions, primers sunrise) o de agentes intercalantes, como el Sybr-Green, en un sistema de PCR a tiempo real, est\u00e1n desplazando el uso de la PCR convencional. Estos m\u00e9todos de PCR a tiempo real permiten la cuantificaci\u00f3n, adem\u00e1s de reducir el riesgo de contaminaciones y el tiempo requerido en la emisi\u00f3n de los resultados, con lo que se minimiza la necesidad de un an\u00e1lisis posterior de los amplicones obtenidos. Si a esto se a\u00f1ade la posible utilizaci\u00f3n de una PCR m\u00faltiple que adem\u00e1s de detectar los tres g\u00e9neros de virus gripales con inter\u00e9s humano permitan la subtipificaci\u00f3n de los virus gripales A y/o la detecci\u00f3n simult\u00e1nea de otros virus implicados en la infecci\u00f3n respiratoria, el valor de esta metodolog\u00eda se ve incrementado notablemente. No obstante, se debe tener en cuenta que un paso limitante para el desarrollo de t\u00e9cnicas basadas en PCR a tiempo real con formato m\u00faltiple es el n\u00famero de canales de detecci\u00f3n que posea el termociclador.",
            "cite_spans": [],
            "section": "T\u00e9cnicas de amplificaci\u00f3n gen\u00f3mica basadas en la reacci\u00f3n en cadena de la polimerasa ::: Diagn\u00f3stico virol\u00f3gico de los virus de la gripe",
            "ref_spans": []
        },
        {
            "text": "Otra t\u00e9cnica poco utilizada en la detecci\u00f3n de virus gripales en humanos, pero que est\u00e1 adquiriendo mayor protagonismo en veterinaria para la detecci\u00f3n de virus gripales del subtipo H5 en aves de granja, es el m\u00e9todo NASBA (nucleic acid sequence-based amplification), que se fundamenta en una retrotranscripci\u00f3n-amplificaci\u00f3n y posterior detecci\u00f3n basada en un m\u00e9todo de electroquimioluminiscencia.",
            "cite_spans": [],
            "section": "T\u00e9cnicas de amplificaci\u00f3n gen\u00f3mica basadas en la reacci\u00f3n en cadena de la polimerasa ::: Diagn\u00f3stico virol\u00f3gico de los virus de la gripe",
            "ref_spans": []
        },
        {
            "text": "De cara a garantizar la necesidad de efectuar un diagn\u00f3stico r\u00e1pido est\u00e1n disponibles diversos ensayos comerciales de PCR a tiempo real; algunos permiten s\u00f3lo detectar Influenzavirus A y B, mientras que otros posibilitan diagnosticar la infecci\u00f3n por H5N1 (tabla 6\n). La FDA ha aprobado un ensayo de PCR a tiempo real para la identificaci\u00f3n del sublinaje asi\u00e1tico de virus gripales A del subtipo H5 desarrollado en los CDC. La OMS tambi\u00e9n ha publicado procedimientos para la detecci\u00f3n de infecci\u00f3n por H5N1 en humanos mediante RT-PCR convencional y PCR a tiempo real (disponible en: http://www.who.int/csr/disease/avian_influenza/guidelines/labtests/en/index.html).",
            "cite_spans": [],
            "section": "T\u00e9cnicas de amplificaci\u00f3n gen\u00f3mica basadas en la reacci\u00f3n en cadena de la polimerasa ::: Diagn\u00f3stico virol\u00f3gico de los virus de la gripe",
            "ref_spans": [
                {
                    "start": 257,
                    "end": 264,
                    "mention": "tabla 6",
                    "ref_id": "TABREF5"
                }
            ]
        },
        {
            "text": "Son t\u00e9cnicas que permiten el procesamiento de una elevada cantidad de muestras por cada ensayo y, entre ellas, cabe destacar las basadas en PCR acoplada a enzimoinmunoan\u00e1lisis (PCR-EIA) y los microarrays o biochips que posibilitan el an\u00e1lisis simult\u00e1neo de varios genes pertenecientes a un mismo organismo.",
            "cite_spans": [],
            "section": "T\u00e9cnicas de hibridaci\u00f3n ::: Diagn\u00f3stico virol\u00f3gico de los virus de la gripe",
            "ref_spans": []
        },
        {
            "text": "La PCR-EIA consiste en una amplificaci\u00f3n cuyos productos se detectan mediante sondas en soluci\u00f3n marcadas. La uni\u00f3n de la sonda se detecta mediante un enzimoinmunoan\u00e1lisis cuyo anticuerpo es reactivo frente al marcador. En la actualidad hay una t\u00e9cnica comercial basada en la PCR-EIA: Hexaplex\u00ae (Prodesse, Milwaukee, Estados Unidos) capaz de diferenciar Influenzavirus A y B, adem\u00e1s de detectar virus parainfluenza 1, 2, 3 y VRS4.",
            "cite_spans": [
                {
                    "start": 428,
                    "end": 429,
                    "mention": "4",
                    "ref_id": "BIBREF16"
                }
            ],
            "section": "T\u00e9cnicas de hibridaci\u00f3n ::: Diagn\u00f3stico virol\u00f3gico de los virus de la gripe",
            "ref_spans": []
        },
        {
            "text": "El crecimiento en n\u00famero de infecciones en humanos por virus gripales pertenecientes a subtipos distintos de los habituales y la diseminaci\u00f3n de la epizootia por virus del subtipo H5N1 han acrecentado el inter\u00e9s por la caracterizaci\u00f3n detallada de los virus gripales circulantes, tanto en el \u00e1mbito de la salud humana como en el terreno veterinario. Estos acontecimientos han derivado en el desarrollo de una serie de microarrays o biochips para la tipificaci\u00f3n y subtipificaci\u00f3n de virus gripales que utilizan la hibridaci\u00f3n con sondas, en este caso inmovilizadas en una superficie, y que se incuban con el material gen\u00e9tico a analizar marcado. En la actualidad hay publicados diversos sistemas \u00abartesanales\u00bb no comerciales y espec\u00edficos para tipificaci\u00f3n y subtipificaci\u00f3n de virus gripales basados en esta tecnolog\u00eda; cabe destacar entre ellos: el Mchip que es un microarray de baja densidad (15 oligonucle\u00f3tidos marcados) dirigido frente al gen que codifica para la prote\u00edna M de los virus gripales A, que al coevolucionar con los ant\u00edgenos de superficie (hemaglutinina y neuraminidasa) permite obtener informaci\u00f3n sobre el subtipo5, y el FluChip, compuesto por 55 sondas capaces de detectar virus gripales B y diferenciar todos los subtipos de Influenzavirus A6.",
            "cite_spans": [
                {
                    "start": 1135,
                    "end": 1136,
                    "mention": "5",
                    "ref_id": "BIBREF17"
                },
                {
                    "start": 1265,
                    "end": 1266,
                    "mention": "6",
                    "ref_id": "BIBREF18"
                }
            ],
            "section": "T\u00e9cnicas de hibridaci\u00f3n ::: Diagn\u00f3stico virol\u00f3gico de los virus de la gripe",
            "ref_spans": []
        },
        {
            "text": "El descubrimiento, en los \u00faltimos a\u00f1os, de nuevos virus implicados en afecciones respiratorias ha estimulado el inter\u00e9s por el conocimiento de la infecci\u00f3n viral respiratoria y la disponibilidad de t\u00e9cnicas comerciales basadas en la amplificaci\u00f3n m\u00faltiple con posterior detecci\u00f3n mediante sondas de hibridaci\u00f3n. El NGEN RVA ASR (Nanogen, San Diego, Estados Unidos) combina la amplificaci\u00f3n m\u00faltiple con un array electr\u00f3nico (NanoChip 400) que utiliza sondas fluorescentes marcadas, capaz de detectar virus gripales A y B, adem\u00e1s de virus parainfluenza 1, 2, 3 y virus respiratorio sincitial.",
            "cite_spans": [],
            "section": "T\u00e9cnicas de hibridaci\u00f3n ::: Diagn\u00f3stico virol\u00f3gico de los virus de la gripe",
            "ref_spans": []
        },
        {
            "text": "Tambi\u00e9n est\u00e1n disponibles m\u00e9todos comerciales para la aplicaci\u00f3n exclusiva en la tipificaci\u00f3n y subtipificaci\u00f3n de virus gripales, como el equipo CombiMatrix Influenza A Detection System (CombiMatrix) que contiene un microarray capaz de subtipificar todas las hemaglutininas y las neuraminidasas de los virus gripales A, junto con un analizador y el software para interpretar los resultados.",
            "cite_spans": [],
            "section": "T\u00e9cnicas de hibridaci\u00f3n ::: Diagn\u00f3stico virol\u00f3gico de los virus de la gripe",
            "ref_spans": []
        },
        {
            "text": "El kit ResPlex\u2122 III (Genaco Biomedical Products, Huntsville) est\u00e1 basado en un tipo de tecnolog\u00eda muy reciente que permite la detecci\u00f3n y la identificaci\u00f3n simult\u00e1neas de los genes H1, H2, H3, H5, H7, H9, N1 y N2 de los virus gripales A, y los genes NS de Influenzavirus A y B, lo que proporciona a la t\u00e9cnica una gran versatilidad, no s\u00f3lo a la hora de genotipificar virus gripales que circulan habitualmente durante las temporadas de gripe (H3N2 y H1N1), sino tambi\u00e9n para aquellos que puedan infectar de forma espor\u00e1dica a humanos (H5, H7, H9). El ensayo utiliza una tecnolog\u00eda denominada XMAP\u00ae, fundamentada en una PCR m\u00faltiple que origina productos de amplificaci\u00f3n marcados con biotina que posteriormente son detectados mediante microesferas, en este caso marcadas con estreptavidina, y analizados con un instrumento Luminex (Luminex Corporation) cuya tecnolog\u00eda est\u00e1 basada en los principios de la citometr\u00eda de flujo. El planteamiento es similar al de un microarray, pero con la ventaja de utilizar sondas impresas sobre part\u00edculas en suspensi\u00f3n, en lugar de fijas sobre una superficie, con objeto de aumentar la sensibilidad7. Emparentado con este equipo y desarrollado por la misma compa\u00f1\u00eda est\u00e1 disponible el denominado ResPlex\u2122 II, el cual utiliza la misma tecnolog\u00eda para la detecci\u00f3n de Influenzavirus A y B, virus parainfluenza 1, 2, 3 y 4, VRS A y B, metapneumovirus, rinovirus, enterovirus y SARS-CoV; al igual que el ID-Tag\u2122 Respiratory Viral Panel (Tm Bioscience 17, Toronto, Canad\u00e1) que permite el diagn\u00f3stico de infecciones por virus de la gripe A, subtipificaci\u00f3n de los virus gripales A H1, H3 y H5, virus de la gripe B, adenovirus, metapneumovirus, coronavirus humano 229E, OC43, HKU1 y NL63, SARS-CoV, virus parainfluenza 1, 2, 3 y 4, VRS A y B y rinovirus8, 9, 10.",
            "cite_spans": [
                {
                    "start": 1133,
                    "end": 1134,
                    "mention": "7",
                    "ref_id": "BIBREF19"
                },
                {
                    "start": 1781,
                    "end": 1782,
                    "mention": "8",
                    "ref_id": "BIBREF20"
                },
                {
                    "start": 1784,
                    "end": 1785,
                    "mention": "9",
                    "ref_id": "BIBREF21"
                },
                {
                    "start": 1787,
                    "end": 1789,
                    "mention": "10",
                    "ref_id": "BIBREF1"
                }
            ],
            "section": "T\u00e9cnicas de hibridaci\u00f3n ::: Diagn\u00f3stico virol\u00f3gico de los virus de la gripe",
            "ref_spans": []
        },
        {
            "text": "El material gen\u00e9tico fragmentado de los virus gripales est\u00e1 compuesto de ARN monocatenario de polaridad negativa, la replicaci\u00f3n y la transcripci\u00f3n de estos segmentos a cargo de la ARN polimerasa ocasionan errores por carecer de actividad reparadora, originando mutaciones que se conocen como variaciones menores, deriva gen\u00e9tica o drift. La frecuencia con la que ocurren espont\u00e1neamente estas mutaciones es m\u00e1s elevada para las prote\u00ednas de superficie, hemaglutinina y neuraminidasa, que son los principales determinantes antig\u00e9nicos; las tasas de mutaci\u00f3n son menores para el resto de los segmentos g\u00e9nicos.",
            "cite_spans": [],
            "section": "Caracterizaci\u00f3n gen\u00e9tica de los virus gripales ::: Diagn\u00f3stico virol\u00f3gico de los virus de la gripe",
            "ref_spans": []
        },
        {
            "text": "Otra particularidad gen\u00e9tica que presentan los virus gripales A es su capacidad de recombinaci\u00f3n, que puede tener lugar entre los segmentos g\u00e9nicos de virus de distintos or\u00edgenes (mam\u00edferos, aves). Si en este reordenamiento est\u00e1n implicados los segmentos que codifican para las glucoprote\u00ednas de superficie, puede originarse un nuevo subtipo de virus que nunca haya circulado entre la poblaci\u00f3n humana, que dar\u00eda lugar a un virus con potencial pand\u00e9mico.",
            "cite_spans": [],
            "section": "Caracterizaci\u00f3n gen\u00e9tica de los virus gripales ::: Diagn\u00f3stico virol\u00f3gico de los virus de la gripe",
            "ref_spans": []
        },
        {
            "text": "Estos fen\u00f3menos de cambio e intercambio gen\u00e9tico son los que determinan la alta variabilidad de los virus gripales y la importancia y la necesidad de realizar una caracterizaci\u00f3n gen\u00e9tica en el contexto de la vigilancia de la infecci\u00f3n gripal.",
            "cite_spans": [],
            "section": "Caracterizaci\u00f3n gen\u00e9tica de los virus gripales ::: Diagn\u00f3stico virol\u00f3gico de los virus de la gripe",
            "ref_spans": []
        },
        {
            "text": "La amplificaci\u00f3n de los \u00e1cidos nucleicos por PCR puede llevarse a cabo directamente en las muestras respiratorias, lo que proporciona un m\u00e9todo diagn\u00f3stico que puede acoplarse a t\u00e9cnicas de tipificaci\u00f3n r\u00e1pida y caracterizaci\u00f3n, como la determinaci\u00f3n del polimorfismo del virus en funci\u00f3n de los fragmentos obtenidos tras su digesti\u00f3n con enzimas de restricci\u00f3n (RFLP: restriction fragment length polymorphism) y, especialmente, la secuenciaci\u00f3n de fragmentos de los genes.",
            "cite_spans": [],
            "section": "Caracterizaci\u00f3n gen\u00e9tica de los virus gripales ::: Diagn\u00f3stico virol\u00f3gico de los virus de la gripe",
            "ref_spans": []
        },
        {
            "text": "La caracterizaci\u00f3n gen\u00e9tica ha experimentado un gran avance en los \u00faltimos a\u00f1os gracias al desarrollo de t\u00e9cnicas r\u00e1pidas de PCR y a la introducci\u00f3n de secuenciadores autom\u00e1ticos que permiten la caracterizaci\u00f3n gen\u00e9tica de los linajes de virus circulantes, lo que ha mejorado el seguimiento de la evoluci\u00f3n de los virus de la gripe y la calidad de los datos de vigilancia de su circulaci\u00f3n. \u00c9sta se centra en el estudio de los virus gripales A y B debido a que los Influenzavirus C apenas sufren cambios gen\u00e9ticos, en general carecen de estacionalidad y habitualmente producen casos espor\u00e1dicos.",
            "cite_spans": [],
            "section": "Caracterizaci\u00f3n gen\u00e9tica de los virus gripales ::: Diagn\u00f3stico virol\u00f3gico de los virus de la gripe",
            "ref_spans": []
        },
        {
            "text": "Una caracterizaci\u00f3n gen\u00e9tica concisa se realiza mediante la secuenciaci\u00f3n de la hemaglutinina y la neuraminidasa, seguida de su an\u00e1lisis filogen\u00e9tico y del estudio de posiciones (amino\u00e1cidos) clave implicadas en alguna actividad biol\u00f3gica: uni\u00f3n a receptores, capacidad antig\u00e9nica, actividad enzim\u00e1tica o uni\u00f3n de antivirales y cuyo cambio pueda tener repercusi\u00f3n cl\u00ednica y patog\u00e9nica de la cepa estudiada. No hay una correlaci\u00f3n absoluta entre los perfiles de caracterizaci\u00f3n antig\u00e9nica mediante inhibici\u00f3n de la hemaglutinaci\u00f3n de las cepas variantes dentro de un determinado subtipo y el \u00e1rbol filogen\u00e9tico originado al comparar sus secuencias de hemaglutinina. Se ha podido comprobar que la evoluci\u00f3n gen\u00e9tica avanza de forma gradual, mientras la antig\u00e9nica lo hace de forma discontinua debido a que no siempre los cambios gen\u00e9ticos reflejan variaciones antig\u00e9nicas en las prote\u00ednas1.",
            "cite_spans": [
                {
                    "start": 886,
                    "end": 887,
                    "mention": "1",
                    "ref_id": "BIBREF0"
                }
            ],
            "section": "Secuenciaci\u00f3n ::: Diagn\u00f3stico virol\u00f3gico de los virus de la gripe",
            "ref_spans": []
        },
        {
            "text": "En el caso del an\u00e1lisis de los virus gripales actuales, la disponibilidad de amplias bases de datos y de proyectos nuevos para el dep\u00f3sito de secuencias (http://www.niaid.nih.gov/dmid/genomes/mscs/influenza.htm) ha facilitado la comparaci\u00f3n de un elevado n\u00famero de virus aislados a lo largo de un per\u00edodo de hasta 90 a\u00f1os. En estas bases incluso podemos encontrar secuencias del virus gripal causante de la pandemia de 1918. En el caso de la emergencia del virus gripal H5N1, los estudios filogen\u00e9ticos realizados han permitido situarlo entre sus ancestros, en el linaje euroasi\u00e1tico, e identificar mutaciones relacionadas con su virulencia y su posible transmisibilidad, y ayudan a comprender el brote y sus posibles consecuencias.",
            "cite_spans": [],
            "section": "Secuenciaci\u00f3n ::: Diagn\u00f3stico virol\u00f3gico de los virus de la gripe",
            "ref_spans": []
        },
        {
            "text": "La hemaglutinina es el principal determinante antig\u00e9nico de los virus gripales. Forma esp\u00edculas en la envoltura mediante la uni\u00f3n de tres mol\u00e9culas o mon\u00f3meros id\u00e9nticos. El mon\u00f3mero de hemaglutinina contiene dos subunidades: HA1 y HA2, en la subunidad HA1 es donde se encuentran los amino\u00e1cidos causales de la antigenicidad y la uni\u00f3n al receptor celular, por lo tanto, la secuenciaci\u00f3n de esta regi\u00f3n aporta informaci\u00f3n referente a las caracter\u00edsticas antig\u00e9nicas y de afinidad por el receptor que se pueden comparar con las de virus originarios de un brote, virus vacunales o cepas de referencia.",
            "cite_spans": [],
            "section": "Secuenciaci\u00f3n ::: Diagn\u00f3stico virol\u00f3gico de los virus de la gripe",
            "ref_spans": []
        },
        {
            "text": "La neuraminidasa es una glucoprote\u00edna de superficie con actividad enzim\u00e1tica que, al igual que la hemaglutinina, presenta capacidad antig\u00e9nica, aunque en menor grado que \u00e9sta. Desde el desarrollo y la comercializaci\u00f3n en 1999 de los antivirales inhibidores de la neuraminidasa (zanamivir y oseltamivir), una de las principales aplicaciones de la secuenciaci\u00f3n de este gen es la monitorizaci\u00f3n de las resistencias genot\u00edpicas a este grupo de antivirales. El conocimiento de la sensibilidad a los inhibidores de la neuraminidasa de los virus circulantes tiene particular inter\u00e9s en ni\u00f1os e inmunodeficientes que reciban o vayan a recibir tratamiento. En este grupo de pacientes la probabilidad de seleccionar virus resistentes est\u00e1 incrementada por presentar mayor tasa de replicaci\u00f3n viral y una excreci\u00f3n m\u00e1s prolongada de virus en el tiempo11.",
            "cite_spans": [
                {
                    "start": 841,
                    "end": 843,
                    "mention": "11",
                    "ref_id": "BIBREF2"
                }
            ],
            "section": "Secuenciaci\u00f3n ::: Diagn\u00f3stico virol\u00f3gico de los virus de la gripe",
            "ref_spans": []
        },
        {
            "text": "De igual manera, la secuenciaci\u00f3n del segmento M y, en concreto, la zona que codifica para la prote\u00edna M2 permite detectar los cambios que confieren resistencia a los adamantanos (amantadina y rimantadina). La adquisici\u00f3n de resistencia a este grupo de antivirales puede ser independiente de la presi\u00f3n selectiva ejercida por el f\u00e1rmaco. Los cambios genot\u00edpicos que causan la resistencia pueden originarse de forma espont\u00e1nea, y dan lugar a virus gen\u00e9ticamente estables que conservan su capacidad de replicaci\u00f3n y transmisibilidad12. Mediante tecnolog\u00eda basada en la pirosecuenciaci\u00f3n (Pirosequencing\u00ae) la compa\u00f1\u00eda Biotage ha desarrollado un m\u00e9todo para la detecci\u00f3n de resistencias a adamantanos. Este m\u00e9todo de secuenciaci\u00f3n consiste en una cascada de reacciones enzim\u00e1ticas para detectar la incorporaci\u00f3n de nucle\u00f3tidos durante la s\u00edntesis de ADN, de forma que cuando un nucle\u00f3tido es incorporado, se produce una reacci\u00f3n lum\u00ednica. Las ventajas que ofrece este sistema de secuenciaci\u00f3n son su rapidez y relativo bajo costo. En comparaci\u00f3n con otras t\u00e9cnicas de secuenciaci\u00f3n autom\u00e1tica, este m\u00e9todo tiene la desventaja de permitir solamente la secuenciaci\u00f3n de un m\u00e1ximo de 100 pares de bases.",
            "cite_spans": [
                {
                    "start": 530,
                    "end": 532,
                    "mention": "12",
                    "ref_id": "BIBREF3"
                }
            ],
            "section": "Secuenciaci\u00f3n ::: Diagn\u00f3stico virol\u00f3gico de los virus de la gripe",
            "ref_spans": []
        },
        {
            "text": "La t\u00e9cnica de RFLP (restriction fragment length polymorphism) o polimorfismos de longitud de fragmentos de restricci\u00f3n consiste en una primera amplificaci\u00f3n mediante RT-PCR de el (los) gen (es) diana, seguido de un tratamiento mediante enzimas de restricci\u00f3n que origina fragmentos y, por lo tanto, patrones de banda caracter\u00edsticos de la cepa estudiada y que se comparan con una cepa control. Dependiendo del abordaje, este m\u00e9todo de genotipificaci\u00f3n es capaz de caracterizar genes que codifican para la hemaglutinina y la neuraminidasa (subtipificaci\u00f3n) y a la vez genes internos, lo que facilita la detecci\u00f3n de recombinantes y la determinaci\u00f3n del origen de los distintos segmentos (humano o zoon\u00f3tico)13. La PCR-RFLP tambi\u00e9n se ha utilizado para la detecci\u00f3n de resistencias a adamantanos. Tiene los inconvenientes de no permitir la automatizaci\u00f3n ni la diferenciaci\u00f3n entre genes con bajo grado de polimorfismo.",
            "cite_spans": [
                {
                    "start": 706,
                    "end": 708,
                    "mention": "13",
                    "ref_id": "BIBREF4"
                }
            ],
            "section": "Polimorfismos de longitud de fragmentos de restricci\u00f3n ::: Diagn\u00f3stico virol\u00f3gico de los virus de la gripe",
            "ref_spans": []
        },
        {
            "text": "La secuenciaci\u00f3n, al proporcionar una caracterizaci\u00f3n gen\u00e9tica m\u00e1s precisa, ha desplazado a este m\u00e9todo que puede resultar \u00fatil en los laboratorios que no dispongan de un secuenciador o de un servicio centralizado de secuenciaci\u00f3n autom\u00e1tica.",
            "cite_spans": [],
            "section": "Polimorfismos de longitud de fragmentos de restricci\u00f3n ::: Diagn\u00f3stico virol\u00f3gico de los virus de la gripe",
            "ref_spans": []
        },
        {
            "text": "La documentaci\u00f3n indirecta de la infecci\u00f3n por los virus de la gripe se realiza mediante ensayos serol\u00f3gicos, en los cuales se detecta la presencia de anticuerpos frente al ant\u00edgeno hemaglutinina del virus gripal en el suero de un paciente. Esta aproximaci\u00f3n al diagn\u00f3stico de la gripe raramente se utiliza en la pr\u00e1ctica cl\u00ednica habitual, aunque puede ser una herramienta b\u00e1sica en la vigilancia epidemiol\u00f3gica de la circulaci\u00f3n de los virus gripales. No obstante, un an\u00e1lisis retrospectivo puede establecer un diagn\u00f3stico cl\u00ednico en ausencia de aislamiento de virus a partir de la muestra o de detecci\u00f3n de sus ant\u00edgenos o \u00e1cidos nucleicos2.",
            "cite_spans": [
                {
                    "start": 641,
                    "end": 642,
                    "mention": "2",
                    "ref_id": "BIBREF11"
                }
            ],
            "section": "Detecci\u00f3n de la respuesta inmunitaria humoral espec\u00edfica ::: Diagn\u00f3stico virol\u00f3gico de los virus de la gripe",
            "ref_spans": []
        },
        {
            "text": "Una de las principales dificultades del diagn\u00f3stico serol\u00f3gico es la necesidad de evaluar muestras de sueros en pares. Esto se requiere debido a que la infecci\u00f3n por los virus de la gripe es frecuentemente una reinfecci\u00f3n. As\u00ed, debe constatarse un incremento significativo del t\u00edtulo de anticuerpos entre dos muestras consecutivas separadas entre 2 y 4 semanas. Los an\u00e1lisis m\u00e1s frecuentemente utilizados son la reacci\u00f3n de fijaci\u00f3n del complemento, la inhibici\u00f3n de la hemaglutinaci\u00f3n y la neutralizaci\u00f3n. No obstante, los dos \u00faltimos constituyen la base del an\u00e1lisis de la respuesta serol\u00f3gica frente a la infecci\u00f3n gripal y permiten determinar la concentraci\u00f3n de anticuerpos frente a los ant\u00edgenos espec\u00edficos de subtipo y de variante.",
            "cite_spans": [],
            "section": "Detecci\u00f3n de la respuesta inmunitaria humoral espec\u00edfica ::: Diagn\u00f3stico virol\u00f3gico de los virus de la gripe",
            "ref_spans": []
        },
        {
            "text": "La reacci\u00f3n de fijaci\u00f3n del complemento se utiliza para determinar anticuerpos frente a la nucleoprote\u00edna de los virus de la gripe, que es altamente conservada, a diferencia de la hemaglutinina, se emplea b\u00e1sicamente para diferenciar en el suero de pacientes la presencia de anticuerpos dirigidos contra los virus de la gripe tipos A y B. Estos ensayos tienen un valor importante en el caso de la circulaci\u00f3n de nuevas variantes antig\u00e9nicas, frente a las que no haya disponibilidad de anticuerpos monoclonales frente a la hemaglutinina, altamente variable en funci\u00f3n de la deriva gen\u00e9tica de los virus gripales. Tambi\u00e9n tiene utilidad en el caso de transmisi\u00f3n de los subtipos del virus de la gripe A entre distintas especies. No obstante, el aumento en el t\u00edtulo de fijaci\u00f3n del complemento despu\u00e9s de una infecci\u00f3n gripal es lento y el ensayo, por s\u00ed solo, tiene una sensibilidad relativamente baja. Por otro lado, este ensayo solamente mide las clases de anticuerpos que est\u00e1n implicadas en la fijaci\u00f3n del complemento.",
            "cite_spans": [],
            "section": "Detecci\u00f3n de la respuesta inmunitaria humoral espec\u00edfica ::: Diagn\u00f3stico virol\u00f3gico de los virus de la gripe",
            "ref_spans": []
        },
        {
            "text": "La inhibici\u00f3n de la hemaglutinaci\u00f3n se usa habitualmente para el diagn\u00f3stico y la tipificaci\u00f3n de los virus de la gripe A y B y para la subtipificaci\u00f3n de los virus de la gripe A (H1 y H3). El t\u00edtulo de anticuerpos presentes en una muestra de suero, calculado mediante esta t\u00e9cnica, se relaciona de manera fidedigna con la protecci\u00f3n o la susceptibilidad del paciente frente a la infecci\u00f3n gripal. Por ello, se utiliza ampliamente para medir la respuesta del paciente a la administraci\u00f3n de la vacuna de la gripe. Sin embargo, la realizaci\u00f3n y la interpretaci\u00f3n de esta t\u00e9cnica son complejas y, frecuentemente, subjetivas, por lo que precisa para su realizaci\u00f3n de personal cualificado. Es por ello muy habitual que esta t\u00e9cnica carezca de reproducibilidad cuando es realizada por distintos laboratorios. Por otro lado, aunque su ventaja m\u00e1s evidente es su elevada especificidad, se contrarresta por la baja sensibilidad.",
            "cite_spans": [],
            "section": "Detecci\u00f3n de la respuesta inmunitaria humoral espec\u00edfica ::: Diagn\u00f3stico virol\u00f3gico de los virus de la gripe",
            "ref_spans": []
        },
        {
            "text": "El principio b\u00e1sico del ensayo de neutralizaci\u00f3n del suero es la inhibici\u00f3n de la replicaci\u00f3n viral mediante anticuerpos espec\u00edficos. Los t\u00edtulos de anticuerpos neutralizantes presentes en el suero del paciente, obtenidos mediante esta t\u00e9cnica, se correlacionan perfectamente con los obtenidos en los ensayos de inhibici\u00f3n de hemaglutinaci\u00f3n. El mayor inconveniente que presenta esta t\u00e9cnica es que los anticuerpos monoclonales utilizados tienen que ser validados a menudo con objeto de comprobar que son capaces de reaccionar frente a las nuevas variantes de virus de la gripe.",
            "cite_spans": [],
            "section": "Detecci\u00f3n de la respuesta inmunitaria humoral espec\u00edfica ::: Diagn\u00f3stico virol\u00f3gico de los virus de la gripe",
            "ref_spans": []
        },
        {
            "text": "Habida cuenta de que todos los virus respiratorios pueden estar implicados en la mayor parte de los cuadros de infecci\u00f3n respiratoria, y que \u00e9stos suelen ocasionar s\u00edntomas bastante inespec\u00edficos, al menos en sus comienzos, la realizaci\u00f3n de un diagn\u00f3stico etiol\u00f3gico es de suma importancia; \u00e9ste puede estar encaminado: a) al tratamiento espec\u00edfico del paciente con el antiviral adecuado, si procede; b) a la toma de las medidas oportunas de aislamiento, o c) a la obtenci\u00f3n de informaci\u00f3n epidemiol\u00f3gica que permita establecer la incidencia de un determinado virus en los diferentes procesos de infecci\u00f3n respiratoria, en funci\u00f3n de la edad de los pacientes o de las variaciones observadas en su distribuci\u00f3n geogr\u00e1fica y estacional.",
            "cite_spans": [],
            "section": "Diagn\u00f3stico de otros virus respiratorios",
            "ref_spans": []
        },
        {
            "text": "El diagn\u00f3stico virol\u00f3gico de la infecci\u00f3n respiratoria depender\u00e1 de la calidad de la muestra, su transporte y las condiciones de conservaci\u00f3n o almacenamiento hasta que es procesada. La muestra de elecci\u00f3n es el aspirado nasofar\u00edngeo, preferiblemente obtenido en los primeros 3 d\u00edas despu\u00e9s del inicio de los s\u00edntomas, dado que contiene abundantes c\u00e9lulas epiteliales y secreciones infectadas. Otras muestras del tracto respiratorio superior que tambi\u00e9n son adecuadas, pero en las que cabe esperar un menor rendimiento, son los exudados nasales o far\u00edngeos, lavados nasales y gargarismos. Para obtener los exudados es recomendable que los hisopos utilizados sean de poli\u00e9ster o cualquier otro material sint\u00e9tico, nunca de algod\u00f3n, alginato de calcio o con v\u00e1stagos de madera.",
            "cite_spans": [],
            "section": "Diagn\u00f3stico de otros virus respiratorios",
            "ref_spans": []
        },
        {
            "text": "En el caso de que el punto de recogida de las muestras y el laboratorio encargado de su procesamiento no est\u00e9n pr\u00f3ximos, \u00e9stas se enviar\u00e1n refrigeradas y en medio de transporte de virus. Los mejores rendimientos se obtienen si las muestras son procesadas 2\u20133 h despu\u00e9s de ser obtenidas para la detecci\u00f3n de ant\u00edgenos virales mediante ensayos de inmunofluorescencia y antes de 48 h para aislamiento de virus en cultivo celular. Cuando las muestras no puedan ser procesadas en el periodo se\u00f1alado, deber\u00e1n conservarse congeladas a \u221280 \u00b0C.",
            "cite_spans": [],
            "section": "Diagn\u00f3stico de otros virus respiratorios",
            "ref_spans": []
        },
        {
            "text": "El elevado n\u00famero de virus que pueden estar involucrados en las enfermedades respiratorias, y su enorme heterogeneidad, hace del diagn\u00f3stico etiol\u00f3gico una labor ardua y condiciona a la utilizaci\u00f3n de t\u00e9cnicas de amplio espectro, que abarquen la detecci\u00f3n de un n\u00famero considerable de virus. Los m\u00e9todos de detecci\u00f3n directos, que permiten el aislamiento del virus en cultivos celulares o determinan la presencia de alguno de sus componentes, ya sean ant\u00edgenos o genes, son los m\u00e1s extendidos en los laboratorios de microbiolog\u00eda cl\u00ednica. Los m\u00e9todos indirectos, basados en la detecci\u00f3n de anticuerpos espec\u00edficos en suero, presentan menor utilidad y est\u00e1n siendo relegados como herramientas de estudio epidemiol\u00f3gico.",
            "cite_spans": [],
            "section": "Diagn\u00f3stico de otros virus respiratorios",
            "ref_spans": []
        },
        {
            "text": "Desde hace m\u00e1s de 50 a\u00f1os se ha utilizado el aislamiento viral en cultivos celulares para establecer un diagn\u00f3stico virol\u00f3gico. Tras la inoculaci\u00f3n de las muestras en diferentes l\u00edneas celulares, se puede observar un efecto citop\u00e1tico que demuestre el crecimiento del virus en dichas c\u00e9lulas. Una vez que \u00e9ste ha crecido, su identificaci\u00f3n se realiza por diferentes m\u00e9todos. En general, el aislamiento viral depende de diferentes factores, entre los que destacan la calidad de la muestra cl\u00ednica y que \u00e9sta sea adecuada, la viabilidad de las l\u00edneas celulares elegidas y los reactivos requeridos en el proceso y la capacitaci\u00f3n t\u00e9cnica del personal que realiza los diferentes procedimientos. Una vez aislados en c\u00e9lulas susceptibles, facilitan estudios posteriores, centrados en la caracterizaci\u00f3n de cepas circulantes, el descubrimiento de nuevos virus o serotipos no esperados y los estudios fenot\u00edpicos de resistencias a antivirales.",
            "cite_spans": [],
            "section": "Aislamiento mediante cultivo",
            "ref_spans": []
        },
        {
            "text": "El aislamiento viral se ha considerado el est\u00e1ndar para la detecci\u00f3n de virus y es el m\u00e9todo de referencia. Sin embargo, desde hace m\u00e1s de una d\u00e9cada los avances tecnol\u00f3gicos en el diagn\u00f3stico han permitido utilizar otras t\u00e9cnicas que incluyen los anticuerpos monoclonales o m\u00e9todos moleculares, que han resultado ser herramientas poderosas a la hora de establecer un diagn\u00f3stico de la infecci\u00f3n viral.",
            "cite_spans": [],
            "section": "Aislamiento mediante cultivo",
            "ref_spans": []
        },
        {
            "text": "La ventaja fundamental del cultivo celular es la confirmaci\u00f3n de la viabilidad y la infectividad del virus y la diferenciaci\u00f3n entre virus capaces de infectar e incapaces de hacerlo. Esta informaci\u00f3n no es posible obtenerla con los m\u00e9todos de amplificaci\u00f3n molecular y los m\u00e9todos antig\u00e9nicos de detecci\u00f3n viral. Adem\u00e1s, se puede estudiar los virus aislados para conocer la sensibilidad a determinados antivirales y la realizaci\u00f3n de estudios fenot\u00edpicos14.",
            "cite_spans": [
                {
                    "start": 454,
                    "end": 456,
                    "mention": "14",
                    "ref_id": "BIBREF5"
                }
            ],
            "section": "Aislamiento mediante cultivo",
            "ref_spans": []
        },
        {
            "text": "La selecci\u00f3n, la recogida, el transporte y la preparaci\u00f3n de las muestras cl\u00ednicas son factores muy importantes que considerar en el aislamiento de los virus en cultivos celulares y, especialmente, en los respiratorios ya que son particularmente fr\u00e1giles.",
            "cite_spans": [],
            "section": "Aislamiento mediante cultivo",
            "ref_spans": []
        },
        {
            "text": "Adem\u00e1s de la carga viral de la muestra, otros factores son el tiempo transcurrido desde la toma de muestra hasta su procesamiento, la temperatura de conservaci\u00f3n y el medio de transporte. El per\u00edodo de excreci\u00f3n viral de los virus respiratorios es, en general, muy corto, por lo que la toma de la muestra debe ser entre las 48 y las 72 h del comienzo de los s\u00edntomas para evitar resultados falsos negativos. Si se sospecha infecci\u00f3n hospitalaria, la muestra del paciente hospitalizado debe ser tomada durante las primeras 24 h del ingreso. La temperatura de conservaci\u00f3n incide en la calidad de la muestra para el aislamiento viral, ya que si la muestra es conservada y transportada a una temperatura mayor de 4 \u00b0C, es posible obtener tambi\u00e9n falsos negativos. Cuando la temperatura disminuye a 0 \u00b0C o incluso \u221220 \u00b0C, la infectividad viral se pierde. Hay diferentes medios de transporte que pueden afectar a la integridad de la part\u00edcula viral por lo que pueden ser recomendados o no para realizar al aislamiento viral. El medio esencial m\u00ednimo (MEM) se considera la mejor alternativa como medio de transporte, al que se a\u00f1aden estabilizadores prote\u00ednicos cuya funci\u00f3n es la protecci\u00f3n de la part\u00edcula viral; el suero bovino fetal, la alb\u00famina bovina y la lactoalb\u00famina son los m\u00e1s comunes. Adem\u00e1s, la adici\u00f3n de antibi\u00f3ticos es obligatoria, para prevenir contaminaciones bacterianas (penicilina y estreptomicina) y fungicidas, para prevenir la contaminaci\u00f3n por hongos, el m\u00e1s com\u00fanmente usado es anfotericina B. El uso de concentraciones altas de estas sustancias puede producir un efecto t\u00f3xico en el cultivo celular.",
            "cite_spans": [],
            "section": "Factores que intervienen en el aislamiento viral",
            "ref_spans": []
        },
        {
            "text": "Las l\u00edneas celulares com\u00fanmente empleadas para el aislamiento de virus respiratorios se detallan a continuaci\u00f3n:\u2022NCI-H292: obtenida a partir de un carcinoma mucoepidermoide de pulm\u00f3n. Puede sustituir a los cultivos primarios de ri\u00f1\u00f3n de mono para el aislamiento de los Paramyxovirus humanos. Adem\u00e1s es sensible a adenovirus y Enterovirus. Crece en medio RPMI-1640 suplementado con 20 \u03bcmol de glutamina, Hepes 25 mmol y el 10% de suero bovino fetal. El medio de inoculaci\u00f3n es RPMI-1640 con 20 \u03bcmol de glutamina y 1,5 \u03bcg/ml de tripsina y antibi\u00f3tico (penicilina 100 U/ml-estreptomicina 100 mg/ml).\u2022HeLa: l\u00ednea celular continua, obtenida de un carcinoma de c\u00e9rvix humano. Es sensible a poliovirus tipo 1 y adenovirus tipo 3. Crece en MEM con amino\u00e1cidos no esenciales y glutamina suplementado con el 10% de suero bovino fetal. El medio tras la inoculaci\u00f3n es MEM con el 2% de suero bovino fetal y antibi\u00f3tico del 0,1% (penicilina 100 U/ml-estreptomicina 100 mg/ml).\u2022HEp-2: l\u00ednea continua, derivada de un carcinoma epidermoide de laringe humano. Es sensible a poliovirus tipo 1, adenovirus tipo 3. Crece en Eagle MEM suplementado con el 10% de suero bovino fetal. El medio tras la inoculaci\u00f3n es Eagle MEM con el 2% de suero bovino fetal y antibi\u00f3tico del 0,1% (penicilina 100 U/ml-estreptomicina 100 mg/ml).\u2022Vero: obtenida en 1952 a partir de un ri\u00f1\u00f3n de un mono verde africano adulto normal. Es sensible a numerosos virus respiratorios. El medio de cultivo empleado es MEM con el 5% de suero bovino fetal y el medio tras la inoculaci\u00f3n es MEM con el 2% de suero bovino fetal y antibi\u00f3tico del 0,1% (penicilina 100 U/ml-estreptomicina 100 mg/ml).\u2022MDCK: l\u00ednea continua obtenida a partir de ri\u00f1\u00f3n de Cocker Spaniel adulto aparentemente normal. Es sensible a los virus de la gripe tipos A y B, ya comentados, y a los adenovirus tipos 4 y 5, Coxsackievirus B5. El medio de cultivo empleado es Eagle MEM suplementado con glutamina 2,5 g/l, Hepes 25 mmol y suero bovino fetal al 5%.\u2022MRC-5: obtenida de pulm\u00f3n normal de un feto masculino de 14 semanas. Se ha descrito que es sensible a numerosos virus respiratorios. Se emplea como medio de cultivo, medio Eagle MEM con amino\u00e1cidos no esenciales y glutamina suplementado con el 10% de suero bovino fetal. El medio tras la inoculaci\u00f3n es Eagle MEM con el 2% de suero bovino fetal y antibi\u00f3tico del 0,1% (penicilina 100 U/ml-estreptomicina 100 mg/ml).\n",
            "cite_spans": [],
            "section": "Principales l\u00edneas celulares para aislamiento de virus respiratorios",
            "ref_spans": []
        },
        {
            "text": "En la tabla 7\nse exponen, para diferentes virus respiratorios, las l\u00edneas celulares y el tiempo necesario para la observaci\u00f3n del efecto citop\u00e1tico en los cultivos convencionales.",
            "cite_spans": [],
            "section": "Crecimiento de los principales virus respiratorios",
            "ref_spans": [
                {
                    "start": 6,
                    "end": 13,
                    "mention": "tabla 7",
                    "ref_id": "TABREF6"
                }
            ]
        },
        {
            "text": "La utilizaci\u00f3n generalizada de m\u00e9todos de amplificaci\u00f3n molecular en la detecci\u00f3n de virus respiratorios ha permitido incrementar de manera considerable el n\u00famero de muestras respiratorias en las que se detecta alguno de los virus respiratorios, y ha contribuido a mejorar el conocimiento de las enfermedades en que est\u00e1n implicados estos virus15, 16. Este hecho es particularmente evidente en virus de dif\u00edcil aislamiento como, por ejemplo, VPI-4, que ha pasado de ser considerado un pat\u00f3geno poco frecuente y causante de infecciones respiratorias leves de v\u00edas superiores a tener una repercusi\u00f3n cl\u00ednica al menos tan importante como la que tienen otros virus incluidos en el diagn\u00f3stico sistem\u00e1tico de la infecci\u00f3n respiratoria de v\u00edas bajas.",
            "cite_spans": [
                {
                    "start": 344,
                    "end": 346,
                    "mention": "15",
                    "ref_id": "BIBREF6"
                },
                {
                    "start": 348,
                    "end": 350,
                    "mention": "16",
                    "ref_id": "BIBREF7"
                }
            ],
            "section": "Amplificaci\u00f3n gen\u00f3mica por t\u00e9cnicas moleculares",
            "ref_spans": []
        },
        {
            "text": "Adem\u00e1s de mejorar el rendimiento en el diagn\u00f3stico, la aplicaci\u00f3n de t\u00e9cnicas moleculares ha permitido identificar nuevos virus relacionados con la afecci\u00f3n respiratoria en seres humanos. En los \u00faltimos a\u00f1os se ha identificado el metapneumovirus humano, el bocavirus humano y tres nuevos coronavirus: CoV-SARS, CoV-NL63 y CoV-HKU117, 18, 19.",
            "cite_spans": [
                {
                    "start": 330,
                    "end": 332,
                    "mention": "17",
                    "ref_id": "BIBREF8"
                },
                {
                    "start": 334,
                    "end": 336,
                    "mention": "18",
                    "ref_id": "BIBREF9"
                },
                {
                    "start": 338,
                    "end": 340,
                    "mention": "19",
                    "ref_id": "BIBREF10"
                }
            ],
            "section": "Amplificaci\u00f3n gen\u00f3mica por t\u00e9cnicas moleculares",
            "ref_spans": []
        },
        {
            "text": "Por otro lado, la secuenciaci\u00f3n de los productos obtenidos en la amplificaci\u00f3n posibilita la realizaci\u00f3n de estudios adicionales de genotipificaci\u00f3n, epidemiolog\u00eda molecular y sensibilidad a determinados antivirales. Sin embargo, la elevada sensibilidad de los ensayos de amplificaci\u00f3n de \u00e1cidos nucleicos tambi\u00e9n ha aportado algunos inconvenientes, como la frecuente detecci\u00f3n de virus en personas asintom\u00e1ticas, as\u00ed como la detecci\u00f3n prolongada de virus en pacientes que ya est\u00e1n recuperados de una infecci\u00f3n respiratoria pasada. Sin duda, el gran reto que plantean las infecciones virales respiratorias no es otro que poder determinar si un virus detectado en el tracto respiratorio es el causante de la afecci\u00f3n respiratoria.",
            "cite_spans": [],
            "section": "Amplificaci\u00f3n gen\u00f3mica por t\u00e9cnicas moleculares",
            "ref_spans": []
        },
        {
            "text": "Un hallazgo particularmente com\u00fan en las infecciones virales respiratorias es la relativa frecuencia con la que se observan las denominadas infecciones dobles, coinfecciones o infecciones por m\u00faltiples virus. En efecto, la detecci\u00f3n de dos (o m\u00e1s) agentes virales en un mismo proceso respiratorio puede interpretarse como infecci\u00f3n doble (m\u00faltiple) de las c\u00e9lulas del tracto respiratorio; sin embargo, tambi\u00e9n deber\u00eda contemplarse la posibilidad de que s\u00f3lo uno de los virus sea el verdadero causante del s\u00edndrome y el segundo (o el resto) refleje una colonizaci\u00f3n asintom\u00e1tica del tracto respiratorio. Por lo tanto, ser\u00eda m\u00e1s preciso hablar de codetecci\u00f3n o detecci\u00f3n m\u00faltiple de virus en una misma muestra respiratoria. Las infecciones respiratorias atribuidas a m\u00e1s de un agente viral no es un fen\u00f3meno que haya surgido con la generalizaci\u00f3n de las t\u00e9cnicas moleculares en los laboratorios de microbiolog\u00eda diagn\u00f3stica. Se admite que, con independencia de la utilizaci\u00f3n de la PCR, el porcentaje de estas infecciones aumenta proporcionalmente con el n\u00famero de m\u00e9todos empleados para realizar el diagn\u00f3stico20. Una opci\u00f3n m\u00e1s que plausible para tratar de determinar la verdadera implicaci\u00f3n de un virus en la afecci\u00f3n respiratoria podr\u00eda ser su cuantificaci\u00f3n en las muestras respiratorias mediante t\u00e9cnicas de PCR en tiempo real. No obstante, debemos ser conscientes de los problemas que plantea este tipo de muestras, muy variables en lo que respecta a localizaci\u00f3n, cantidad de muestra obtenida y homogeneidad.",
            "cite_spans": [
                {
                    "start": 1109,
                    "end": 1111,
                    "mention": "20",
                    "ref_id": "BIBREF12"
                }
            ],
            "section": "Amplificaci\u00f3n gen\u00f3mica por t\u00e9cnicas moleculares",
            "ref_spans": []
        },
        {
            "text": "En la PCR en tiempo real, los procesos de amplificaci\u00f3n y detecci\u00f3n se producen de manera simult\u00e1nea en el propio tubo de reacci\u00f3n. La detecci\u00f3n de los productos amplificados se produce mediante detecci\u00f3n de fluorescencia, que es proporcional a la cantidad de ADN que se vaya sintetizando. La fluorescencia en una reacci\u00f3n puede ser debida al empleo de agentes intercalantes, que aumentan notablemente la emisi\u00f3n de fluorescencia cuando se unen al ADN bicatenario, o bien sondas marcadas con fluorocromos. Adem\u00e1s de la rapidez y la disminuci\u00f3n del riesgo de contaminaci\u00f3n por productos de amplificaci\u00f3n, los sistemas de PCR en tiempo real permiten cuantificar, de manera sencilla, la concentraci\u00f3n inicial de ADN o ARN presente en una muestra cl\u00ednica. Para ello, s\u00f3lo se necesita incluir unos controles externos con concentraciones conocidas y crecientes del ADN diana para generar una curva patr\u00f3n.",
            "cite_spans": [],
            "section": "Amplificaci\u00f3n gen\u00f3mica por t\u00e9cnicas moleculares",
            "ref_spans": []
        },
        {
            "text": "Aunque la comercializaci\u00f3n de sistemas de PCR en tiempo real para el diagn\u00f3stico de virus respiratorios se limita, en el mejor de los casos, como ya se ha expuesto, al virus de la gripe A, particularmente el subtipo H5N1, y CoV-SARS, comienzan a aparecer en el mercado kits para los dem\u00e1s virus respiratorios que, con respecto a los m\u00e9todos \u00abcaseros\u00bb, y de manera generalizada, representan una garant\u00eda en lo que concierne a correctas evaluaci\u00f3n, estandarizaci\u00f3n y actualizaci\u00f3n de los oligonucle\u00f3tidos y sondas utilizados. Estos kits suelen incorporar, adem\u00e1s, un control interno de reacci\u00f3n para evitar los falsos negativos por sustancias inhibidoras de la ADN polimerasa en las muestras respiratorias21, 22.",
            "cite_spans": [
                {
                    "start": 703,
                    "end": 705,
                    "mention": "21",
                    "ref_id": "BIBREF13"
                },
                {
                    "start": 707,
                    "end": 709,
                    "mention": "22",
                    "ref_id": "BIBREF14"
                }
            ],
            "section": "Amplificaci\u00f3n gen\u00f3mica por t\u00e9cnicas moleculares",
            "ref_spans": []
        },
        {
            "text": "Una limitaci\u00f3n importante de los m\u00e9todos de PCR en tiempo real es la detecci\u00f3n m\u00faltiple. En este sentido los biochips de ADN ofrecen unas posibilidades sin precedentes; sin embargo, la sensibilidad de estas t\u00e9cnicas a\u00fan no es comparable con los m\u00e9todos tradicionales de amplificaci\u00f3n m\u00faltiple. La aportaci\u00f3n m\u00e1s novedosa al diagn\u00f3stico de infecci\u00f3n respiratoria est\u00e1 llegando de la mano de los denominados chips de ADN en fase l\u00edquida. En estos sistemas la accesibilidad de las sondas nucleot\u00eddicas se ha mejorado de manera que se ha incrementado la sensibilidad de la t\u00e9cnica, como demuestran varios estudios publicados recientemente.",
            "cite_spans": [],
            "section": "Amplificaci\u00f3n gen\u00f3mica por t\u00e9cnicas moleculares",
            "ref_spans": []
        }
    ],
    "ref_entries": {
        "TABREF0": {
            "text": "Tabla 1: Diferentes virus distribuidos por familias y g\u00e9neros relacionados con s\u00edndromes respiratorios en el ser humano\n",
            "type": "table"
        },
        "TABREF1": {
            "text": "Tabla 2: Etiolog\u00eda viral de los s\u00edndromes respiratorios m\u00e1s frecuentemente documentados en adultos\n",
            "type": "table"
        },
        "TABREF2": {
            "text": "Tabla 3: Etiolog\u00eda viral de los s\u00edndromes respiratorios m\u00e1s frecuentemente documentados en ni\u00f1os\n",
            "type": "table"
        },
        "TABREF3": {
            "text": "Tabla 4: Diferentes pruebas de detecci\u00f3n r\u00e1pida de ant\u00edgenos disponibles para virus gripales, con alusi\u00f3n a sus caracter\u00edsticas operacionales intr\u00ednsecas\n",
            "type": "table"
        },
        "TABREF4": {
            "text": "Tabla 5: Caracter\u00edsticas de los m\u00e9todos moleculares disponibles para la detecci\u00f3n de virus gripales\n",
            "type": "table"
        },
        "TABREF5": {
            "text": "Tabla 6: Ensayos comerciales para la detecci\u00f3n de virus gripales mediante amplificaci\u00f3n gen\u00f3mica a tiempo real\n",
            "type": "table"
        },
        "TABREF6": {
            "text": "Tabla 7: Virus respiratorios, l\u00edneas celulares y tiempo de observaci\u00f3n de efectos citop\u00e1ticos\n",
            "type": "table"
        }
    },
    "back_matter": [],
    "bib_entries": {
        "BIBREF0": {
            "title": "Influenza prevention and treatment: current practices and new horizons",
            "authors": [
                {
                    "first": "R.B.",
                    "middle": [],
                    "last": "Belshe",
                    "suffix": ""
                }
            ],
            "year": 1999,
            "venue": "Ann Intern Med",
            "volume": "131",
            "issn": "",
            "pages": "621-624",
            "other_ids": {
                "DOI": []
            }
        },
        "BIBREF1": {
            "title": "Characterization and complete genome sequence of a novel coronavirus, coronavirus HKU1, from patients with pneumonia",
            "authors": [
                {
                    "first": "P.C.",
                    "middle": [],
                    "last": "Woo",
                    "suffix": ""
                },
                {
                    "first": "S.K.",
                    "middle": [],
                    "last": "Lau",
                    "suffix": ""
                },
                {
                    "first": "C.M.",
                    "middle": [],
                    "last": "Chu",
                    "suffix": ""
                },
                {
                    "first": "K.H.",
                    "middle": [],
                    "last": "Chan",
                    "suffix": ""
                },
                {
                    "first": "H.W.",
                    "middle": [],
                    "last": "Tsoi",
                    "suffix": ""
                },
                {
                    "first": "Y.",
                    "middle": [],
                    "last": "Huang",
                    "suffix": ""
                }
            ],
            "year": 2005,
            "venue": "J Virol",
            "volume": "79",
            "issn": "",
            "pages": "884-895",
            "other_ids": {
                "DOI": []
            }
        },
        "BIBREF2": {
            "title": "Antiviral management of seasonal and pandemic influenza",
            "authors": [
                {
                    "first": "F.G.",
                    "middle": [],
                    "last": "Hayden",
                    "suffix": ""
                },
                {
                    "first": "A.T.",
                    "middle": [],
                    "last": "Pavia",
                    "suffix": ""
                }
            ],
            "year": 2006,
            "venue": "J Infect Dis",
            "volume": "194",
            "issn": "Suppl 2",
            "pages": "S119-S126",
            "other_ids": {
                "DOI": []
            }
        },
        "BIBREF3": {
            "title": "Detection of amantadine-resistant influenza A virus strains in nursing homes by PCR-restriction fragment length polymorphism analysis with nasopharyngeal swabs",
            "authors": [
                {
                    "first": "R.",
                    "middle": [],
                    "last": "Saito",
                    "suffix": ""
                },
                {
                    "first": "H.",
                    "middle": [],
                    "last": "Oshitani",
                    "suffix": ""
                },
                {
                    "first": "H.",
                    "middle": [],
                    "last": "Masuda",
                    "suffix": ""
                },
                {
                    "first": "H.",
                    "middle": [],
                    "last": "Suzuki",
                    "suffix": ""
                }
            ],
            "year": 2002,
            "venue": "J Clin Microbiol",
            "volume": "40",
            "issn": "",
            "pages": "84-88",
            "other_ids": {
                "DOI": []
            }
        },
        "BIBREF4": {
            "title": "A simple restriction fragment length polymorphism-based strategy that can distinguish the internal genes of human H1N1, H3N2, and H5N1 influenza A viruses",
            "authors": [
                {
                    "first": "L.A.",
                    "middle": [],
                    "last": "Cooper",
                    "suffix": ""
                },
                {
                    "first": "K.",
                    "middle": [],
                    "last": "Subbarao",
                    "suffix": ""
                }
            ],
            "year": 2000,
            "venue": "J Clin Microbiol",
            "volume": "38",
            "issn": "",
            "pages": "2579-2583",
            "other_ids": {
                "DOI": []
            }
        },
        "BIBREF5": {
            "title": "Role of cell culture for virus detection in the age of technology",
            "authors": [
                {
                    "first": "D.S.",
                    "middle": [],
                    "last": "Leland",
                    "suffix": ""
                },
                {
                    "first": "C.",
                    "middle": [],
                    "last": "Ginocchio",
                    "suffix": ""
                }
            ],
            "year": 2007,
            "venue": "Clin Microbiol Rev",
            "volume": "20",
            "issn": "",
            "pages": "49-78",
            "other_ids": {
                "DOI": []
            }
        },
        "BIBREF6": {
            "title": "Molecular techniques should now replace cell culture in diagnostic virology laboratories",
            "authors": [
                {
                    "first": "B.",
                    "middle": [],
                    "last": "Carman",
                    "suffix": ""
                }
            ],
            "year": 2001,
            "venue": "Rev Med Virol",
            "volume": "11",
            "issn": "",
            "pages": "347-349",
            "other_ids": {
                "DOI": []
            }
        },
        "BIBREF7": {
            "title": "Development of a respiratory virus panel test for detection of twenty human respiratory viruses by use of multiplex PCR and a fluid microbead-based assay",
            "authors": [
                {
                    "first": "J.",
                    "middle": [],
                    "last": "Mahony",
                    "suffix": ""
                },
                {
                    "first": "S.",
                    "middle": [],
                    "last": "Chong",
                    "suffix": ""
                },
                {
                    "first": "F.",
                    "middle": [],
                    "last": "Merante",
                    "suffix": ""
                },
                {
                    "first": "S.",
                    "middle": [],
                    "last": "Yaghoubian",
                    "suffix": ""
                },
                {
                    "first": "T.",
                    "middle": [],
                    "last": "Sinha",
                    "suffix": ""
                },
                {
                    "first": "C.",
                    "middle": [],
                    "last": "Lisle",
                    "suffix": ""
                }
            ],
            "year": 2007,
            "venue": "J Clin Microbiol",
            "volume": "45",
            "issn": "",
            "pages": "2965-2970",
            "other_ids": {
                "DOI": []
            }
        },
        "BIBREF8": {
            "title": "Human bocavirus and acute wheezing in children",
            "authors": [
                {
                    "first": "T.",
                    "middle": [],
                    "last": "Allander",
                    "suffix": ""
                },
                {
                    "first": "T.",
                    "middle": [],
                    "last": "Jartti",
                    "suffix": ""
                },
                {
                    "first": "S.",
                    "middle": [],
                    "last": "Gupta",
                    "suffix": ""
                },
                {
                    "first": "H.G.",
                    "middle": [],
                    "last": "Niesters",
                    "suffix": ""
                },
                {
                    "first": "P.",
                    "middle": [],
                    "last": "Lehtinen",
                    "suffix": ""
                },
                {
                    "first": "R.",
                    "middle": [],
                    "last": "Osterback",
                    "suffix": ""
                }
            ],
            "year": 2007,
            "venue": "Clin Infect Dis",
            "volume": "44",
            "issn": "",
            "pages": "904-910",
            "other_ids": {
                "DOI": []
            }
        },
        "BIBREF9": {
            "title": "Human Metapneumovirus bronquiolitis in infancy is an important risk factor for asthma at age 5",
            "authors": [
                {
                    "first": "M.L.",
                    "middle": [],
                    "last": "Garc\u00eda-Garc\u00eda",
                    "suffix": ""
                },
                {
                    "first": "C.",
                    "middle": [],
                    "last": "Calvo",
                    "suffix": ""
                },
                {
                    "first": "I.",
                    "middle": [],
                    "last": "Casas",
                    "suffix": ""
                },
                {
                    "first": "T.",
                    "middle": [],
                    "last": "Bracamonte",
                    "suffix": ""
                },
                {
                    "first": "A.",
                    "middle": [],
                    "last": "Rell\u00e1n",
                    "suffix": ""
                },
                {
                    "first": "F.",
                    "middle": [],
                    "last": "Gozalo",
                    "suffix": ""
                }
            ],
            "year": 2007,
            "venue": "Pediatric Pulmonol",
            "volume": "42",
            "issn": "",
            "pages": "458-464",
            "other_ids": {
                "DOI": []
            }
        },
        "BIBREF10": {
            "title": "The novel human coronaviruses NL63 and HKU1",
            "authors": [
                {
                    "first": "K.",
                    "middle": [],
                    "last": "Pyrc",
                    "suffix": ""
                },
                {
                    "first": "B.",
                    "middle": [],
                    "last": "Berkhout",
                    "suffix": ""
                },
                {
                    "first": "L.",
                    "middle": [],
                    "last": "Van der Hoek",
                    "suffix": ""
                }
            ],
            "year": 2007,
            "venue": "J Virol",
            "volume": "81",
            "issn": "",
            "pages": "3051-3057",
            "other_ids": {
                "DOI": []
            }
        },
        "BIBREF11": {
            "title": "",
            "authors": [],
            "year": null,
            "venue": "",
            "volume": "",
            "issn": "",
            "pages": null,
            "other_ids": {
                "DOI": []
            }
        },
        "BIBREF12": {
            "title": "Dual respiratory virus infections",
            "authors": [
                {
                    "first": "A.L.",
                    "middle": [],
                    "last": "Drews",
                    "suffix": ""
                },
                {
                    "first": "R.L.",
                    "middle": [],
                    "last": "Atmar",
                    "suffix": ""
                },
                {
                    "first": "W.P.",
                    "middle": [],
                    "last": "Glezen",
                    "suffix": ""
                },
                {
                    "first": "B.D.",
                    "middle": [],
                    "last": "Baxter",
                    "suffix": ""
                },
                {
                    "first": "P.A.",
                    "middle": [],
                    "last": "Piedra",
                    "suffix": ""
                },
                {
                    "first": "S.B.",
                    "middle": [],
                    "last": "Greenberg",
                    "suffix": ""
                }
            ],
            "year": 1997,
            "venue": "Clin Infect Dis",
            "volume": "25",
            "issn": "",
            "pages": "1421-1429",
            "other_ids": {
                "DOI": []
            }
        },
        "BIBREF13": {
            "title": "MultiCode-PLx system for multiplexed detection of seventeen respiratory viruses",
            "authors": [
                {
                    "first": "F.S.",
                    "middle": [],
                    "last": "Nolte",
                    "suffix": ""
                },
                {
                    "first": "D.J.",
                    "middle": [],
                    "last": "Marshall",
                    "suffix": ""
                },
                {
                    "first": "C.",
                    "middle": [],
                    "last": "Rasberry",
                    "suffix": ""
                },
                {
                    "first": "S.",
                    "middle": [],
                    "last": "Schievelbein",
                    "suffix": ""
                },
                {
                    "first": "G.G.",
                    "middle": [],
                    "last": "Banks",
                    "suffix": ""
                },
                {
                    "first": "G.A.",
                    "middle": [],
                    "last": "Storch",
                    "suffix": ""
                }
            ],
            "year": 2007,
            "venue": "J Clin Microbiol",
            "volume": "45",
            "issn": "",
            "pages": "2779-2786",
            "other_ids": {
                "DOI": []
            }
        },
        "BIBREF14": {
            "title": "Molecular techniques should not now replace cell culture in diagnostic virology laboratories",
            "authors": [
                {
                    "first": "M.",
                    "middle": [],
                    "last": "Ogilvie",
                    "suffix": ""
                }
            ],
            "year": 2001,
            "venue": "Rev Med Virol",
            "volume": "11",
            "issn": "",
            "pages": "351-354",
            "other_ids": {
                "DOI": []
            }
        },
        "BIBREF15": {
            "title": "",
            "authors": [],
            "year": null,
            "venue": "",
            "volume": "",
            "issn": "",
            "pages": null,
            "other_ids": {
                "DOI": []
            }
        },
        "BIBREF16": {
            "title": "Evaluation of the Hexaplex assay for detection of respiratory viruses in children",
            "authors": [
                {
                    "first": "S.C.",
                    "middle": [],
                    "last": "Kehl",
                    "suffix": ""
                },
                {
                    "first": "K.J.",
                    "middle": [],
                    "last": "Henrickson",
                    "suffix": ""
                },
                {
                    "first": "W.",
                    "middle": [],
                    "last": "Hua",
                    "suffix": ""
                },
                {
                    "first": "J.",
                    "middle": [],
                    "last": "Fan",
                    "suffix": ""
                }
            ],
            "year": 2001,
            "venue": "J Clin Microbiol",
            "volume": "39",
            "issn": "",
            "pages": "1696-1701",
            "other_ids": {
                "DOI": []
            }
        },
        "BIBREF17": {
            "title": "Comparison of the MChip to viral culture, reverse transcription-PCR, and the QuickVue influenza A+B test for rapid diagnosis of influenza",
            "authors": [
                {
                    "first": "M.",
                    "middle": [],
                    "last": "Mehlmann",
                    "suffix": ""
                },
                {
                    "first": "A.B.",
                    "middle": [],
                    "last": "Bonner",
                    "suffix": ""
                },
                {
                    "first": "J.V.",
                    "middle": [],
                    "last": "Williams",
                    "suffix": ""
                },
                {
                    "first": "D.M.",
                    "middle": [],
                    "last": "Dankbar",
                    "suffix": ""
                },
                {
                    "first": "C.L.",
                    "middle": [],
                    "last": "Moore",
                    "suffix": ""
                },
                {
                    "first": "R.D.",
                    "middle": [],
                    "last": "Kuchta",
                    "suffix": ""
                }
            ],
            "year": 2007,
            "venue": "J Clin Microbiol",
            "volume": "45",
            "issn": "",
            "pages": "1234-1237",
            "other_ids": {
                "DOI": []
            }
        },
        "BIBREF18": {
            "title": "Experimental evaluation of the FluChip diagnostic microarray for influenza virus surveillance",
            "authors": [
                {
                    "first": "M.B.",
                    "middle": [],
                    "last": "Townsend",
                    "suffix": ""
                },
                {
                    "first": "E.D.",
                    "middle": [],
                    "last": "Dawson",
                    "suffix": ""
                },
                {
                    "first": "M.",
                    "middle": [],
                    "last": "Mehlmann",
                    "suffix": ""
                },
                {
                    "first": "J.A.",
                    "middle": [],
                    "last": "Smagala",
                    "suffix": ""
                },
                {
                    "first": "D.M.",
                    "middle": [],
                    "last": "Dankbar",
                    "suffix": ""
                },
                {
                    "first": "C.L.",
                    "middle": [],
                    "last": "Moore",
                    "suffix": ""
                }
            ],
            "year": 2006,
            "venue": "J Clin Microbiol",
            "volume": "44",
            "issn": "",
            "pages": "2863-2871",
            "other_ids": {
                "DOI": []
            }
        },
        "BIBREF19": {
            "title": "Simultaneous detection and high-throughput identification of a panel of RNA viruses causing respiratory tract infections",
            "authors": [
                {
                    "first": "H.",
                    "middle": [],
                    "last": "Li",
                    "suffix": ""
                },
                {
                    "first": "M.A.",
                    "middle": [],
                    "last": "McCormac",
                    "suffix": ""
                },
                {
                    "first": "R.W.",
                    "middle": [],
                    "last": "Estes",
                    "suffix": ""
                },
                {
                    "first": "S.E.",
                    "middle": [],
                    "last": "Sefers",
                    "suffix": ""
                },
                {
                    "first": "R.K.",
                    "middle": [],
                    "last": "Dare",
                    "suffix": ""
                },
                {
                    "first": "J.D.",
                    "middle": [],
                    "last": "Chappell",
                    "suffix": ""
                }
            ],
            "year": 2007,
            "venue": "J Clin Microbiol",
            "volume": "45",
            "issn": "",
            "pages": "2105-2109",
            "other_ids": {
                "DOI": []
            }
        },
        "BIBREF20": {
            "title": "Identification of a new human coronavirus",
            "authors": [
                {
                    "first": "L.",
                    "middle": [],
                    "last": "Van der Hoek",
                    "suffix": ""
                },
                {
                    "first": "K.",
                    "middle": [],
                    "last": "Pyrc",
                    "suffix": ""
                },
                {
                    "first": "M.F.",
                    "middle": [],
                    "last": "Jebbink",
                    "suffix": ""
                },
                {
                    "first": "W.",
                    "middle": [],
                    "last": "Vermeulen-Oost",
                    "suffix": ""
                },
                {
                    "first": "R.J.",
                    "middle": [],
                    "last": "Berkhout",
                    "suffix": ""
                },
                {
                    "first": "K.C.",
                    "middle": [],
                    "last": "Wolthers",
                    "suffix": ""
                }
            ],
            "year": 2004,
            "venue": "Nat Med",
            "volume": "10",
            "issn": "",
            "pages": "368-373",
            "other_ids": {
                "DOI": []
            }
        },
        "BIBREF21": {
            "title": "A newly discovered human pneumovirus isolated from young children with respiratory tract disease",
            "authors": [
                {
                    "first": "B.G.",
                    "middle": [],
                    "last": "Van den Hoogen",
                    "suffix": ""
                },
                {
                    "first": "J.C.",
                    "middle": [],
                    "last": "De Jong",
                    "suffix": ""
                },
                {
                    "first": "J.",
                    "middle": [],
                    "last": "Groen",
                    "suffix": ""
                },
                {
                    "first": "T.",
                    "middle": [],
                    "last": "Kuiken",
                    "suffix": ""
                },
                {
                    "first": "R.",
                    "middle": [],
                    "last": "De Groot",
                    "suffix": ""
                },
                {
                    "first": "R.A.",
                    "middle": [],
                    "last": "Fouchier",
                    "suffix": ""
                }
            ],
            "year": 2001,
            "venue": "Nat Med",
            "volume": "7",
            "issn": "",
            "pages": "719-724",
            "other_ids": {
                "DOI": []
            }
        }
    }
}