{
    "paper_id": "PMC7102367",
    "metadata": {
        "title": "\u201eOff-label use\u201c in der Herzchirurgie",
        "authors": [
            {
                "first": "H.",
                "middle": [],
                "last": "Fenger",
                "suffix": "",
                "email": "dr.fenger@moeller-post-fenger.de",
                "affiliation": {}
            },
            {
                "first": "A.",
                "middle": [],
                "last": "L\u00f6her",
                "suffix": "",
                "email": null,
                "affiliation": {}
            },
            {
                "first": "J.R.",
                "middle": [],
                "last": "Sindermann",
                "suffix": "",
                "email": null,
                "affiliation": {}
            },
            {
                "first": "H.H.",
                "middle": [],
                "last": "Scheld",
                "suffix": "",
                "email": null,
                "affiliation": {}
            },
            {
                "first": "C.",
                "middle": [],
                "last": "Schmidt",
                "suffix": "",
                "email": null,
                "affiliation": {}
            },
            {
                "first": "A.",
                "middle": [],
                "last": "Hoffmeier",
                "suffix": "",
                "email": null,
                "affiliation": {}
            }
        ]
    },
    "body_text": [
        {
            "text": "Fertigarzneimittel d\u00fcrfen in Deutschland nur dann in den Verkehr gebracht werden, wenn das Bundesinstitut f\u00fcr Arzneimittel und Medizinprodukte in Bonn eine Zulassung erteilt hat oder eine Europ\u00e4ische Zulassung f\u00fcr das Inverkehrbringen vorliegt. Die Zulassung betrifft Indikation, Darreichungsform, Anwendungsart und Dosierung des Arzneimittels. Sollen eine \u00c4nderung oder Erweiterung der Indikation bzw. der Darreichungsform vorgenommen werden, sind weitere Erkenntnisse aus klinischen Pr\u00fcfungen f\u00fcr eine erneute Nutzen-Risiko-Bewertung bei der zust\u00e4ndigen Zulassungsbeh\u00f6rde vorzulegen. Hier wird dann auf dieser Grundlage \u00fcber eine Erweiterung der Zulassung entschieden. Gleichwohl kommt es in der t\u00e4glichen Praxis immer wieder zu Situationen, in denen ein zugelassenes Arzneimittel in einem Anwendungsgebiet zum Einsatz kommen soll, auf das sich die Zulassung gerade nicht erstreckt.",
            "cite_spans": [],
            "section": "Rechtliche Rahmenbedingungen",
            "ref_spans": []
        },
        {
            "text": "F\u00fcr diese Situation existieren keine gesetzlichen Grundlagen oder Definitionen. Der anwendende Arzt befindet sich gleichwohl nicht in einem rechtsfreien Raum. Er muss eine Reihe rechtlicher Rahmenbedingungen beachten und sich dementsprechend verhalten.",
            "cite_spans": [],
            "section": "Rechtliche Rahmenbedingungen",
            "ref_spans": []
        },
        {
            "text": "Nach der Rechtsprechung des Bundessozialgerichts ist der \u201eoff-label use\u201c als zul\u00e4ssig angesehen worden, wennes um die Behandlung einer schwerwiegenden Erkrankung geht,keine andere Therapie verf\u00fcgbar ist undaufgrund der Datenlage die begr\u00fcndete Aussicht besteht, dass mit dem betreffenden Pr\u00e4parat ein Behandlungserfolg kurativ oder palliativ erzielt werden kann.\n",
            "cite_spans": [],
            "section": "Rechtliche Rahmenbedingungen",
            "ref_spans": []
        },
        {
            "text": "Insbesondere nach der letzten Voraussetzung m\u00fcssen Forschungsergebnisse vorliegen, welche die Erwartung begr\u00fcnden, dass das Arzneimittel f\u00fcr die betreffende Indikation zugelassen werden kann. Davon kann ausgegangen werden, wennentweder die Erweiterung der Zulassung bereits beantragt ist,die Ergebnisse einer kontrollierten klinischen Pr\u00fcfung der Phase III (gegen\u00fcber Standard oder Placebo) ver\u00f6ffentlicht sind und eine klinisch relevante Wirksamkeit respektive ein klinisch relevanter Nutzen bei vertretbaren Risiken vorliegen oderau\u00dferhalb des Zulassungsverfahrens gewonnene Erkenntnisse ver\u00f6ffentlicht wurden, die \u00fcber Qualit\u00e4t und Wirksamkeit des Arzneimittels in dem neuen Anwendungsgebiet zuverl\u00e4ssige, wissenschaftlich nachpr\u00fcfbare Aussagen zulassen und aufgrund dieser in den einschl\u00e4gigen Fachkreisen Konsens \u00fcber einen voraussichtlichen Nutzen in dem vorgenannten Sinn besteht [1].\n",
            "cite_spans": [
                {
                    "start": 888,
                    "end": 889,
                    "mention": "1",
                    "ref_id": "BIBREF0"
                }
            ],
            "section": "Rechtliche Rahmenbedingungen",
            "ref_spans": []
        },
        {
            "text": "Auch das Bundesverfassungsgericht h\u00e4lt den \u201eoff-label use\u201c f\u00fcr zul\u00e4ssig. Ein Patient wurde bei einer lebensbedrohlichen chronischen Lungenerkrankung mit Ilomedin behandelt. Dieses Medikament war f\u00fcr die vorgesehene Indikation nicht zugelassen. Deshalb verweigerte die Krankenkasse die Kosten\u00fcbernahme. Der Patient versuchte auf dem Wege einer einstweiligen Anordnung eine Kosten\u00fcbernahme zu erreichen, was jedoch von den Instanzgerichten abgelehnt wurde. Das Bundesverfassungsgericht hob diese Entscheidungen auf [2]. In seiner Begr\u00fcndung wies es auf die Bedeutung des Art. 2 Abs. 2, Satz 1 Grundgesetz hin. Leben und k\u00f6rperliche Unversehrtheit haben danach einen hohen Rang. Hieraus folgerte das Gericht die Pflicht der staatlichen Organe, sich sch\u00fctzend und f\u00f6rdernd f\u00fcr die Rechtsg\u00fcter des Lebens und der k\u00f6rperlichen Unversehrtheit einzusetzen. Das Bundesverfassungsgericht hat in einer sp\u00e4teren Entscheidung zu einem vergleichbaren Fall diese Entscheidung best\u00e4tigt [3].",
            "cite_spans": [
                {
                    "start": 514,
                    "end": 515,
                    "mention": "2",
                    "ref_id": "BIBREF6"
                },
                {
                    "start": 972,
                    "end": 973,
                    "mention": "3",
                    "ref_id": "BIBREF7"
                }
            ],
            "section": "Rechtliche Rahmenbedingungen",
            "ref_spans": []
        },
        {
            "text": "\nNO, Stickstoff-Monoxid. Der Klassiker schlechthin: Es liegt lediglich eine Zulassung zur Behandlung des fr\u00fchkindlichen Lungenschadens und keine f\u00fcr die Behandlung des \u201eacute respiratory distress syndrome\u201c (ARDS) vor. Eine solche Zulassung ist nach den Ergebnissen der verschiedenen Studien des ARDS-NET auch niemals beantragt worden. Ebenso liegt keine Zulassung zur Senkung des pulmonal-vaskul\u00e4ren Widerstands bei rechtsventrikul\u00e4rer Dysfunktion vor. Jede NO-Applikation mit dieser Indikation stellt einen Heilversuch dar.Levosimendan. Levosimendan ist indiziert zur Kurzzeitbehandlung der akut dekompensierten, schweren chronischen Herzinsuffizienz (\u201eacutely decompensated severe chronic heart failure\u201c, ADHF) in Situationen, in denen eine konventionelle Therapie nicht ausreichend ist und eine Therapie mit inotrop wirkenden Substanzen geeignet erscheint. Nach neueren Zulassungskriterien wird zwischen isch\u00e4mischer oder dilatativer Kardiomyopathie keine Unterscheidung mehr vorgenommen. Levosimendan wurde im Jahr 2000 in Schweden als weltweit erstem Land zugelassen, 2001 folgte die Zulassung in anderen europ\u00e4ischen L\u00e4ndern. In Deutschland ist \u00fcber den Antrag derzeit noch nicht entschieden. Indikationen wie Rechtsherzversagen, postisch\u00e4misches Stunning, Weaning vom kardiopulmonalen Bypass oder Herztransplantation stellen generell Heilversuche dar.Iloprost. Die einzig belegte Indikation f\u00fcr dieses Medikament ist die fortgeschrittene Thromboangiitis obliterans (Buerger-Krankheit) mit schweren Durchblutungsst\u00f6rungen in F\u00e4llen, bei denen eine Revaskularisierung nicht indiziert ist. Bei solchen Patienten wird Iloprost intraven\u00f6s appliziert. Zur Senkung pulmonal-vaskul\u00e4rer Widerst\u00e4nde liegt keine Zulassung vor, ebenso nicht f\u00fcr die inhalative Anwendung der Substanz. Auch hier handelt es sich definitiv um kritischen \u201eoff-label use\u201c.Aprotinin (Trasylol\u00ae). Das Bundesinstitut f\u00fcr Arzneimittel und Medizinprodukte hat am 5. November 2007 die Zulassung f\u00fcr das Aprotinin-haltige Medikament Trasylol\u00ae der Firma Bayer ausgesetzt. Trasylol\u00ae war bis zu diesem Tag in Deutschland als Infusionsl\u00f6sung zur Verminderung von starken Blutverlusten bei Patienten mit erh\u00f6htem Blutungsrisiko bei herzchirurgischen Eingriffen zugelassen. Der Grund besteht in den vorl\u00e4ufigen Ergebnissen einer kanadischen klinischen Studie [4], da deren Zwischenanalyse zeigte, dass massive Blutungen in der mit Aprotinin behandelten Patientengruppe zwar seltener auftraten, die 30-Tage-Sterblichkeit jedoch erh\u00f6ht war. Alternativ verwenden nun viele herzchirurgische Kliniken als Infusionsl\u00f6sung die Substanz Tranexams\u00e4ure (Cyklokapron\u00ae), die bislang keine Zulassung f\u00fcr diese Indikation hat.Clopidogrel (Plavix\u00ae; Iscover\u00ae). Obwohl heute die kombinierte Gabe von Azetylsalizyls\u00e4ure (ASS) und Clopidogrel den Standard in der Nachbehandlung bei koronarer Stentimplantation darstellt, hat Clopidogrel in der Tat keine Zulassung f\u00fcr diese Indikation. Aufgrund der erdr\u00fcckenden Studienlage im Zusammenhang mit Thrombozytenaggregationshemmern muss heute die Kombination aus ASS und Clopidogrel zur Vermeidung einer (sub)akuten Stentthrombose verschrieben werden \u2013 auch wenn es nicht den formalen Vorschriften im Gesundheitswesen entspricht.\n",
            "cite_spans": [
                {
                    "start": 2321,
                    "end": 2322,
                    "mention": "4",
                    "ref_id": "BIBREF8"
                }
            ],
            "section": "Beispielhafte F\u00e4lle des \u201eoff-label use\u201c in der Herzchirurgie",
            "ref_spans": []
        },
        {
            "text": "Angesichts der strengen Voraussetzungen k\u00f6nnte sich der Behandler auf den vordergr\u00fcndig nachvollziehbaren Standpunkt stellen, vom \u201eoff-label use\u201c erst gar keinen Gebrauch zu machen. Hiermit gehen jedoch zwingend Schwierigkeiten einher. Zum einen kommt der Arzt in Konflikt mit seinem \u00e4rztlichen Gewissen und der \u00e4rztlichen Berufsordnung; ein Arzt kann und darf einen Patienten, bei dem die begr\u00fcndete Aussicht auf eine erfolgreiche Therapie besteht, nicht unbehandelt lassen. So hat das Oberlandesgericht K\u00f6ln in einer Entscheidung die haftungsrechtliche Inanspruchnahme eines Arztes best\u00e4tigt. Ein Patient litt an einer Herpes-Virus-Enzephalitis. Der sp\u00e4ter in Anspruch genommene Arzt entschied sich im Laufe der Behandlung f\u00fcr den Einsatz des f\u00fcr diese Indikation nicht zugelassenen Mittels Aciclovir. Nach Ansicht des OLG K\u00f6ln erfolgte der Einsatz des Pr\u00e4parates jedoch versp\u00e4tet [5]. Das Gericht entschied, beraten durch Sachverst\u00e4ndige, dass nach dem damaligen Stand der medizinischen Wissenschaft es trotz der Nichtzulassung des Pr\u00e4parats geboten war, das Mittel fr\u00fchzeitiger einzusetzen. Dabei wies das OLG ausdr\u00fccklich darauf hin, dass es nicht darauf ankomme, dass dieses Mittel im Sinne des AMG noch nicht als Medikament gegen die Herpes-Virus-Enzephalitis zugelassen war. Vielmehr h\u00e4tte das Pr\u00e4parat eingesetzt werden m\u00fcssen. Im konkreten Fall nahm das Gericht sogar einen groben Behandlungsfehler mit all seinen Konsequenzen an.",
            "cite_spans": [
                {
                    "start": 884,
                    "end": 885,
                    "mention": "5",
                    "ref_id": "BIBREF9"
                }
            ],
            "section": "Verordnender Arzt ::: Haftungsrisiken",
            "ref_spans": []
        },
        {
            "text": "Die Rechtsprechung nimmt dann keinen \u00e4rztlichen Behandlungsfehler bei einem unterlassenen \u201eoff-label use\u201c an, wenn f\u00fcr einen prophylaktischen Einsatz des Medikaments keine aussagekr\u00e4ftigen, gro\u00dfen randomisierten Studien vorliegen [6]. Der Patient hat in einer solchen Situation keinen Anspruch auf einen \u201eoff-label use\u201c.",
            "cite_spans": [
                {
                    "start": 231,
                    "end": 232,
                    "mention": "6",
                    "ref_id": "BIBREF10"
                }
            ],
            "section": "Verordnender Arzt ::: Haftungsrisiken",
            "ref_spans": []
        },
        {
            "text": "Ein Behandlungsfehler im Rahmen des \u201eoff-label use\u201c kann ohne weiteres darin bestehen, dass eine \u00dcber- oder Unterdosierung des Mittels erfolgt. Tritt bei einer Abweichung der vorgesehenen Dosierung ein Schaden beim Patienten auf, muss von einem Behandlungsfehler ausgegangen werden. Der Patient tr\u00e4gt die Beweislast f\u00fcr die Kausalit\u00e4t zwischen dieser Abweichung und dem bei ihm eingetretenen Schaden.",
            "cite_spans": [],
            "section": "Verordnender Arzt ::: Haftungsrisiken",
            "ref_spans": []
        },
        {
            "text": "Auch der pharmazeutische Unternehmer l\u00e4uft Gefahr, bei einem \u201eoff-label use\u201c in Anspruch genommen werden zu k\u00f6nnen. Er unterliegt der Gef\u00e4hrdungshaftung nach \u00a7 84 AMG und muss sich bei einem \u201eoff-label use\u201c fragen lassen, ob es sich um einen bestimmungsgem\u00e4\u00dfen Gebrauch des Arzneimittels im Sinne von \u00a7 8 Abs. 1, Nr. 1 AMG handelt. Eine Gef\u00e4hrdungshaftung wird nicht erst durch seine Zustimmung zu den Feststellungen der Expertengruppen begr\u00fcndet. Sein fehlendes Einverst\u00e4ndnis muss der pharmazeutische Unternehmer mit Hinweis auf eine Kontraindikation und entsprechendem Warnhinweis verdeutlichen.",
            "cite_spans": [],
            "section": "Pharmazeutisches Unternehmen ::: Haftungsrisiken",
            "ref_spans": []
        },
        {
            "text": "Der zulassungsfremde Gebrauch eines Medikaments kann zu dessen Bedenklichkeit gem. \u00a7 5 Abs. 2 AMG f\u00fchren, wenn die Nutzen-Risiko-Abw\u00e4gung f\u00fcr die neue Indikation ganz oder teilweise negativ ausf\u00e4llt und der Zulassungsinhaber die zulassungsfremde Anwendung tats\u00e4chlich duldet oder sich gar zu eigen macht. Deshalb kann ein zulassungsfremder Gebrauch analog zu einem teilweisen oder vollst\u00e4ndigen Widerruf der Zulassung nach \u00a7 30 Abs. 1, Abs. 2 AMG f\u00fchren. Dies wiederum hat zur Folge, dass ein zulassungsfremder Gebrauch zur Haftung des pharmazeutischen Unternehmers nach \u00a7 84 Abs. 1, Satz 2, Nr. 1 oder 2 AMG f\u00fchren kann. Der pharmazeutische Unternehmer als Zulassungsinhaber hat den bestimmungsgem\u00e4\u00dfen Gebrauch des Arzneimittels und dessen Zwecksetzung selbst zu bestimmen. In der arzneimittelrechtlichen Literatur wird ein von der zugelassenen Indikation abweichender \u00e4rztlicher Gebrauch, der aber dem medizinischen Standard entspricht, teilweise als bestimmungsgem\u00e4\u00dfer Gebrauch bezeichnet [7]. Wenn es einen solchen medizinischen Standard gibt, wird man von einer Duldung auszugehen haben, insofern der pharmazeutische Unternehmer dem standardgem\u00e4\u00dfen Gebrauch nicht widerspricht [8]. Der medizinische Standard einer zulassungsfremden Behandlung mit dem in der ersten Indikation zugelassenen Arzneimittel begr\u00fcndet daher regelm\u00e4\u00dfig die Vermutung des bestimmungsgem\u00e4\u00dfen Gebrauchs.",
            "cite_spans": [
                {
                    "start": 993,
                    "end": 994,
                    "mention": "7",
                    "ref_id": "BIBREF11"
                },
                {
                    "start": 1183,
                    "end": 1184,
                    "mention": "8",
                    "ref_id": "BIBREF12"
                }
            ],
            "section": "Pharmazeutisches Unternehmen ::: Haftungsrisiken",
            "ref_spans": []
        },
        {
            "text": "Der Arzt kann sich nicht nach \u00a7 96 AMG strafbar machen, da hiermit lediglich das unerlaubte Inverkehrbringen des Arzneimittels unter Strafe gestellt wird. Das blo\u00dfe Applizieren eines f\u00fcr diesen Teilbereich noch nicht zugelassenen Medikaments wird nicht unter Strafe gestellt.",
            "cite_spans": [],
            "section": "Strafrechtliche Risiken",
            "ref_spans": []
        },
        {
            "text": "Die Entscheidung des OLG K\u00f6ln [9] l\u00e4sst den Schluss zu, dass in einem solchen Fall nicht nur eine zivilrechtliche Haftung angenommen werden kann, sondern auch von einer unterlassenen Hilfeleistung gesprochen werden muss. Zwar ist eine Krankheit kein Unfall im Sinne des \u00a7 323c StGB. Eine pl\u00f6tzliche Verschlechterung des Gesundheitszustands des Patienten ist tatbestandsm\u00e4\u00dfig jedoch als Ungl\u00fcck anzusehen. Deshalb muss hier die notwendige Hilfeleistung etwa in Form des \u201eoff-label use\u201c vorgenommen werden [10].",
            "cite_spans": [
                {
                    "start": 31,
                    "end": 32,
                    "mention": "9",
                    "ref_id": "BIBREF13"
                },
                {
                    "start": 505,
                    "end": 507,
                    "mention": "10",
                    "ref_id": "BIBREF1"
                }
            ],
            "section": "Strafrechtliche Risiken",
            "ref_spans": []
        },
        {
            "text": "F\u00fcr den Arzt besteht ein gro\u00dfes Risiko dann, wenn er den Patienten nicht pr\u00e4zise dar\u00fcber aufkl\u00e4rt, dass ihm ein Arzneimittel verabreicht werden soll, welches in Dosierung oder Darreichungsform respektive auch Dauer der Verabreichung noch nicht zugelassen ist. Es bedarf der Aufkl\u00e4rung \u00fcber Behandlungsalternativen, wenn sich diese durch die Verwendung verschiedener Arzneimittel unterschiedlich auswirken und es sich bei dem vom Arzt verwendeten Mittel um ein zulassungspflichtiges, aber nicht f\u00fcr die konkrete Therapie zugelassenes Arzneimittel handelt. Dem Arzneimittel fehlt auch, wenn seine Verwendung dem international anerkannten Standard gen\u00fcgt, ein G\u00fctesiegel, das f\u00fcr die Entscheidung des einzelnen Patienten wesentlich sein d\u00fcrfte. Daran \u00e4ndert auch der Grundsatz, dass die Wahl der Behandlungsmethode prim\u00e4r Sache des Arztes ist, nichts.",
            "cite_spans": [],
            "section": "Strafrechtliche Risiken",
            "ref_spans": []
        },
        {
            "text": "Allerdings ist in einer strafrechtlichen Auseinandersetzung zu ber\u00fccksichtigen, dass eine fehlende Aufkl\u00e4rung nur dann strafrechtlich relevant ist, wenn der Patient bei den allgemeinen Anforderungen gen\u00fcgender Aufkl\u00e4rung f\u00fcr Eingriff bzw. Behandlung nicht eingewilligt h\u00e4tte. Dies muss dem Arzt nachgewiesen werden. Soweit Zweifel verbleiben, ist davon auszugehen, dass die Einwilligung auch bei ordnungsgem\u00e4\u00dfer Aufkl\u00e4rung erteilt worden w\u00e4re [11].",
            "cite_spans": [
                {
                    "start": 444,
                    "end": 446,
                    "mention": "11",
                    "ref_id": "BIBREF2"
                }
            ],
            "section": "Strafrechtliche Risiken",
            "ref_spans": []
        },
        {
            "text": "Nach der h\u00f6chstrichterlichen Rechtsprechung des Bundesgerichtshofs ist ein \u201eoff-label use\u201c als ultima ratio gestattet [2, 3].",
            "cite_spans": [
                {
                    "start": 119,
                    "end": 120,
                    "mention": "2",
                    "ref_id": "BIBREF6"
                },
                {
                    "start": 122,
                    "end": 123,
                    "mention": "3",
                    "ref_id": "BIBREF7"
                }
            ],
            "section": "Strafrechtliche Risiken",
            "ref_spans": []
        },
        {
            "text": "Versicherungsrechtliche Probleme im Rahmen des \u201eoff-label use\u201c entstehen dadurch, dass der Haftpflichtversicherer nach \u00a7 81 Abs. 1 VVG nicht zur Leistung verpflichtet ist, wenn der Versicherungsnehmer vors\u00e4tzlich den Versicherungsfall herbeif\u00fchrt. Vorsatz ist dabei das Wissen und Wollen des rechtswidrigen Erfolgs. Es gen\u00fcgt hierbei bedingter Vorsatz [12, 13]. Der Arzt als Versicherungsnehmer muss daher den Erfolg als m\u00f6glich voraussehen und f\u00fcr den Fall des Eintritts gebilligt haben. Dabei brauchen ihm nicht alle Einzelheiten bewusst gewesen zu sein [14]. Im Falle eines \u201eoff-label use\u201c geht der Arzt bewusst ein Risiko ein, indem er ein Medikament in einem Anwendungsgebiet einsetzt, das sich nicht auf dessen Zulassung erstreckt. Deshalb besteht hier die Gefahr einer pers\u00f6nlichen Haftung des Arztes, die nicht von einer Haftpflichtversicherung getragen wird. Man kann dem niedergelassenen Arzt im Rahmen des \u201eoff-label use\u201c nur anraten, sich mit seiner Haftpflichtversicherung \u00fcber den Versicherungsmakler in Verbindung zu setzen, um die bestehenden Risiken abzukl\u00e4ren. Der Arzt im Krankenhaus muss die Situation der Verwaltung zur Kenntnis geben, die sich ihrerseits mit Versicherung oder Versicherungsmakler in Verbindung setzt.",
            "cite_spans": [
                {
                    "start": 353,
                    "end": 355,
                    "mention": "12",
                    "ref_id": "BIBREF3"
                },
                {
                    "start": 357,
                    "end": 359,
                    "mention": "13",
                    "ref_id": "BIBREF4"
                },
                {
                    "start": 557,
                    "end": 559,
                    "mention": "14",
                    "ref_id": "BIBREF5"
                }
            ],
            "section": "Versicherungsrechtliche Aspekte",
            "ref_spans": []
        },
        {
            "text": "Im Bereich des \u201eoff-label use\u201c kommt der Aufkl\u00e4rung des Patienten besondere Bedeutung zu: Er muss auf den Versuchscharakter der Behandlung hingewiesen werden. \u00dcber die damit bestehenden Risiken ist der Patient zu informieren und aufzukl\u00e4ren. Er muss wissen, dass ein noch nicht f\u00fcr diese Behandlung zugelassenes Medikament zum Einsatz kommt und in die Behandlung einwilligen.",
            "cite_spans": [],
            "section": "Fazit f\u00fcr die Praxis",
            "ref_spans": []
        },
        {
            "text": "Eng damit verbunden ist eine entsprechende Dokumentation dieser Aufkl\u00e4rung. Abweichungen gegen\u00fcber der Behandlung nach dem Standard sind unbedingt zu dokumentieren.",
            "cite_spans": [],
            "section": "Fazit f\u00fcr die Praxis",
            "ref_spans": []
        }
    ],
    "ref_entries": {},
    "back_matter": [],
    "bib_entries": {
        "BIBREF0": {
            "title": "",
            "authors": [],
            "year": null,
            "venue": "",
            "volume": "",
            "issn": "",
            "pages": null,
            "other_ids": {
                "DOI": []
            }
        },
        "BIBREF1": {
            "title": "",
            "authors": [],
            "year": null,
            "venue": "",
            "volume": "",
            "issn": "",
            "pages": null,
            "other_ids": {
                "DOI": []
            }
        },
        "BIBREF2": {
            "title": "",
            "authors": [],
            "year": null,
            "venue": "",
            "volume": "",
            "issn": "",
            "pages": null,
            "other_ids": {
                "DOI": []
            }
        },
        "BIBREF3": {
            "title": "",
            "authors": [],
            "year": null,
            "venue": "",
            "volume": "",
            "issn": "",
            "pages": null,
            "other_ids": {
                "DOI": []
            }
        },
        "BIBREF4": {
            "title": "",
            "authors": [],
            "year": null,
            "venue": "",
            "volume": "",
            "issn": "",
            "pages": null,
            "other_ids": {
                "DOI": []
            }
        },
        "BIBREF5": {
            "title": "",
            "authors": [],
            "year": null,
            "venue": "",
            "volume": "",
            "issn": "",
            "pages": null,
            "other_ids": {
                "DOI": []
            }
        },
        "BIBREF6": {
            "title": "",
            "authors": [],
            "year": null,
            "venue": "",
            "volume": "",
            "issn": "",
            "pages": null,
            "other_ids": {
                "DOI": []
            }
        },
        "BIBREF7": {
            "title": "",
            "authors": [],
            "year": null,
            "venue": "",
            "volume": "",
            "issn": "",
            "pages": null,
            "other_ids": {
                "DOI": []
            }
        },
        "BIBREF8": {
            "title": "",
            "authors": [
                {
                    "first": "",
                    "middle": [],
                    "last": "Fergusson",
                    "suffix": ""
                }
            ],
            "year": 2008,
            "venue": "N Engl J Med",
            "volume": "358",
            "issn": "",
            "pages": null,
            "other_ids": {
                "DOI": [
                    "10.1056/NEJMoa0802395"
                ]
            }
        },
        "BIBREF9": {
            "title": "",
            "authors": [],
            "year": null,
            "venue": "",
            "volume": "",
            "issn": "",
            "pages": null,
            "other_ids": {
                "DOI": []
            }
        },
        "BIBREF10": {
            "title": "",
            "authors": [],
            "year": null,
            "venue": "",
            "volume": "",
            "issn": "",
            "pages": null,
            "other_ids": {
                "DOI": []
            }
        },
        "BIBREF11": {
            "title": "",
            "authors": [],
            "year": null,
            "venue": "",
            "volume": "",
            "issn": "",
            "pages": null,
            "other_ids": {
                "DOI": []
            }
        },
        "BIBREF12": {
            "title": "",
            "authors": [],
            "year": null,
            "venue": "",
            "volume": "",
            "issn": "",
            "pages": null,
            "other_ids": {
                "DOI": []
            }
        },
        "BIBREF13": {
            "title": "",
            "authors": [],
            "year": null,
            "venue": "",
            "volume": "",
            "issn": "",
            "pages": null,
            "other_ids": {
                "DOI": []
            }
        }
    }
}