{
    "paper_id": "PMC7148039",
    "metadata": {
        "title": "PMD: An Optimal Transportation-Based User Distance for Recommender Systems",
        "authors": [
            {
                "first": "Joemon",
                "middle": [
                    "M."
                ],
                "last": "Jose",
                "suffix": "",
                "email": "joemon.jose@glasgow.ac.uk",
                "affiliation": {}
            },
            {
                "first": "Emine",
                "middle": [],
                "last": "Yilmaz",
                "suffix": "",
                "email": "emine.yilmaz@ucl.ac.uk",
                "affiliation": {}
            },
            {
                "first": "Jo\u00e3o",
                "middle": [],
                "last": "Magalh\u00e3es",
                "suffix": "",
                "email": "jm.magalhaes@fct.unl.pt",
                "affiliation": {}
            },
            {
                "first": "Pablo",
                "middle": [],
                "last": "Castells",
                "suffix": "",
                "email": "pablo.castells@uam.es",
                "affiliation": {}
            },
            {
                "first": "Nicola",
                "middle": [],
                "last": "Ferro",
                "suffix": "",
                "email": "ferro@dei.unipd.it",
                "affiliation": {}
            },
            {
                "first": "M\u00e1rio",
                "middle": [
                    "J."
                ],
                "last": "Silva",
                "suffix": "",
                "email": "mjs@inesc-id.pt",
                "affiliation": {}
            },
            {
                "first": "Fl\u00e1vio",
                "middle": [],
                "last": "Martins",
                "suffix": "",
                "email": "flaviomartins@acm.org",
                "affiliation": {}
            },
            {
                "first": "Yitong",
                "middle": [],
                "last": "Meng",
                "suffix": "",
                "email": "ytmeng@cse.cuhk.edu.hk",
                "affiliation": {}
            },
            {
                "first": "Xinyan",
                "middle": [],
                "last": "Dai",
                "suffix": "",
                "email": "xydai@cse.cuhk.edu.hk",
                "affiliation": {}
            },
            {
                "first": "Xiao",
                "middle": [],
                "last": "Yan",
                "suffix": "",
                "email": "xyan@cse.cuhk.edu.hk",
                "affiliation": {}
            },
            {
                "first": "James",
                "middle": [],
                "last": "Cheng",
                "suffix": "",
                "email": "jcheng@cse.cuhk.edu.hk",
                "affiliation": {}
            },
            {
                "first": "Weiwen",
                "middle": [],
                "last": "Liu",
                "suffix": "",
                "email": "wwliu@cse.cuhk.edu.hk",
                "affiliation": {}
            },
            {
                "first": "Jun",
                "middle": [],
                "last": "Guo",
                "suffix": "",
                "email": "eeguojun@outlook.com",
                "affiliation": {}
            },
            {
                "first": "Benben",
                "middle": [],
                "last": "Liao",
                "suffix": "",
                "email": "bliao@tencent.com",
                "affiliation": {}
            },
            {
                "first": "Guangyong",
                "middle": [],
                "last": "Chen",
                "suffix": "",
                "email": "gycchen@tencent.com",
                "affiliation": {}
            }
        ]
    },
    "body_text": [
        {
            "text": "Collaborative filtering (CF) is one of the most widely used recommendation techniques [14, 47]. Given a user, CF recommends items by aggregating the preferences of similar users. Among CF recommendation approaches, methods based on nearest-neighbors (NN) are widely used, thanks to their simplicity, efficiency and ability to produce accurate and personalized recommendations [13, 35, 44]. Although deep learning (DL) methods [16, 19, 43] have attracted much attention in the recommendation community over the past few years, a very recent study [12] shows that NN-based CF is still a strong baseline and outperforms many DL methods. For NN-based methods, the user similarity measure plays an important role. It serves as the criterion to select a group of similar users whose ratings form the basis of recommendations, and is used to weigh users so that more similar users have greater impact on recommendations. Besides CF, user similarity is also important for applications such as link prediction [4], community detection [34] and so on.",
            "cite_spans": [
                {
                    "start": 87,
                    "end": 89,
                    "mention": "14",
                    "ref_id": "BIBREF5"
                },
                {
                    "start": 91,
                    "end": 93,
                    "mention": "47",
                    "ref_id": "BIBREF41"
                },
                {
                    "start": 377,
                    "end": 379,
                    "mention": "13",
                    "ref_id": "BIBREF4"
                },
                {
                    "start": 381,
                    "end": 383,
                    "mention": "35",
                    "ref_id": "BIBREF28"
                },
                {
                    "start": 385,
                    "end": 387,
                    "mention": "44",
                    "ref_id": "BIBREF38"
                },
                {
                    "start": 427,
                    "end": 429,
                    "mention": "16",
                    "ref_id": "BIBREF7"
                },
                {
                    "start": 431,
                    "end": 433,
                    "mention": "19",
                    "ref_id": "BIBREF10"
                },
                {
                    "start": 435,
                    "end": 437,
                    "mention": "43",
                    "ref_id": "BIBREF37"
                },
                {
                    "start": 547,
                    "end": 549,
                    "mention": "12",
                    "ref_id": "BIBREF3"
                },
                {
                    "start": 1002,
                    "end": 1003,
                    "mention": "4",
                    "ref_id": "BIBREF33"
                },
                {
                    "start": 1027,
                    "end": 1029,
                    "mention": "34",
                    "ref_id": "BIBREF27"
                }
            ],
            "section": "Introduction",
            "ref_spans": []
        },
        {
            "text": "Related Work. Traditional similarity measures, such as cosine distance (COS) [9], Pearson\u2019s Correlation Coefficient (PCC) [9] and their variants [18, 29, 38, 39], have been widely used in CF [13, 44]. However, such measures only consider co-rated items and ignore ratings on other items, and thus may only coarsely capture users\u2019 preferences as ratings are sparse and co-rated items are rare for many real-world datasets [35, 40, 44]. Some other similarity measures, such as Jaccard [22], MSD [39], JMSD [8], URP [27], NHSM [27], PIP [5] and BS [14] do not utilize all the rating information [6]. For example, Jaccard only uses the number of rated items and omits the specific rating values, while URP only uses the mean and the variance of the ratings. Critically, all these measures give zero similarity value when there are no co-rated items, which would harm recommendation performance. Recently, BCF [35] and HUSM [44] were proposed to alleviate the co-rating issue by modeling user similarity as a weighted sum of item similarities, where the weights are obtained using heuristics. As the weights are not derived in a principled manner, they do not satisfy important properties such as triangle inequality and zero self-distance, which are important for a high quality similarity measure.",
            "cite_spans": [
                {
                    "start": 78,
                    "end": 79,
                    "mention": "9",
                    "ref_id": "BIBREF47"
                },
                {
                    "start": 123,
                    "end": 124,
                    "mention": "9",
                    "ref_id": "BIBREF47"
                },
                {
                    "start": 146,
                    "end": 148,
                    "mention": "18",
                    "ref_id": "BIBREF9"
                },
                {
                    "start": 150,
                    "end": 152,
                    "mention": "29",
                    "ref_id": "BIBREF21"
                },
                {
                    "start": 154,
                    "end": 156,
                    "mention": "38",
                    "ref_id": "BIBREF31"
                },
                {
                    "start": 158,
                    "end": 160,
                    "mention": "39",
                    "ref_id": "BIBREF32"
                },
                {
                    "start": 192,
                    "end": 194,
                    "mention": "13",
                    "ref_id": "BIBREF4"
                },
                {
                    "start": 196,
                    "end": 198,
                    "mention": "44",
                    "ref_id": "BIBREF38"
                },
                {
                    "start": 422,
                    "end": 424,
                    "mention": "35",
                    "ref_id": "BIBREF28"
                },
                {
                    "start": 426,
                    "end": 428,
                    "mention": "40",
                    "ref_id": "BIBREF34"
                },
                {
                    "start": 430,
                    "end": 432,
                    "mention": "44",
                    "ref_id": "BIBREF38"
                },
                {
                    "start": 484,
                    "end": 486,
                    "mention": "22",
                    "ref_id": "BIBREF14"
                },
                {
                    "start": 494,
                    "end": 496,
                    "mention": "39",
                    "ref_id": "BIBREF32"
                },
                {
                    "start": 505,
                    "end": 506,
                    "mention": "8",
                    "ref_id": "BIBREF46"
                },
                {
                    "start": 514,
                    "end": 516,
                    "mention": "27",
                    "ref_id": "BIBREF19"
                },
                {
                    "start": 525,
                    "end": 527,
                    "mention": "27",
                    "ref_id": "BIBREF19"
                },
                {
                    "start": 535,
                    "end": 536,
                    "mention": "5",
                    "ref_id": "BIBREF43"
                },
                {
                    "start": 546,
                    "end": 548,
                    "mention": "14",
                    "ref_id": "BIBREF5"
                },
                {
                    "start": 593,
                    "end": 594,
                    "mention": "6",
                    "ref_id": "BIBREF44"
                },
                {
                    "start": 906,
                    "end": 908,
                    "mention": "35",
                    "ref_id": "BIBREF28"
                },
                {
                    "start": 920,
                    "end": 922,
                    "mention": "44",
                    "ref_id": "BIBREF38"
                }
            ],
            "section": "Introduction",
            "ref_spans": []
        },
        {
            "text": "The Earth Mover\u2019s Distance (EMD) is a distance metric on probabilistic space that originates from the optimal transportation theory [25, 37]. EMD has been applied to many applications, such as computer vision [7], natural language processing [17, 23] and signal processing [41]. EMD has also been applied to CF [48] but is used as a regularizer to force the latent variable to fit a Gaussian prior in auto-encoder training rather than a user similarity measure.",
            "cite_spans": [
                {
                    "start": 133,
                    "end": 135,
                    "mention": "25",
                    "ref_id": "BIBREF17"
                },
                {
                    "start": 137,
                    "end": 139,
                    "mention": "37",
                    "ref_id": "BIBREF30"
                },
                {
                    "start": 210,
                    "end": 211,
                    "mention": "7",
                    "ref_id": "BIBREF45"
                },
                {
                    "start": 243,
                    "end": 245,
                    "mention": "17",
                    "ref_id": "BIBREF8"
                },
                {
                    "start": 247,
                    "end": 249,
                    "mention": "23",
                    "ref_id": "BIBREF15"
                },
                {
                    "start": 274,
                    "end": 276,
                    "mention": "41",
                    "ref_id": "BIBREF35"
                },
                {
                    "start": 312,
                    "end": 314,
                    "mention": "48",
                    "ref_id": "BIBREF42"
                }
            ],
            "section": "Introduction",
            "ref_spans": []
        },
        {
            "text": "Our Solution. We propose the Preference Mover\u2019s Distance (PMD), which considers all ratings made by each user and is able to evaluate user similarity even in the absence of co-rated items. Similar to BCF and HUSM, PMD uses the item similarity as side information and assumes that if two users have similar opinions on similar items, then their tastes are similar. But the key difference is: PMD formulates the distance between a pair of users as an optimal transportation problem [26, 36] such that the weights for item similarities can be derived in a principled manner. In fact, PMD can be viewed as a special case of EMD [33, 37, 45], which is a metric that satisfies important properties such as triangle inequality and zero self-distance. We also make PMD practical for large datasets by employing the Sinkhorn algorithm [10] to speed up distance computation and using HNSW [30] to further accelerate the search for similar users. Experimental results show that PMD leads to superior recommendation accuracy over the state-of-the-art similarity measures, especially on sparse datasets.",
            "cite_spans": [
                {
                    "start": 481,
                    "end": 483,
                    "mention": "26",
                    "ref_id": "BIBREF18"
                },
                {
                    "start": 485,
                    "end": 487,
                    "mention": "36",
                    "ref_id": "BIBREF29"
                },
                {
                    "start": 625,
                    "end": 627,
                    "mention": "33",
                    "ref_id": "BIBREF26"
                },
                {
                    "start": 629,
                    "end": 631,
                    "mention": "37",
                    "ref_id": "BIBREF30"
                },
                {
                    "start": 633,
                    "end": 635,
                    "mention": "45",
                    "ref_id": "BIBREF39"
                },
                {
                    "start": 827,
                    "end": 829,
                    "mention": "10",
                    "ref_id": "BIBREF1"
                },
                {
                    "start": 880,
                    "end": 882,
                    "mention": "30",
                    "ref_id": "BIBREF23"
                }
            ],
            "section": "Introduction",
            "ref_spans": []
        },
        {
            "text": "Problem Definition. Let \\documentclass[12pt]{minimal}\n\t\t\t\t\\usepackage{amsmath}\n\t\t\t\t\\usepackage{wasysym} \n\t\t\t\t\\usepackage{amsfonts} \n\t\t\t\t\\usepackage{amssymb} \n\t\t\t\t\\usepackage{amsbsy}\n\t\t\t\t\\usepackage{mathrsfs}\n\t\t\t\t\\usepackage{upgreek}\n\t\t\t\t\\setlength{\\oddsidemargin}{-69pt}\n\t\t\t\t\\begin{document}$$\\mathcal {U}$$\\end{document} be a set of m users, and \\documentclass[12pt]{minimal}\n\t\t\t\t\\usepackage{amsmath}\n\t\t\t\t\\usepackage{wasysym} \n\t\t\t\t\\usepackage{amsfonts} \n\t\t\t\t\\usepackage{amssymb} \n\t\t\t\t\\usepackage{amsbsy}\n\t\t\t\t\\usepackage{mathrsfs}\n\t\t\t\t\\usepackage{upgreek}\n\t\t\t\t\\setlength{\\oddsidemargin}{-69pt}\n\t\t\t\t\\begin{document}$$\\mathcal {I}$$\\end{document} a set of n items. The user-item interaction matrix is denoted by \\documentclass[12pt]{minimal}\n\t\t\t\t\\usepackage{amsmath}\n\t\t\t\t\\usepackage{wasysym} \n\t\t\t\t\\usepackage{amsfonts} \n\t\t\t\t\\usepackage{amssymb} \n\t\t\t\t\\usepackage{amsbsy}\n\t\t\t\t\\usepackage{mathrsfs}\n\t\t\t\t\\usepackage{upgreek}\n\t\t\t\t\\setlength{\\oddsidemargin}{-69pt}\n\t\t\t\t\\begin{document}$$ \\mathbf {R} \\in \\mathbb {R}^{m\\times n}$$\\end{document}, where \\documentclass[12pt]{minimal}\n\t\t\t\t\\usepackage{amsmath}\n\t\t\t\t\\usepackage{wasysym} \n\t\t\t\t\\usepackage{amsfonts} \n\t\t\t\t\\usepackage{amssymb} \n\t\t\t\t\\usepackage{amsbsy}\n\t\t\t\t\\usepackage{mathrsfs}\n\t\t\t\t\\usepackage{upgreek}\n\t\t\t\t\\setlength{\\oddsidemargin}{-69pt}\n\t\t\t\t\\begin{document}$$\\mathbf {R}(u,i) \\ge 0$$\\end{document} is the rating user u gives to item i. \\documentclass[12pt]{minimal}\n\t\t\t\t\\usepackage{amsmath}\n\t\t\t\t\\usepackage{wasysym} \n\t\t\t\t\\usepackage{amsfonts} \n\t\t\t\t\\usepackage{amssymb} \n\t\t\t\t\\usepackage{amsbsy}\n\t\t\t\t\\usepackage{mathrsfs}\n\t\t\t\t\\usepackage{upgreek}\n\t\t\t\t\\setlength{\\oddsidemargin}{-69pt}\n\t\t\t\t\\begin{document}$$\\mathbf {R}$$\\end{document} is a partially observed matrix and usually highly sparse. For user \\documentclass[12pt]{minimal}\n\t\t\t\t\\usepackage{amsmath}\n\t\t\t\t\\usepackage{wasysym} \n\t\t\t\t\\usepackage{amsfonts} \n\t\t\t\t\\usepackage{amssymb} \n\t\t\t\t\\usepackage{amsbsy}\n\t\t\t\t\\usepackage{mathrsfs}\n\t\t\t\t\\usepackage{upgreek}\n\t\t\t\t\\setlength{\\oddsidemargin}{-69pt}\n\t\t\t\t\\begin{document}$$u \\in \\mathcal {U}$$\\end{document}, her rated items are denoted by \\documentclass[12pt]{minimal}\n\t\t\t\t\\usepackage{amsmath}\n\t\t\t\t\\usepackage{wasysym} \n\t\t\t\t\\usepackage{amsfonts} \n\t\t\t\t\\usepackage{amssymb} \n\t\t\t\t\\usepackage{amsbsy}\n\t\t\t\t\\usepackage{mathrsfs}\n\t\t\t\t\\usepackage{upgreek}\n\t\t\t\t\\setlength{\\oddsidemargin}{-69pt}\n\t\t\t\t\\begin{document}$$\\mathcal {I}_u \\subset \\mathcal {I}$$\\end{document}. The item similarities are described by matrix \\documentclass[12pt]{minimal}\n\t\t\t\t\\usepackage{amsmath}\n\t\t\t\t\\usepackage{wasysym} \n\t\t\t\t\\usepackage{amsfonts} \n\t\t\t\t\\usepackage{amssymb} \n\t\t\t\t\\usepackage{amsbsy}\n\t\t\t\t\\usepackage{mathrsfs}\n\t\t\t\t\\usepackage{upgreek}\n\t\t\t\t\\setlength{\\oddsidemargin}{-69pt}\n\t\t\t\t\\begin{document}$$\\mathbf {D}$$\\end{document} and \\documentclass[12pt]{minimal}\n\t\t\t\t\\usepackage{amsmath}\n\t\t\t\t\\usepackage{wasysym} \n\t\t\t\t\\usepackage{amsfonts} \n\t\t\t\t\\usepackage{amssymb} \n\t\t\t\t\\usepackage{amsbsy}\n\t\t\t\t\\usepackage{mathrsfs}\n\t\t\t\t\\usepackage{upgreek}\n\t\t\t\t\\setlength{\\oddsidemargin}{-69pt}\n\t\t\t\t\\begin{document}$$\\mathbf {D}(i,j)\\ge 0$$\\end{document} denotes the distance between items i and j. Item similarities can be derived from the ratings on items [35, 44] or content information [46], such as item tags, comments, etc. In this paper, we assume \\documentclass[12pt]{minimal}\n\t\t\t\t\\usepackage{amsmath}\n\t\t\t\t\\usepackage{wasysym} \n\t\t\t\t\\usepackage{amsfonts} \n\t\t\t\t\\usepackage{amssymb} \n\t\t\t\t\\usepackage{amsbsy}\n\t\t\t\t\\usepackage{mathrsfs}\n\t\t\t\t\\usepackage{upgreek}\n\t\t\t\t\\setlength{\\oddsidemargin}{-69pt}\n\t\t\t\t\\begin{document}$$\\mathbf {D}$$\\end{document} is given. We are interested in computing the distance between any pair (u, v) of users in \\documentclass[12pt]{minimal}\n\t\t\t\t\\usepackage{amsmath}\n\t\t\t\t\\usepackage{wasysym} \n\t\t\t\t\\usepackage{amsfonts} \n\t\t\t\t\\usepackage{amssymb} \n\t\t\t\t\\usepackage{amsbsy}\n\t\t\t\t\\usepackage{mathrsfs}\n\t\t\t\t\\usepackage{upgreek}\n\t\t\t\t\\setlength{\\oddsidemargin}{-69pt}\n\t\t\t\t\\begin{document}$$\\mathcal {U}$$\\end{document} given \\documentclass[12pt]{minimal}\n\t\t\t\t\\usepackage{amsmath}\n\t\t\t\t\\usepackage{wasysym} \n\t\t\t\t\\usepackage{amsfonts} \n\t\t\t\t\\usepackage{amssymb} \n\t\t\t\t\\usepackage{amsbsy}\n\t\t\t\t\\usepackage{mathrsfs}\n\t\t\t\t\\usepackage{upgreek}\n\t\t\t\t\\setlength{\\oddsidemargin}{-69pt}\n\t\t\t\t\\begin{document}$$\\mathbf {R}$$\\end{document} and \\documentclass[12pt]{minimal}\n\t\t\t\t\\usepackage{amsmath}\n\t\t\t\t\\usepackage{wasysym} \n\t\t\t\t\\usepackage{amsfonts} \n\t\t\t\t\\usepackage{amssymb} \n\t\t\t\t\\usepackage{amsbsy}\n\t\t\t\t\\usepackage{mathrsfs}\n\t\t\t\t\\usepackage{upgreek}\n\t\t\t\t\\setlength{\\oddsidemargin}{-69pt}\n\t\t\t\t\\begin{document}$$\\mathbf {D}$$\\end{document}. User similarity can be easily derived from the user distance as they are negatively correlated.",
            "cite_spans": [
                {
                    "start": 3169,
                    "end": 3171,
                    "mention": "35",
                    "ref_id": "BIBREF28"
                },
                {
                    "start": 3173,
                    "end": 3175,
                    "mention": "44",
                    "ref_id": "BIBREF38"
                },
                {
                    "start": 3201,
                    "end": 3203,
                    "mention": "46",
                    "ref_id": "BIBREF40"
                }
            ],
            "section": "Preference Mover\u2019s Distance",
            "ref_spans": []
        },
        {
            "text": "PMD. Let \\documentclass[12pt]{minimal}\n\t\t\t\t\\usepackage{amsmath}\n\t\t\t\t\\usepackage{wasysym} \n\t\t\t\t\\usepackage{amsfonts} \n\t\t\t\t\\usepackage{amssymb} \n\t\t\t\t\\usepackage{amsbsy}\n\t\t\t\t\\usepackage{mathrsfs}\n\t\t\t\t\\usepackage{upgreek}\n\t\t\t\t\\setlength{\\oddsidemargin}{-69pt}\n\t\t\t\t\\begin{document}$$\\varSigma _k=\\{\\mathbf {p}\\in [0,1]^k \\;|\\;{\\mathbf {p}^{\\top }\\mathbbm {1}}=1\\}$$\\end{document} denote a \\documentclass[12pt]{minimal}\n\t\t\t\t\\usepackage{amsmath}\n\t\t\t\t\\usepackage{wasysym} \n\t\t\t\t\\usepackage{amsfonts} \n\t\t\t\t\\usepackage{amssymb} \n\t\t\t\t\\usepackage{amsbsy}\n\t\t\t\t\\usepackage{mathrsfs}\n\t\t\t\t\\usepackage{upgreek}\n\t\t\t\t\\setlength{\\oddsidemargin}{-69pt}\n\t\t\t\t\\begin{document}$$(k-1)$$\\end{document}-dimensional simplex and \\documentclass[12pt]{minimal}\n\t\t\t\t\\usepackage{amsmath}\n\t\t\t\t\\usepackage{wasysym} \n\t\t\t\t\\usepackage{amsfonts} \n\t\t\t\t\\usepackage{amssymb} \n\t\t\t\t\\usepackage{amsbsy}\n\t\t\t\t\\usepackage{mathrsfs}\n\t\t\t\t\\usepackage{upgreek}\n\t\t\t\t\\setlength{\\oddsidemargin}{-69pt}\n\t\t\t\t\\begin{document}$$\\mathbbm {1}$$\\end{document} is an all-1 column vector. We model a user\u2019s preferences as a probabilistic distribution \\documentclass[12pt]{minimal}\n\t\t\t\t\\usepackage{amsmath}\n\t\t\t\t\\usepackage{wasysym} \n\t\t\t\t\\usepackage{amsfonts} \n\t\t\t\t\\usepackage{amssymb} \n\t\t\t\t\\usepackage{amsbsy}\n\t\t\t\t\\usepackage{mathrsfs}\n\t\t\t\t\\usepackage{upgreek}\n\t\t\t\t\\setlength{\\oddsidemargin}{-69pt}\n\t\t\t\t\\begin{document}$$\\mathbf {p}_u\\in \\varSigma _{|\\mathcal {I}_u |}$$\\end{document} on \\documentclass[12pt]{minimal}\n\t\t\t\t\\usepackage{amsmath}\n\t\t\t\t\\usepackage{wasysym} \n\t\t\t\t\\usepackage{amsfonts} \n\t\t\t\t\\usepackage{amssymb} \n\t\t\t\t\\usepackage{amsbsy}\n\t\t\t\t\\usepackage{mathrsfs}\n\t\t\t\t\\usepackage{upgreek}\n\t\t\t\t\\setlength{\\oddsidemargin}{-69pt}\n\t\t\t\t\\begin{document}$$\\mathcal {I}_u$$\\end{document}, where \\documentclass[12pt]{minimal}\n\t\t\t\t\\usepackage{amsmath}\n\t\t\t\t\\usepackage{wasysym} \n\t\t\t\t\\usepackage{amsfonts} \n\t\t\t\t\\usepackage{amssymb} \n\t\t\t\t\\usepackage{amsbsy}\n\t\t\t\t\\usepackage{mathrsfs}\n\t\t\t\t\\usepackage{upgreek}\n\t\t\t\t\\setlength{\\oddsidemargin}{-69pt}\n\t\t\t\t\\begin{document}$$\\mathbf {p}_u(i)$$\\end{document} indicates how much user u likes item i. In practice, the ground truth of \\documentclass[12pt]{minimal}\n\t\t\t\t\\usepackage{amsmath}\n\t\t\t\t\\usepackage{wasysym} \n\t\t\t\t\\usepackage{amsfonts} \n\t\t\t\t\\usepackage{amssymb} \n\t\t\t\t\\usepackage{amsbsy}\n\t\t\t\t\\usepackage{mathrsfs}\n\t\t\t\t\\usepackage{upgreek}\n\t\t\t\t\\setlength{\\oddsidemargin}{-69pt}\n\t\t\t\t\\begin{document}$$\\mathbf {p}_u$$\\end{document} cannot be observed and we estimate it by normalizing user u\u2019s ratings on \\documentclass[12pt]{minimal}\n\t\t\t\t\\usepackage{amsmath}\n\t\t\t\t\\usepackage{wasysym} \n\t\t\t\t\\usepackage{amsfonts} \n\t\t\t\t\\usepackage{amssymb} \n\t\t\t\t\\usepackage{amsbsy}\n\t\t\t\t\\usepackage{mathrsfs}\n\t\t\t\t\\usepackage{upgreek}\n\t\t\t\t\\setlength{\\oddsidemargin}{-69pt}\n\t\t\t\t\\begin{document}$$\\mathcal {I}_u$$\\end{document}, i.e., \\documentclass[12pt]{minimal}\n\t\t\t\t\\usepackage{amsmath}\n\t\t\t\t\\usepackage{wasysym} \n\t\t\t\t\\usepackage{amsfonts} \n\t\t\t\t\\usepackage{amssymb} \n\t\t\t\t\\usepackage{amsbsy}\n\t\t\t\t\\usepackage{mathrsfs}\n\t\t\t\t\\usepackage{upgreek}\n\t\t\t\t\\setlength{\\oddsidemargin}{-69pt}\n\t\t\t\t\\begin{document}$$\\mathbf {p}_u(i) \\approx \\frac{\\mathbf {R}(u,i)}{\\sum _{j \\in \\mathcal {I}_u}\\mathbf {R}(u,j)}$$\\end{document} for \\documentclass[12pt]{minimal}\n\t\t\t\t\\usepackage{amsmath}\n\t\t\t\t\\usepackage{wasysym} \n\t\t\t\t\\usepackage{amsfonts} \n\t\t\t\t\\usepackage{amssymb} \n\t\t\t\t\\usepackage{amsbsy}\n\t\t\t\t\\usepackage{mathrsfs}\n\t\t\t\t\\usepackage{upgreek}\n\t\t\t\t\\setlength{\\oddsidemargin}{-69pt}\n\t\t\t\t\\begin{document}$$i \\in \\mathcal {I}_u$$\\end{document}. We model the distance between users u and v, denoted by \\documentclass[12pt]{minimal}\n\t\t\t\t\\usepackage{amsmath}\n\t\t\t\t\\usepackage{wasysym} \n\t\t\t\t\\usepackage{amsfonts} \n\t\t\t\t\\usepackage{amssymb} \n\t\t\t\t\\usepackage{amsbsy}\n\t\t\t\t\\usepackage{mathrsfs}\n\t\t\t\t\\usepackage{upgreek}\n\t\t\t\t\\setlength{\\oddsidemargin}{-69pt}\n\t\t\t\t\\begin{document}$$d(\\mathbf {p}_u,\\mathbf {p}_v)$$\\end{document}, as the weighted average of the distances among their rated items, i.e.,1\\documentclass[12pt]{minimal}\n\t\t\t\t\\usepackage{amsmath}\n\t\t\t\t\\usepackage{wasysym} \n\t\t\t\t\\usepackage{amsfonts} \n\t\t\t\t\\usepackage{amssymb} \n\t\t\t\t\\usepackage{amsbsy}\n\t\t\t\t\\usepackage{mathrsfs}\n\t\t\t\t\\usepackage{upgreek}\n\t\t\t\t\\setlength{\\oddsidemargin}{-69pt}\n\t\t\t\t\\begin{document}$$\\begin{aligned} \\sum _{i \\in \\mathcal {I}_u}\\sum _{j \\in \\mathcal {I}_v}\\mathbf {W}_{u,v}(i,j)\\mathbf {D}(i,j), \\end{aligned}$$\\end{document}where \\documentclass[12pt]{minimal}\n\t\t\t\t\\usepackage{amsmath}\n\t\t\t\t\\usepackage{wasysym} \n\t\t\t\t\\usepackage{amsfonts} \n\t\t\t\t\\usepackage{amssymb} \n\t\t\t\t\\usepackage{amsbsy}\n\t\t\t\t\\usepackage{mathrsfs}\n\t\t\t\t\\usepackage{upgreek}\n\t\t\t\t\\setlength{\\oddsidemargin}{-69pt}\n\t\t\t\t\\begin{document}$$\\mathbf {W}_{u,v}(i,j)\\ge 0$$\\end{document} is the weight for an item pair (i, j) and we introduce the constraint \\documentclass[12pt]{minimal}\n\t\t\t\t\\usepackage{amsmath}\n\t\t\t\t\\usepackage{wasysym} \n\t\t\t\t\\usepackage{amsfonts} \n\t\t\t\t\\usepackage{amssymb} \n\t\t\t\t\\usepackage{amsbsy}\n\t\t\t\t\\usepackage{mathrsfs}\n\t\t\t\t\\usepackage{upgreek}\n\t\t\t\t\\setlength{\\oddsidemargin}{-69pt}\n\t\t\t\t\\begin{document}$$\\sum _{i \\in \\mathcal {I}_u}\\sum _{j \\in \\mathcal {I}_v}\\mathbf {W}_{u,v}(i,j)\\!=\\!1$$\\end{document} to control the scaling. \\documentclass[12pt]{minimal}\n\t\t\t\t\\usepackage{amsmath}\n\t\t\t\t\\usepackage{wasysym} \n\t\t\t\t\\usepackage{amsfonts} \n\t\t\t\t\\usepackage{amssymb} \n\t\t\t\t\\usepackage{amsbsy}\n\t\t\t\t\\usepackage{mathrsfs}\n\t\t\t\t\\usepackage{upgreek}\n\t\t\t\t\\setlength{\\oddsidemargin}{-69pt}\n\t\t\t\t\\begin{document}$$\\sum _{j \\in \\mathcal {I}_v}\\mathbf {W}_{u,v}(i,j)$$\\end{document} is the aggregate weight received by item i for user u and it should be large if \\documentclass[12pt]{minimal}\n\t\t\t\t\\usepackage{amsmath}\n\t\t\t\t\\usepackage{wasysym} \n\t\t\t\t\\usepackage{amsfonts} \n\t\t\t\t\\usepackage{amssymb} \n\t\t\t\t\\usepackage{amsbsy}\n\t\t\t\t\\usepackage{mathrsfs}\n\t\t\t\t\\usepackage{upgreek}\n\t\t\t\t\\setlength{\\oddsidemargin}{-69pt}\n\t\t\t\t\\begin{document}$$\\mathbf {p}_u(i)$$\\end{document} is large such that \\documentclass[12pt]{minimal}\n\t\t\t\t\\usepackage{amsmath}\n\t\t\t\t\\usepackage{wasysym} \n\t\t\t\t\\usepackage{amsfonts} \n\t\t\t\t\\usepackage{amssymb} \n\t\t\t\t\\usepackage{amsbsy}\n\t\t\t\t\\usepackage{mathrsfs}\n\t\t\t\t\\usepackage{upgreek}\n\t\t\t\t\\setlength{\\oddsidemargin}{-69pt}\n\t\t\t\t\\begin{document}$$d(\\mathbf {p}_u,\\mathbf {p}_v)$$\\end{document} can focus on the items that user u likes. Similarly, \\documentclass[12pt]{minimal}\n\t\t\t\t\\usepackage{amsmath}\n\t\t\t\t\\usepackage{wasysym} \n\t\t\t\t\\usepackage{amsfonts} \n\t\t\t\t\\usepackage{amssymb} \n\t\t\t\t\\usepackage{amsbsy}\n\t\t\t\t\\usepackage{mathrsfs}\n\t\t\t\t\\usepackage{upgreek}\n\t\t\t\t\\setlength{\\oddsidemargin}{-69pt}\n\t\t\t\t\\begin{document}$$\\sum _{i \\in \\mathcal {I}_u}\\mathbf {W}_{u,v}(i,j)$$\\end{document} should also be large if \\documentclass[12pt]{minimal}\n\t\t\t\t\\usepackage{amsmath}\n\t\t\t\t\\usepackage{wasysym} \n\t\t\t\t\\usepackage{amsfonts} \n\t\t\t\t\\usepackage{amssymb} \n\t\t\t\t\\usepackage{amsbsy}\n\t\t\t\t\\usepackage{mathrsfs}\n\t\t\t\t\\usepackage{upgreek}\n\t\t\t\t\\setlength{\\oddsidemargin}{-69pt}\n\t\t\t\t\\begin{document}$$\\mathbf {p}_v(j)$$\\end{document} is large. Thus, we constrain the marginal distributions of \\documentclass[12pt]{minimal}\n\t\t\t\t\\usepackage{amsmath}\n\t\t\t\t\\usepackage{wasysym} \n\t\t\t\t\\usepackage{amsfonts} \n\t\t\t\t\\usepackage{amssymb} \n\t\t\t\t\\usepackage{amsbsy}\n\t\t\t\t\\usepackage{mathrsfs}\n\t\t\t\t\\usepackage{upgreek}\n\t\t\t\t\\setlength{\\oddsidemargin}{-69pt}\n\t\t\t\t\\begin{document}$$\\mathbf {W}_{u,v}$$\\end{document} follow \\documentclass[12pt]{minimal}\n\t\t\t\t\\usepackage{amsmath}\n\t\t\t\t\\usepackage{wasysym} \n\t\t\t\t\\usepackage{amsfonts} \n\t\t\t\t\\usepackage{amssymb} \n\t\t\t\t\\usepackage{amsbsy}\n\t\t\t\t\\usepackage{mathrsfs}\n\t\t\t\t\\usepackage{upgreek}\n\t\t\t\t\\setlength{\\oddsidemargin}{-69pt}\n\t\t\t\t\\begin{document}$$\\mathbf {p}_u$$\\end{document} and \\documentclass[12pt]{minimal}\n\t\t\t\t\\usepackage{amsmath}\n\t\t\t\t\\usepackage{wasysym} \n\t\t\t\t\\usepackage{amsfonts} \n\t\t\t\t\\usepackage{amssymb} \n\t\t\t\t\\usepackage{amsbsy}\n\t\t\t\t\\usepackage{mathrsfs}\n\t\t\t\t\\usepackage{upgreek}\n\t\t\t\t\\setlength{\\oddsidemargin}{-69pt}\n\t\t\t\t\\begin{document}$$\\mathbf {p}_v$$\\end{document}, i.e., \\documentclass[12pt]{minimal}\n\t\t\t\t\\usepackage{amsmath}\n\t\t\t\t\\usepackage{wasysym} \n\t\t\t\t\\usepackage{amsfonts} \n\t\t\t\t\\usepackage{amssymb} \n\t\t\t\t\\usepackage{amsbsy}\n\t\t\t\t\\usepackage{mathrsfs}\n\t\t\t\t\\usepackage{upgreek}\n\t\t\t\t\\setlength{\\oddsidemargin}{-69pt}\n\t\t\t\t\\begin{document}$$\\mathbf {W}_{u,v} \\in U(\\mathbf {p}_u,\\mathbf {p}_v) $$\\end{document}, where2\\documentclass[12pt]{minimal}\n\t\t\t\t\\usepackage{amsmath}\n\t\t\t\t\\usepackage{wasysym} \n\t\t\t\t\\usepackage{amsfonts} \n\t\t\t\t\\usepackage{amssymb} \n\t\t\t\t\\usepackage{amsbsy}\n\t\t\t\t\\usepackage{mathrsfs}\n\t\t\t\t\\usepackage{upgreek}\n\t\t\t\t\\setlength{\\oddsidemargin}{-69pt}\n\t\t\t\t\\begin{document}$$\\begin{aligned} U(\\mathbf {p}_u,\\mathbf {p}_v) :=&\\left\\{ \\mathbf {W}_{u,v}\\in [0,1]^{|\\mathcal {I}_u|\\times |\\mathcal {I}_v|} \\;|\\; \\mathbf {W}_{u,v}\\mathbbm {1}=\\mathbf {p}_u, \\mathbf {W}_{u,v}^T \\mathbbm {1} =\\mathbf {p}_v \\right\\} . \\end{aligned}$$\\end{document}However, \\documentclass[12pt]{minimal}\n\t\t\t\t\\usepackage{amsmath}\n\t\t\t\t\\usepackage{wasysym} \n\t\t\t\t\\usepackage{amsfonts} \n\t\t\t\t\\usepackage{amssymb} \n\t\t\t\t\\usepackage{amsbsy}\n\t\t\t\t\\usepackage{mathrsfs}\n\t\t\t\t\\usepackage{upgreek}\n\t\t\t\t\\setlength{\\oddsidemargin}{-69pt}\n\t\t\t\t\\begin{document}$$U(\\mathbf {p}_u,\\mathbf {p}_v)$$\\end{document} contains many different configurations of \\documentclass[12pt]{minimal}\n\t\t\t\t\\usepackage{amsmath}\n\t\t\t\t\\usepackage{wasysym} \n\t\t\t\t\\usepackage{amsfonts} \n\t\t\t\t\\usepackage{amssymb} \n\t\t\t\t\\usepackage{amsbsy}\n\t\t\t\t\\usepackage{mathrsfs}\n\t\t\t\t\\usepackage{upgreek}\n\t\t\t\t\\setlength{\\oddsidemargin}{-69pt}\n\t\t\t\t\\begin{document}$$\\mathbf {W}_{u,v}$$\\end{document}, which means that the user distance is indeterminate. Therefore, we define the user distance as the smallest among all possibilities:3\\documentclass[12pt]{minimal}\n\t\t\t\t\\usepackage{amsmath}\n\t\t\t\t\\usepackage{wasysym} \n\t\t\t\t\\usepackage{amsfonts} \n\t\t\t\t\\usepackage{amssymb} \n\t\t\t\t\\usepackage{amsbsy}\n\t\t\t\t\\usepackage{mathrsfs}\n\t\t\t\t\\usepackage{upgreek}\n\t\t\t\t\\setlength{\\oddsidemargin}{-69pt}\n\t\t\t\t\\begin{document}$$\\begin{aligned} d(\\mathbf {p}_u,\\mathbf {p}_v) :=\\min _{\\mathbf {W}_{u,v}\\in U(\\mathbf {p}_u,\\mathbf {p}_v)} \\sum _{i \\in \\mathcal {I}_u}\\sum _{j \\in \\mathcal {I}_v}\\mathbf {W}_{u,v}(i,j)\\mathbf {D}(i,j). \\end{aligned}$$\\end{document}Equation (3) is a special case of the earth mover\u2019s distance (EMD) [11], when the moment parameter \\documentclass[12pt]{minimal}\n\t\t\t\t\\usepackage{amsmath}\n\t\t\t\t\\usepackage{wasysym} \n\t\t\t\t\\usepackage{amsfonts} \n\t\t\t\t\\usepackage{amssymb} \n\t\t\t\t\\usepackage{amsbsy}\n\t\t\t\t\\usepackage{mathrsfs}\n\t\t\t\t\\usepackage{upgreek}\n\t\t\t\t\\setlength{\\oddsidemargin}{-69pt}\n\t\t\t\t\\begin{document}$$p=1$$\\end{document} and the probability space is discrete. Moreover, PMD is a metric as long as \\documentclass[12pt]{minimal}\n\t\t\t\t\\usepackage{amsmath}\n\t\t\t\t\\usepackage{wasysym} \n\t\t\t\t\\usepackage{amsfonts} \n\t\t\t\t\\usepackage{amssymb} \n\t\t\t\t\\usepackage{amsbsy}\n\t\t\t\t\\usepackage{mathrsfs}\n\t\t\t\t\\usepackage{upgreek}\n\t\t\t\t\\setlength{\\oddsidemargin}{-69pt}\n\t\t\t\t\\begin{document}$$\\mathbf {D}$$\\end{document} is a metric [37]. We call \\documentclass[12pt]{minimal}\n\t\t\t\t\\usepackage{amsmath}\n\t\t\t\t\\usepackage{wasysym} \n\t\t\t\t\\usepackage{amsfonts} \n\t\t\t\t\\usepackage{amssymb} \n\t\t\t\t\\usepackage{amsbsy}\n\t\t\t\t\\usepackage{mathrsfs}\n\t\t\t\t\\usepackage{upgreek}\n\t\t\t\t\\setlength{\\oddsidemargin}{-69pt}\n\t\t\t\t\\begin{document}$$d(\\mathbf {p}_u,\\mathbf {p}_v)$$\\end{document} the preference mover\u2019s distance (PMD) to highlight its connection to EMD. Being a metric has some nice properties that make the user distance meaningful. For example, the triangle inequality indicates that if both user A and user B are similar to a third user C, then user A and user B are also similar. Moreover, a user should be most similar to himself among all users if \\documentclass[12pt]{minimal}\n\t\t\t\t\\usepackage{amsmath}\n\t\t\t\t\\usepackage{wasysym} \n\t\t\t\t\\usepackage{amsfonts} \n\t\t\t\t\\usepackage{amssymb} \n\t\t\t\t\\usepackage{amsbsy}\n\t\t\t\t\\usepackage{mathrsfs}\n\t\t\t\t\\usepackage{upgreek}\n\t\t\t\t\\setlength{\\oddsidemargin}{-69pt}\n\t\t\t\t\\begin{document}$$\\mathbf {D}(i,i)=0$$\\end{document}. In contrast, it is unclear whether BCF and HUSM also have these properties as they determine weights using heuristics.\n",
            "cite_spans": [
                {
                    "start": 10114,
                    "end": 10116,
                    "mention": "11",
                    "ref_id": "BIBREF2"
                },
                {
                    "start": 10820,
                    "end": 10822,
                    "mention": "37",
                    "ref_id": "BIBREF30"
                }
            ],
            "section": "Preference Mover\u2019s Distance",
            "ref_spans": []
        },
        {
            "text": "Illustration. Intuitively, \\documentclass[12pt]{minimal}\n\t\t\t\t\\usepackage{amsmath}\n\t\t\t\t\\usepackage{wasysym} \n\t\t\t\t\\usepackage{amsfonts} \n\t\t\t\t\\usepackage{amssymb} \n\t\t\t\t\\usepackage{amsbsy}\n\t\t\t\t\\usepackage{mathrsfs}\n\t\t\t\t\\usepackage{upgreek}\n\t\t\t\t\\setlength{\\oddsidemargin}{-69pt}\n\t\t\t\t\\begin{document}$$d(\\mathbf {p}_u,\\mathbf {p}_v)$$\\end{document} can be viewed as the minimum cost of transforming the ratings of user u to the ratings of user v, which we show in Fig. 1. \\documentclass[12pt]{minimal}\n\t\t\t\t\\usepackage{amsmath}\n\t\t\t\t\\usepackage{wasysym} \n\t\t\t\t\\usepackage{amsfonts} \n\t\t\t\t\\usepackage{amssymb} \n\t\t\t\t\\usepackage{amsbsy}\n\t\t\t\t\\usepackage{mathrsfs}\n\t\t\t\t\\usepackage{upgreek}\n\t\t\t\t\\setlength{\\oddsidemargin}{-69pt}\n\t\t\t\t\\begin{document}$$\\mathbf {p}_u$$\\end{document} and \\documentclass[12pt]{minimal}\n\t\t\t\t\\usepackage{amsmath}\n\t\t\t\t\\usepackage{wasysym} \n\t\t\t\t\\usepackage{amsfonts} \n\t\t\t\t\\usepackage{amssymb} \n\t\t\t\t\\usepackage{amsbsy}\n\t\t\t\t\\usepackage{mathrsfs}\n\t\t\t\t\\usepackage{upgreek}\n\t\t\t\t\\setlength{\\oddsidemargin}{-69pt}\n\t\t\t\t\\begin{document}$$\\mathbf {p}_v$$\\end{document} define two distributions of mass, while \\documentclass[12pt]{minimal}\n\t\t\t\t\\usepackage{amsmath}\n\t\t\t\t\\usepackage{wasysym} \n\t\t\t\t\\usepackage{amsfonts} \n\t\t\t\t\\usepackage{amssymb} \n\t\t\t\t\\usepackage{amsbsy}\n\t\t\t\t\\usepackage{mathrsfs}\n\t\t\t\t\\usepackage{upgreek}\n\t\t\t\t\\setlength{\\oddsidemargin}{-69pt}\n\t\t\t\t\\begin{document}$$\\mathbf {D}(i,j)$$\\end{document} models the cost of moving one unit of mass from \\documentclass[12pt]{minimal}\n\t\t\t\t\\usepackage{amsmath}\n\t\t\t\t\\usepackage{wasysym} \n\t\t\t\t\\usepackage{amsfonts} \n\t\t\t\t\\usepackage{amssymb} \n\t\t\t\t\\usepackage{amsbsy}\n\t\t\t\t\\usepackage{mathrsfs}\n\t\t\t\t\\usepackage{upgreek}\n\t\t\t\t\\setlength{\\oddsidemargin}{-69pt}\n\t\t\t\t\\begin{document}$$\\mathbf {p}_u(i)$$\\end{document} to \\documentclass[12pt]{minimal}\n\t\t\t\t\\usepackage{amsmath}\n\t\t\t\t\\usepackage{wasysym} \n\t\t\t\t\\usepackage{amsfonts} \n\t\t\t\t\\usepackage{amssymb} \n\t\t\t\t\\usepackage{amsbsy}\n\t\t\t\t\\usepackage{mathrsfs}\n\t\t\t\t\\usepackage{upgreek}\n\t\t\t\t\\setlength{\\oddsidemargin}{-69pt}\n\t\t\t\t\\begin{document}$$\\mathbf {p}_v(j)$$\\end{document}. Therefore, PMD can model the similarity between u and v even if they have no co-rated items. If two users like similar items, \\documentclass[12pt]{minimal}\n\t\t\t\t\\usepackage{amsmath}\n\t\t\t\t\\usepackage{wasysym} \n\t\t\t\t\\usepackage{amsfonts} \n\t\t\t\t\\usepackage{amssymb} \n\t\t\t\t\\usepackage{amsbsy}\n\t\t\t\t\\usepackage{mathrsfs}\n\t\t\t\t\\usepackage{upgreek}\n\t\t\t\t\\setlength{\\oddsidemargin}{-69pt}\n\t\t\t\t\\begin{document}$$\\mathbf {W}_{u,v}(i,j)$$\\end{document} takes a large value for item pairs with small \\documentclass[12pt]{minimal}\n\t\t\t\t\\usepackage{amsmath}\n\t\t\t\t\\usepackage{wasysym} \n\t\t\t\t\\usepackage{amsfonts} \n\t\t\t\t\\usepackage{amssymb} \n\t\t\t\t\\usepackage{amsbsy}\n\t\t\t\t\\usepackage{mathrsfs}\n\t\t\t\t\\usepackage{upgreek}\n\t\t\t\t\\setlength{\\oddsidemargin}{-69pt}\n\t\t\t\t\\begin{document}$$\\mathbf {D}(i,j)$$\\end{document}, which results in a small distance. This is the case for \\documentclass[12pt]{minimal}\n\t\t\t\t\\usepackage{amsmath}\n\t\t\t\t\\usepackage{wasysym} \n\t\t\t\t\\usepackage{amsfonts} \n\t\t\t\t\\usepackage{amssymb} \n\t\t\t\t\\usepackage{amsbsy}\n\t\t\t\t\\usepackage{mathrsfs}\n\t\t\t\t\\usepackage{upgreek}\n\t\t\t\t\\setlength{\\oddsidemargin}{-69pt}\n\t\t\t\t\\begin{document}$$u_0$$\\end{document} and \\documentclass[12pt]{minimal}\n\t\t\t\t\\usepackage{amsmath}\n\t\t\t\t\\usepackage{wasysym} \n\t\t\t\t\\usepackage{amsfonts} \n\t\t\t\t\\usepackage{amssymb} \n\t\t\t\t\\usepackage{amsbsy}\n\t\t\t\t\\usepackage{mathrsfs}\n\t\t\t\t\\usepackage{upgreek}\n\t\t\t\t\\setlength{\\oddsidemargin}{-69pt}\n\t\t\t\t\\begin{document}$$u_1$$\\end{document} in Fig. 1 as they both like science fiction movies. In contrast, if two users like dissimilar items, \\documentclass[12pt]{minimal}\n\t\t\t\t\\usepackage{amsmath}\n\t\t\t\t\\usepackage{wasysym} \n\t\t\t\t\\usepackage{amsfonts} \n\t\t\t\t\\usepackage{amssymb} \n\t\t\t\t\\usepackage{amsbsy}\n\t\t\t\t\\usepackage{mathrsfs}\n\t\t\t\t\\usepackage{upgreek}\n\t\t\t\t\\setlength{\\oddsidemargin}{-69pt}\n\t\t\t\t\\begin{document}$$\\mathbf {W}_{u,v}(i,j)$$\\end{document} is large for item pairs with large \\documentclass[12pt]{minimal}\n\t\t\t\t\\usepackage{amsmath}\n\t\t\t\t\\usepackage{wasysym} \n\t\t\t\t\\usepackage{amsfonts} \n\t\t\t\t\\usepackage{amssymb} \n\t\t\t\t\\usepackage{amsbsy}\n\t\t\t\t\\usepackage{mathrsfs}\n\t\t\t\t\\usepackage{upgreek}\n\t\t\t\t\\setlength{\\oddsidemargin}{-69pt}\n\t\t\t\t\\begin{document}$$\\mathbf {D}(i,j)$$\\end{document}, which produces a large distance. In Fig. 1, \\documentclass[12pt]{minimal}\n\t\t\t\t\\usepackage{amsmath}\n\t\t\t\t\\usepackage{wasysym} \n\t\t\t\t\\usepackage{amsfonts} \n\t\t\t\t\\usepackage{amssymb} \n\t\t\t\t\\usepackage{amsbsy}\n\t\t\t\t\\usepackage{mathrsfs}\n\t\t\t\t\\usepackage{upgreek}\n\t\t\t\t\\setlength{\\oddsidemargin}{-69pt}\n\t\t\t\t\\begin{document}$$u_0$$\\end{document} likes science fiction movies while \\documentclass[12pt]{minimal}\n\t\t\t\t\\usepackage{amsmath}\n\t\t\t\t\\usepackage{wasysym} \n\t\t\t\t\\usepackage{amsfonts} \n\t\t\t\t\\usepackage{amssymb} \n\t\t\t\t\\usepackage{amsbsy}\n\t\t\t\t\\usepackage{mathrsfs}\n\t\t\t\t\\usepackage{upgreek}\n\t\t\t\t\\setlength{\\oddsidemargin}{-69pt}\n\t\t\t\t\\begin{document}$$u_2$$\\end{document} likes romantic movies, and thus \\documentclass[12pt]{minimal}\n\t\t\t\t\\usepackage{amsmath}\n\t\t\t\t\\usepackage{wasysym} \n\t\t\t\t\\usepackage{amsfonts} \n\t\t\t\t\\usepackage{amssymb} \n\t\t\t\t\\usepackage{amsbsy}\n\t\t\t\t\\usepackage{mathrsfs}\n\t\t\t\t\\usepackage{upgreek}\n\t\t\t\t\\setlength{\\oddsidemargin}{-69pt}\n\t\t\t\t\\begin{document}$$d(\\mathbf {p}_{u_0},\\mathbf {p}_{u_2})$$\\end{document} is large. Even if \\documentclass[12pt]{minimal}\n\t\t\t\t\\usepackage{amsmath}\n\t\t\t\t\\usepackage{wasysym} \n\t\t\t\t\\usepackage{amsfonts} \n\t\t\t\t\\usepackage{amssymb} \n\t\t\t\t\\usepackage{amsbsy}\n\t\t\t\t\\usepackage{mathrsfs}\n\t\t\t\t\\usepackage{upgreek}\n\t\t\t\t\\setlength{\\oddsidemargin}{-69pt}\n\t\t\t\t\\begin{document}$$u_0$$\\end{document} has no co-rated movies with \\documentclass[12pt]{minimal}\n\t\t\t\t\\usepackage{amsmath}\n\t\t\t\t\\usepackage{wasysym} \n\t\t\t\t\\usepackage{amsfonts} \n\t\t\t\t\\usepackage{amssymb} \n\t\t\t\t\\usepackage{amsbsy}\n\t\t\t\t\\usepackage{mathrsfs}\n\t\t\t\t\\usepackage{upgreek}\n\t\t\t\t\\setlength{\\oddsidemargin}{-69pt}\n\t\t\t\t\\begin{document}$$u_1$$\\end{document} and \\documentclass[12pt]{minimal}\n\t\t\t\t\\usepackage{amsmath}\n\t\t\t\t\\usepackage{wasysym} \n\t\t\t\t\\usepackage{amsfonts} \n\t\t\t\t\\usepackage{amssymb} \n\t\t\t\t\\usepackage{amsbsy}\n\t\t\t\t\\usepackage{mathrsfs}\n\t\t\t\t\\usepackage{upgreek}\n\t\t\t\t\\setlength{\\oddsidemargin}{-69pt}\n\t\t\t\t\\begin{document}$$u_2$$\\end{document}, PMD still gives \\documentclass[12pt]{minimal}\n\t\t\t\t\\usepackage{amsmath}\n\t\t\t\t\\usepackage{wasysym} \n\t\t\t\t\\usepackage{amsfonts} \n\t\t\t\t\\usepackage{amssymb} \n\t\t\t\t\\usepackage{amsbsy}\n\t\t\t\t\\usepackage{mathrsfs}\n\t\t\t\t\\usepackage{upgreek}\n\t\t\t\t\\setlength{\\oddsidemargin}{-69pt}\n\t\t\t\t\\begin{document}$$d(\\mathbf {p}_{u_0},\\mathbf {p}_{u_1})<d(\\mathbf {p}_{u_0},\\mathbf {p}_{u_2})$$\\end{document}, which implies that \\documentclass[12pt]{minimal}\n\t\t\t\t\\usepackage{amsmath}\n\t\t\t\t\\usepackage{wasysym} \n\t\t\t\t\\usepackage{amsfonts} \n\t\t\t\t\\usepackage{amssymb} \n\t\t\t\t\\usepackage{amsbsy}\n\t\t\t\t\\usepackage{mathrsfs}\n\t\t\t\t\\usepackage{upgreek}\n\t\t\t\t\\setlength{\\oddsidemargin}{-69pt}\n\t\t\t\t\\begin{document}$$u_0$$\\end{document} is more similar to \\documentclass[12pt]{minimal}\n\t\t\t\t\\usepackage{amsmath}\n\t\t\t\t\\usepackage{wasysym} \n\t\t\t\t\\usepackage{amsfonts} \n\t\t\t\t\\usepackage{amssymb} \n\t\t\t\t\\usepackage{amsbsy}\n\t\t\t\t\\usepackage{mathrsfs}\n\t\t\t\t\\usepackage{upgreek}\n\t\t\t\t\\setlength{\\oddsidemargin}{-69pt}\n\t\t\t\t\\begin{document}$$u_1$$\\end{document} than to \\documentclass[12pt]{minimal}\n\t\t\t\t\\usepackage{amsmath}\n\t\t\t\t\\usepackage{wasysym} \n\t\t\t\t\\usepackage{amsfonts} \n\t\t\t\t\\usepackage{amssymb} \n\t\t\t\t\\usepackage{amsbsy}\n\t\t\t\t\\usepackage{mathrsfs}\n\t\t\t\t\\usepackage{upgreek}\n\t\t\t\t\\setlength{\\oddsidemargin}{-69pt}\n\t\t\t\t\\begin{document}$$u_2$$\\end{document}.",
            "cite_spans": [],
            "section": "Preference Mover\u2019s Distance",
            "ref_spans": [
                {
                    "start": 463,
                    "end": 464,
                    "mention": "1",
                    "ref_id": "FIGREF0"
                },
                {
                    "start": 3495,
                    "end": 3496,
                    "mention": "1",
                    "ref_id": "FIGREF0"
                },
                {
                    "start": 4275,
                    "end": 4276,
                    "mention": "1",
                    "ref_id": "FIGREF0"
                }
            ]
        },
        {
            "text": "Computation Speedup. An exact solution to the optimization problem in Eq. (3) takes a time complexity of \\documentclass[12pt]{minimal}\n\t\t\t\t\\usepackage{amsmath}\n\t\t\t\t\\usepackage{wasysym} \n\t\t\t\t\\usepackage{amsfonts} \n\t\t\t\t\\usepackage{amssymb} \n\t\t\t\t\\usepackage{amsbsy}\n\t\t\t\t\\usepackage{mathrsfs}\n\t\t\t\t\\usepackage{upgreek}\n\t\t\t\t\\setlength{\\oddsidemargin}{-69pt}\n\t\t\t\t\\begin{document}$$O(q^3\\log q)$$\\end{document} [36], where \\documentclass[12pt]{minimal}\n\t\t\t\t\\usepackage{amsmath}\n\t\t\t\t\\usepackage{wasysym} \n\t\t\t\t\\usepackage{amsfonts} \n\t\t\t\t\\usepackage{amssymb} \n\t\t\t\t\\usepackage{amsbsy}\n\t\t\t\t\\usepackage{mathrsfs}\n\t\t\t\t\\usepackage{upgreek}\n\t\t\t\t\\setlength{\\oddsidemargin}{-69pt}\n\t\t\t\t\\begin{document}$$q=|\\mathcal {I}_u \\cup \\mathcal {I}_v|$$\\end{document}. To reduce the complexity, we use the Sinkhorn algorithm [10], which produces a high-quality approximate solution with a complexity of \\documentclass[12pt]{minimal}\n\t\t\t\t\\usepackage{amsmath}\n\t\t\t\t\\usepackage{wasysym} \n\t\t\t\t\\usepackage{amsfonts} \n\t\t\t\t\\usepackage{amssymb} \n\t\t\t\t\\usepackage{amsbsy}\n\t\t\t\t\\usepackage{mathrsfs}\n\t\t\t\t\\usepackage{upgreek}\n\t\t\t\t\\setlength{\\oddsidemargin}{-69pt}\n\t\t\t\t\\begin{document}$$O(q^2)$$\\end{document}. To speed up the lookup for similar users in large datasets, we employ HNSW [30], which is the state-of-the-art algorithm for similarity search. HNSW builds a multi-layer k-nearest neighbour (KNN) graph for the dataset and returns high quality nearest neighbours for a query with \\documentclass[12pt]{minimal}\n\t\t\t\t\\usepackage{amsmath}\n\t\t\t\t\\usepackage{wasysym} \n\t\t\t\t\\usepackage{amsfonts} \n\t\t\t\t\\usepackage{amssymb} \n\t\t\t\t\\usepackage{amsbsy}\n\t\t\t\t\\usepackage{mathrsfs}\n\t\t\t\t\\usepackage{upgreek}\n\t\t\t\t\\setlength{\\oddsidemargin}{-69pt}\n\t\t\t\t\\begin{document}$$O(\\log N)$$\\end{document} distance computations, in which N is the number of users. With these two techniques, looking up for the top 100 neighbours takes only 0.02 s on average for a user and achieves a high recall of 99.2% for the Epinions dataset in our experiments. We conduct the experiment on a machine with two 2.0 GHz E5-2620 Intel(R) Xeon(R) CPU (12 physical cores in total), 48 GB RAM, a 450 GB SATA disk (6 Gb/s, 10k rpm, 64 MB cache), and 64-bit CentOS release 7.2.",
            "cite_spans": [
                {
                    "start": 404,
                    "end": 406,
                    "mention": "36",
                    "ref_id": "BIBREF29"
                },
                {
                    "start": 797,
                    "end": 799,
                    "mention": "10",
                    "ref_id": "BIBREF1"
                },
                {
                    "start": 1243,
                    "end": 1245,
                    "mention": "30",
                    "ref_id": "BIBREF23"
                }
            ],
            "section": "Preference Mover\u2019s Distance",
            "ref_spans": []
        },
        {
            "text": "Positive/Negative Feedback. We can split the user ratings into positive ratings \\documentclass[12pt]{minimal}\n\t\t\t\t\\usepackage{amsmath}\n\t\t\t\t\\usepackage{wasysym} \n\t\t\t\t\\usepackage{amsfonts} \n\t\t\t\t\\usepackage{amssymb} \n\t\t\t\t\\usepackage{amsbsy}\n\t\t\t\t\\usepackage{mathrsfs}\n\t\t\t\t\\usepackage{upgreek}\n\t\t\t\t\\setlength{\\oddsidemargin}{-69pt}\n\t\t\t\t\\begin{document}$$ \\mathbf {R}^{p}$$\\end{document}, e.g., 3, 4 and 5 if a score of 1\u20135 is allowed, which indicates that the user likes the item, and negative ratings \\documentclass[12pt]{minimal}\n\t\t\t\t\\usepackage{amsmath}\n\t\t\t\t\\usepackage{wasysym} \n\t\t\t\t\\usepackage{amsfonts} \n\t\t\t\t\\usepackage{amssymb} \n\t\t\t\t\\usepackage{amsbsy}\n\t\t\t\t\\usepackage{mathrsfs}\n\t\t\t\t\\usepackage{upgreek}\n\t\t\t\t\\setlength{\\oddsidemargin}{-69pt}\n\t\t\t\t\\begin{document}$$\\mathbf {R}^{n}$$\\end{document}, e.g., 1 and 2, which indicates that the user dislikes the item. Based on \\documentclass[12pt]{minimal}\n\t\t\t\t\\usepackage{amsmath}\n\t\t\t\t\\usepackage{wasysym} \n\t\t\t\t\\usepackage{amsfonts} \n\t\t\t\t\\usepackage{amssymb} \n\t\t\t\t\\usepackage{amsbsy}\n\t\t\t\t\\usepackage{mathrsfs}\n\t\t\t\t\\usepackage{upgreek}\n\t\t\t\t\\setlength{\\oddsidemargin}{-69pt}\n\t\t\t\t\\begin{document}$$ \\mathbf {R}^p$$\\end{document} and \\documentclass[12pt]{minimal}\n\t\t\t\t\\usepackage{amsmath}\n\t\t\t\t\\usepackage{wasysym} \n\t\t\t\t\\usepackage{amsfonts} \n\t\t\t\t\\usepackage{amssymb} \n\t\t\t\t\\usepackage{amsbsy}\n\t\t\t\t\\usepackage{mathrsfs}\n\t\t\t\t\\usepackage{upgreek}\n\t\t\t\t\\setlength{\\oddsidemargin}{-69pt}\n\t\t\t\t\\begin{document}$$ \\mathbf {R}^n$$\\end{document}, we define positive preference \\documentclass[12pt]{minimal}\n\t\t\t\t\\usepackage{amsmath}\n\t\t\t\t\\usepackage{wasysym} \n\t\t\t\t\\usepackage{amsfonts} \n\t\t\t\t\\usepackage{amssymb} \n\t\t\t\t\\usepackage{amsbsy}\n\t\t\t\t\\usepackage{mathrsfs}\n\t\t\t\t\\usepackage{upgreek}\n\t\t\t\t\\setlength{\\oddsidemargin}{-69pt}\n\t\t\t\t\\begin{document}$$\\mathbf {p}^p_u$$\\end{document} and negative preference \\documentclass[12pt]{minimal}\n\t\t\t\t\\usepackage{amsmath}\n\t\t\t\t\\usepackage{wasysym} \n\t\t\t\t\\usepackage{amsfonts} \n\t\t\t\t\\usepackage{amssymb} \n\t\t\t\t\\usepackage{amsbsy}\n\t\t\t\t\\usepackage{mathrsfs}\n\t\t\t\t\\usepackage{upgreek}\n\t\t\t\t\\setlength{\\oddsidemargin}{-69pt}\n\t\t\t\t\\begin{document}$$\\mathbf {p}^n_u$$\\end{document}, i.e., \\documentclass[12pt]{minimal}\n\t\t\t\t\\usepackage{amsmath}\n\t\t\t\t\\usepackage{wasysym} \n\t\t\t\t\\usepackage{amsfonts} \n\t\t\t\t\\usepackage{amssymb} \n\t\t\t\t\\usepackage{amsbsy}\n\t\t\t\t\\usepackage{mathrsfs}\n\t\t\t\t\\usepackage{upgreek}\n\t\t\t\t\\setlength{\\oddsidemargin}{-69pt}\n\t\t\t\t\\begin{document}$$\\mathbf {p}^p_u(i) = \\frac{\\mathbf {R}^p(u,i)}{\\sum _{j \\in \\mathbf {R}^p}\\mathbf {R}^p(u,j)}$$\\end{document} and \\documentclass[12pt]{minimal}\n\t\t\t\t\\usepackage{amsmath}\n\t\t\t\t\\usepackage{wasysym} \n\t\t\t\t\\usepackage{amsfonts} \n\t\t\t\t\\usepackage{amssymb} \n\t\t\t\t\\usepackage{amsbsy}\n\t\t\t\t\\usepackage{mathrsfs}\n\t\t\t\t\\usepackage{upgreek}\n\t\t\t\t\\setlength{\\oddsidemargin}{-69pt}\n\t\t\t\t\\begin{document}$$\\mathbf {p}^n_u(i) = \\frac{\\frac{1}{\\mathbf {R}^n(u,i)}}{\\sum _{j \\in \\mathbf {R}^n}\\frac{1}{\\mathbf {R}^n(u,j)}}$$\\end{document}. Then we can define more fine-grained user distances using Eq. (3), e.g., \\documentclass[12pt]{minimal}\n\t\t\t\t\\usepackage{amsmath}\n\t\t\t\t\\usepackage{wasysym} \n\t\t\t\t\\usepackage{amsfonts} \n\t\t\t\t\\usepackage{amssymb} \n\t\t\t\t\\usepackage{amsbsy}\n\t\t\t\t\\usepackage{mathrsfs}\n\t\t\t\t\\usepackage{upgreek}\n\t\t\t\t\\setlength{\\oddsidemargin}{-69pt}\n\t\t\t\t\\begin{document}$$d(\\mathbf {p}^p_u, \\mathbf {p}^p_v)$$\\end{document}, \\documentclass[12pt]{minimal}\n\t\t\t\t\\usepackage{amsmath}\n\t\t\t\t\\usepackage{wasysym} \n\t\t\t\t\\usepackage{amsfonts} \n\t\t\t\t\\usepackage{amssymb} \n\t\t\t\t\\usepackage{amsbsy}\n\t\t\t\t\\usepackage{mathrsfs}\n\t\t\t\t\\usepackage{upgreek}\n\t\t\t\t\\setlength{\\oddsidemargin}{-69pt}\n\t\t\t\t\\begin{document}$$d(\\mathbf {p}^n_u, \\mathbf {p}^n_v)$$\\end{document}, \\documentclass[12pt]{minimal}\n\t\t\t\t\\usepackage{amsmath}\n\t\t\t\t\\usepackage{wasysym} \n\t\t\t\t\\usepackage{amsfonts} \n\t\t\t\t\\usepackage{amssymb} \n\t\t\t\t\\usepackage{amsbsy}\n\t\t\t\t\\usepackage{mathrsfs}\n\t\t\t\t\\usepackage{upgreek}\n\t\t\t\t\\setlength{\\oddsidemargin}{-69pt}\n\t\t\t\t\\begin{document}$$d(\\mathbf {p}^n_u, \\mathbf {p}^p_v)$$\\end{document} and \\documentclass[12pt]{minimal}\n\t\t\t\t\\usepackage{amsmath}\n\t\t\t\t\\usepackage{wasysym} \n\t\t\t\t\\usepackage{amsfonts} \n\t\t\t\t\\usepackage{amssymb} \n\t\t\t\t\\usepackage{amsbsy}\n\t\t\t\t\\usepackage{mathrsfs}\n\t\t\t\t\\usepackage{upgreek}\n\t\t\t\t\\setlength{\\oddsidemargin}{-69pt}\n\t\t\t\t\\begin{document}$$d(\\mathbf {p}^p_u, \\mathbf {p}^n_v)$$\\end{document}. A small \\documentclass[12pt]{minimal}\n\t\t\t\t\\usepackage{amsmath}\n\t\t\t\t\\usepackage{wasysym} \n\t\t\t\t\\usepackage{amsfonts} \n\t\t\t\t\\usepackage{amssymb} \n\t\t\t\t\\usepackage{amsbsy}\n\t\t\t\t\\usepackage{mathrsfs}\n\t\t\t\t\\usepackage{upgreek}\n\t\t\t\t\\setlength{\\oddsidemargin}{-69pt}\n\t\t\t\t\\begin{document}$$d(\\mathbf {p}^n_u, \\mathbf {p}^n_v)$$\\end{document} indicates that the two users dislike similar items and can be used to avoid making bad recommendations that may lose users. A small \\documentclass[12pt]{minimal}\n\t\t\t\t\\usepackage{amsmath}\n\t\t\t\t\\usepackage{wasysym} \n\t\t\t\t\\usepackage{amsfonts} \n\t\t\t\t\\usepackage{amssymb} \n\t\t\t\t\\usepackage{amsbsy}\n\t\t\t\t\\usepackage{mathrsfs}\n\t\t\t\t\\usepackage{upgreek}\n\t\t\t\t\\setlength{\\oddsidemargin}{-69pt}\n\t\t\t\t\\begin{document}$$d(\\mathbf {p}^p_u, \\mathbf {p}^n_v)$$\\end{document} or \\documentclass[12pt]{minimal}\n\t\t\t\t\\usepackage{amsmath}\n\t\t\t\t\\usepackage{wasysym} \n\t\t\t\t\\usepackage{amsfonts} \n\t\t\t\t\\usepackage{amssymb} \n\t\t\t\t\\usepackage{amsbsy}\n\t\t\t\t\\usepackage{mathrsfs}\n\t\t\t\t\\usepackage{upgreek}\n\t\t\t\t\\setlength{\\oddsidemargin}{-69pt}\n\t\t\t\t\\begin{document}$$d(\\mathbf {p}^n_u, \\mathbf {p}^p_v)$$\\end{document} means that the interests of the two users complement each other and may be used for friend recommendation in social networks. We may also construct composite PMD (CPMD) such as:4\\documentclass[12pt]{minimal}\n\t\t\t\t\\usepackage{amsmath}\n\t\t\t\t\\usepackage{wasysym} \n\t\t\t\t\\usepackage{amsfonts} \n\t\t\t\t\\usepackage{amssymb} \n\t\t\t\t\\usepackage{amsbsy}\n\t\t\t\t\\usepackage{mathrsfs}\n\t\t\t\t\\usepackage{upgreek}\n\t\t\t\t\\setlength{\\oddsidemargin}{-69pt}\n\t\t\t\t\\begin{document}$$\\begin{aligned} \\tilde{d}(\\mathbf {p}_u,\\mathbf {p}_v):=\\mu d(\\mathbf {p}^p_u,\\mathbf {p}^p_v)+(1-\\mu ) d(\\mathbf {p}^n_u,\\mathbf {p}^n_v), \\end{aligned}$$\\end{document}where \\documentclass[12pt]{minimal}\n\t\t\t\t\\usepackage{amsmath}\n\t\t\t\t\\usepackage{wasysym} \n\t\t\t\t\\usepackage{amsfonts} \n\t\t\t\t\\usepackage{amssymb} \n\t\t\t\t\\usepackage{amsbsy}\n\t\t\t\t\\usepackage{mathrsfs}\n\t\t\t\t\\usepackage{upgreek}\n\t\t\t\t\\setlength{\\oddsidemargin}{-69pt}\n\t\t\t\t\\begin{document}$$\\mu \\in [0,1]$$\\end{document} is a tuning parameter weighting the importance of the distances of positive and negative preferences.",
            "cite_spans": [],
            "section": "Preference Mover\u2019s Distance",
            "ref_spans": []
        },
        {
            "text": "We evaluate PMD by comparing its performance for NN-based recommendation with various user similarity measures. Two well-known datasets, i.e., MovieLens-1M [2] and Epinions [1], are used and their statistics are reported in Table 1. The rating user u gives to item i is predicted as a weighted sum of its top-K neighbours in the training set, i.e., \\documentclass[12pt]{minimal}\n\t\t\t\t\\usepackage{amsmath}\n\t\t\t\t\\usepackage{wasysym} \n\t\t\t\t\\usepackage{amsfonts} \n\t\t\t\t\\usepackage{amssymb} \n\t\t\t\t\\usepackage{amsbsy}\n\t\t\t\t\\usepackage{mathrsfs}\n\t\t\t\t\\usepackage{upgreek}\n\t\t\t\t\\setlength{\\oddsidemargin}{-69pt}\n\t\t\t\t\\begin{document}$$\\hat{\\mathbf {R}}(u,i)=\\bar{u}+\\sum _{v\\in \\mathcal {N}_u}\\frac{s(u,v)\\times (\\mathbf {R}(v,i)-\\bar{v})}{\\sum _{v\\in \\mathcal {N}_u}s(u,v)}$$\\end{document} [13], in which \\documentclass[12pt]{minimal}\n\t\t\t\t\\usepackage{amsmath}\n\t\t\t\t\\usepackage{wasysym} \n\t\t\t\t\\usepackage{amsfonts} \n\t\t\t\t\\usepackage{amssymb} \n\t\t\t\t\\usepackage{amsbsy}\n\t\t\t\t\\usepackage{mathrsfs}\n\t\t\t\t\\usepackage{upgreek}\n\t\t\t\t\\setlength{\\oddsidemargin}{-69pt}\n\t\t\t\t\\begin{document}$$\\bar{u}$$\\end{document} is the average of the ratings given by user u, \\documentclass[12pt]{minimal}\n\t\t\t\t\\usepackage{amsmath}\n\t\t\t\t\\usepackage{wasysym} \n\t\t\t\t\\usepackage{amsfonts} \n\t\t\t\t\\usepackage{amssymb} \n\t\t\t\t\\usepackage{amsbsy}\n\t\t\t\t\\usepackage{mathrsfs}\n\t\t\t\t\\usepackage{upgreek}\n\t\t\t\t\\setlength{\\oddsidemargin}{-69pt}\n\t\t\t\t\\begin{document}$$\\mathcal {N}_u$$\\end{document} contains the top-K neighbours of u and s(u, v) is the similarity between a user pair u and v. We convert PMD into a similarity measure using \\documentclass[12pt]{minimal}\n\t\t\t\t\\usepackage{amsmath}\n\t\t\t\t\\usepackage{wasysym} \n\t\t\t\t\\usepackage{amsfonts} \n\t\t\t\t\\usepackage{amssymb} \n\t\t\t\t\\usepackage{amsbsy}\n\t\t\t\t\\usepackage{mathrsfs}\n\t\t\t\t\\usepackage{upgreek}\n\t\t\t\t\\setlength{\\oddsidemargin}{-69pt}\n\t\t\t\t\\begin{document}$$s(u,v)=2-d(\\mathbf {p}_u,\\mathbf {p}_v)$$\\end{document} and divide all ratings into train/validation/test sets, with an 8:1:1 ratio. Hyper-parameters are tuned to be optimal on the validation set for all methods. The mean absolute error (MAE) and the root mean square error (RMSE) [15, 31, 32] of the predicted ratings on the test set are used to evaluate the recommendation performance.\n\n",
            "cite_spans": [
                {
                    "start": 157,
                    "end": 158,
                    "mention": "2",
                    "ref_id": "BIBREF11"
                },
                {
                    "start": 174,
                    "end": 175,
                    "mention": "1",
                    "ref_id": "BIBREF0"
                },
                {
                    "start": 775,
                    "end": 777,
                    "mention": "13",
                    "ref_id": "BIBREF4"
                },
                {
                    "start": 2121,
                    "end": 2123,
                    "mention": "15",
                    "ref_id": "BIBREF6"
                },
                {
                    "start": 2125,
                    "end": 2127,
                    "mention": "31",
                    "ref_id": "BIBREF24"
                },
                {
                    "start": 2129,
                    "end": 2131,
                    "mention": "32",
                    "ref_id": "BIBREF25"
                }
            ],
            "section": "Experiments",
            "ref_spans": [
                {
                    "start": 230,
                    "end": 231,
                    "mention": "1",
                    "ref_id": "TABREF0"
                }
            ]
        },
        {
            "text": "Item Similarity. Both MovieLens and Epinions come with side information for computing item similarities. For MovieLens, we compute movie similarity using Tag-genomes [3, 42]. For Epinions, we evaluate item similarity by applying Doc2Vec [24] on the comments. Since both Tag-genome and doc2vec derive item similarity by cosine, we convert item similarity into distance using \\documentclass[12pt]{minimal}\n\t\t\t\t\\usepackage{amsmath}\n\t\t\t\t\\usepackage{wasysym} \n\t\t\t\t\\usepackage{amsfonts} \n\t\t\t\t\\usepackage{amssymb} \n\t\t\t\t\\usepackage{amsbsy}\n\t\t\t\t\\usepackage{mathrsfs}\n\t\t\t\t\\usepackage{upgreek}\n\t\t\t\t\\setlength{\\oddsidemargin}{-69pt}\n\t\t\t\t\\begin{document}$$\\mathbf {D}(i,j)=\\arccos (s(i,j))$$\\end{document}, which is a metric on the item space. For fair comparison, the same item similarity matrix is used for PMD, BCF and HUSM1.",
            "cite_spans": [
                {
                    "start": 167,
                    "end": 168,
                    "mention": "3",
                    "ref_id": "BIBREF22"
                },
                {
                    "start": 170,
                    "end": 172,
                    "mention": "42",
                    "ref_id": "BIBREF36"
                },
                {
                    "start": 238,
                    "end": 240,
                    "mention": "24",
                    "ref_id": "BIBREF16"
                }
            ],
            "section": "Experiments",
            "ref_spans": []
        },
        {
            "text": "Comparison Methods. COS, PCC and MSD are three classical user similarity measures. Jaccard, JMSD, NHSM, BCF, HUSM are five state-of-the-art measures. NMF [28], SVD [21] and SVD++ [20] are latent factor models for CF.\n\n",
            "cite_spans": [
                {
                    "start": 155,
                    "end": 157,
                    "mention": "28",
                    "ref_id": "BIBREF20"
                },
                {
                    "start": 165,
                    "end": 167,
                    "mention": "21",
                    "ref_id": "BIBREF13"
                },
                {
                    "start": 180,
                    "end": 182,
                    "mention": "20",
                    "ref_id": "BIBREF12"
                }
            ],
            "section": "Experiments",
            "ref_spans": []
        },
        {
            "text": "We report the performance of various similarity measures in Table 3, where PMD is based on Eq. (3) and CPMD is based on Eq. (4). The results show that PMD and CPMD consistently outperform other similarity measures and the improvement is more significant on the Epinions dataset which is much more sparse. We believe that our methods achieve good performance on sparse datasets mainly because it utilizes all rating information and derives the weights of the items using the optimal transportation theory, which works well when there are only few or no co-rated items. This is favorable as ratings are sparse in many real-world datasets [40]. CPMD achieves better performance than PMD, which suggests that it is beneficial to distinguish positive and negative feed-backs.",
            "cite_spans": [
                {
                    "start": 637,
                    "end": 639,
                    "mention": "40",
                    "ref_id": "BIBREF34"
                }
            ],
            "section": "Experiments",
            "ref_spans": [
                {
                    "start": 66,
                    "end": 67,
                    "mention": "3",
                    "ref_id": "TABREF2"
                }
            ]
        },
        {
            "text": "We also compare our methods with the latent factor models in Table 4. On the sparse Epinions dataset, both PMD and CPMD outperform the latent factor models. We report the performance of CPMD-based NN CF under different configurations of K and \\documentclass[12pt]{minimal}\n\t\t\t\t\\usepackage{amsmath}\n\t\t\t\t\\usepackage{wasysym} \n\t\t\t\t\\usepackage{amsfonts} \n\t\t\t\t\\usepackage{amssymb} \n\t\t\t\t\\usepackage{amsbsy}\n\t\t\t\t\\usepackage{mathrsfs}\n\t\t\t\t\\usepackage{upgreek}\n\t\t\t\t\\setlength{\\oddsidemargin}{-69pt}\n\t\t\t\t\\begin{document}$$\\mu $$\\end{document} in Table 2. CPMD performs best when \\documentclass[12pt]{minimal}\n\t\t\t\t\\usepackage{amsmath}\n\t\t\t\t\\usepackage{wasysym} \n\t\t\t\t\\usepackage{amsfonts} \n\t\t\t\t\\usepackage{amssymb} \n\t\t\t\t\\usepackage{amsbsy}\n\t\t\t\t\\usepackage{mathrsfs}\n\t\t\t\t\\usepackage{upgreek}\n\t\t\t\t\\setlength{\\oddsidemargin}{-69pt}\n\t\t\t\t\\begin{document}$$\\mu $$\\end{document} is around 0.6 on both datasets possibly because positive ratings can better represent the taste of a user than the negative ratings. In contrast, the optimal value of K is dataset dependent.",
            "cite_spans": [],
            "section": "Experiments",
            "ref_spans": [
                {
                    "start": 67,
                    "end": 68,
                    "mention": "4",
                    "ref_id": "TABREF3"
                },
                {
                    "start": 542,
                    "end": 543,
                    "mention": "2",
                    "ref_id": "TABREF1"
                }
            ]
        },
        {
            "text": "We proposed PMD, a novel user distance measure based on optimal transportation, which addresses the limitation of existing methods in dealing with datasets with few co-rated items. PMD also has the favorable properties of a metric. Experimental results show that PMD leads to better recommendation accuracy for NN-based CF than the state-of-the-art user similarity measures, especially when the ratings are highly sparse.",
            "cite_spans": [],
            "section": "Conclusions",
            "ref_spans": []
        }
    ],
    "ref_entries": {
        "TABREF0": {
            "text": "Table 1.: Data statistics.\n",
            "type": "table"
        },
        "TABREF1": {
            "text": "Table 2.: CPMD under different K and \\documentclass[12pt]{minimal}\n\t\t\t\t\\usepackage{amsmath}\n\t\t\t\t\\usepackage{wasysym} \n\t\t\t\t\\usepackage{amsfonts} \n\t\t\t\t\\usepackage{amssymb} \n\t\t\t\t\\usepackage{amsbsy}\n\t\t\t\t\\usepackage{mathrsfs}\n\t\t\t\t\\usepackage{upgreek}\n\t\t\t\t\\setlength{\\oddsidemargin}{-69pt}\n\t\t\t\t\\begin{document}$$\\mu $$\\end{document}.\n",
            "type": "table"
        },
        "TABREF2": {
            "text": "Table 3.: Comparison with other user similarity measures.\n",
            "type": "table"
        },
        "TABREF3": {
            "text": "Table 4.: Comparison with latent factor models.\n",
            "type": "table"
        },
        "FIGREF0": {
            "text": "Fig. 1.: An example of PMD. (a) shows the preference distributions of \\documentclass[12pt]{minimal}\n\t\t\t\t\\usepackage{amsmath}\n\t\t\t\t\\usepackage{wasysym} \n\t\t\t\t\\usepackage{amsfonts} \n\t\t\t\t\\usepackage{amssymb} \n\t\t\t\t\\usepackage{amsbsy}\n\t\t\t\t\\usepackage{mathrsfs}\n\t\t\t\t\\usepackage{upgreek}\n\t\t\t\t\\setlength{\\oddsidemargin}{-69pt}\n\t\t\t\t\\begin{document}$$u_0$$\\end{document}, \\documentclass[12pt]{minimal}\n\t\t\t\t\\usepackage{amsmath}\n\t\t\t\t\\usepackage{wasysym} \n\t\t\t\t\\usepackage{amsfonts} \n\t\t\t\t\\usepackage{amssymb} \n\t\t\t\t\\usepackage{amsbsy}\n\t\t\t\t\\usepackage{mathrsfs}\n\t\t\t\t\\usepackage{upgreek}\n\t\t\t\t\\setlength{\\oddsidemargin}{-69pt}\n\t\t\t\t\\begin{document}$$u_1$$\\end{document} and \\documentclass[12pt]{minimal}\n\t\t\t\t\\usepackage{amsmath}\n\t\t\t\t\\usepackage{wasysym} \n\t\t\t\t\\usepackage{amsfonts} \n\t\t\t\t\\usepackage{amssymb} \n\t\t\t\t\\usepackage{amsbsy}\n\t\t\t\t\\usepackage{mathrsfs}\n\t\t\t\t\\usepackage{upgreek}\n\t\t\t\t\\setlength{\\oddsidemargin}{-69pt}\n\t\t\t\t\\begin{document}$$u_2$$\\end{document} using histogram and the arrows depict the optimal transportation plan (i.e., \\documentclass[12pt]{minimal}\n\t\t\t\t\\usepackage{amsmath}\n\t\t\t\t\\usepackage{wasysym} \n\t\t\t\t\\usepackage{amsfonts} \n\t\t\t\t\\usepackage{amssymb} \n\t\t\t\t\\usepackage{amsbsy}\n\t\t\t\t\\usepackage{mathrsfs}\n\t\t\t\t\\usepackage{upgreek}\n\t\t\t\t\\setlength{\\oddsidemargin}{-69pt}\n\t\t\t\t\\begin{document}$$\\mathbf {W}_{u,v}$$\\end{document}) between the preference distributions. (b) is the distance matrix for the 5 movies, in which movies with the same genre have smaller distance, i.e., are more similar.",
            "type": "figure"
        }
    },
    "back_matter": [],
    "bib_entries": {
        "BIBREF0": {
            "title": "",
            "authors": [],
            "year": null,
            "venue": "",
            "volume": "",
            "issn": "",
            "pages": null,
            "other_ids": {
                "DOI": []
            }
        },
        "BIBREF1": {
            "title": "",
            "authors": [],
            "year": null,
            "venue": "",
            "volume": "",
            "issn": "",
            "pages": null,
            "other_ids": {
                "DOI": []
            }
        },
        "BIBREF2": {
            "title": "",
            "authors": [],
            "year": null,
            "venue": "",
            "volume": "",
            "issn": "",
            "pages": null,
            "other_ids": {
                "DOI": []
            }
        },
        "BIBREF3": {
            "title": "",
            "authors": [],
            "year": null,
            "venue": "",
            "volume": "",
            "issn": "",
            "pages": null,
            "other_ids": {
                "DOI": []
            }
        },
        "BIBREF4": {
            "title": "A comprehensive survey of neighborhood-based recommendation methods",
            "authors": [
                {
                    "first": "C",
                    "middle": [],
                    "last": "Desrosiers",
                    "suffix": ""
                },
                {
                    "first": "G",
                    "middle": [],
                    "last": "Karypis",
                    "suffix": ""
                }
            ],
            "year": 2011,
            "venue": "Recommender Systems Handbook",
            "volume": "",
            "issn": "",
            "pages": "107-144",
            "other_ids": {
                "DOI": []
            }
        },
        "BIBREF5": {
            "title": "",
            "authors": [],
            "year": null,
            "venue": "",
            "volume": "",
            "issn": "",
            "pages": null,
            "other_ids": {
                "DOI": []
            }
        },
        "BIBREF6": {
            "title": "",
            "authors": [],
            "year": null,
            "venue": "",
            "volume": "",
            "issn": "",
            "pages": null,
            "other_ids": {
                "DOI": []
            }
        },
        "BIBREF7": {
            "title": "",
            "authors": [],
            "year": null,
            "venue": "",
            "volume": "",
            "issn": "",
            "pages": null,
            "other_ids": {
                "DOI": []
            }
        },
        "BIBREF8": {
            "title": "",
            "authors": [],
            "year": null,
            "venue": "",
            "volume": "",
            "issn": "",
            "pages": null,
            "other_ids": {
                "DOI": []
            }
        },
        "BIBREF9": {
            "title": "",
            "authors": [],
            "year": null,
            "venue": "",
            "volume": "",
            "issn": "",
            "pages": null,
            "other_ids": {
                "DOI": []
            }
        },
        "BIBREF10": {
            "title": "",
            "authors": [],
            "year": null,
            "venue": "",
            "volume": "",
            "issn": "",
            "pages": null,
            "other_ids": {
                "DOI": []
            }
        },
        "BIBREF11": {
            "title": "",
            "authors": [],
            "year": null,
            "venue": "",
            "volume": "",
            "issn": "",
            "pages": null,
            "other_ids": {
                "DOI": []
            }
        },
        "BIBREF12": {
            "title": "",
            "authors": [],
            "year": null,
            "venue": "",
            "volume": "",
            "issn": "",
            "pages": null,
            "other_ids": {
                "DOI": []
            }
        },
        "BIBREF13": {
            "title": "Matrix factorization techniques for recommender systems",
            "authors": [
                {
                    "first": "Y",
                    "middle": [],
                    "last": "Koren",
                    "suffix": ""
                },
                {
                    "first": "R",
                    "middle": [],
                    "last": "Bell",
                    "suffix": ""
                },
                {
                    "first": "C",
                    "middle": [],
                    "last": "Volinsky",
                    "suffix": ""
                }
            ],
            "year": 2009,
            "venue": "Computer",
            "volume": "8",
            "issn": "",
            "pages": "30-37",
            "other_ids": {
                "DOI": [
                    "10.1109/MC.2009.263"
                ]
            }
        },
        "BIBREF14": {
            "title": "",
            "authors": [],
            "year": null,
            "venue": "",
            "volume": "",
            "issn": "",
            "pages": null,
            "other_ids": {
                "DOI": []
            }
        },
        "BIBREF15": {
            "title": "",
            "authors": [],
            "year": null,
            "venue": "",
            "volume": "",
            "issn": "",
            "pages": null,
            "other_ids": {
                "DOI": []
            }
        },
        "BIBREF16": {
            "title": "",
            "authors": [],
            "year": null,
            "venue": "",
            "volume": "",
            "issn": "",
            "pages": null,
            "other_ids": {
                "DOI": []
            }
        },
        "BIBREF17": {
            "title": "",
            "authors": [],
            "year": null,
            "venue": "",
            "volume": "",
            "issn": "",
            "pages": null,
            "other_ids": {
                "DOI": []
            }
        },
        "BIBREF18": {
            "title": "An efficient earth mover\u2019s distance algorithm for robust histogram comparison",
            "authors": [
                {
                    "first": "H",
                    "middle": [],
                    "last": "Ling",
                    "suffix": ""
                },
                {
                    "first": "K",
                    "middle": [],
                    "last": "Okada",
                    "suffix": ""
                }
            ],
            "year": 2007,
            "venue": "IEEE Trans. Pattern Anal. Mach. Intell.",
            "volume": "29",
            "issn": "5",
            "pages": "840-853",
            "other_ids": {
                "DOI": [
                    "10.1109/TPAMI.2007.1058"
                ]
            }
        },
        "BIBREF19": {
            "title": "A new user similarity model to improve the accuracy of collaborative filtering",
            "authors": [
                {
                    "first": "H",
                    "middle": [],
                    "last": "Liu",
                    "suffix": ""
                },
                {
                    "first": "H",
                    "middle": [],
                    "last": "Zheng",
                    "suffix": ""
                },
                {
                    "first": "A",
                    "middle": [],
                    "last": "Mian",
                    "suffix": ""
                },
                {
                    "first": "H",
                    "middle": [],
                    "last": "Tian",
                    "suffix": ""
                },
                {
                    "first": "X",
                    "middle": [],
                    "last": "Zhu",
                    "suffix": ""
                }
            ],
            "year": 2014,
            "venue": "Knowl.-Based Syst.",
            "volume": "56",
            "issn": "",
            "pages": "156-166",
            "other_ids": {
                "DOI": [
                    "10.1016/j.knosys.2013.11.006"
                ]
            }
        },
        "BIBREF20": {
            "title": "An efficient non-negative matrix-factorization-based approach to collaborative filtering for recommender systems",
            "authors": [
                {
                    "first": "X",
                    "middle": [],
                    "last": "Luo",
                    "suffix": ""
                },
                {
                    "first": "M",
                    "middle": [],
                    "last": "Zhou",
                    "suffix": ""
                },
                {
                    "first": "Y",
                    "middle": [],
                    "last": "Xia",
                    "suffix": ""
                },
                {
                    "first": "Q",
                    "middle": [],
                    "last": "Zhu",
                    "suffix": ""
                }
            ],
            "year": 2014,
            "venue": "IEEE Trans. Ind. Inform.",
            "volume": "10",
            "issn": "2",
            "pages": "1273-1284",
            "other_ids": {
                "DOI": [
                    "10.1109/TII.2014.2308433"
                ]
            }
        },
        "BIBREF21": {
            "title": "",
            "authors": [],
            "year": null,
            "venue": "",
            "volume": "",
            "issn": "",
            "pages": null,
            "other_ids": {
                "DOI": []
            }
        },
        "BIBREF22": {
            "title": "",
            "authors": [],
            "year": null,
            "venue": "",
            "volume": "",
            "issn": "",
            "pages": null,
            "other_ids": {
                "DOI": []
            }
        },
        "BIBREF23": {
            "title": "Efficient and robust approximate nearest neighbor search using hierarchical navigable small world graphs",
            "authors": [
                {
                    "first": "YA",
                    "middle": [],
                    "last": "Malkov",
                    "suffix": ""
                },
                {
                    "first": "DA",
                    "middle": [],
                    "last": "Yashunin",
                    "suffix": ""
                }
            ],
            "year": 2018,
            "venue": "IEEE Trans. Pattern Anal. Mach. Intell.",
            "volume": "42",
            "issn": "",
            "pages": "824-836",
            "other_ids": {
                "DOI": [
                    "10.1109/TPAMI.2018.2889473"
                ]
            }
        },
        "BIBREF24": {
            "title": "",
            "authors": [],
            "year": null,
            "venue": "",
            "volume": "",
            "issn": "",
            "pages": null,
            "other_ids": {
                "DOI": []
            }
        },
        "BIBREF25": {
            "title": "",
            "authors": [],
            "year": null,
            "venue": "",
            "volume": "",
            "issn": "",
            "pages": null,
            "other_ids": {
                "DOI": []
            }
        },
        "BIBREF26": {
            "title": "",
            "authors": [],
            "year": null,
            "venue": "",
            "volume": "",
            "issn": "",
            "pages": null,
            "other_ids": {
                "DOI": []
            }
        },
        "BIBREF27": {
            "title": "Detecting community structure in complex networks via node similarity",
            "authors": [
                {
                    "first": "Y",
                    "middle": [],
                    "last": "Pan",
                    "suffix": ""
                },
                {
                    "first": "D-H",
                    "middle": [],
                    "last": "Li",
                    "suffix": ""
                },
                {
                    "first": "J-G",
                    "middle": [],
                    "last": "Liu",
                    "suffix": ""
                },
                {
                    "first": "J-Z",
                    "middle": [],
                    "last": "Liang",
                    "suffix": ""
                }
            ],
            "year": 2010,
            "venue": "Phys. A: Stat. Mech. Appl.",
            "volume": "389",
            "issn": "14",
            "pages": "2849-2857",
            "other_ids": {
                "DOI": [
                    "10.1016/j.physa.2010.03.006"
                ]
            }
        },
        "BIBREF28": {
            "title": "A new similarity measure using Bhattacharyya coefficient for collaborative filtering in sparse data",
            "authors": [
                {
                    "first": "BK",
                    "middle": [],
                    "last": "Patra",
                    "suffix": ""
                },
                {
                    "first": "R",
                    "middle": [],
                    "last": "Launonen",
                    "suffix": ""
                },
                {
                    "first": "V",
                    "middle": [],
                    "last": "Ollikainen",
                    "suffix": ""
                },
                {
                    "first": "S",
                    "middle": [],
                    "last": "Nandi",
                    "suffix": ""
                }
            ],
            "year": 2015,
            "venue": "Knowl.-Based Syst.",
            "volume": "82",
            "issn": "",
            "pages": "163-177",
            "other_ids": {
                "DOI": [
                    "10.1016/j.knosys.2015.03.001"
                ]
            }
        },
        "BIBREF29": {
            "title": "",
            "authors": [],
            "year": null,
            "venue": "",
            "volume": "",
            "issn": "",
            "pages": null,
            "other_ids": {
                "DOI": []
            }
        },
        "BIBREF30": {
            "title": "",
            "authors": [],
            "year": null,
            "venue": "",
            "volume": "",
            "issn": "",
            "pages": null,
            "other_ids": {
                "DOI": []
            }
        },
        "BIBREF31": {
            "title": "",
            "authors": [],
            "year": null,
            "venue": "",
            "volume": "",
            "issn": "",
            "pages": null,
            "other_ids": {
                "DOI": []
            }
        },
        "BIBREF32": {
            "title": "",
            "authors": [],
            "year": null,
            "venue": "",
            "volume": "",
            "issn": "",
            "pages": null,
            "other_ids": {
                "DOI": []
            }
        },
        "BIBREF33": {
            "title": "A new similarity measure for link prediction based on local structures in social networks",
            "authors": [],
            "year": 2018,
            "venue": "Phys. A: Stat. Mech. Appl.",
            "volume": "501",
            "issn": "",
            "pages": "12-23",
            "other_ids": {
                "DOI": [
                    "10.1016/j.physa.2018.02.010"
                ]
            }
        },
        "BIBREF34": {
            "title": "",
            "authors": [],
            "year": null,
            "venue": "",
            "volume": "",
            "issn": "",
            "pages": null,
            "other_ids": {
                "DOI": []
            }
        },
        "BIBREF35": {
            "title": "A transportation LP distance for signal analysis",
            "authors": [
                {
                    "first": "M",
                    "middle": [],
                    "last": "Thorpe",
                    "suffix": ""
                },
                {
                    "first": "S",
                    "middle": [],
                    "last": "Park",
                    "suffix": ""
                },
                {
                    "first": "S",
                    "middle": [],
                    "last": "Kolouri",
                    "suffix": ""
                },
                {
                    "first": "GK",
                    "middle": [],
                    "last": "Rohde",
                    "suffix": ""
                },
                {
                    "first": "D",
                    "middle": [],
                    "last": "Slep\u010dev",
                    "suffix": ""
                }
            ],
            "year": 2017,
            "venue": "J. Math. Imaging Vis.",
            "volume": "59",
            "issn": "2",
            "pages": "187-210",
            "other_ids": {
                "DOI": [
                    "10.1007/s10851-017-0726-4"
                ]
            }
        },
        "BIBREF36": {
            "title": "The tag genome: encoding community knowledge to support novel interaction",
            "authors": [
                {
                    "first": "J",
                    "middle": [],
                    "last": "Vig",
                    "suffix": ""
                },
                {
                    "first": "S",
                    "middle": [],
                    "last": "Sen",
                    "suffix": ""
                },
                {
                    "first": "J",
                    "middle": [],
                    "last": "Riedl",
                    "suffix": ""
                }
            ],
            "year": 2012,
            "venue": "ACM Trans. Interact. Intell. Syst. (TiiS)",
            "volume": "2",
            "issn": "3",
            "pages": null,
            "other_ids": {
                "DOI": []
            }
        },
        "BIBREF37": {
            "title": "",
            "authors": [],
            "year": null,
            "venue": "",
            "volume": "",
            "issn": "",
            "pages": null,
            "other_ids": {
                "DOI": []
            }
        },
        "BIBREF38": {
            "title": "A hybrid user similarity model for collaborative filtering",
            "authors": [
                {
                    "first": "Y",
                    "middle": [],
                    "last": "Wang",
                    "suffix": ""
                },
                {
                    "first": "J",
                    "middle": [],
                    "last": "Deng",
                    "suffix": ""
                },
                {
                    "first": "J",
                    "middle": [],
                    "last": "Gao",
                    "suffix": ""
                },
                {
                    "first": "P",
                    "middle": [],
                    "last": "Zhang",
                    "suffix": ""
                }
            ],
            "year": 2017,
            "venue": "Inf. Sci.",
            "volume": "418",
            "issn": "",
            "pages": "102-118",
            "other_ids": {
                "DOI": [
                    "10.1016/j.ins.2017.08.008"
                ]
            }
        },
        "BIBREF39": {
            "title": "",
            "authors": [
                {
                    "first": "LA",
                    "middle": [],
                    "last": "Wolsey",
                    "suffix": ""
                },
                {
                    "first": "GL",
                    "middle": [],
                    "last": "Nemhauser",
                    "suffix": ""
                }
            ],
            "year": 2014,
            "venue": "Integer and combinatorial optimization",
            "volume": "",
            "issn": "",
            "pages": null,
            "other_ids": {
                "DOI": []
            }
        },
        "BIBREF40": {
            "title": "",
            "authors": [],
            "year": null,
            "venue": "",
            "volume": "",
            "issn": "",
            "pages": null,
            "other_ids": {
                "DOI": []
            }
        },
        "BIBREF41": {
            "title": "",
            "authors": [],
            "year": null,
            "venue": "",
            "volume": "",
            "issn": "",
            "pages": null,
            "other_ids": {
                "DOI": []
            }
        },
        "BIBREF42": {
            "title": "",
            "authors": [],
            "year": null,
            "venue": "",
            "volume": "",
            "issn": "",
            "pages": null,
            "other_ids": {
                "DOI": []
            }
        },
        "BIBREF43": {
            "title": "A new similarity measure for collaborative filtering to alleviate the new user cold-starting problem",
            "authors": [],
            "year": 2008,
            "venue": "Inf. Sci.",
            "volume": "178",
            "issn": "1",
            "pages": "37-51",
            "other_ids": {
                "DOI": [
                    "10.1016/j.ins.2007.07.024"
                ]
            }
        },
        "BIBREF44": {
            "title": "",
            "authors": [],
            "year": null,
            "venue": "",
            "volume": "",
            "issn": "",
            "pages": null,
            "other_ids": {
                "DOI": []
            }
        },
        "BIBREF45": {
            "title": "",
            "authors": [],
            "year": null,
            "venue": "",
            "volume": "",
            "issn": "",
            "pages": null,
            "other_ids": {
                "DOI": []
            }
        },
        "BIBREF46": {
            "title": "A new collaborative filtering metric that improves the behavior of recommender systems",
            "authors": [
                {
                    "first": "J",
                    "middle": [],
                    "last": "Bobadilla",
                    "suffix": ""
                },
                {
                    "first": "F",
                    "middle": [],
                    "last": "Serradilla",
                    "suffix": ""
                },
                {
                    "first": "J",
                    "middle": [],
                    "last": "Bernal",
                    "suffix": ""
                }
            ],
            "year": 2010,
            "venue": "Knowl.-Based Syst.",
            "volume": "23",
            "issn": "6",
            "pages": "520-528",
            "other_ids": {
                "DOI": [
                    "10.1016/j.knosys.2010.03.009"
                ]
            }
        },
        "BIBREF47": {
            "title": "",
            "authors": [],
            "year": null,
            "venue": "",
            "volume": "",
            "issn": "",
            "pages": null,
            "other_ids": {
                "DOI": []
            }
        }
    }
}