{
    "paper_id": "PMC7132490",
    "metadata": {
        "title": "Veterinary public health: Past success, new opportunities\u2606",
        "authors": [
            {
                "first": "James",
                "middle": [
                    "Harlan"
                ],
                "last": "Steele",
                "suffix": "",
                "email": null,
                "affiliation": {}
            }
        ]
    },
    "body_text": [
        {
            "text": "Dr. Steele does not have a financial or personal relationship with other people or organisations that could inappropriately influence or bias the paper entitled \u201cVeterinary public health: past success, new opportunities.\u201d",
            "cite_spans": [],
            "section": "Conflict of interest statement",
            "ref_spans": []
        }
    ],
    "ref_entries": {},
    "back_matter": [],
    "bib_entries": {
        "BIBREF0": {
            "title": "",
            "authors": [
                {
                    "first": "P.",
                    "middle": [],
                    "last": "Acha",
                    "suffix": ""
                },
                {
                    "first": "B.",
                    "middle": [],
                    "last": "Szyfres",
                    "suffix": ""
                }
            ],
            "year": 1980,
            "venue": "",
            "volume": "",
            "issn": "",
            "pages": null,
            "other_ids": {
                "DOI": []
            }
        },
        "BIBREF1": {
            "title": "Pasteurized milk as a vehicle of infection in an outbreak of listeriosis",
            "authors": [
                {
                    "first": "D.W.",
                    "middle": [],
                    "last": "Fleming",
                    "suffix": ""
                },
                {
                    "first": "S.L.",
                    "middle": [],
                    "last": "Cochi",
                    "suffix": ""
                },
                {
                    "first": "K.L.",
                    "middle": [],
                    "last": "MacDonald",
                    "suffix": ""
                },
                {
                    "first": "J.",
                    "middle": [],
                    "last": "Brondum",
                    "suffix": ""
                },
                {
                    "first": "P.S.",
                    "middle": [],
                    "last": "Hayes",
                    "suffix": ""
                },
                {
                    "first": "B.D.",
                    "middle": [],
                    "last": "Plikaytis",
                    "suffix": ""
                },
                {
                    "first": "M.B.",
                    "middle": [],
                    "last": "Holmes",
                    "suffix": ""
                },
                {
                    "first": "A.",
                    "middle": [],
                    "last": "Audurier",
                    "suffix": ""
                },
                {
                    "first": "C.V.",
                    "middle": [],
                    "last": "Broome",
                    "suffix": ""
                },
                {
                    "first": "A.L.",
                    "middle": [],
                    "last": "Reingold",
                    "suffix": ""
                }
            ],
            "year": 1985,
            "venue": "N. Engl. J. Med.",
            "volume": "312",
            "issn": "",
            "pages": "404-407",
            "other_ids": {
                "DOI": []
            }
        },
        "BIBREF2": {
            "title": "",
            "authors": [
                {
                    "first": "B.",
                    "middle": [],
                    "last": "Furman",
                    "suffix": ""
                }
            ],
            "year": 1973,
            "venue": "",
            "volume": "",
            "issn": "",
            "pages": null,
            "other_ids": {
                "DOI": []
            }
        },
        "BIBREF3": {
            "title": "",
            "authors": [],
            "year": 1966,
            "venue": "Leptospiral Serotype Distribution Lists (Through 1966)",
            "volume": "",
            "issn": "",
            "pages": null,
            "other_ids": {
                "DOI": []
            }
        },
        "BIBREF4": {
            "title": "",
            "authors": [
                {
                    "first": "M.M.",
                    "middle": [],
                    "last": "Galton",
                    "suffix": ""
                },
                {
                    "first": "J.H.",
                    "middle": [],
                    "last": "Steele",
                    "suffix": ""
                },
                {
                    "first": "K.W.",
                    "middle": [],
                    "last": "Newell",
                    "suffix": ""
                }
            ],
            "year": 1964,
            "venue": "",
            "volume": "",
            "issn": "",
            "pages": null,
            "other_ids": {
                "DOI": []
            }
        },
        "BIBREF5": {
            "title": "Prevention of trichinosis by gamma irradiation of pork as a public health measure",
            "authors": [
                {
                    "first": "S.E.",
                    "middle": [],
                    "last": "Gould",
                    "suffix": ""
                },
                {
                    "first": "R.I.",
                    "middle": [],
                    "last": "Gomberg",
                    "suffix": ""
                },
                {
                    "first": "F.H.",
                    "middle": [],
                    "last": "Bethell",
                    "suffix": ""
                }
            ],
            "year": 1953,
            "venue": "Am. J. Public Health",
            "volume": "43",
            "issn": "",
            "pages": "1550-1555",
            "other_ids": {
                "DOI": []
            }
        },
        "BIBREF6": {
            "title": "Control of trichinosis by gamma irradiation of pork",
            "authors": [
                {
                    "first": "S.E.",
                    "middle": [],
                    "last": "Gould",
                    "suffix": ""
                },
                {
                    "first": "H.J.",
                    "middle": [],
                    "last": "Gomberg",
                    "suffix": ""
                },
                {
                    "first": "F.H.",
                    "middle": [],
                    "last": "Bethell",
                    "suffix": ""
                }
            ],
            "year": 1954,
            "venue": "J. Am. Med. Assoc.",
            "volume": "154",
            "issn": "",
            "pages": "653-658",
            "other_ids": {
                "DOI": []
            }
        },
        "BIBREF7": {
            "title": "Undulant fever outbreak at Michigan State College",
            "authors": [
                {
                    "first": "C.F.",
                    "middle": [],
                    "last": "Holland",
                    "suffix": ""
                }
            ],
            "year": 1940,
            "venue": "Mich. State Med. Soc.",
            "volume": "39",
            "issn": "",
            "pages": "666-670",
            "other_ids": {
                "DOI": []
            }
        },
        "BIBREF8": {
            "title": "",
            "authors": [],
            "year": 1985,
            "venue": "World's Debt to Pasteur. Wistar Symposium Series, vol. 3",
            "volume": "",
            "issn": "",
            "pages": "1-103",
            "other_ids": {
                "DOI": []
            }
        },
        "BIBREF9": {
            "title": "Report on diseases of domestic animals",
            "authors": [
                {
                    "first": "J.",
                    "middle": [],
                    "last": "Law",
                    "suffix": ""
                }
            ],
            "year": 1880,
            "venue": "Am. Vet. Rev.",
            "volume": "4",
            "issn": "",
            "pages": "215-238",
            "other_ids": {
                "DOI": []
            }
        },
        "BIBREF10": {
            "title": "Epidemic listeriosis associated with Mexican-style cheese",
            "authors": [
                {
                    "first": "M.J.",
                    "middle": [],
                    "last": "Linnan",
                    "suffix": ""
                },
                {
                    "first": "L.",
                    "middle": [],
                    "last": "Mascola",
                    "suffix": ""
                },
                {
                    "first": "X.D.",
                    "middle": [],
                    "last": "Lou",
                    "suffix": ""
                },
                {
                    "first": "V.",
                    "middle": [],
                    "last": "Goulet",
                    "suffix": ""
                },
                {
                    "first": "S.",
                    "middle": [],
                    "last": "May",
                    "suffix": ""
                },
                {
                    "first": "C.",
                    "middle": [],
                    "last": "Salminen",
                    "suffix": ""
                },
                {
                    "first": "D.W.",
                    "middle": [],
                    "last": "Hird",
                    "suffix": ""
                },
                {
                    "first": "M.L.",
                    "middle": [],
                    "last": "Yonekura",
                    "suffix": ""
                },
                {
                    "first": "P.",
                    "middle": [],
                    "last": "Hayes",
                    "suffix": ""
                },
                {
                    "first": "R.",
                    "middle": [],
                    "last": "Weaver",
                    "suffix": ""
                }
            ],
            "year": 1988,
            "venue": "N. Engl. J. Med.",
            "volume": "319",
            "issn": "",
            "pages": "823-828",
            "other_ids": {
                "DOI": []
            }
        },
        "BIBREF11": {
            "title": "",
            "authors": [],
            "year": null,
            "venue": "",
            "volume": "",
            "issn": "",
            "pages": null,
            "other_ids": {
                "DOI": []
            }
        },
        "BIBREF12": {
            "title": "",
            "authors": [],
            "year": null,
            "venue": "",
            "volume": "",
            "issn": "",
            "pages": null,
            "other_ids": {
                "DOI": []
            }
        },
        "BIBREF13": {
            "title": "The animal kingdom\u2014a reservoir of disease",
            "authors": [
                {
                    "first": "K.F.",
                    "middle": [],
                    "last": "Meyer",
                    "suffix": ""
                }
            ],
            "year": 1930,
            "venue": "Proc. Int. Med.",
            "volume": "8",
            "issn": "",
            "pages": "234-261",
            "other_ids": {
                "DOI": []
            }
        },
        "BIBREF14": {
            "title": "",
            "authors": [
                {
                    "first": "K.F.",
                    "middle": [],
                    "last": "Meyer",
                    "suffix": ""
                }
            ],
            "year": 1976,
            "venue": "",
            "volume": "",
            "issn": "",
            "pages": null,
            "other_ids": {
                "DOI": []
            }
        },
        "BIBREF15": {
            "title": "",
            "authors": [
                {
                    "first": "W.D.",
                    "middle": [],
                    "last": "Miles",
                    "suffix": ""
                }
            ],
            "year": 1969,
            "venue": "Bovine Tuberculosis Control in Man and Animals",
            "volume": "",
            "issn": "",
            "pages": null,
            "other_ids": {
                "DOI": []
            }
        },
        "BIBREF16": {
            "title": "",
            "authors": [
                {
                    "first": "J.A.",
                    "middle": [],
                    "last": "Myers",
                    "suffix": ""
                }
            ],
            "year": 1940,
            "venue": "",
            "volume": "",
            "issn": "",
            "pages": null,
            "other_ids": {
                "DOI": []
            }
        },
        "BIBREF17": {
            "title": "",
            "authors": [
                {
                    "first": "J.A.",
                    "middle": [],
                    "last": "Myers",
                    "suffix": ""
                },
                {
                    "first": "J.H.",
                    "middle": [],
                    "last": "Steele",
                    "suffix": ""
                }
            ],
            "year": 1969,
            "venue": "Bovine Tuberculosis Control in Man and Animals",
            "volume": "",
            "issn": "",
            "pages": null,
            "other_ids": {
                "DOI": []
            }
        },
        "BIBREF18": {
            "title": "Water borne outbreak of Brucella melitensis infection",
            "authors": [
                {
                    "first": "A.W.",
                    "middle": [],
                    "last": "Newitt",
                    "suffix": ""
                },
                {
                    "first": "T.M.",
                    "middle": [],
                    "last": "Koppa",
                    "suffix": ""
                },
                {
                    "first": "D.W.",
                    "middle": [],
                    "last": "Gudakunst",
                    "suffix": ""
                }
            ],
            "year": 1939,
            "venue": "Am. J. Public Health",
            "volume": "29",
            "issn": "",
            "pages": "739-743",
            "other_ids": {
                "DOI": []
            }
        },
        "BIBREF19": {
            "title": "",
            "authors": [
                {
                    "first": "D.",
                    "middle": [],
                    "last": "Poland",
                    "suffix": ""
                },
                {
                    "first": "A.M.",
                    "middle": [],
                    "last": "Barnes",
                    "suffix": ""
                }
            ],
            "year": 1979,
            "venue": "",
            "volume": "vol. 1",
            "issn": "",
            "pages": "515-559",
            "other_ids": {
                "DOI": []
            }
        },
        "BIBREF20": {
            "title": "",
            "authors": [
                {
                    "first": "M.",
                    "middle": [],
                    "last": "Rosenau",
                    "suffix": ""
                }
            ],
            "year": 1908,
            "venue": "",
            "volume": "",
            "issn": "",
            "pages": null,
            "other_ids": {
                "DOI": []
            }
        },
        "BIBREF21": {
            "title": "",
            "authors": [
                {
                    "first": "E.T.",
                    "middle": [],
                    "last": "Ryser",
                    "suffix": ""
                },
                {
                    "first": "E.U.",
                    "middle": [],
                    "last": "Marth",
                    "suffix": ""
                }
            ],
            "year": 1991,
            "venue": "",
            "volume": "",
            "issn": "",
            "pages": null,
            "other_ids": {
                "DOI": []
            }
        },
        "BIBREF22": {
            "title": "",
            "authors": [
                {
                    "first": "G.W.",
                    "middle": [],
                    "last": "Beran",
                    "suffix": ""
                }
            ],
            "year": 1994,
            "venue": "",
            "volume": "",
            "issn": "",
            "pages": null,
            "other_ids": {
                "DOI": []
            }
        },
        "BIBREF23": {
            "title": "",
            "authors": [
                {
                    "first": "A.",
                    "middle": [],
                    "last": "Sabin",
                    "suffix": ""
                }
            ],
            "year": 1980,
            "venue": "",
            "volume": "vol. 52",
            "issn": "",
            "pages": null,
            "other_ids": {
                "DOI": []
            }
        },
        "BIBREF24": {
            "title": "Epidemic listeriosis: evidence for transmission by food",
            "authors": [
                {
                    "first": "W.F.",
                    "middle": [],
                    "last": "Schleck",
                    "suffix": ""
                },
                {
                    "first": "P.M.",
                    "middle": [],
                    "last": "Lavigne",
                    "suffix": ""
                },
                {
                    "first": "R.A.",
                    "middle": [],
                    "last": "Bortolussi",
                    "suffix": ""
                }
            ],
            "year": 1983,
            "venue": "N. Engl. J. Med.",
            "volume": "308",
            "issn": "",
            "pages": "203-206",
            "other_ids": {
                "DOI": []
            }
        },
        "BIBREF25": {
            "title": "",
            "authors": [
                {
                    "first": "C.W.",
                    "middle": [],
                    "last": "Schwabe",
                    "suffix": ""
                }
            ],
            "year": 1984,
            "venue": "Veterinary Medicine and Human Health",
            "volume": "",
            "issn": "",
            "pages": null,
            "other_ids": {
                "DOI": []
            }
        },
        "BIBREF26": {
            "title": "",
            "authors": [
                {
                    "first": "C.W.",
                    "middle": [],
                    "last": "Schwabe",
                    "suffix": ""
                }
            ],
            "year": 1984,
            "venue": "",
            "volume": "",
            "issn": "",
            "pages": null,
            "other_ids": {
                "DOI": []
            }
        },
        "BIBREF27": {
            "title": "",
            "authors": [
                {
                    "first": "N.P.R.",
                    "middle": [],
                    "last": "Seeliger",
                    "suffix": ""
                }
            ],
            "year": 1961,
            "venue": "",
            "volume": "",
            "issn": "",
            "pages": null,
            "other_ids": {
                "DOI": []
            }
        },
        "BIBREF28": {
            "title": "",
            "authors": [
                {
                    "first": "U.",
                    "middle": [],
                    "last": "Sinclair",
                    "suffix": ""
                }
            ],
            "year": 1906,
            "venue": "",
            "volume": "",
            "issn": "",
            "pages": null,
            "other_ids": {
                "DOI": []
            }
        },
        "BIBREF29": {
            "title": "",
            "authors": [
                {
                    "first": "J.F.",
                    "middle": [],
                    "last": "Smithcors",
                    "suffix": ""
                }
            ],
            "year": 1975,
            "venue": "",
            "volume": "",
            "issn": "",
            "pages": null,
            "other_ids": {
                "DOI": []
            }
        },
        "BIBREF30": {
            "title": "",
            "authors": [
                {
                    "first": "J.F.",
                    "middle": [],
                    "last": "Smithcors",
                    "suffix": ""
                }
            ],
            "year": 1975,
            "venue": "",
            "volume": "",
            "issn": "",
            "pages": null,
            "other_ids": {
                "DOI": []
            }
        },
        "BIBREF31": {
            "title": "",
            "authors": [
                {
                    "first": "O.H.V.",
                    "middle": [],
                    "last": "Stalheim",
                    "suffix": ""
                },
                {
                    "first": "J.H.",
                    "middle": [],
                    "last": "Steele",
                    "suffix": ""
                }
            ],
            "year": 2005,
            "venue": "",
            "volume": "",
            "issn": "",
            "pages": null,
            "other_ids": {
                "DOI": []
            }
        },
        "BIBREF32": {
            "title": "The socioeconomic responsibilities of veterinary medicine",
            "authors": [
                {
                    "first": "J.H.",
                    "middle": [],
                    "last": "Steele",
                    "suffix": ""
                }
            ],
            "year": 1964,
            "venue": "Pub. Health Rep.",
            "volume": "7917",
            "issn": "",
            "pages": "613-618",
            "other_ids": {
                "DOI": []
            }
        },
        "BIBREF33": {
            "title": "",
            "authors": [
                {
                    "first": "J.",
                    "middle": [],
                    "last": "Bille",
                    "suffix": ""
                },
                {
                    "first": "B.",
                    "middle": [],
                    "last": "Rocourt",
                    "suffix": ""
                },
                {
                    "first": "F.",
                    "middle": [],
                    "last": "Mean",
                    "suffix": ""
                }
            ],
            "year": 1988,
            "venue": "Presented at the Interscience Conference of Antimicrobial Agents and Chemotherapy",
            "volume": "",
            "issn": "",
            "pages": null,
            "other_ids": {
                "DOI": []
            }
        },
        "BIBREF34": {
            "title": "Biographical notes on the occasion of Karl F. Meyer's 90th birthday, May 19, 1974",
            "authors": [
                {
                    "first": "J.H.",
                    "middle": [],
                    "last": "Steele",
                    "suffix": ""
                }
            ],
            "year": 1974,
            "venue": "J. Infect. Dis.",
            "volume": "129",
            "issn": "",
            "pages": "S3-S10",
            "other_ids": {
                "DOI": []
            }
        },
        "BIBREF35": {
            "title": "",
            "authors": [
                {
                    "first": "J.H.",
                    "middle": [],
                    "last": "Steele",
                    "suffix": ""
                }
            ],
            "year": 1982,
            "venue": "",
            "volume": "vol. 2",
            "issn": "",
            "pages": "293-330",
            "other_ids": {
                "DOI": []
            }
        },
        "BIBREF36": {
            "title": "Zoonoses 1879\u20131883: an update of James Law's report on diseases of animals",
            "authors": [
                {
                    "first": "J.H.",
                    "middle": [],
                    "last": "Steele",
                    "suffix": ""
                }
            ],
            "year": 2000,
            "venue": "Vet. Heritage",
            "volume": "23",
            "issn": "1",
            "pages": "14-20",
            "other_ids": {
                "DOI": []
            }
        },
        "BIBREF37": {
            "title": "Epidemiology of food borne Salmonellosis",
            "authors": [
                {
                    "first": "J.H.",
                    "middle": [],
                    "last": "Steele",
                    "suffix": ""
                },
                {
                    "first": "M.M.",
                    "middle": [],
                    "last": "Galton",
                    "suffix": ""
                }
            ],
            "year": 1967,
            "venue": "Health Lab. Sci.",
            "volume": "4",
            "issn": "",
            "pages": "10-14",
            "other_ids": {
                "DOI": []
            }
        },
        "BIBREF38": {
            "title": "Present status of anthrax",
            "authors": [
                {
                    "first": "J.H.",
                    "middle": [],
                    "last": "Steele",
                    "suffix": ""
                },
                {
                    "first": "R.J.",
                    "middle": [],
                    "last": "Helvig",
                    "suffix": ""
                }
            ],
            "year": 1953,
            "venue": "Pub. Health Rep.",
            "volume": "68",
            "issn": "",
            "pages": "616-623",
            "other_ids": {
                "DOI": []
            }
        },
        "BIBREF39": {
            "title": "Rabies: problems and control. A nationwide program",
            "authors": [
                {
                    "first": "J.H.",
                    "middle": [],
                    "last": "Steele",
                    "suffix": ""
                },
                {
                    "first": "E.S.",
                    "middle": [],
                    "last": "Tierkel",
                    "suffix": ""
                }
            ],
            "year": 1949,
            "venue": "Pub. Health Rep.",
            "volume": "64",
            "issn": "",
            "pages": "785-796",
            "other_ids": {
                "DOI": []
            }
        },
        "BIBREF40": {
            "title": "Nurture turned to poison",
            "authors": [
                {
                    "first": "F.",
                    "middle": [],
                    "last": "Stenn",
                    "suffix": ""
                }
            ],
            "year": 1980,
            "venue": "Perspect. Biol. Med.",
            "volume": "30",
            "issn": "",
            "pages": "69-80",
            "other_ids": {
                "DOI": []
            }
        },
        "BIBREF41": {
            "title": "A new species of Brucella isolated from the Desert Wood Rat Neotoma lepida (Thomas)",
            "authors": [
                {
                    "first": "H.G.",
                    "middle": [],
                    "last": "Stoenner",
                    "suffix": ""
                },
                {
                    "first": "D.B.",
                    "middle": [],
                    "last": "Lackman",
                    "suffix": ""
                }
            ],
            "year": 1965,
            "venue": "Am. J. Vet. Res.",
            "volume": "146",
            "issn": "",
            "pages": "225-227",
            "other_ids": {
                "DOI": []
            }
        },
        "BIBREF42": {
            "title": "The epizootiology of bovine leptospirosis in Washington",
            "authors": [
                {
                    "first": "H.G.",
                    "middle": [],
                    "last": "Stoenner",
                    "suffix": ""
                },
                {
                    "first": "F.W.",
                    "middle": [],
                    "last": "Crews",
                    "suffix": ""
                },
                {
                    "first": "A.E.",
                    "middle": [],
                    "last": "Crouse",
                    "suffix": ""
                },
                {
                    "first": "L.E.",
                    "middle": [],
                    "last": "Taschner",
                    "suffix": ""
                },
                {
                    "first": "C.E.",
                    "middle": [],
                    "last": "Johnson",
                    "suffix": ""
                },
                {
                    "first": "J.",
                    "middle": [],
                    "last": "Wohleb",
                    "suffix": "Jr."
                }
            ],
            "year": 1956,
            "venue": "JAVMA",
            "volume": "129",
            "issn": "",
            "pages": "251-259",
            "other_ids": {
                "DOI": []
            }
        },
        "BIBREF43": {
            "title": "",
            "authors": [
                {
                    "first": "C.R.",
                    "middle": [],
                    "last": "Sulzer",
                    "suffix": ""
                }
            ],
            "year": 1975,
            "venue": "Leptospiral serotype distribution lists (1966 to 1973)",
            "volume": "",
            "issn": "",
            "pages": null,
            "other_ids": {
                "DOI": []
            }
        },
        "BIBREF44": {
            "title": "",
            "authors": [
                {
                    "first": "F.S.",
                    "middle": [],
                    "last": "Billings",
                    "suffix": ""
                }
            ],
            "year": 1884,
            "venue": "",
            "volume": "",
            "issn": "",
            "pages": null,
            "other_ids": {
                "DOI": []
            }
        },
        "BIBREF45": {
            "title": "A century's progress in public health",
            "authors": [
                {
                    "first": "L.",
                    "middle": [],
                    "last": "Terry",
                    "suffix": ""
                }
            ],
            "year": 1963,
            "venue": "J. Am. Vet. Med. Assoc.",
            "volume": "142",
            "issn": "",
            "pages": "1287-1291",
            "other_ids": {
                "DOI": []
            }
        },
        "BIBREF46": {
            "title": "Effective control of an outbreak of rabies in Memphis and Shelby County, Tennessee",
            "authors": [
                {
                    "first": "E.S.",
                    "middle": [],
                    "last": "Tierkel",
                    "suffix": ""
                },
                {
                    "first": "L.M.",
                    "middle": [],
                    "last": "Graves",
                    "suffix": ""
                },
                {
                    "first": "H.G.",
                    "middle": [],
                    "last": "Tuggle",
                    "suffix": ""
                },
                {
                    "first": "S.L.",
                    "middle": [],
                    "last": "Wadley",
                    "suffix": ""
                }
            ],
            "year": 1950,
            "venue": "Am. J. Public Health",
            "volume": "40",
            "issn": "",
            "pages": "1084-1090",
            "other_ids": {
                "DOI": []
            }
        },
        "BIBREF47": {
            "title": "",
            "authors": [
                {
                    "first": "E.S.",
                    "middle": [],
                    "last": "Tierkel",
                    "suffix": ""
                },
                {
                    "first": "R.E.",
                    "middle": [],
                    "last": "Kissling",
                    "suffix": ""
                },
                {
                    "first": "M.",
                    "middle": [],
                    "last": "Eidson",
                    "suffix": ""
                },
                {
                    "first": "K.",
                    "middle": [],
                    "last": "Habel",
                    "suffix": ""
                }
            ],
            "year": 1953,
            "venue": "Proceedings of the 90th Annual Meeting",
            "volume": "",
            "issn": "",
            "pages": "443-445",
            "other_ids": {
                "DOI": []
            }
        },
        "BIBREF48": {
            "title": "",
            "authors": [
                {
                    "first": "M.",
                    "middle": [],
                    "last": "Torten",
                    "suffix": ""
                }
            ],
            "year": 1979,
            "venue": "",
            "volume": "vol. 1",
            "issn": "",
            "pages": "363-421",
            "other_ids": {
                "DOI": []
            }
        },
        "BIBREF49": {
            "title": "",
            "authors": [],
            "year": null,
            "venue": "",
            "volume": "",
            "issn": "",
            "pages": null,
            "other_ids": {
                "DOI": []
            }
        },
        "BIBREF50": {
            "title": "",
            "authors": [],
            "year": null,
            "venue": "",
            "volume": "",
            "issn": "",
            "pages": null,
            "other_ids": {
                "DOI": []
            }
        },
        "BIBREF51": {
            "title": "",
            "authors": [],
            "year": null,
            "venue": "",
            "volume": "",
            "issn": "",
            "pages": null,
            "other_ids": {
                "DOI": []
            }
        },
        "BIBREF52": {
            "title": "",
            "authors": [],
            "year": null,
            "venue": "",
            "volume": "",
            "issn": "",
            "pages": null,
            "other_ids": {
                "DOI": []
            }
        },
        "BIBREF53": {
            "title": "",
            "authors": [],
            "year": null,
            "venue": "",
            "volume": "",
            "issn": "",
            "pages": null,
            "other_ids": {
                "DOI": []
            }
        },
        "BIBREF54": {
            "title": "",
            "authors": [],
            "year": null,
            "venue": "",
            "volume": "",
            "issn": "",
            "pages": null,
            "other_ids": {
                "DOI": []
            }
        },
        "BIBREF55": {
            "title": "",
            "authors": [
                {
                    "first": "E.J.",
                    "middle": [],
                    "last": "Bomer",
                    "suffix": ""
                },
                {
                    "first": "R.H.",
                    "middle": [],
                    "last": "Conklin",
                    "suffix": ""
                },
                {
                    "first": "J.H.",
                    "middle": [],
                    "last": "Steele",
                    "suffix": ""
                }
            ],
            "year": 1979,
            "venue": "",
            "volume": "vol. 1",
            "issn": "",
            "pages": "423-445",
            "other_ids": {
                "DOI": []
            }
        },
        "BIBREF56": {
            "title": "Trichiniasis in the U.S. population, 1966\u201370. Prevalence and epidemiologic factors",
            "authors": [
                {
                    "first": "W.J.",
                    "middle": [],
                    "last": "Zimmerman",
                    "suffix": ""
                },
                {
                    "first": "J.H.",
                    "middle": [],
                    "last": "Steele",
                    "suffix": ""
                },
                {
                    "first": "I.G.",
                    "middle": [],
                    "last": "Kagan",
                    "suffix": ""
                }
            ],
            "year": 1973,
            "venue": "Health Serv. Rep.",
            "volume": "7",
            "issn": "",
            "pages": "606-610",
            "other_ids": {
                "DOI": []
            }
        },
        "BIBREF57": {
            "title": "",
            "authors": [
                {
                    "first": "R.H.",
                    "middle": [],
                    "last": "Cypess",
                    "suffix": ""
                }
            ],
            "year": 1982,
            "venue": "",
            "volume": "vol. 2",
            "issn": "",
            "pages": "205-212",
            "other_ids": {
                "DOI": []
            }
        },
        "BIBREF58": {
            "title": "",
            "authors": [
                {
                    "first": "R.H.",
                    "middle": [],
                    "last": "Cypess",
                    "suffix": ""
                }
            ],
            "year": 1982,
            "venue": "",
            "volume": "vol. 2",
            "issn": "",
            "pages": "213-219",
            "other_ids": {
                "DOI": []
            }
        },
        "BIBREF59": {
            "title": "",
            "authors": [
                {
                    "first": "J.",
                    "middle": [],
                    "last": "Diamond",
                    "suffix": ""
                }
            ],
            "year": 1997,
            "venue": "",
            "volume": "",
            "issn": "",
            "pages": null,
            "other_ids": {
                "DOI": []
            }
        }
    }
}