{
    "paper_id": "PMC7144614",
    "metadata": {
        "title": "COVID-19 and dengue fever: A dangerous combination for the health system in Brazil",
        "authors": [
            {
                "first": "Camila",
                "middle": [],
                "last": "Lorenz",
                "suffix": "",
                "email": "camilalorenz@usp.br",
                "affiliation": {}
            },
            {
                "first": "Thiago",
                "middle": [
                    "S."
                ],
                "last": "Azevedo",
                "suffix": "",
                "email": null,
                "affiliation": {}
            },
            {
                "first": "Francisco",
                "middle": [],
                "last": "Chiaravalloti-Neto",
                "suffix": "",
                "email": null,
                "affiliation": {}
            }
        ]
    },
    "body_text": [
        {
            "text": "The ethical approval or individual consent was not applicable.",
            "cite_spans": [],
            "section": "Ethics approval and consent to participate",
            "ref_spans": []
        },
        {
            "text": "All data and materials used in this work were publicly available.",
            "cite_spans": [],
            "section": "Availability of data and materials",
            "ref_spans": []
        },
        {
            "text": "Not applicable.",
            "cite_spans": [],
            "section": "Consent for publication",
            "ref_spans": []
        },
        {
            "text": "\nFAPESP\n2017/10297-1.",
            "cite_spans": [],
            "section": "Funding",
            "ref_spans": []
        },
        {
            "text": "The funding agencies had no role in the design and conduct of the study; collection, management, analysis, and interpretation of the data; preparation, review, or approval of the manuscript; or decision to submit the manuscript for publication.",
            "cite_spans": [],
            "section": "Disclaimer",
            "ref_spans": []
        },
        {
            "text": "All authors conceived the study, discussed the results, drafted the first manuscript, critically read and revised the manuscript, and gave final approval for publication.",
            "cite_spans": [],
            "section": "Authors' contributions",
            "ref_spans": []
        },
        {
            "text": "The authors declared no competing interests.",
            "cite_spans": [],
            "section": "Declaration of competing interest",
            "ref_spans": []
        }
    ],
    "ref_entries": {
        "FIGREF0": {
            "text": "Fig. 1: Hypothetical scenario of dengue and COVID-19 emergence. The number of dengue cases is inclined to increase at the start of the year due to the hot, humid weather, and hit a peak between March and April. The outbreak of COVID-19 in Brazil is predicted to peak sometime in the most favourable season for respiratory diseases between late April and early May. As the two outbreaks have a high likelihood of coinciding in terms of time, the burden of diseases may boost, requiring the Unified Health System (SUS) to put their greatest efforts into the double-fight against the outbreaks. *The number of dengue cases is not proportional to that of COVID-19 cases; this is only an extrapolation to visualize each peak.",
            "type": "figure"
        }
    },
    "back_matter": [],
    "bib_entries": {
        "BIBREF0": {
            "title": "",
            "authors": [
                {
                    "first": "",
                    "middle": [],
                    "last": "World Health Organization",
                    "suffix": ""
                }
            ],
            "year": 2020,
            "venue": "",
            "volume": "",
            "issn": "",
            "pages": null,
            "other_ids": {
                "DOI": []
            }
        },
        "BIBREF1": {
            "title": "",
            "authors": [
                {
                    "first": "",
                    "middle": [],
                    "last": "Brazilian Ministry of Health",
                    "suffix": ""
                }
            ],
            "year": 2020,
            "venue": "",
            "volume": "",
            "issn": "",
            "pages": null,
            "other_ids": {
                "DOI": []
            }
        },
        "BIBREF2": {
            "title": "Epidemiological and clinical characteristics of 99 cases of 2019 novel coronavirus pneumonia in Wuhan, China: a descriptive study",
            "authors": [
                {
                    "first": "N.",
                    "middle": [],
                    "last": "Chen",
                    "suffix": ""
                },
                {
                    "first": "M.",
                    "middle": [],
                    "last": "Zhou",
                    "suffix": ""
                },
                {
                    "first": "X.",
                    "middle": [],
                    "last": "Dong",
                    "suffix": ""
                }
            ],
            "year": 2020,
            "venue": "Lancet",
            "volume": "395",
            "issn": "",
            "pages": "507-513",
            "other_ids": {
                "DOI": []
            }
        },
        "BIBREF3": {
            "title": "Covert COVID-19 and false-positive dengue serology in Singapore",
            "authors": [
                {
                    "first": "G.",
                    "middle": [],
                    "last": "Yan",
                    "suffix": ""
                },
                {
                    "first": "C.K.",
                    "middle": [],
                    "last": "Lee",
                    "suffix": ""
                },
                {
                    "first": "L.T.",
                    "middle": [],
                    "last": "Lam",
                    "suffix": ""
                },
                {
                    "first": "B.",
                    "middle": [],
                    "last": "Yan",
                    "suffix": ""
                },
                {
                    "first": "Y.X.",
                    "middle": [],
                    "last": "Chua",
                    "suffix": ""
                },
                {
                    "first": "A.Y.",
                    "middle": [],
                    "last": "Lim",
                    "suffix": ""
                },
                {
                    "first": "L.",
                    "middle": [],
                    "last": "Lin",
                    "suffix": ""
                }
            ],
            "year": 2020,
            "venue": "Lancet Infect Dis",
            "volume": "10",
            "issn": "",
            "pages": null,
            "other_ids": {
                "DOI": []
            }
        },
        "BIBREF4": {
            "title": "COVID-19 in Latin America: the implications of the first confirmed case in Brazil",
            "authors": [
                {
                    "first": "A.J.",
                    "middle": [],
                    "last": "Rodriguez-Morales",
                    "suffix": ""
                },
                {
                    "first": "V.",
                    "middle": [],
                    "last": "Gallego",
                    "suffix": ""
                },
                {
                    "first": "J.P.",
                    "middle": [],
                    "last": "Escalera-Antezana",
                    "suffix": ""
                },
                {
                    "first": "C.A.",
                    "middle": [],
                    "last": "Mendez",
                    "suffix": ""
                },
                {
                    "first": "L.I.",
                    "middle": [],
                    "last": "Zambrano",
                    "suffix": ""
                },
                {
                    "first": "C.",
                    "middle": [],
                    "last": "Franco-Paredes",
                    "suffix": ""
                },
                {
                    "first": "A.",
                    "middle": [],
                    "last": "Risquez",
                    "suffix": ""
                }
            ],
            "year": 2020,
            "venue": "Trav Med Infect Dis",
            "volume": "",
            "issn": "",
            "pages": null,
            "other_ids": {
                "DOI": []
            }
        },
        "BIBREF5": {
            "title": "Substantial undocumented infection facilitates the rapid dissemination of novel coronavirus (SARS-CoV2)",
            "authors": [
                {
                    "first": "R.",
                    "middle": [],
                    "last": "Li",
                    "suffix": ""
                },
                {
                    "first": "S.",
                    "middle": [],
                    "last": "Pei",
                    "suffix": ""
                },
                {
                    "first": "B.",
                    "middle": [],
                    "last": "Chen",
                    "suffix": ""
                },
                {
                    "first": "Y.",
                    "middle": [],
                    "last": "Song",
                    "suffix": ""
                },
                {
                    "first": "T.",
                    "middle": [],
                    "last": "Zhang",
                    "suffix": ""
                },
                {
                    "first": "W.",
                    "middle": [],
                    "last": "Yang",
                    "suffix": ""
                },
                {
                    "first": "J.",
                    "middle": [],
                    "last": "Shaman",
                    "suffix": ""
                }
            ],
            "year": 2020,
            "venue": "Science",
            "volume": "",
            "issn": "",
            "pages": null,
            "other_ids": {
                "DOI": []
            }
        }
    }
}