{
    "paper_id": "PMC7140237",
    "metadata": {
        "title": "Diagnose akuter Transfusionsreaktionen",
        "authors": [
            {
                "first": "I.",
                "middle": [],
                "last": "Pedal",
                "suffix": "",
                "email": "Ingo.Pedal@med.uni-heidelberg.de",
                "affiliation": {}
            },
            {
                "first": "A.",
                "middle": [],
                "last": "Leo",
                "suffix": "",
                "email": null,
                "affiliation": {}
            }
        ]
    },
    "body_text": [
        {
            "text": "\n\n",
            "cite_spans": [],
            "section": "Abk\u00fcrzungsverzeichnis",
            "ref_spans": []
        },
        {
            "text": "F\u00fcr eine \u201eH\u00e4motherapie nach Ma\u00df\u201c stehen verschiedene Blutprodukte zur Verf\u00fcgung. \u00dcber h\u00e4ufig eingesetzte Produktarten mit den jeweiligen Lagerungsvorschriften und spezifischen Risiken informiert Tab. 1. Blutprodukte unterliegen dem Arzneimittelgesetz. Ihr Nebenwirkungsprofil ist von demjenigen herk\u00f6mmlicher Medikamente jedoch v\u00f6llig verschieden. Die vorkommenden Nebenwirkungen lassen die sich nach \u00c4tiologie/Pathogenese, zeitlichem Eintreten, Schweregrad, Art des ausl\u00f6senden Blutproduktes oder nach dem Leitsymptom der H\u00e4molyse einteilen. [1, 6, 10, 11]. Die Tab. 2 zeigt eine systematische Einteilung nach \u00e4tiologischen Gesichtspunkten [6].",
            "cite_spans": [
                {
                    "start": 544,
                    "end": 545,
                    "mention": "1",
                    "ref_id": "BIBREF0"
                },
                {
                    "start": 547,
                    "end": 548,
                    "mention": "6",
                    "ref_id": "BIBREF9"
                },
                {
                    "start": 550,
                    "end": 552,
                    "mention": "10",
                    "ref_id": "BIBREF1"
                },
                {
                    "start": 554,
                    "end": 556,
                    "mention": "11",
                    "ref_id": "BIBREF2"
                },
                {
                    "start": 642,
                    "end": 643,
                    "mention": "6",
                    "ref_id": "BIBREF9"
                }
            ],
            "section": "Blutprodukte und ihre Nebenwirkungen",
            "ref_spans": [
                {
                    "start": 200,
                    "end": 201,
                    "mention": "1",
                    "ref_id": null
                },
                {
                    "start": 568,
                    "end": 569,
                    "mention": "2",
                    "ref_id": null
                }
            ]
        },
        {
            "text": "Seit das Risiko viraler Nebenwirkungen durch optimierte Screeningverfahren auf ein Minimum gesenkt wurde, stehen die bakteriellen Kontaminationen und die nichtinfekti\u00f6sen Zwischenf\u00e4lle im Vordergrund. In der Gruppe der nichtinfekti\u00f6sen Zwischenf\u00e4lle lassen sich nichtimmunologische und immunologisch vermittelte Komplikationen unterscheiden.",
            "cite_spans": [],
            "section": "Blutprodukte und ihre Nebenwirkungen",
            "ref_spans": []
        },
        {
            "text": "Dieser Beitrag befasst sich ausschlie\u00dflich mit akuten Komplikationen, die schon w\u00e4hrend der Transfusion oder kurz danach auftreten, oft mit dramatischen Symptomen einhergehen und differenzialdiagnostisch gegeneinander abgegrenzt werden m\u00fcssen. Diese akuten Komplikationen, denen unterschiedliche pathogenetische Mechanismen zugrunde liegen, sind in Tab. 2 hervorgehoben und in Tab. 3 synoptisch dargestellt.",
            "cite_spans": [],
            "section": "Blutprodukte und ihre Nebenwirkungen",
            "ref_spans": [
                {
                    "start": 354,
                    "end": 355,
                    "mention": "2",
                    "ref_id": null
                },
                {
                    "start": 382,
                    "end": 383,
                    "mention": "3",
                    "ref_id": null
                }
            ]
        },
        {
            "text": "W\u00e4hrend der Transfusion einsetzendes Unwohlsein, Angstgef\u00fchl, Fieber, Sch\u00fcttelfrost, Flankenschmerz, Hypotonie, Tachykardie, H\u00e4molyse und H\u00e4moglobinurie sind typische klinische Symptome. In <10% kommt es zu einem t\u00f6dlichen Ausgang durch akutes oder protrahiertes \nSchockgeschehen\nSchockgeschehen.",
            "cite_spans": [],
            "section": "Klinik ::: Diagnostik ::: Akute h\u00e4molytische Transfusionsreaktion ::: Akute immunologisch vermittelte Zwischenf\u00e4lle",
            "ref_spans": []
        },
        {
            "text": "Der Untersuchungsgang beinhaltet folgende Tests:",
            "cite_spans": [],
            "section": "Untersuchungsgang ::: Diagnostik ::: Akute h\u00e4molytische Transfusionsreaktion ::: Akute immunologisch vermittelte Zwischenf\u00e4lle",
            "ref_spans": []
        },
        {
            "text": "Die \u00dcberpr\u00fcfung der Konserven- und der Patientenidentit\u00e4t f\u00fchrt meist schon zur Aufdeckung einer Verwechslung.",
            "cite_spans": [],
            "section": "Untersuchungsgang ::: Diagnostik ::: Akute h\u00e4molytische Transfusionsreaktion ::: Akute immunologisch vermittelte Zwischenf\u00e4lle",
            "ref_spans": []
        },
        {
            "text": "Bei der Wiederholung der serologischen Vertr\u00e4glichkeitsdiagnostik ergeben sich im Fall einer AB0-Fehltransfusion folgende Befunde:Die Wiederholung der Blutgruppenbestimmung von Patient (Pr\u00e4transfusionsprobe) und Konserventest best\u00e4tigt die inkompatible Konstellation.Die Kreuzprobe zwischen Patientenserum und Spendererythrozyten f\u00e4llt positiv aus.Der direkte Antiglobulintest (=direkter Coombs-Test) f\u00fchrt zum Nachweis von Immunglobulin und/oder Komplement auf Erythrozyten der posttransfusionellen Probe. Eine vorbestehende Antik\u00f6rperbeladung der pr\u00e4transfusionellen Patientenerythrozyten l\u00e4sst sich durch den negativen Antiglobulintest vor der Transfusion meist ausschlie\u00dfen.Der zur serologischen Vertr\u00e4glichkeitsprobe geh\u00f6rige Suchtest auf freie irregul\u00e4re Antik\u00f6rper im Serum des Empf\u00e4ngers (indirekter Antiglobulin- bzw. Coombs-Test) f\u00e4llt im Falle einer AB0-Inkompatibilit\u00e4t pr\u00e4- und posttransfusionell negativ aus, da die verwendeten Testzellen immer Blutgruppe 0 sind. Falls eine akute Reaktion ausnahmsweise durch im Patientenserum vorbestehende Antik\u00f6rper ausgel\u00f6st wird, die sich gegen andere Antigene als diejenigen des AB0-Systems richten, lassen sich diese Antik\u00f6rper sowohl pr\u00e4- als auch posttransfusionell im Suchtest nachweisen.",
            "cite_spans": [],
            "section": "Untersuchungsgang ::: Diagnostik ::: Akute h\u00e4molytische Transfusionsreaktion ::: Akute immunologisch vermittelte Zwischenf\u00e4lle",
            "ref_spans": []
        },
        {
            "text": "Der Nachweis inkompatibler Fremderythrozyten in der posttransfusionellen Probe gelingt mit dem Gels\u00e4ulenagglutinationsverfahren [5, 7]: \u00dcber die Passage durch eine Gelmatrix definierter Porengr\u00f6\u00dfe werden dabei agglutinierte von nicht agglutinierten Erythrozyten getrennt. Nach der Transfusion inkompatibler Erythrozyten sammeln sich die nicht agglutinierten Eigenerythrozyten am Boden, w\u00e4hren die agglutinierten Fremderythrozyten an der Oberfl\u00e4che der Gels\u00e4ule liegen bleiben (\u201emixed field agglutination\u201c).",
            "cite_spans": [
                {
                    "start": 129,
                    "end": 130,
                    "mention": "5",
                    "ref_id": "BIBREF8"
                },
                {
                    "start": 132,
                    "end": 133,
                    "mention": "7",
                    "ref_id": "BIBREF10"
                }
            ],
            "section": "Untersuchungsgang ::: Diagnostik ::: Akute h\u00e4molytische Transfusionsreaktion ::: Akute immunologisch vermittelte Zwischenf\u00e4lle",
            "ref_spans": []
        },
        {
            "text": "Allerdings lassen sich die inkompatiblen Fremderythrozyten (z. B. der Gruppe A) mit dem Gels\u00e4ulenagglutinationsverfahren nicht mehr nachweisen, wenn sie vollst\u00e4ndig h\u00e4molysiert sind. Wenn in solchen F\u00e4llen die Fehltransfusion \u2013 z. B. nach Beseitigung oder Verf\u00e4lschung von Dokumenten \u2013 anders nicht zu beweisen ist, kann die vergleichende Bestimmung des Isoagglutinintiters (z. B. Anti-A) im Pr\u00e4- und Posttransfusionsblut des Empf\u00e4ngers zum Erfolg f\u00fchren: Unmittelbar nach der Transfusion erfolgt durch \u201eVerbrauch\u201c ein rascher Titerabfall, in den folgenden Tagen im \u00dcberlebensfall ein Titeranstieg durch Boosterung, der meist \u00fcber den pr\u00e4transfusionellen Wert hinausgeht.",
            "cite_spans": [],
            "section": "Untersuchungsgang ::: Diagnostik ::: Akute h\u00e4molytische Transfusionsreaktion ::: Akute immunologisch vermittelte Zwischenf\u00e4lle",
            "ref_spans": []
        },
        {
            "text": "Nachweis der transfusionsbedingten H\u00e4molyse: Freies H\u00e4moglobin findet sich im \u00dcberstand der posttransfusionellen Patientenblutprobe und im Urin (H\u00e4moglobinurie). Der Haptoglobinspiegel f\u00e4llt rasch ab; nach Tagen kommt es zum Bilirubinanstieg.",
            "cite_spans": [],
            "section": "Untersuchungsgang ::: Diagnostik ::: Akute h\u00e4molytische Transfusionsreaktion ::: Akute immunologisch vermittelte Zwischenf\u00e4lle",
            "ref_spans": []
        },
        {
            "text": "Die \nSerologische Diagnostik\nserologische Diagnostik entspricht im Wesentlichen derjenigen beim Lebenden.",
            "cite_spans": [],
            "section": "Postmortale Diagnostik ::: Diagnostik ::: Akute h\u00e4molytische Transfusionsreaktion ::: Akute immunologisch vermittelte Zwischenf\u00e4lle",
            "ref_spans": []
        },
        {
            "text": "Die \nObduktion\nObduktion ergibt neben den Befunden des Grundleidens die grunds\u00e4tzlich unspezifischen Zeichen des durch den Zwischenfall ausgel\u00f6sten Kreislaufschocks bzw. bei l\u00e4ngerer \u00dcberlebenszeit des Multiorganversagens und der bekannten Komplikationen der Intensivtherapie. Makroskopische oder histologische Befunde, die einen Transfusionszwischenfall belegen w\u00fcrden, gibt es nicht.",
            "cite_spans": [],
            "section": "Postmortale Diagnostik ::: Diagnostik ::: Akute h\u00e4molytische Transfusionsreaktion ::: Akute immunologisch vermittelte Zwischenf\u00e4lle",
            "ref_spans": []
        },
        {
            "text": "Meist ist der vorausgegangene Zwischenfall bereits klinisch diagnostiziert. Ist es im zeitlichen Zusammenhang mit Erythrozytentransfusionen allerdings zu einem bislang ungekl\u00e4rten Schockzustand gekommen, so muss auch an die M\u00f6glichkeit einer \nAHTR\nAHTR gedacht werden. Wenn die inkompatiblen Fremderythrozyten durch Sequestration in die Endstrombahn und durch Phagozytose aus dem zirkulierenden Blut des Empf\u00e4ngers eliminiert sind, lassen sie sich serologisch nicht mehr nachweisen (s. oben); die Geschwindigkeit ihrer Elimination ist abh\u00e4ngig von der Transfusionsdosis und vom Isoagglutinintiter des Empf\u00e4ngers.",
            "cite_spans": [],
            "section": "Postmortale Diagnostik ::: Diagnostik ::: Akute h\u00e4molytische Transfusionsreaktion ::: Akute immunologisch vermittelte Zwischenf\u00e4lle",
            "ref_spans": []
        },
        {
            "text": "Durch \nImmunhistochemische Darstellung\nimmunhistochemische Darstellung der Antigene A bzw. B in Paraffinschnitten k\u00f6nnen noch nach l\u00e4ngerer \u00dcberlebenszeit Reste von Fremderythrozyten im Empf\u00e4ngerorganismus nachgewiesen werden [8]: Nach \u00dcberlebenszeiten bis zu etwa 24 h k\u00f6nnen Fremderythrozyten in der Endstrombahn vieler Organe, aber auch als Agglutinate in gr\u00f6\u00dferen Blutgef\u00e4\u00dfen gefunden werden. Regelm\u00e4\u00dfig lassen sich Fremderythrozyten oder zumindest ihre Membranfragmente auch in Makrophagen der Leber, der Milz und der Nebennierenrinde darstellen. Nach \u00dcberlebenszeiten von bis zu 1 Woche bestehen Aussichten, Membranfragmente der Fremderythrozyten in Zellen des mononukle\u00e4ren Makrophagensystems noch zu identifizieren. Besonders g\u00fcnstige Erhaltungsbedingungen sind gegeben, wenn Fremderythrozyten in H\u00e4matome oder Nekrosen eingelagert und so der Zirkulation und Phagozytose entzogen sind (Abb. 1, 2, 3, 4).",
            "cite_spans": [
                {
                    "start": 227,
                    "end": 228,
                    "mention": "8",
                    "ref_id": "BIBREF11"
                }
            ],
            "section": "Postmortale Diagnostik ::: Diagnostik ::: Akute h\u00e4molytische Transfusionsreaktion ::: Akute immunologisch vermittelte Zwischenf\u00e4lle",
            "ref_spans": [
                {
                    "start": 899,
                    "end": 900,
                    "mention": "1",
                    "ref_id": null
                },
                {
                    "start": 902,
                    "end": 903,
                    "mention": "2",
                    "ref_id": null
                },
                {
                    "start": 905,
                    "end": 906,
                    "mention": "3",
                    "ref_id": null
                },
                {
                    "start": 908,
                    "end": 909,
                    "mention": "4",
                    "ref_id": null
                }
            ]
        },
        {
            "text": "F\u00fcr Blutprodukte, v. a. Thrombozytenkonzentrate, nimmt mit zunehmender Lagerungszeit durch \u00dcbertritt von Zytokinen \u2013 insbesondere aus mitvorhandenen Leukozyten \u2013 die FNHTR-Rate zu.",
            "cite_spans": [],
            "section": "Blutprodukt ::: Febrile nichth\u00e4molytische Transfusionsreaktionen ::: Akute immunologisch vermittelte Zwischenf\u00e4lle",
            "ref_spans": []
        },
        {
            "text": "Empf\u00e4nger bzw. Empf\u00e4ngerinnen k\u00f6nnen nach mehrfachen Transfusionen oder Schwangerschaften Alloantik\u00f6rper gegen leuko- und thrombozyt\u00e4re Fremdantigene gebildet haben. Werden danach Blutprodukte mit inkompatiblen Leuko- oder Thrombozyten transfundiert, so spielt sich an diesen Zellen eine Antigen-Antik\u00f6rper-Reaktion ab, die zur Zytokinfreisetzung f\u00fchrt.",
            "cite_spans": [],
            "section": "Antileukozyt\u00e4re Antik\u00f6rper ::: Febrile nichth\u00e4molytische Transfusionsreaktionen ::: Akute immunologisch vermittelte Zwischenf\u00e4lle",
            "ref_spans": []
        },
        {
            "text": "Die seit 2001 obligatorisch geforderte \nLeukozytendepletion\nLeukozytendepletion f\u00fcr zellul\u00e4re Blutprodukte, die die Leukozytenzahl bis zu einem Restgehalt von weniger als 1\u00d7106 Leukozyten pro Produkt reduziert, hat zu einer deutlichen Abnahme der H\u00e4ufigkeit von FNHTR gef\u00fchrt.",
            "cite_spans": [],
            "section": "Antileukozyt\u00e4re Antik\u00f6rper ::: Febrile nichth\u00e4molytische Transfusionsreaktionen ::: Akute immunologisch vermittelte Zwischenf\u00e4lle",
            "ref_spans": []
        },
        {
            "text": "W\u00e4hrend oder maximal 4 h nach einer Transfusion akut einsetzender Temperaturanstieg um >1\u00b0C wird als FNHTR klassifiziertW\u00e4hrend oder maximal 4 h nach einer Transfusion akut einsetzender Temperaturanstieg um >1\u00b0C, oft mit Flush und Sch\u00fcttelfrost, wird als FNHTR klassifiziert, wenn sowohl ein h\u00e4molytischer Zwischenfall als auch eine Bakteri\u00e4mie ausgeschlossen ist.",
            "cite_spans": [],
            "section": "Klinik ::: Diagnostik ::: Febrile nichth\u00e4molytische Transfusionsreaktionen ::: Akute immunologisch vermittelte Zwischenf\u00e4lle",
            "ref_spans": []
        },
        {
            "text": "Unter Antipyretikabehandlung bildet sich die Symptomatik rasch zur\u00fcck.",
            "cite_spans": [],
            "section": "Klinik ::: Diagnostik ::: Febrile nichth\u00e4molytische Transfusionsreaktionen ::: Akute immunologisch vermittelte Zwischenf\u00e4lle",
            "ref_spans": []
        },
        {
            "text": "Ausschluss bakterieller Kontamination des Produkts, ggf. Nachweis von antileukozyt\u00e4ren Antik\u00f6rpern beim Empf\u00e4nger (z. B. HLA-Antik\u00f6rper).",
            "cite_spans": [],
            "section": "Serologie/Bakteriologie ::: Diagnostik ::: Febrile nichth\u00e4molytische Transfusionsreaktionen ::: Akute immunologisch vermittelte Zwischenf\u00e4lle",
            "ref_spans": []
        },
        {
            "text": "Es besteht ein breites Spektrum von lokaler Urtikaria bis zu generalisierter anaphylaktischer Reaktion.",
            "cite_spans": [],
            "section": "Klinik ::: Diagnostik ::: Allergische Transfusionsreaktionen ::: Akute immunologisch vermittelte Zwischenf\u00e4lle",
            "ref_spans": []
        },
        {
            "text": "Das urs\u00e4chliche Allergen ist meist nicht identifizierbar. In F\u00e4llen anaphylaktischer Reaktionen ist die Frage einer \nIgA-Defizienz\nIgA-Defizienz zu kl\u00e4ren und ggf. der Nachweis von Anti-IgA-Antik\u00f6rpern zu f\u00fchren: IgA-beschichtete Polystyrolk\u00fcgelchen mit einem Durchmesser von 3 \u00b5m werden durch Anti-IgA im Serum des Patienten agglutiniert. Die Agglutination kann z. B. im Gels\u00e4ulenagglutinationsverfahren sichtbar gemacht werden",
            "cite_spans": [],
            "section": "Serologie ::: Diagnostik ::: Allergische Transfusionsreaktionen ::: Akute immunologisch vermittelte Zwischenf\u00e4lle",
            "ref_spans": []
        },
        {
            "text": "Nach t\u00f6dlichen Verl\u00e4ufen ergeben Obduktion und Histologie Befunde wie nach anaphylaktischem Schock anderer Genese. Eine eventuelle IgA-Defizienz mit Vorliegen von Anti-IgA-Antik\u00f6rpern lie\u00dfe sich immunhistochemisch wahrscheinlich verifizieren, ist aber durch vorausgegangene serologische Untersuchungen im Allgemeinen bereits gesichert.",
            "cite_spans": [],
            "section": "Pathologie ::: Diagnostik ::: Allergische Transfusionsreaktionen ::: Akute immunologisch vermittelte Zwischenf\u00e4lle",
            "ref_spans": []
        },
        {
            "text": "Schl\u00fcsselereignis ist die Interaktion zwischen aktivierten Granulozyten und Endothelzellen der LungenendstrombahnSchl\u00fcsselereignis ist die Interaktion zwischen aktivierten Granulozyten und Endothelzellen der Lungenendstrombahn, die zu Endothelzellsch\u00e4digung, Kapillarwandleck und Organsch\u00e4digung f\u00fchrt. Endresultat ist ein \nLungen\u00f6dem\nLungen\u00f6dem, das dem ARDS (\u201eacute respiratory distress syndrome\u201c) anderer Genese gleicht. Zur Ursache der Granulozytenaktivierung existieren 2 Modellvorstellungen:Erstes Modell  Nach einer ersten Hypothese wird die TRALI durch Antik\u00f6rper im Spenderplasma ausgel\u00f6st, die sich gegen neutrophile Granulozyten des Empf\u00e4ngers \u2013 insbesondere gegen deren HLA- oder HNA- (\u201ehuman neutrophil antigen-\u201c)Antigene \u2013 richten und zur Granulozytensequestration in die Lungenstrombahn f\u00fchren. Weil im Blut von Multiparae vermehrt Antik\u00f6rper gegen inkompatible (v\u00e4terliche) HLA- oder HNA-Antigene der Kinder vorkommen, ist die Transfusion von Plasmakomponenten solcher Spenderinnen mit einem erh\u00f6hten TRALI-Risiko verbunden.Zweites Modell  Die TRALI wird als eine Abfolge zweier unabh\u00e4ngiger Ereignisse (\u201e2-event-model\u201c) interpretiert. Eine Vorerkrankung (v. a. herzchirurgische Eingriffe und h\u00e4matologisch-onkologische Erkrankungen) f\u00fchrt zur Aktivierung des Lungenkapillarendothels. Durch eine nachfolgende Transfusion werden entweder Antik\u00f6rper (s. oben) oder sog. \u201ebiologic response modifiers\u201c (v. a. Lyophosphatidylcholine, die in Blutprodukten w\u00e4hrend der Lagerung freigesetzt werden) \u00fcbertragen, die dann zur Aktivierung und Sequestration von Granulozyten f\u00fchren.",
            "cite_spans": [],
            "section": "Pathophysiologie ::: Transfusionsassoziierte akute Lungeninsuffizienz ::: Akute immunologisch vermittelte Zwischenf\u00e4lle",
            "ref_spans": []
        },
        {
            "text": "Die klinische Symptomatik der TRALI ist oft sehr beeindruckend, Innerhalb k\u00fcrzester Zeit kann sich ein Lungen\u00f6dem entwickelnda sich innerhalb k\u00fcrzester Zeit (teilweise bereits 20 min nach Transfusion) ein Lungen\u00f6dem entwickeln kann. Kardinalsymptome sind akut einsetzende Tachypnoe, Dyspnoe, Zyanose und ein Temperaturanstieg um mindestens 1\u00b0C [9, 13]. Die Blutgasanalyse ergibt trotz normaler Herzfunktion eine akute Hypox\u00e4mie, Auskultationsbefund und R\u00f6ntgenbild entsprechen einem Lungen\u00f6dem.",
            "cite_spans": [
                {
                    "start": 345,
                    "end": 346,
                    "mention": "9",
                    "ref_id": "BIBREF12"
                },
                {
                    "start": 348,
                    "end": 350,
                    "mention": "13",
                    "ref_id": "BIBREF4"
                }
            ],
            "section": "Klinik ::: Diagnostik ::: Transfusionsassoziierte akute Lungeninsuffizienz ::: Akute immunologisch vermittelte Zwischenf\u00e4lle",
            "ref_spans": []
        },
        {
            "text": "Wenn im zeitlichen Zusammenhang mit einer Transfusion Luftnot und schwere Hypox\u00e4mie auftreten, muss an eine TRALI gedacht werdenWenn im zeitlichen Zusammenhang mit einer Transfusion Luftnot und schwere Hypox\u00e4mie (PaO2/FiO2 <300 mmHg) auftreten, muss stets an eine TRALI gedacht werden.",
            "cite_spans": [],
            "section": "Klinik ::: Diagnostik ::: Transfusionsassoziierte akute Lungeninsuffizienz ::: Akute immunologisch vermittelte Zwischenf\u00e4lle",
            "ref_spans": []
        },
        {
            "text": "Differenzialdiagnostisch abzugrenzen sind kardiale Ursachen des Lungen\u00f6dems, infusionsbedingte Hypervol\u00e4mie, anaphylaktische Reaktionen und eine Transfusion bakteriell kontaminierter Blutprodukte.",
            "cite_spans": [],
            "section": "Klinik ::: Diagnostik ::: Transfusionsassoziierte akute Lungeninsuffizienz ::: Akute immunologisch vermittelte Zwischenf\u00e4lle",
            "ref_spans": []
        },
        {
            "text": "Die serologische Best\u00e4tigung einer TRALI ist oft schwierigDie serologische Best\u00e4tigung einer TRALI ist oft schwierig. Nicht immer gelingt der Nachweis von HLA-Klasse-I oder HLA-Klasse-II-Antik\u00f6rpern oder Antik\u00f6rpern gegen neutrophile Granulozyten sowie der Nachweis des korrespondierenden Antigens beim Empf\u00e4nger. In F\u00e4llen, in denen die TRALI als \u201e2-event-model\u201c mit \u00dcbertragung von \u201ebiologic response modifiers\u201c interpretiert wird, orientiert sich die Diagnose allein am klinischen Bild. In vermuteten TRALI-F\u00e4llen, in denen keine Antik\u00f6rper bei Empf\u00e4nger oder Spender nachzuweisen sind, sollte zumindest gepr\u00fcft werden, ob Multiparae unter den Spendern sind.",
            "cite_spans": [],
            "section": "Serologie ::: Diagnostik ::: Transfusionsassoziierte akute Lungeninsuffizienz ::: Akute immunologisch vermittelte Zwischenf\u00e4lle",
            "ref_spans": []
        },
        {
            "text": "Nach t\u00f6dlichem Ausgang ergibt die Obduktion den unspezifischen Befund einer \u201e\nSchocklunge\nSchocklunge\u201c. Das histologische Bild dicht gelagerter Granulozyten in den Lungenkapillaren ist mit demjenigen der Leukozytensequestration bei schweren Schockzust\u00e4nden identisch. Immunhistochemisch konnte in einem Einzelfall die Endothelsch\u00e4digung mit gesteigerter Expression von Adh\u00e4sionsmolek\u00fclen (CD34, CD31), nicht aber eine pathogenetische Rolle von HLA-Klasse-II-Antigenen nachgewiesen werden [4].",
            "cite_spans": [
                {
                    "start": 489,
                    "end": 490,
                    "mention": "4",
                    "ref_id": "BIBREF7"
                }
            ],
            "section": "Morphologie ::: Diagnostik ::: Transfusionsassoziierte akute Lungeninsuffizienz ::: Akute immunologisch vermittelte Zwischenf\u00e4lle",
            "ref_spans": []
        },
        {
            "text": "Bei Patienten mit reduzierter kardialer Belastbarkeit kann die rasche Transfusion gro\u00dfer Blutvolumina zur Kreislaufdekompensation f\u00fchrenBei Patienten mit reduzierter kardialer Belastbarkeit (insbesondere bei Kindern und Herzkranken) kann die rasche Transfusion gro\u00dfer Blutvolumina zur Kreislaufdekompensation f\u00fchren. Die Gabe von Vollblut ist bei solchen gef\u00e4hrdeten Patienten kontraindiziert, die Transfusion von Erythrozytenkonserven muss langsam und unter Beobachtung des Patienten erfolgen.",
            "cite_spans": [],
            "section": "Hypervol\u00e4mie ::: Akute, nicht infektionsbedingte und nicht immunologisch verursachte Transfusionsreaktionen",
            "ref_spans": []
        },
        {
            "text": "Klinisch kommt es zum Lungen\u00f6dem mit Luftnot und zur oberen Einflussstauung; die Patienten klagen \u00fcber Kopfschmerz. Die Therapie richtet sich in 1. Linie gegen das Lungen\u00f6dem.",
            "cite_spans": [],
            "section": "Hypervol\u00e4mie ::: Akute, nicht infektionsbedingte und nicht immunologisch verursachte Transfusionsreaktionen",
            "ref_spans": []
        },
        {
            "text": "Plasmahaltige Blutprodukte, die Natriumzitrat im \u00dcberschuss enthalten, k\u00f6nnen v. a. bei hoher Transfusionsgeschwindigkeit zu einer \nHypokalz\u00e4mie\nHypokalz\u00e4mie f\u00fchren. Vor allem bei schweren Lebersch\u00e4den, Azidose und Hypothermie kann es zu EKG-Ver\u00e4nderungen kommen, die sorgf\u00e4ltig zu beobachten sind [10].",
            "cite_spans": [
                {
                    "start": 299,
                    "end": 301,
                    "mention": "10",
                    "ref_id": "BIBREF1"
                }
            ],
            "section": "Zitratreaktion ::: Akute, nicht infektionsbedingte und nicht immunologisch verursachte Transfusionsreaktionen",
            "ref_spans": []
        },
        {
            "text": "Vor Einf\u00fchrung der heute gebr\u00e4uchlichen Kunststoffbeutel war es m\u00f6glich, eine Transfusion zu beschleunigen, indem man innerhalb des Glasgef\u00e4\u00dfes einen erh\u00f6hten Luftdruck erzeugte. Bei mangelnder Umsicht konnte es am Ende der Transfusion zu einer Luftembolie kommen. W\u00e4hrend diese Gefahr heute gebannt ist, Beim Anlegen der Transfusion, beim Wechsel der Beh\u00e4ltnisse und bei der maschinellen Autotransfusion kann es einer Luftembolie kommenist mit dem Risiko einer Luftembolie noch beim Anlegen der Transfusion, beim Wechsel der Beh\u00e4ltnisse und bei der maschinellen Autotransfusion zu rechnen [10].",
            "cite_spans": [
                {
                    "start": 591,
                    "end": 593,
                    "mention": "10",
                    "ref_id": "BIBREF1"
                }
            ],
            "section": "Luftembolie und Fremdk\u00f6rperembolie ::: Akute, nicht infektionsbedingte und nicht immunologisch verursachte Transfusionsreaktionen",
            "ref_spans": []
        },
        {
            "text": "In gelagerten EK bilden sich Aggregate aus Leukozyten, Thrombozyten und Fibrin, die Durchmesser von \u00fcber 200 \u00b5m erreichen k\u00f6nnen. Relevante embolische Ereignisse werden jedoch durch die Verwendung von Standardfiltern mit einer Porengr\u00f6\u00dfe von 170\u2013230 \u00b5m verhindert [10].",
            "cite_spans": [
                {
                    "start": 265,
                    "end": 267,
                    "mention": "10",
                    "ref_id": "BIBREF1"
                }
            ],
            "section": "Luftembolie und Fremdk\u00f6rperembolie ::: Akute, nicht infektionsbedingte und nicht immunologisch verursachte Transfusionsreaktionen",
            "ref_spans": []
        },
        {
            "text": "Die transfusionsbedingte bakterielle Infektion wird durch den \nKeimnachweis im Produkt\nKeimnachweis im Produkt und den korrespondierenden Befund im Blut des Patienten bewiesen, ggf. mit Subspezifizierung und molekularbiologischer Identit\u00e4tssicherung.",
            "cite_spans": [],
            "section": "Diagnostik :::  ::: Akute, durch bakterielle Infektion verursachte Transfusionszwischenf\u00e4lle",
            "ref_spans": []
        },
        {
            "text": "Durch die Einf\u00fchrung des \n\u201ePredonation sampling\u201c\n\u201epredonation sampling\u201c (Entfernung der ersten 25 ml bei der Blutspende und damit Entfernung von bakterienbesiedelten Hautstanzzylindern) konnte die bakterielle Kontaminationsrate von Blutprodukten um ca. 50% gesenkt werden. Wichtig ist die l\u00fcckenlose Einhaltung der f\u00fcr Erythrozytenkonzentrate vorgeschriebenen \nK\u00fchltemperatur\nK\u00fchltemperatur von 2\u20136\u00b0C.",
            "cite_spans": [],
            "section": "Prophylaxe :::  ::: Akute, durch bakterielle Infektion verursachte Transfusionszwischenf\u00e4lle",
            "ref_spans": []
        },
        {
            "text": "Vor der Transfusion ist jede EK-Einheit auf Verf\u00e4rbung, Tr\u00fcbung und Gerinnselbildung zu untersuchenVor der Transfusion ist jede EK-Einheit auf Verf\u00e4rbung, Tr\u00fcbung und Gerinnselbildung zu untersuchen. Bei Thrombozytenkonzentraten empfiehlt sich ein bakterielles Screening der ProdukteBei Thrombozytenkonzentraten empfiehlt sich ein bakterielles Screening der Produkte, wie es z. B. in Kanada, den Niederlanden und Belgien gesetzlich vorgeschrieben ist und in Deutschland kurz vor der Einf\u00fchrung steht. Hierzu stehen verschiedene M\u00f6glichkeiten zur Verf\u00fcgung (z. B. Bebr\u00fctung von Aliquots, Nachweis bakterieller DNA mittels PCR, Nachweis des Glukoseverbrauchs durch Bakterien). Nachteile dieser Methoden sind v. a. die mangelnde Sensitivit\u00e4t in der fr\u00fchen Lagerungsphase, logistische Verz\u00f6gerungen und zus\u00e4tzliche Kosten.",
            "cite_spans": [],
            "section": "Prophylaxe :::  ::: Akute, durch bakterielle Infektion verursachte Transfusionszwischenf\u00e4lle",
            "ref_spans": []
        },
        {
            "text": "Die Anwendung von Blut und Blutprodukten ist durch deren Status als Arzneimittel dem \nArzneimittelgesetz\nArzneimittelgesetz unterworfen. Zus\u00e4tzlich gelten auch die Regelungen des \nTransfusionsgesetz\nTransfusionsgesetzes [Transfusionsgesetz (TFG, Gesetz zur Regelung des Transfusionswesens) 01.07.1998]. Dieses weist der Bundes\u00e4rztekammer (B\u00c4K) die Aufgabe zu, den Stand der medizinischen Wissenschaft und Technik festzustellen. Die unter dieser Vorgabe gemeinsam mit dem Paul-Ehrlich-Institut herausgegebenen und im Bundesanzeiger bekannt gemachten \u201eRichtlinien zur Gewinnung von Blut und Blutbestandteilen und zur Anwendung von Blutprodukten (H\u00e4motherapie) gem\u00e4\u00df \u00a7\u00a7 12 und 18 des Transfusionsgesetzes (TFG)\u201c, zuletzt novelliert am 19.09.2005 [3], sind insofern als verbindliche Handlungsanweisungen zu werten. Sie werden erg\u00e4nzt durch die gleichfalls von der Bundes\u00e4rztekammer herausgegebenen, nahezu 300-seitigen \u201eLeitlinien\u201c [2].",
            "cite_spans": [
                {
                    "start": 744,
                    "end": 745,
                    "mention": "3",
                    "ref_id": "BIBREF6"
                },
                {
                    "start": 929,
                    "end": 930,
                    "mention": "2",
                    "ref_id": "BIBREF5"
                }
            ],
            "section": "Rechtliche Aspekte",
            "ref_spans": []
        },
        {
            "text": "Bei Nebenwirkungen von Blutprodukten wird unterschieden zwischen unerw\u00fcnschten Arzneimittelwirkungen und unerw\u00fcnschten EreignissenBei Nebenwirkungen von Blutprodukten wird unterschieden zwischen unerw\u00fcnschten Arzneimittelwirkungen (UAW), die bei bestimmungsgem\u00e4\u00dfem Gebrauch auftreten (z. B. FNHTR oder allergische Reaktionen), und unerw\u00fcnschten Ereignissen (UE), worunter alle unerwarteten Komplikationen einschlie\u00dflich der Verdachtf\u00e4lle und der Zwischenf\u00e4lle durch nichtbestimmungsgem\u00e4\u00dfen Gebrauch (z. B. AB0-Verwechslung) zu verstehen sind. Die Transfusionsmedizin spielt hier insofern eine Sonderrolle, als f\u00fcr die unerw\u00fcnschten Ereignisse, f\u00fcr die gesetzlich keine Meldepflicht besteht, in den Richtlinien zur H\u00e4motherapie explizit eine Erfassung, Abkl\u00e4rung und Bewertung innerhalb der Einrichtung vorgeschrieben wird. F\u00fcr unerw\u00fcnschte Wirkungen besteht eine durch das Arzneimittelgesetz, das Transfusionsgesetz und die Richtlinien definierte \nMeldepflicht\nMeldepflicht \u00fcber den pharmazeutischen Unternehmer (also den Blutspendedienst bzw. das Pharmaunternehmen), der das Blutprodukt in Verkehr gebracht hat. Bei schwerwiegenden Nebenwirkungen \u2013 d. h. bei t\u00f6dlichem oder lebensbedrohlichem Verlauf, bei Verl\u00e4ngerung des station\u00e4ren Aufenthaltes und bei bleibender Behinderung \u2013 muss innerhalb von 15 Tagen eine Meldung an die Bundesoberbeh\u00f6rde (im Falle von Blutprodukten das Paul-Ehrlich-Institut in Langen) erfolgen. F\u00fcr jede Nebenwirkung besteht auch nach der \u00e4rztlichen Berufsordnung eine Meldepflicht an die Arzneimittelkommission der deutschen \u00c4rzteschaft. Innerhalb von transfundierenden Einrichtungen der Krankenversorgung m\u00fcssen die Meldewege im Rahmen des Qualit\u00e4tsmanagementsystems f\u00fcr die klinische Transfusionsmedizin beschrieben sein.",
            "cite_spans": [],
            "section": "Rechtliche Aspekte",
            "ref_spans": []
        },
        {
            "text": "Nach \nTodesf\u00e4lle\nTodesf\u00e4llen im zeitlichen Zusammenhang mit einer Transfusion stellt sich f\u00fcr den Rechtsmediziner die Aufgabe, gemeinsam mit einem transfusionsmedizinischen Gutachter auf der Basis der Krankenunterlagen, der kriminalistischen und serologischen Feststellungen sowie der autoptischen, histologischen und ggf. immunhistochemischen Befunde zu kl\u00e4ren,a)ob \u00fcberhaupt ein Transfusionszwischenfall vorliegt,b)ob dieser ggf. durch einen vorwerfbaren Behandlungsfehler verursacht wurde und ggf.c)ob der Zwischenfall ohne vern\u00fcnftigen Zweifel f\u00fcr den Tod des Patienten kausal war.Schon der \nNachweis eines Transfusionszwischenfalles\nNachweis eines Transfusionszwischenfalles (a) kann schwierig sein: Im Falle der TRALI ist beispielsweise mit einer hohen Dunkelziffer zu rechnen, weil die pulmonale Erkrankung als ARDS bei schwerer Grunderkrankung fehlgedeutet werden kann. ",
            "cite_spans": [],
            "section": "Rechtliche Aspekte",
            "ref_spans": []
        },
        {
            "text": "Die \nVerschuldensfrage\nVerschuldensfrage (b) ist zu bejahen, wenn der verantwortliche Arzt durch Unterlassen der Patienten- oder Konservenidentit\u00e4tspr\u00fcfung oder des obligaten Bedside-Tests die Infusion einer AB0-inkompatiblen Erythrozytenkonserve zu verantworten hat. (Ganz anders als bei diesem grunds\u00e4tzlich vermeidbaren Zwischenfall liegen die Dinge bei der \u2013 hier nicht behandelten \u2013 verz\u00f6gerten h\u00e4molytischen Transfusionsreaktion, bei der Antik\u00f6rper anderer Spezifit\u00e4ten als AB0 erst nach der Transfusion durch Boosterung nachweisbar werden, sodass der Zwischenfall auch bei ordnungsgem\u00e4\u00df durchgef\u00fchrten Voruntersuchungen nicht vorhersehbar ist.) Im \u00dcbrigen wird man sich bei der Pr\u00fcfung der Verschuldensfrage an den Richtlinien der Bundes\u00e4rztekammer orientieren. ",
            "cite_spans": [],
            "section": "Rechtliche Aspekte",
            "ref_spans": []
        },
        {
            "text": "Die Beurteilung der \nKausalit\u00e4tsfrage\nKausalit\u00e4tsfrage (c) ist bei einem akut t\u00f6dlichen Schockgeschehen nach AB0-inkompatibler Transfusion unproblematisch. Dagegen ist die Kausalit\u00e4t zu verneinen, wenn der Transfusionszwischenfall bei einer lebensbedrohlichen Grunderkrankung mit bereits bestehender Schocksymptomatik eintrat und keinen gesicherten Einfluss auf den Spontanverlauf nahm [7].",
            "cite_spans": [
                {
                    "start": 387,
                    "end": 388,
                    "mention": "7",
                    "ref_id": "BIBREF10"
                }
            ],
            "section": "Rechtliche Aspekte",
            "ref_spans": []
        },
        {
            "text": "\nZu den akuten Transfusionsreaktionen geh\u00f6rt ...\n",
            "cite_spans": [],
            "section": "Fragen zur Zertifizierung",
            "ref_spans": []
        },
        {
            "text": "\ndie febrile nichth\u00e4molytische Transfusionsreaktion (FNHTR).die Infektion durch das Hepatitis-C-Virus.die Posttransfusionspurpura.die transfusionsassoziierte \u201eGraft versus host reaction\u201c.die Infektion durch das Hepatitis-B-Virus.\n",
            "cite_spans": [],
            "section": "Fragen zur Zertifizierung",
            "ref_spans": []
        },
        {
            "text": "\nWelche Aussage \u00fcber die akute h\u00e4molytische Transfusionsreaktion (AHTR) trifft\n nicht\n zu?\n",
            "cite_spans": [],
            "section": "Fragen zur Zertifizierung",
            "ref_spans": []
        },
        {
            "text": "\nDie AHTR beruht meist auf Verwechslungen (Patienten, Konserven).Die h\u00e4molysierenden Antik\u00f6rper werden oft erst nach der Transfusion nachweisbar.Die AHTR verl\u00e4uft in weniger als 30% der F\u00e4lle t\u00f6dlich.Die AHTR kann immunhistochemisch nachgewiesen werden.Klinische Symptome sind Sch\u00fcttelfrost, Blutdruckabfall und Flankenschmerz.\n",
            "cite_spans": [],
            "section": "Fragen zur Zertifizierung",
            "ref_spans": []
        },
        {
            "text": "\nH\u00e4ufigste Ursache der AHTR ist ...\n",
            "cite_spans": [],
            "section": "Fragen zur Zertifizierung",
            "ref_spans": []
        },
        {
            "text": "\ndie Transfusion von 0-Erythrozyten auf einen A-Empf\u00e4nger.die Transfusion eines bakteriell infizierten Thrombozytenpr\u00e4parates.das Vorliegen antileukozyt\u00e4rer Antik\u00f6rper beim Empf\u00e4nger.die Transfusion von A-Erythrozyten auf einen 0-Empf\u00e4nger.die Transfusion eines \u00fcberalterten Erythrozytenkonzentrates.\n",
            "cite_spans": [],
            "section": "Fragen zur Zertifizierung",
            "ref_spans": []
        },
        {
            "text": "\nWelche Aussage \u00fcber die transfusionsassoziierte akute Lungeninsuffizienz (TRALI) trifft\n nicht\n zu?\n",
            "cite_spans": [],
            "section": "Fragen zur Zertifizierung",
            "ref_spans": []
        },
        {
            "text": "\nEine TRALI kann durch Antik\u00f6rper des Spenders gegen Empf\u00e4ngerleukozyten ausgel\u00f6st werden.Die TRALI gleicht klinisch dem ARDS.Eine TRALI kann durch sog. \u201ebiologic response modifiers\u201c im Blutprodukt ausgel\u00f6st werden.Histologisch \u00e4hnelt die TRALI dem Bild einer \u201eSchocklunge\u201c.Es besteht eine Diskrepanz zwischen schweren R\u00f6ntgenbefunden und weitgehend normalen Blutgaswerten.\n",
            "cite_spans": [],
            "section": "Fragen zur Zertifizierung",
            "ref_spans": []
        },
        {
            "text": "\nDie Immunhistochemie liefert beweiskr\u00e4ftige Befunde bei ...\n",
            "cite_spans": [],
            "section": "Fragen zur Zertifizierung",
            "ref_spans": []
        },
        {
            "text": "\nTRALI.FNHTR.Sepsis nach Transfusion eines bakteriell kontaminierten Blutprodukts.allergischer Reaktion nach Transfusion.AHTR.\n",
            "cite_spans": [],
            "section": "Fragen zur Zertifizierung",
            "ref_spans": []
        },
        {
            "text": "\nWelcher gef\u00fcrchtete Keim tritt bei der bakteriellen Kontamination von gek\u00fchlten Erythrozytenkonzentraten am h\u00e4ufigsten auf?\n",
            "cite_spans": [],
            "section": "Fragen zur Zertifizierung",
            "ref_spans": []
        },
        {
            "text": "\nStaphylococcus aureus.Klebsiella pneumoniae.Escherichia coli.Yersinia enterocolitica.Haemophilus influenzae.\n",
            "cite_spans": [],
            "section": "Fragen zur Zertifizierung",
            "ref_spans": []
        },
        {
            "text": "\nWelche Aussage \u00fcber die febrile nichth\u00e4molytische Transfusionsreaktion (FNHTR) trifft\n nicht\n zu?\n",
            "cite_spans": [],
            "section": "Fragen zur Zertifizierung",
            "ref_spans": []
        },
        {
            "text": "\nDie FNHTR ist ein immunologisch vermitteltes Ereignis.Die FNHTR ist Ausdruck einer Bakteri\u00e4mie und wird antibiotisch behandelt.Das Risiko einer FNHTR wird durch die Verwendung leukozytendepletierter Pr\u00e4parate gemindert.Die FNHTR betrifft v. a. multitransfundierte Patienten.Mit zunehmender Lagerungsdauer der Blutprodukte steigt das FNHTR-Risiko.\n",
            "cite_spans": [],
            "section": "Fragen zur Zertifizierung",
            "ref_spans": []
        },
        {
            "text": "\nBei IgA-defizienten Empf\u00e4ngern besteht eine erh\u00f6htes Risiko f\u00fcr ...\n",
            "cite_spans": [],
            "section": "Fragen zur Zertifizierung",
            "ref_spans": []
        },
        {
            "text": "\nAHTR.anaphylaktische allergische Reaktionen.TRALI.bakterielle Infektionen.FNHTR.\n",
            "cite_spans": [],
            "section": "Fragen zur Zertifizierung",
            "ref_spans": []
        },
        {
            "text": "\nEin h\u00e4molytischer Zwischenfall durch AB0-Minor-Inkompatibilit\u00e4t kommt am ehesten vor bei folgender Transfusionssituation:\n",
            "cite_spans": [],
            "section": "Fragen zur Zertifizierung",
            "ref_spans": []
        },
        {
            "text": "\nA-Erythrozytenkonzentrat (EK) \u2192 0-Empf\u00e4nger.0-EK \u2192 A-Empf\u00e4nger.Thrombozytenkonzentrat eines 0-Spenders \u2192 A-Empf\u00e4nger.Thrombozytenkonzentrat eines A-Spenders \u2192 0-Empf\u00e4nger.\u201eFresh frozen plasma\u201c eines A-Spenders \u2192 0-Empf\u00e4nger.\n",
            "cite_spans": [],
            "section": "Fragen zur Zertifizierung",
            "ref_spans": []
        },
        {
            "text": "\nBei welchem Transfusionszwischenfall spielen Antik\u00f6rper gegen Leukozyten des Empf\u00e4ngers eine zentrale Rolle?\n",
            "cite_spans": [],
            "section": "Fragen zur Zertifizierung",
            "ref_spans": []
        },
        {
            "text": "\nTRALI.FNHTR.AB0-Minor-Inkompatibilit\u00e4t.Allergische Reaktion.AHTR.\n",
            "cite_spans": [],
            "section": "Fragen zur Zertifizierung",
            "ref_spans": []
        }
    ],
    "ref_entries": {},
    "back_matter": [],
    "bib_entries": {
        "BIBREF0": {
            "title": "",
            "authors": [],
            "year": null,
            "venue": "",
            "volume": "",
            "issn": "",
            "pages": null,
            "other_ids": {
                "DOI": []
            }
        },
        "BIBREF1": {
            "title": "",
            "authors": [],
            "year": null,
            "venue": "",
            "volume": "",
            "issn": "",
            "pages": null,
            "other_ids": {
                "DOI": []
            }
        },
        "BIBREF2": {
            "title": "",
            "authors": [
                {
                    "first": "",
                    "middle": [],
                    "last": "Sazama",
                    "suffix": ""
                }
            ],
            "year": 2003,
            "venue": "Curr Hematol Rep",
            "volume": "2",
            "issn": "",
            "pages": null,
            "other_ids": {
                "DOI": []
            }
        },
        "BIBREF3": {
            "title": "",
            "authors": [],
            "year": null,
            "venue": "",
            "volume": "",
            "issn": "",
            "pages": null,
            "other_ids": {
                "DOI": []
            }
        },
        "BIBREF4": {
            "title": "",
            "authors": [],
            "year": null,
            "venue": "",
            "volume": "",
            "issn": "",
            "pages": null,
            "other_ids": {
                "DOI": []
            }
        },
        "BIBREF5": {
            "title": "",
            "authors": [],
            "year": null,
            "venue": "",
            "volume": "",
            "issn": "",
            "pages": null,
            "other_ids": {
                "DOI": []
            }
        },
        "BIBREF6": {
            "title": "",
            "authors": [],
            "year": null,
            "venue": "",
            "volume": "",
            "issn": "",
            "pages": null,
            "other_ids": {
                "DOI": []
            }
        },
        "BIBREF7": {
            "title": "",
            "authors": [
                {
                    "first": "",
                    "middle": [],
                    "last": "Kao",
                    "suffix": ""
                }
            ],
            "year": 2003,
            "venue": "Transfusion",
            "volume": "43",
            "issn": "",
            "pages": null,
            "other_ids": {
                "DOI": [
                    "10.1046/j.1537-2995.2003.00285.x"
                ]
            }
        },
        "BIBREF8": {
            "title": "",
            "authors": [
                {
                    "first": "",
                    "middle": [],
                    "last": "Lapierre",
                    "suffix": ""
                }
            ],
            "year": 1990,
            "venue": "Transfusion",
            "volume": "30",
            "issn": "",
            "pages": null,
            "other_ids": {
                "DOI": [
                    "10.1046/j.1537-2995.1990.30290162894.x"
                ]
            }
        },
        "BIBREF9": {
            "title": "",
            "authors": [],
            "year": null,
            "venue": "",
            "volume": "",
            "issn": "",
            "pages": null,
            "other_ids": {
                "DOI": []
            }
        },
        "BIBREF10": {
            "title": "",
            "authors": [],
            "year": null,
            "venue": "",
            "volume": "",
            "issn": "",
            "pages": null,
            "other_ids": {
                "DOI": []
            }
        },
        "BIBREF11": {
            "title": "",
            "authors": [
                {
                    "first": "",
                    "middle": [],
                    "last": "Pedal",
                    "suffix": ""
                }
            ],
            "year": 1990,
            "venue": "Pathologe",
            "volume": "11",
            "issn": "",
            "pages": null,
            "other_ids": {
                "DOI": []
            }
        },
        "BIBREF12": {
            "title": "",
            "authors": [
                {
                    "first": "",
                    "middle": [],
                    "last": "Popovsky",
                    "suffix": ""
                }
            ],
            "year": 1985,
            "venue": "Transfusion",
            "volume": "25",
            "issn": "",
            "pages": null,
            "other_ids": {
                "DOI": [
                    "10.1046/j.1537-2995.1985.25686071434.x"
                ]
            }
        }
    }
}