{
    "paper_id": "PMC7134450",
    "metadata": {
        "title": "Preparedness and proactive infection control measures against the emerging novel coronavirus in China",
        "authors": [
            {
                "first": "V.C.C.",
                "middle": [],
                "last": "Cheng",
                "suffix": "",
                "email": null,
                "affiliation": {}
            },
            {
                "first": "S-C.",
                "middle": [],
                "last": "Wong",
                "suffix": "",
                "email": null,
                "affiliation": {}
            },
            {
                "first": "K.K.W.",
                "middle": [],
                "last": "To",
                "suffix": "",
                "email": null,
                "affiliation": {}
            },
            {
                "first": "P.L.",
                "middle": [],
                "last": "Ho",
                "suffix": "",
                "email": null,
                "affiliation": {}
            },
            {
                "first": "K-Y.",
                "middle": [],
                "last": "Yuen",
                "suffix": "",
                "email": "kyyuen@hku.hk",
                "affiliation": {}
            }
        ]
    },
    "body_text": [
        {
            "text": "None declared.",
            "cite_spans": [],
            "section": "Conflict of interest statement",
            "ref_spans": []
        },
        {
            "text": "None.",
            "cite_spans": [],
            "section": "Funding sources",
            "ref_spans": []
        }
    ],
    "ref_entries": {
        "TABREF0": {
            "text": "Table\u00a0I: Comparison of public health response and discovery of aetiological agent between severe acute respiratory syndrome (SARS)-associated coronavirus (CoV) and a novel CoV in China\n",
            "type": "table"
        }
    },
    "back_matter": [],
    "bib_entries": {
        "BIBREF0": {
            "title": "The Centre for Health Protection closely monitors cluster of pneumonia cases on Mainland",
            "authors": [],
            "year": 2019,
            "venue": "",
            "volume": "",
            "issn": "",
            "pages": null,
            "other_ids": {
                "DOI": []
            }
        },
        "BIBREF1": {
            "title": "Clinical features and rapid viral diagnosis of human disease associated with avian influenza A H5N1 virus",
            "authors": [
                {
                    "first": "K.Y.",
                    "middle": [],
                    "last": "Yuen",
                    "suffix": ""
                },
                {
                    "first": "P.K.",
                    "middle": [],
                    "last": "Chan",
                    "suffix": ""
                },
                {
                    "first": "M.",
                    "middle": [],
                    "last": "Peiris",
                    "suffix": ""
                },
                {
                    "first": "D.N.",
                    "middle": [],
                    "last": "Tsang",
                    "suffix": ""
                },
                {
                    "first": "T.L.",
                    "middle": [],
                    "last": "Que",
                    "suffix": ""
                },
                {
                    "first": "K.F.",
                    "middle": [],
                    "last": "Shortridge",
                    "suffix": ""
                }
            ],
            "year": 1998,
            "venue": "Lancet",
            "volume": "351",
            "issn": "",
            "pages": "467-471",
            "other_ids": {
                "DOI": []
            }
        },
        "BIBREF2": {
            "title": "Severe acute respiratory syndrome coronavirus as an agent of emerging and reemerging infection",
            "authors": [
                {
                    "first": "V.C.",
                    "middle": [],
                    "last": "Cheng",
                    "suffix": ""
                },
                {
                    "first": "S.K.",
                    "middle": [],
                    "last": "Lau",
                    "suffix": ""
                },
                {
                    "first": "P.C.",
                    "middle": [],
                    "last": "Woo",
                    "suffix": ""
                },
                {
                    "first": "K.Y.",
                    "middle": [],
                    "last": "Yuen",
                    "suffix": ""
                }
            ],
            "year": 2007,
            "venue": "Clin Microbiol Rev",
            "volume": "20",
            "issn": "",
            "pages": "660-694",
            "other_ids": {
                "DOI": []
            }
        },
        "BIBREF3": {
            "title": "Prevention of nosocomial transmission of swine-origin pandemic influenza virus A/H1N1 by infection control bundle",
            "authors": [
                {
                    "first": "V.C.",
                    "middle": [],
                    "last": "Cheng",
                    "suffix": ""
                },
                {
                    "first": "J.W.",
                    "middle": [],
                    "last": "Tai",
                    "suffix": ""
                },
                {
                    "first": "L.M.",
                    "middle": [],
                    "last": "Wong",
                    "suffix": ""
                },
                {
                    "first": "J.F.",
                    "middle": [],
                    "last": "Chan",
                    "suffix": ""
                },
                {
                    "first": "I.W.",
                    "middle": [],
                    "last": "Li",
                    "suffix": ""
                },
                {
                    "first": "K.K.",
                    "middle": [],
                    "last": "To",
                    "suffix": ""
                }
            ],
            "year": 2010,
            "venue": "J\u00a0Hosp Infect",
            "volume": "74",
            "issn": "",
            "pages": "271-277",
            "other_ids": {
                "DOI": []
            }
        },
        "BIBREF4": {
            "title": "Two years after pandemic influenza A/2009/H1N1: what have we learned?",
            "authors": [
                {
                    "first": "V.C.",
                    "middle": [],
                    "last": "Cheng",
                    "suffix": ""
                },
                {
                    "first": "K.K.",
                    "middle": [],
                    "last": "To",
                    "suffix": ""
                },
                {
                    "first": "H.",
                    "middle": [],
                    "last": "Tse",
                    "suffix": ""
                },
                {
                    "first": "I.F.",
                    "middle": [],
                    "last": "Hung",
                    "suffix": ""
                },
                {
                    "first": "K.Y.",
                    "middle": [],
                    "last": "Yuen",
                    "suffix": ""
                }
            ],
            "year": 2012,
            "venue": "Clin Microbiol Rev",
            "volume": "25",
            "issn": "",
            "pages": "223-263",
            "other_ids": {
                "DOI": []
            }
        },
        "BIBREF5": {
            "title": "Infection control preparedness for human infection with influenza A H7N9 in Hong Kong",
            "authors": [
                {
                    "first": "V.C.",
                    "middle": [],
                    "last": "Cheng",
                    "suffix": ""
                },
                {
                    "first": "J.W.",
                    "middle": [],
                    "last": "Tai",
                    "suffix": ""
                },
                {
                    "first": "W.M.",
                    "middle": [],
                    "last": "Lee",
                    "suffix": ""
                },
                {
                    "first": "W.M.",
                    "middle": [],
                    "last": "Chan",
                    "suffix": ""
                },
                {
                    "first": "S.C.",
                    "middle": [],
                    "last": "Wong",
                    "suffix": ""
                },
                {
                    "first": "J.H.",
                    "middle": [],
                    "last": "Chen",
                    "suffix": ""
                }
            ],
            "year": 2015,
            "venue": "Infect Control Hosp Epidemiol",
            "volume": "36",
            "issn": "",
            "pages": "87-92",
            "other_ids": {
                "DOI": []
            }
        },
        "BIBREF6": {
            "title": "Prevention of nosocomial transmission of influenza A (H7N9) in Hong Kong",
            "authors": [
                {
                    "first": "V.C.",
                    "middle": [],
                    "last": "Cheng",
                    "suffix": ""
                },
                {
                    "first": "W.M.",
                    "middle": [],
                    "last": "Lee",
                    "suffix": ""
                },
                {
                    "first": "S.",
                    "middle": [],
                    "last": "Sridhar",
                    "suffix": ""
                },
                {
                    "first": "P.L.",
                    "middle": [],
                    "last": "Ho",
                    "suffix": ""
                },
                {
                    "first": "K.Y.",
                    "middle": [],
                    "last": "Yuen",
                    "suffix": ""
                }
            ],
            "year": 2015,
            "venue": "J\u00a0Hosp Infect",
            "volume": "90",
            "issn": "",
            "pages": "355-356",
            "other_ids": {
                "DOI": []
            }
        },
        "BIBREF7": {
            "title": "A\u00a0six-year descriptive epidemiological study of human coronavirus infections in hospitalized patients in Hong Kong",
            "authors": [
                {
                    "first": "C.C.",
                    "middle": [],
                    "last": "Yip",
                    "suffix": ""
                },
                {
                    "first": "C.S.",
                    "middle": [],
                    "last": "Lam",
                    "suffix": ""
                },
                {
                    "first": "H.K.",
                    "middle": [],
                    "last": "Luk",
                    "suffix": ""
                },
                {
                    "first": "E.Y.",
                    "middle": [],
                    "last": "Wong",
                    "suffix": ""
                },
                {
                    "first": "R.A.",
                    "middle": [],
                    "last": "Lee",
                    "suffix": ""
                },
                {
                    "first": "L.Y.",
                    "middle": [],
                    "last": "So",
                    "suffix": ""
                }
            ],
            "year": 2016,
            "venue": "Virol Sin",
            "volume": "31",
            "issn": "",
            "pages": "41-48",
            "other_ids": {
                "DOI": []
            }
        }
    }
}