{
    "paper_id": "PMC7141567",
    "metadata": {
        "title": "Viral mechanisms of immune evasion",
        "authors": [
            {
                "first": "Antonio",
                "middle": [],
                "last": "Alcami",
                "suffix": "",
                "email": "aa258@mole.bio.cam.ac.uk",
                "affiliation": {}
            },
            {
                "first": "Ulrich",
                "middle": [
                    "H."
                ],
                "last": "Koszinowski",
                "suffix": "",
                "email": null,
                "affiliation": {}
            }
        ]
    },
    "body_text": [
        {
            "text": "Antigenic variability was one of the first viral immune-evasion strategies to be identified. Because of the low fidelity of RNA polymerases, viral RNA genomes comprise a collection of RNA species (quasispecies) with random mutations. Therefore, in RNA viruses, the generation and selection of variants with different antigenic properties that can evade recognition by neutralizing antibodies is common. Genetic variability can also generate variant peptide sequences that are either new antigens or that do not bind to major histocompatibility complex (MHC) molecules at all.",
            "cite_spans": [],
            "section": "Inhibition of humoral responses",
            "ref_spans": []
        },
        {
            "text": "The complement system is a major non-specific host defense mechanism1, 2, 3. Viruses encode homologs of complement regulatory proteins that are secreted and block complement activation and neutralization of virus particles (Table 1;\nBox 1\n). The cowpox virus (CPV) complement inhibitor, termed inflammation modulatory protein (IMP), blocks immunopathological tissue damage at the site of infection, presumably by inhibiting production of the macrophage chemoattractant factors C3a and C5a (Ref. 3). Viruses protect the membranes of infected cells and the lipid envelopes of virus particles from complement lysis by encoding homologs of inhibitors of the membrane-attack complex. Viruses such as HIV, human cytomegalovirus (HCMV) and vaccinia virus (VV) utilize a clever strategy, \u2018borrowing\u2019 host cellular factors, including CD59, which normally protects cells from complement lysis, and incorporating them into the viral envelope.AlcamiAntonioKoszinowskiUlrich H.Box 1Box 1. Abbreviations in Tables2\u20325\u2032OA, 2\u20325\u2032 oligoadenylate; 2\u20325\u2032 OS, 2\u20325\u2032 OA synthetase; 3\u03b2-HSD, 3\u03b2-hydroxysteroid dehydrogenase; AHV, alcelaphine herpesvirus; ASFV, African swine fever virus; BHV, bovine herpesvirus; BP, binding protein; BPV, bovine papilloma virus; CaPV, capripox virus; CCI, chemokine inhibitor; CCPH, complement control protein homolog; CK, chemokine; CKBP, chemokine-binding protein; CP, complement control protein CPV, cowpox virus; Crm, cytokine response modifier; CSF, colony-stimulating factor; dsRNA, double stranded RNA; EBER, EBV-encoded small RNA; EBV, Epstein\u2013Barr virus; EGF, epidermal growth factor; EHV, equine herpesvirus; eIF-2\u03b1, eukaryotic translation initiation factor 2\u03b1; EMCV, encephalomyocarditis virus; ER, endoplasmic reticulum; ESPR, virus-encoded semaphorin protein receptor; EV, ectromelia (mousepox) virus; FLIP, FLICE inhibitory protein; GF growth factor; GM-CSF, granulocyte\u2013macrophage CSF; gp, glycoprotein; HBV, hepatitis B virus; HCMV, human cytomegalovirus; HCV, hepatitis C virus; HHV, human herpesvirus; HHV-8, human herpesvirus 8 or Kaposi\u2019s-sarcoma-associated herpesvirus; HPIV, human parainfluenza virus; HPV, human papilloma virus; HTLV, human T cell leukemia virus; HSV, herpes simplex virus; HVS, herpesvirus saimiri; I\u03baB, inhibitor of \u03baB; IAP, inhibitor of apoptosis; ICP, infected cell protein; IFN, interferon; Ig, immunoglobulin; IL, interleukin; IRF, interferon regulatory factor; JAK janus kinase; LMP, latent membrane protein; LT, lymphotoxin; MCK, murine cytomegalovirus chemokine; MCMV, murine cytomeglovirus; MCV, molluscum contagiosum virus; MeV, measles virus; MGF, myxoma growth factor; MHC, major histocompatibility complex; MHV-68, murine gammaherpesvirus 68; MIP, macrophage inflammatory protein; MPV, murine polyoma virus; MV, myxoma virus; NF-\u03baB, nuclear factor \u03baB; NFAT, nuclear factor activated T cell; NK, natural killer; ORF, open reading frame; OV, Orf virus; PKR, dsRNA-dependent protein kinase; R, receptor; RANTES, regulated upon activation normal T cell expressed and secreted; RCMV, rat cytomegalovirus; RID, receptor internalization and degradation complex; SEMA, semaphorin; serpin, serine protease inhibitor; SeV, Sendai virus; SFV, Shope fibroma virus; SPI, serine protein inhibitor; SPV, swinepox virus; STAT, signal transducers and activators of transcription; SV, simian virus; TAP, transporters associated with antigen processing; TAR, trans-acting response element; TNF, tumor necrosis factor; TPV, Tanapox virus; v, viral; VaV, variola (smallpox) virus; VEGF, vascular endothelial growth factor; VV, vaccinia virus.",
            "cite_spans": [
                {
                    "start": 68,
                    "end": 69,
                    "mention": "1",
                    "ref_id": "BIBREF0"
                },
                {
                    "start": 71,
                    "end": 72,
                    "mention": "2",
                    "ref_id": "BIBREF11"
                },
                {
                    "start": 74,
                    "end": 75,
                    "mention": "3",
                    "ref_id": "BIBREF22"
                },
                {
                    "start": 490,
                    "end": 496,
                    "mention": "Ref. 3",
                    "ref_id": "BIBREF22"
                }
            ],
            "section": "Inhibition of humoral responses",
            "ref_spans": [
                {
                    "start": 224,
                    "end": 232,
                    "mention": "Table 1;",
                    "ref_id": "TABREF0"
                }
            ]
        },
        {
            "text": "Lastly, some viruses encode Fc receptors1 (Table 1). Antibodies bound to infected cells or virus particles might therefore be bound at the Fc region, thereby inhibiting Fc-dependent immune activation of complement and phagocytes. Fc receptors probably have additional functions in vivo\n4.",
            "cite_spans": [
                {
                    "start": 40,
                    "end": 41,
                    "mention": "1",
                    "ref_id": "BIBREF0"
                },
                {
                    "start": 286,
                    "end": 287,
                    "mention": "4",
                    "ref_id": "BIBREF33"
                }
            ],
            "section": "Inhibition of humoral responses",
            "ref_spans": [
                {
                    "start": 43,
                    "end": 50,
                    "mention": "Table 1",
                    "ref_id": "TABREF0"
                }
            ]
        },
        {
            "text": "Interferons (IFNs) were discovered because of their ability to protect cells from viral infection. The key role of both type I (\u03b1 and \u03b2) and type II (\u03b3) IFNs as one of the first anti-viral defense mechanisms is highlighted by the fact that anti-IFN strategies are present in most viruses5, 6, 7 (Table 2\n). Viruses block IFN-induced transcriptional responses and the janus kinase (JAK)/signal transducers and activators of transcription (STAT) signal transduction pathways, and also inhibit the activation of IFN effector pathways that induce an anti-viral state in the cell and limit virus replication. This is mainly achieved by inhibiting double-stranded (ds)-RNA-dependent protein kinase (PKR) activation, the phosphorylation of eukaryotic translation initiation factor 2\u03b1 (eIF-2\u03b1) and the RNase L system, which might degrade viral RNA and arrest translation in the host cell.",
            "cite_spans": [
                {
                    "start": 287,
                    "end": 288,
                    "mention": "5",
                    "ref_id": "BIBREF44"
                },
                {
                    "start": 290,
                    "end": 291,
                    "mention": "6",
                    "ref_id": "BIBREF46"
                },
                {
                    "start": 293,
                    "end": 294,
                    "mention": "7",
                    "ref_id": "BIBREF47"
                }
            ],
            "section": "Interference with interferons",
            "ref_spans": [
                {
                    "start": 296,
                    "end": 303,
                    "mention": "Table 2",
                    "ref_id": "TABREF1"
                }
            ]
        },
        {
            "text": "Poxviruses encode soluble versions of receptors for IFN-\u03b1 and-\u03b2 (IFN-\u03b1/\u03b2R) and IFN-\u03b3 (IFN-\u03b3R), which also block the immune functions of IFNs6. The VV-secreted IFN-\u03b1/\u03b2R is also localized at the cell surface to protect cells from IFN (Table 3\n). Additionally, several viruses inhibit the activity of IFN-\u03b3, a key activator of cellular immunity, by blocking the synthesis or activity of factors required for its production, such as interleukin (IL)-18 or IL-12 (Table 4\n): CPV cytokine response modifier (Crm) A inhibits caspase-1, which processes the mature forms of IL-1\u03b2 and IL-18 (2, 6); various poxviruses encode soluble IL-18-binding proteins (IL-18BPs)8, 9, 10; measles virus (MeV) binds CD46 in macrophages and inhibits IL-12 production1; and herpesviruses and poxviruses express IL-10 homologs that diminish the Th1 response by downregulating the production of IL-12 (1, 11, 12).",
            "cite_spans": [
                {
                    "start": 140,
                    "end": 141,
                    "mention": "6",
                    "ref_id": "BIBREF46"
                },
                {
                    "start": 582,
                    "end": 583,
                    "mention": "2",
                    "ref_id": "BIBREF11"
                },
                {
                    "start": 585,
                    "end": 586,
                    "mention": "6",
                    "ref_id": "BIBREF46"
                },
                {
                    "start": 656,
                    "end": 657,
                    "mention": "8",
                    "ref_id": "BIBREF48"
                },
                {
                    "start": 659,
                    "end": 660,
                    "mention": "9",
                    "ref_id": "BIBREF49"
                },
                {
                    "start": 662,
                    "end": 664,
                    "mention": "10",
                    "ref_id": "BIBREF1"
                },
                {
                    "start": 741,
                    "end": 742,
                    "mention": "1",
                    "ref_id": "BIBREF0"
                },
                {
                    "start": 874,
                    "end": 875,
                    "mention": "1",
                    "ref_id": "BIBREF0"
                },
                {
                    "start": 877,
                    "end": 879,
                    "mention": "11",
                    "ref_id": "BIBREF2"
                },
                {
                    "start": 881,
                    "end": 883,
                    "mention": "12",
                    "ref_id": "BIBREF3"
                }
            ],
            "section": "Interference with interferons",
            "ref_spans": [
                {
                    "start": 233,
                    "end": 240,
                    "mention": "Table 3",
                    "ref_id": "TABREF2"
                },
                {
                    "start": 459,
                    "end": 466,
                    "mention": "Table 4",
                    "ref_id": "TABREF3"
                }
            ]
        },
        {
            "text": "Cytokines play a key role in the initiation and regulation of the innate and adaptive immune responses, and viruses have learned how to block cytokine production, activity and signal transduction (Table 3, Table 4). African swine fever virus (ASFV) replicates in macrophages and encodes an I\u03baB homolog that blocks cytokine expression mediated by nuclear factor (NF)-\u03baB and the nuclear factor activated T cell (NFAT) transcription factors13. Many viruses block signal tranduction by ligands of the tumor necrosis factor (TNF) family, whereas others deliberately induce some cytokine pathways; for example, the Epstein\u2013Barr virus (EBV) latent membrane protein 1 (LMP1) recruits components of the TNF receptor (TNFR) and CD40 transduction machinery to mimic cytokine responses that could be beneficial for the virus, such as cell proliferation14 (Table 4).",
            "cite_spans": [
                {
                    "start": 437,
                    "end": 439,
                    "mention": "13",
                    "ref_id": "BIBREF4"
                },
                {
                    "start": 840,
                    "end": 842,
                    "mention": "14",
                    "ref_id": "BIBREF5"
                }
            ],
            "section": "Inhibition and modulation of cytokines and chemokines",
            "ref_spans": [
                {
                    "start": 197,
                    "end": 204,
                    "mention": "Table 3",
                    "ref_id": "TABREF2"
                },
                {
                    "start": 206,
                    "end": 213,
                    "mention": "Table 4",
                    "ref_id": "TABREF3"
                },
                {
                    "start": 844,
                    "end": 851,
                    "mention": "Table 4",
                    "ref_id": "TABREF3"
                }
            ]
        },
        {
            "text": "One of the most interesting mechanisms identified in recent years is the mimicry of cytokines (virokines) and cytokine receptors (viroceptors) by large DNA viruses (herpesviruses and poxviruses)1, 2, 11, 15, 16 (Table 3). The functions of these molecules in the animal host are diverse. Soluble viral cytokine receptors might neutralize cytokine activity and cytokine homologs might redirect the immune response for the benefit of the virus. Alternatively, viruses that infect immune cells might use these homologs to induce signaling pathways in the infected cell that promote virus replication.",
            "cite_spans": [
                {
                    "start": 194,
                    "end": 195,
                    "mention": "1",
                    "ref_id": "BIBREF0"
                },
                {
                    "start": 197,
                    "end": 198,
                    "mention": "2",
                    "ref_id": "BIBREF11"
                },
                {
                    "start": 200,
                    "end": 202,
                    "mention": "11",
                    "ref_id": "BIBREF2"
                },
                {
                    "start": 204,
                    "end": 206,
                    "mention": "15",
                    "ref_id": "BIBREF6"
                },
                {
                    "start": 208,
                    "end": 210,
                    "mention": "16",
                    "ref_id": "BIBREF7"
                }
            ],
            "section": "Inhibition and modulation of cytokines and chemokines",
            "ref_spans": [
                {
                    "start": 212,
                    "end": 219,
                    "mention": "Table 3",
                    "ref_id": "TABREF2"
                }
            ]
        },
        {
            "text": "The herpesvirus cytokine homologs vIL-6 and vIL-17 might have immunomodulatory activity but might also increase proliferation of cells that are targets for viral replication1, 11. Viral semaphorin homologs have uncovered a role for the semaphorin family \u2013 previously known as chemoattractants or chemorepellents involved in axonal guidance during development \u2013 in the immune system, and have identified a semaphorin receptor in macrophages that mediates cytokine production17.",
            "cite_spans": [
                {
                    "start": 173,
                    "end": 174,
                    "mention": "1",
                    "ref_id": "BIBREF0"
                },
                {
                    "start": 176,
                    "end": 178,
                    "mention": "11",
                    "ref_id": "BIBREF2"
                },
                {
                    "start": 473,
                    "end": 475,
                    "mention": "17",
                    "ref_id": "BIBREF8"
                }
            ],
            "section": "Inhibition and modulation of cytokines and chemokines",
            "ref_spans": []
        },
        {
            "text": "Secreted cytokine receptors or binding proteins are mainly encoded by poxviruses2, 6, 11, 15, 18. These proteins were originally identified as homologs of host TNFRs, IL-1Rs and IFN-\u03b3Rs. The discovery of four distinct soluble poxvirus TNFRs, and a membrane TNF-binding activity in VV infections, is remarkable and suggests that viral TNFRs might have additional functions18, 19, 20 (M. Saraiva and A. Alcami, unpublished). Binding and activity assays have identified secreted proteins that bind IFN-\u03b1 and-\u03b2, chemokines (CKs) or granuloctye\u2013macrophage colony-stimulating factor (GM-CSF) and IL-2, and that have no sequence similarity to cellular counterparts6, 18, 21. In poxviruses, three distinct secreted IL-18BPs that have recently been identified are homologs of human and mouse secreted IL-18BPs but not of membrane IL-18Rs8, 9, 10. Inactivation of poxvirus cytokine receptor genes results in virus attenuation in vivo but, interestingly, deletion of the VV IL-1\u03b2R enhances virus virulence and the onset of fever, suggesting that the purpose of some immune-evasion mechanisms is to reduce the immunopathology caused by viral infection18.",
            "cite_spans": [
                {
                    "start": 80,
                    "end": 81,
                    "mention": "2",
                    "ref_id": "BIBREF11"
                },
                {
                    "start": 83,
                    "end": 84,
                    "mention": "6",
                    "ref_id": "BIBREF46"
                },
                {
                    "start": 86,
                    "end": 88,
                    "mention": "11",
                    "ref_id": "BIBREF2"
                },
                {
                    "start": 90,
                    "end": 92,
                    "mention": "15",
                    "ref_id": "BIBREF6"
                },
                {
                    "start": 94,
                    "end": 96,
                    "mention": "18",
                    "ref_id": "BIBREF9"
                },
                {
                    "start": 371,
                    "end": 373,
                    "mention": "18",
                    "ref_id": "BIBREF9"
                },
                {
                    "start": 375,
                    "end": 377,
                    "mention": "19",
                    "ref_id": "BIBREF10"
                },
                {
                    "start": 379,
                    "end": 381,
                    "mention": "20",
                    "ref_id": "BIBREF12"
                },
                {
                    "start": 657,
                    "end": 658,
                    "mention": "6",
                    "ref_id": "BIBREF46"
                },
                {
                    "start": 660,
                    "end": 662,
                    "mention": "18",
                    "ref_id": "BIBREF9"
                },
                {
                    "start": 664,
                    "end": 666,
                    "mention": "21",
                    "ref_id": "BIBREF13"
                },
                {
                    "start": 828,
                    "end": 829,
                    "mention": "8",
                    "ref_id": "BIBREF48"
                },
                {
                    "start": 831,
                    "end": 832,
                    "mention": "9",
                    "ref_id": "BIBREF49"
                },
                {
                    "start": 834,
                    "end": 836,
                    "mention": "10",
                    "ref_id": "BIBREF1"
                },
                {
                    "start": 1139,
                    "end": 1141,
                    "mention": "18",
                    "ref_id": "BIBREF9"
                }
            ],
            "section": "Inhibition and modulation of cytokines and chemokines",
            "ref_spans": []
        },
        {
            "text": "Herpesviruses and poxviruses modulate the activity of chemoattractant cytokines or CKs that regulate leukocyte trafficking to sites of infection16, 18, 22. Virus-encoded CKs are either antagonists that block leukocyte recruitment to sites of infection, or agonists that could enhance the recruitment of cells that support viral replication or prevent Th1 anti-viral responses. Murine cytomegalovirus (MCMV) chemokine 1 (MCK-1) activates monocytes in vitro and increases monocyte-associated viremia in vivo\n23. HIV Tat is partially homologous to CKs and is a potent monocyte chemoattractant24. Herpesviruses encode many CK receptors (vCKRs) but their function is not clear. Kaposi\u2019s-sarcoma-associated virus [human herpesvirus 8 (HHV-8)] open reading frame (ORF) 74 is constitutively activated and induces cell proliferation, which might favor virus replication. vCKRs encoded by HCMV and HHV-6 reduce the amount of the factor regulated upon activation normal T-cell expressed and secreted (RANTES) in tissue culture and/or its transcription and might inhibit CK activity locally16, 25. A role for vCKRs in vivo has been shown for MCMV. vCKs and vCKRs might contribute directly to pathology. The angiogenic properties of HHV-8 macrophage inflammatory protein I (vMIP-I) could account for the increased vascularization found in HHV-8-associated tumors, human cytomegalovirus (HCMV) US28 mediates vascular smooth muscle cell migration and perhaps vascular disease26, and expression of HHV-8 ORF74 in transgenic mice results in Kaposi\u2019s-sarcoma-like lesions27.",
            "cite_spans": [
                {
                    "start": 144,
                    "end": 146,
                    "mention": "16",
                    "ref_id": "BIBREF7"
                },
                {
                    "start": 148,
                    "end": 150,
                    "mention": "18",
                    "ref_id": "BIBREF9"
                },
                {
                    "start": 152,
                    "end": 154,
                    "mention": "22",
                    "ref_id": "BIBREF14"
                },
                {
                    "start": 506,
                    "end": 508,
                    "mention": "23",
                    "ref_id": "BIBREF15"
                },
                {
                    "start": 589,
                    "end": 591,
                    "mention": "24",
                    "ref_id": "BIBREF16"
                },
                {
                    "start": 1078,
                    "end": 1080,
                    "mention": "16",
                    "ref_id": "BIBREF7"
                },
                {
                    "start": 1082,
                    "end": 1084,
                    "mention": "25",
                    "ref_id": "BIBREF17"
                },
                {
                    "start": 1460,
                    "end": 1462,
                    "mention": "26",
                    "ref_id": "BIBREF18"
                },
                {
                    "start": 1553,
                    "end": 1555,
                    "mention": "27",
                    "ref_id": "BIBREF19"
                }
            ],
            "section": "Inhibition and modulation of cytokines and chemokines",
            "ref_spans": []
        },
        {
            "text": "Three soluble vCKBPs have been identified that have no sequence similarity to cellular CKRs2, 15, 16, 18. vCKBP-I is a soluble IFN-\u03b3R encoded by MV, but not VV, which binds the heparin-binding domain of a wide range of CKs and might prevent the correct localization of CKs in vivo by blocking their interaction with proteoglycans. The poxvirus-secreted vCKBP-II, which has a novel protein structure28, binds CC CKs with high affinity and blocks their activity. Murine gamma-herpesvirus 68 (MHV-68) has recently been shown to encode a distinct secreted protein (vCKBP-III) that sequesters C, CC, CXC and CX3C CKs29.",
            "cite_spans": [
                {
                    "start": 91,
                    "end": 92,
                    "mention": "2",
                    "ref_id": "BIBREF11"
                },
                {
                    "start": 94,
                    "end": 96,
                    "mention": "15",
                    "ref_id": "BIBREF6"
                },
                {
                    "start": 98,
                    "end": 100,
                    "mention": "16",
                    "ref_id": "BIBREF7"
                },
                {
                    "start": 102,
                    "end": 104,
                    "mention": "18",
                    "ref_id": "BIBREF9"
                },
                {
                    "start": 398,
                    "end": 400,
                    "mention": "28",
                    "ref_id": "BIBREF20"
                },
                {
                    "start": 611,
                    "end": 613,
                    "mention": "29",
                    "ref_id": "BIBREF21"
                }
            ],
            "section": "Inhibition and modulation of cytokines and chemokines",
            "ref_spans": []
        },
        {
            "text": "Apoptosis, or programmed cell death, can be triggered by a variety of inducers, including ligands of the TNF family, irradiation, cell-cycle inhibitors or infectious agents such as viruses. Apoptosis can be considered an innate cellular response to limit viral propagation, and viruses express proteins that block the death response (Table 5\n); however, apoptosis might also facilitate virus dissemination, and viral pro-apoptotic mechanisms have been described30. In addition, cytotoxic T lymphocytes (CTLs) and natural killer (NK) cells kill virus-infected cells by inducing apoptosis via secretion of cytokines such as TNF, the release of perforin and granzymes, or the activation of Fas in the target cell.",
            "cite_spans": [
                {
                    "start": 461,
                    "end": 463,
                    "mention": "30",
                    "ref_id": "BIBREF23"
                }
            ],
            "section": "Inhibitors of apoptosis",
            "ref_spans": [
                {
                    "start": 334,
                    "end": 341,
                    "mention": "Table 5",
                    "ref_id": "TABREF4"
                }
            ]
        },
        {
            "text": "The cellular proteins implicated in the control of apoptosis are targeted by viral anti-apoptotic mechanisms1, 5, 30, 31. Viruses inhibit activation of caspases, encode homologs of the anti-apoptotic protein Bcl-2, block apoptotic signals triggered by activation of TNFR family members by encoding death-effector-domain-containing proteins, and inactivate IFN-induced PKR and the tumor suppressor p53, both of which promote apoptosis. An alternative mechanism is provided by the glutathione peroxidase of molluscum contagiosum virus (MCV), which provides protection from peroxide- or UV-induced apoptosis, and perhaps from peroxides induced by TNF, macrophages or neutrophils.",
            "cite_spans": [
                {
                    "start": 108,
                    "end": 109,
                    "mention": "1",
                    "ref_id": "BIBREF0"
                },
                {
                    "start": 111,
                    "end": 112,
                    "mention": "5",
                    "ref_id": "BIBREF44"
                },
                {
                    "start": 114,
                    "end": 116,
                    "mention": "30",
                    "ref_id": "BIBREF23"
                },
                {
                    "start": 118,
                    "end": 120,
                    "mention": "31",
                    "ref_id": "BIBREF24"
                }
            ],
            "section": "Inhibitors of apoptosis",
            "ref_spans": []
        },
        {
            "text": "How to achieve persistence in the face of a vigorous host immune response is a problem that must be solved by viruses that establish life-long infections. Cellular proteins are degraded by the proteasome, the complex major intracellular protease, and the resulting peptides are translocated by transporters associated with antigen processing (TAP) molecules into the endoplasmic reticulum (ER), where they contribute to the assembly of MHC class I molecules1, 11, 32, 33, 34. MHC class I molecules indicate the composition of cellular proteins to cells of the immune system. The presentation of foreign peptides activates and attracts cytolytic CD8+ T cells. Interference with antigen processing [e.g. Epstein\u2013Barr nuclear antigen A1 (EBNA1)] or TAP function [e.g. herpes simplex virus (HSV) infected cell protein 47 (ICP47) and HCMV US6 and pp65] prevents peptide generation and transport either specifically or generally (Table 6\n). Viruses use various mechanisms to modify the maturation, assembly and export of MHC class I molecules. To date, no cellular homologs have been found for the proteins and functions that target peptide processing, transport and MHC maturation. With few exceptions35, the viral proteins bind their target molecule directly. There is only limited functional homology and no sequence homology among the different viral effectors. Nevertheless, the general outcome of these functions is the same: downregulation of MHC class I molecules or of some MHC class I alleles. The study of MHC class I regulation has revealed additional genes in herpesviruses of different species36, 37, 38, which might affect many cell types or only those tissues relevant for virus maintenance.",
            "cite_spans": [
                {
                    "start": 457,
                    "end": 458,
                    "mention": "1",
                    "ref_id": "BIBREF0"
                },
                {
                    "start": 460,
                    "end": 462,
                    "mention": "11",
                    "ref_id": "BIBREF2"
                },
                {
                    "start": 464,
                    "end": 466,
                    "mention": "32",
                    "ref_id": "BIBREF25"
                },
                {
                    "start": 468,
                    "end": 470,
                    "mention": "33",
                    "ref_id": "BIBREF26"
                },
                {
                    "start": 472,
                    "end": 474,
                    "mention": "34",
                    "ref_id": "BIBREF27"
                },
                {
                    "start": 1196,
                    "end": 1198,
                    "mention": "35",
                    "ref_id": "BIBREF28"
                },
                {
                    "start": 1601,
                    "end": 1603,
                    "mention": "36",
                    "ref_id": "BIBREF29"
                },
                {
                    "start": 1605,
                    "end": 1607,
                    "mention": "37",
                    "ref_id": "BIBREF30"
                },
                {
                    "start": 1609,
                    "end": 1611,
                    "mention": "38",
                    "ref_id": "BIBREF31"
                }
            ],
            "section": "Evading CTLs and NKs, and modulating MHC function",
            "ref_spans": [
                {
                    "start": 924,
                    "end": 931,
                    "mention": "Table 6",
                    "ref_id": "TABREF5"
                }
            ]
        },
        {
            "text": "Although the downregulation of MHC class I expression prevents CD8+ T-cell recognition, cells that downregulate these molecules become targets for NK cells1, 11, 32, 33, 34. NK cells, the first line of cellular defense against viruses, have receptors for certain MHC molecules. Some of these receptors silence the cytolytic machinery of NK cells and act as killer cell inhibitory receptors (KIR). Other receptors, designated leukocyte immunoglobulin-like receptors (LIR), are expressed mainly on monocytes and B cells. Engagement of an NK receptor can alternatively result in NK activation as not all receptors have immunoreceptor tyrosine-based inhibitory motifs (ITIMs) in their intracellular domains. The HCMV protein UL18 and the MCMV m144 protein, which are homologous to MHC class I, could be associated with NK killing, and UL18 is instrumental in the identification of LIR-1. In addition, the HCMV UL40 protein provides a peptide selectively required for the maturation of the HLA-E molecule, an NK target39, 40. However, clinical isolates of HCMV confer a much stronger NK resistance than the laboratory strains sequenced and tested so far, and this resistance is unrelated to MHC class I expression and LIR-1 (Ref. 41). Clinical isolates carry additional genes, and in vitro propagation has probably led to a loss of certain NK-specific gene functions.",
            "cite_spans": [
                {
                    "start": 155,
                    "end": 156,
                    "mention": "1",
                    "ref_id": "BIBREF0"
                },
                {
                    "start": 158,
                    "end": 160,
                    "mention": "11",
                    "ref_id": "BIBREF2"
                },
                {
                    "start": 162,
                    "end": 164,
                    "mention": "32",
                    "ref_id": "BIBREF25"
                },
                {
                    "start": 166,
                    "end": 168,
                    "mention": "33",
                    "ref_id": "BIBREF26"
                },
                {
                    "start": 170,
                    "end": 172,
                    "mention": "34",
                    "ref_id": "BIBREF27"
                },
                {
                    "start": 1013,
                    "end": 1015,
                    "mention": "39",
                    "ref_id": "BIBREF32"
                },
                {
                    "start": 1017,
                    "end": 1019,
                    "mention": "40",
                    "ref_id": "BIBREF34"
                },
                {
                    "start": 1220,
                    "end": 1227,
                    "mention": "Ref. 41",
                    "ref_id": "BIBREF35"
                }
            ],
            "section": "Evading CTLs and NKs, and modulating MHC function",
            "ref_spans": []
        },
        {
            "text": "Effects on MHC class II expression fall into two classes, namely effects on transcription and post-translational effects1, 11, 32, 33, 34. Adenovirus, MCMV and HCMV affect MHC class II transcription but the target in the signal cascade, although known to be different for these viruses, has not been defined and the viral gene or genes responsible are unknown. At the post-translational level, the HCMV US2 protein, which affects MHC class I, apparently also translocates the DR\u03b1 and the DM\u03b1 chain into the cytosol for degradation by the proteasome. Another target involved in interference with MHC class II function is the shuttling between endosomal peptide loading and surface expression. Human papilloma virus (HPV) and HIV Nef affect vesicle traffic as well as the function of the endocytic machinery. Accordingly, in addition to MHC class II, other proteins that use this pathway, for example the CD4 molecule, are also affected.",
            "cite_spans": [
                {
                    "start": 120,
                    "end": 121,
                    "mention": "1",
                    "ref_id": "BIBREF0"
                },
                {
                    "start": 123,
                    "end": 125,
                    "mention": "11",
                    "ref_id": "BIBREF2"
                },
                {
                    "start": 127,
                    "end": 129,
                    "mention": "32",
                    "ref_id": "BIBREF25"
                },
                {
                    "start": 131,
                    "end": 133,
                    "mention": "33",
                    "ref_id": "BIBREF26"
                },
                {
                    "start": 135,
                    "end": 137,
                    "mention": "34",
                    "ref_id": "BIBREF27"
                }
            ],
            "section": "Evading CTLs and NKs, and modulating MHC function",
            "ref_spans": []
        },
        {
            "text": "An understanding of the functions of the viral immunoregulatory genes isolated to date is now emerging. However, we do not yet know whether the list is complete (Table 7\n). Additionally, it is unclear when and why a virus deploys one specific function rather than another. Many questions therefore remain unanswered, including which genes are needed during primary infection to \u2018conquer the territory\u2019; which genes are required to support active replication; and which genes are required to ensure transmission to a new host in the face of a vigorous host immune response? Moreover, why is there such complexity and functional redundancy? Is there a hierarchy in terms of general importance or do some functions operate only in certain tissues? Is complexity and redundancy a viral strategy that enables viruses to infect individuals resistant to some functions? Are the functions of an individual viral gene modulated by its genetic context, and is there any evidence for cooperativity? To date, we only have limited information because the construction of virus mutants and the in vivo testing of the predicted gene function is still in its infancy and, additionally, owing to the species specificity of many viruses, this information can only be gathered from some models.",
            "cite_spans": [],
            "section": "Future perspectives",
            "ref_spans": [
                {
                    "start": 162,
                    "end": 169,
                    "mention": "Table 7",
                    "ref_id": "TABREF6"
                }
            ]
        },
        {
            "text": "The identification of novel immune-evasion strategies and the analysis of their functions in the context of a viral infection should lead to a better understanding of the immune system and the interaction of viruses with their hosts. This will help us to treat virus-induced pathology, to design safer and more immunogenic virus vectors as vaccines or gene delivery systems, and to identify new strategies for immune modulation.",
            "cite_spans": [],
            "section": "Future perspectives",
            "ref_spans": []
        }
    ],
    "ref_entries": {
        "TABREF0": {
            "text": "Table 1: Viral inhibition of humoral immunity (complement and antibodies)\n",
            "type": "table"
        },
        "TABREF1": {
            "text": "Table 2: Viral interference with IFN\n",
            "type": "table"
        },
        "TABREF2": {
            "text": "Table 3: Viral cytokines and cytokine receptors\n",
            "type": "table"
        },
        "TABREF3": {
            "text": "Table 4: Viral inhibitors and modulators of cytokine activity\n",
            "type": "table"
        },
        "TABREF4": {
            "text": "Table 5: Viral inhibitors of apoptosis\n",
            "type": "table"
        },
        "TABREF5": {
            "text": "Table 6: Viral interference with MHC functions\n",
            "type": "table"
        },
        "TABREF6": {
            "text": "Table 7: Other viral immune evasion mechanisms\n",
            "type": "table"
        }
    },
    "back_matter": [],
    "bib_entries": {
        "BIBREF0": {
            "title": "Viral subversion of the immune system",
            "authors": [
                {
                    "first": "D.",
                    "middle": [],
                    "last": "Tortorella",
                    "suffix": ""
                }
            ],
            "year": 2000,
            "venue": "Annu. Rev. Immunol.",
            "volume": "18",
            "issn": "",
            "pages": "861-926",
            "other_ids": {
                "DOI": []
            }
        },
        "BIBREF1": {
            "title": "A poxvirus protein that binds to and inactivates IL-18 and inhibits NK cell response",
            "authors": [
                {
                    "first": "T.L.",
                    "middle": [],
                    "last": "Born",
                    "suffix": ""
                }
            ],
            "year": 2000,
            "venue": "J. Immunol.",
            "volume": "164",
            "issn": "",
            "pages": "3246-3254",
            "other_ids": {
                "DOI": []
            }
        },
        "BIBREF2": {
            "title": "One step ahead of the game: viral immunomodulatory molecules",
            "authors": [
                {
                    "first": "M.K.",
                    "middle": [],
                    "last": "Spriggs",
                    "suffix": ""
                }
            ],
            "year": 1996,
            "venue": "Annu. Rev. Immunol.",
            "volume": "14",
            "issn": "",
            "pages": "101-130",
            "other_ids": {
                "DOI": []
            }
        },
        "BIBREF3": {
            "title": "Human cytomegalovirus harbors its own unique IL-10 homolog (cmvIL-10)",
            "authors": [
                {
                    "first": "S.V.",
                    "middle": [],
                    "last": "Kotenko",
                    "suffix": ""
                }
            ],
            "year": 2000,
            "venue": "Proc. Natl. Acad. Sci. U. S. A.",
            "volume": "97",
            "issn": "",
            "pages": "1695-1700",
            "other_ids": {
                "DOI": []
            }
        },
        "BIBREF4": {
            "title": "A viral mechanism for inhibition of the cellular phosphatase calcineurin",
            "authors": [
                {
                    "first": "J.E.",
                    "middle": [],
                    "last": "Miskin",
                    "suffix": ""
                }
            ],
            "year": 1998,
            "venue": "Science",
            "volume": "281",
            "issn": "",
            "pages": "562-565",
            "other_ids": {
                "DOI": []
            }
        },
        "BIBREF5": {
            "title": "Signal transduction from the Epstein\u2013Barr virus LMP-1 transforming protein",
            "authors": [
                {
                    "first": "P.J.",
                    "middle": [],
                    "last": "Farrell",
                    "suffix": ""
                }
            ],
            "year": 1998,
            "venue": "Trends. Microbiol.",
            "volume": "6",
            "issn": "",
            "pages": "175-177",
            "other_ids": {
                "DOI": []
            }
        },
        "BIBREF6": {
            "title": "Immunomodulation by viruses: the myxoma virus story",
            "authors": [
                {
                    "first": "P.",
                    "middle": [],
                    "last": "Nash",
                    "suffix": ""
                }
            ],
            "year": 1999,
            "venue": "Immunol. Rev.",
            "volume": "168",
            "issn": "",
            "pages": "103-120",
            "other_ids": {
                "DOI": []
            }
        },
        "BIBREF7": {
            "title": "Modulating chemokines: more lessons from viruses",
            "authors": [
                {
                    "first": "A.S.",
                    "middle": [],
                    "last": "Lalani",
                    "suffix": ""
                }
            ],
            "year": 2000,
            "venue": "Immunol. Today",
            "volume": "21",
            "issn": "",
            "pages": "100-106",
            "other_ids": {
                "DOI": []
            }
        },
        "BIBREF8": {
            "title": "Shared resources between the neural and immune systems: semaphorins join the ranks",
            "authors": [
                {
                    "first": "M.K.",
                    "middle": [],
                    "last": "Spriggs",
                    "suffix": ""
                }
            ],
            "year": 1999,
            "venue": "Curr. Opin. Immunol.",
            "volume": "11",
            "issn": "",
            "pages": "387-391",
            "other_ids": {
                "DOI": []
            }
        },
        "BIBREF9": {
            "title": "Poxviruses: capturing cytokines and chemokines",
            "authors": [
                {
                    "first": "A.",
                    "middle": [],
                    "last": "Alcami",
                    "suffix": ""
                }
            ],
            "year": 1998,
            "venue": "Sem. Virol.",
            "volume": "8",
            "issn": "",
            "pages": "419-427",
            "other_ids": {
                "DOI": []
            }
        },
        "BIBREF10": {
            "title": "A third distinct tumor necrosis factor receptor of orthopoxviruses",
            "authors": [
                {
                    "first": "V.N.",
                    "middle": [],
                    "last": "Loparev",
                    "suffix": ""
                }
            ],
            "year": 1998,
            "venue": "Proc. Natl. Acad. Sci. U S. A.",
            "volume": "95",
            "issn": "",
            "pages": "3786-3791",
            "other_ids": {
                "DOI": []
            }
        },
        "BIBREF11": {
            "title": "Vaccinia virus immune evasion",
            "authors": [
                {
                    "first": "G.L.",
                    "middle": [],
                    "last": "Smith",
                    "suffix": ""
                }
            ],
            "year": 1997,
            "venue": "Immunol. Rev.",
            "volume": "159",
            "issn": "",
            "pages": "137-154",
            "other_ids": {
                "DOI": []
            }
        },
        "BIBREF12": {
            "title": "Vaccinia virus strains Lister, USSR and Evans express soluble and cell-surface tumour necrosis factor receptors",
            "authors": [
                {
                    "first": "A.",
                    "middle": [],
                    "last": "Alcami",
                    "suffix": ""
                }
            ],
            "year": 1999,
            "venue": "J. Gen. Virol.",
            "volume": "80",
            "issn": "",
            "pages": "949-959",
            "other_ids": {
                "DOI": []
            }
        },
        "BIBREF13": {
            "title": "Orf virus encodes a novel secreted protein inhibitor of granulocyte-macrophage colony-stimulating factor and interleukin-2",
            "authors": [
                {
                    "first": "D.",
                    "middle": [],
                    "last": "Deane",
                    "suffix": ""
                }
            ],
            "year": 2000,
            "venue": "J. Virol.",
            "volume": "74",
            "issn": "",
            "pages": "1313-1320",
            "other_ids": {
                "DOI": []
            }
        },
        "BIBREF14": {
            "title": "Abduction of chemokine elements by herpesviruses",
            "authors": [
                {
                    "first": "D.J.",
                    "middle": [],
                    "last": "Dairaghi",
                    "suffix": ""
                }
            ],
            "year": 1998,
            "venue": "Sem. Virol.",
            "volume": "8",
            "issn": "",
            "pages": "377-385",
            "other_ids": {
                "DOI": []
            }
        },
        "BIBREF15": {
            "title": "Cytomegalovirus-encoded beta chemokine promotes monocyte-associated viremia in the host",
            "authors": [
                {
                    "first": "N.",
                    "middle": [],
                    "last": "Saederup",
                    "suffix": ""
                }
            ],
            "year": 1999,
            "venue": "Proc. Natl. Acad. Sci. U. S. A.",
            "volume": "96",
            "issn": "",
            "pages": "10881-10886",
            "other_ids": {
                "DOI": []
            }
        },
        "BIBREF16": {
            "title": "HIV-1 Tat protein mimicry of chemokines",
            "authors": [
                {
                    "first": "A.",
                    "middle": [],
                    "last": "Albini",
                    "suffix": ""
                }
            ],
            "year": 1998,
            "venue": "Proc. Natl. Acad. Sci. U. S. A.",
            "volume": "95",
            "issn": "",
            "pages": "13153-13158",
            "other_ids": {
                "DOI": []
            }
        },
        "BIBREF17": {
            "title": "RANTES binding and down-regulation by a novel human herpesvirus-6 beta chemokine receptor",
            "authors": [
                {
                    "first": "R.S.",
                    "middle": [],
                    "last": "Milne",
                    "suffix": ""
                }
            ],
            "year": 2000,
            "venue": "J. Immunol.",
            "volume": "164",
            "issn": "",
            "pages": "2396-2404",
            "other_ids": {
                "DOI": []
            }
        },
        "BIBREF18": {
            "title": "The human cytomegalovirus chemokine receptor US28 mediates vascular smooth muscle cell migration",
            "authors": [
                {
                    "first": "D.N.",
                    "middle": [],
                    "last": "Streblow",
                    "suffix": ""
                }
            ],
            "year": 1999,
            "venue": "Cell",
            "volume": "99",
            "issn": "",
            "pages": "511-520",
            "other_ids": {
                "DOI": []
            }
        },
        "BIBREF19": {
            "title": "Transgenic expression of the chemokine receptor encoded by human herpesvirus 8 induces an angioproliferative disease resembling Kaposi\u2019s sarcoma",
            "authors": [
                {
                    "first": "T.Y.",
                    "middle": [],
                    "last": "Yang",
                    "suffix": ""
                }
            ],
            "year": 2000,
            "venue": "J. Exp. Med.",
            "volume": "191",
            "issn": "",
            "pages": "445-454",
            "other_ids": {
                "DOI": []
            }
        },
        "BIBREF20": {
            "title": "Structure of a soluble secreted chemokine inhibitor vCCI (p35) from cowpox virus",
            "authors": [
                {
                    "first": "A.",
                    "middle": [],
                    "last": "Carfi",
                    "suffix": ""
                }
            ],
            "year": 1999,
            "venue": "Proc. Natl. Acad. Sci. U. S. A.",
            "volume": "96",
            "issn": "",
            "pages": "12379-12383",
            "other_ids": {
                "DOI": []
            }
        },
        "BIBREF21": {
            "title": "A broad spectrum secreted chemokine binding protein encoded by a herpesvirus",
            "authors": [
                {
                    "first": "C.M.",
                    "middle": [],
                    "last": "Parry",
                    "suffix": ""
                }
            ],
            "year": 2000,
            "venue": "J. Exp. Med.",
            "volume": "191",
            "issn": "",
            "pages": "573-578",
            "other_ids": {
                "DOI": []
            }
        },
        "BIBREF22": {
            "title": "Poxviral mimicry of complement and chemokine system components: what\u2019s the end game?",
            "authors": [
                {
                    "first": "G.J.",
                    "middle": [],
                    "last": "Kotwal",
                    "suffix": ""
                }
            ],
            "year": 2000,
            "venue": "Immunol. Today",
            "volume": "21",
            "issn": "",
            "pages": "242-248",
            "other_ids": {
                "DOI": []
            }
        },
        "BIBREF23": {
            "title": "Apoptosis: an innate immune response to virus infection",
            "authors": [
                {
                    "first": "H.",
                    "middle": [],
                    "last": "Everett",
                    "suffix": ""
                },
                {
                    "first": "G.",
                    "middle": [],
                    "last": "McFadden",
                    "suffix": ""
                }
            ],
            "year": 1999,
            "venue": "Trends Microbiol.",
            "volume": "7",
            "issn": "",
            "pages": "160-165",
            "other_ids": {
                "DOI": []
            }
        },
        "BIBREF24": {
            "title": "Control of apoptosis by poxviruses",
            "authors": [
                {
                    "first": "P.C.",
                    "middle": [],
                    "last": "Turner",
                    "suffix": ""
                },
                {
                    "first": "R.W.",
                    "middle": [],
                    "last": "Moyer",
                    "suffix": ""
                }
            ],
            "year": 1998,
            "venue": "Sem. Virol.",
            "volume": "8",
            "issn": "",
            "pages": "453-469",
            "other_ids": {
                "DOI": []
            }
        },
        "BIBREF25": {
            "title": "A comparison of viral immune escape strategies targeting the MHC class I assembly pathway",
            "authors": [
                {
                    "first": "K.",
                    "middle": [],
                    "last": "Fruh",
                    "suffix": ""
                }
            ],
            "year": 1999,
            "venue": "Immunol. Rev.",
            "volume": "168",
            "issn": "",
            "pages": "157-166",
            "other_ids": {
                "DOI": []
            }
        },
        "BIBREF26": {
            "title": "From sabotage to camouflage: viral evasion of cytotoxic T lymphocyte and natural killer cell-mediated immunity",
            "authors": [
                {
                    "first": "H.E.",
                    "middle": [],
                    "last": "Farrell",
                    "suffix": ""
                },
                {
                    "first": "N.J.",
                    "middle": [],
                    "last": "Davis-Poynter",
                    "suffix": ""
                }
            ],
            "year": 1998,
            "venue": "Semin. Cell. Dev. Biol.",
            "volume": "9",
            "issn": "",
            "pages": "369-378",
            "other_ids": {
                "DOI": []
            }
        },
        "BIBREF27": {
            "title": "Immune evasion by cytomegalovirus \u2013 survival strategies of a highly adapted opportunist",
            "authors": [
                {
                    "first": "H.",
                    "middle": [],
                    "last": "Hengel",
                    "suffix": ""
                }
            ],
            "year": 1998,
            "venue": "Trends Microbiol.",
            "volume": "6",
            "issn": "",
            "pages": "190-197",
            "other_ids": {
                "DOI": []
            }
        },
        "BIBREF28": {
            "title": "The luminal part of the murine cytomegalovirus glycoprotein gp40 catalyses the retention of MHC class I molecules",
            "authors": [
                {
                    "first": "H.",
                    "middle": [],
                    "last": "Ziegler",
                    "suffix": ""
                }
            ],
            "year": 2000,
            "venue": "EMBO J.",
            "volume": "19",
            "issn": "",
            "pages": "870-881",
            "other_ids": {
                "DOI": []
            }
        },
        "BIBREF29": {
            "title": "Downregulation of major histocompatibility complex class I molecules by Kaposi\u2019s sarcoma-associated herpesvirus K3 and K5 proteins",
            "authors": [
                {
                    "first": "S.",
                    "middle": [],
                    "last": "Ishido",
                    "suffix": ""
                }
            ],
            "year": 2000,
            "venue": "J. Virol.",
            "volume": "74",
            "issn": "",
            "pages": "5300-5309",
            "other_ids": {
                "DOI": []
            }
        },
        "BIBREF30": {
            "title": "Kaposi\u2019s sarcoma-associated herpesvirus encodes two proteins that block cell surface display of MHC class I chains by enhancing their endocytosis",
            "authors": [
                {
                    "first": "L.",
                    "middle": [],
                    "last": "Coscoy",
                    "suffix": ""
                },
                {
                    "first": "D.",
                    "middle": [],
                    "last": "Ganem",
                    "suffix": ""
                }
            ],
            "year": 2000,
            "venue": "Proc. Natl. Acad. Sci. U. S. A.",
            "volume": "97",
            "issn": "",
            "pages": "8051-8056",
            "other_ids": {
                "DOI": []
            }
        },
        "BIBREF31": {
            "title": "Inhibition of MHC class I-restricted antigen presentation by gamma2\u2013herpesviruses",
            "authors": [
                {
                    "first": "P.G.",
                    "middle": [],
                    "last": "Stevenson",
                    "suffix": ""
                }
            ],
            "year": 2000,
            "venue": "Proc. Natl. Acad. Sci. U. S. A.",
            "volume": "97",
            "issn": "",
            "pages": "8455-8460",
            "other_ids": {
                "DOI": []
            }
        },
        "BIBREF32": {
            "title": "Surface expression of HLA-E, an inhibitor of natural killer cells, enhanced by human cytomegalovirus gpUL40",
            "authors": [
                {
                    "first": "P.",
                    "middle": [],
                    "last": "Tomasec",
                    "suffix": ""
                }
            ],
            "year": 2000,
            "venue": "Science",
            "volume": "287",
            "issn": "",
            "pages": "1031-1033",
            "other_ids": {
                "DOI": []
            }
        },
        "BIBREF33": {
            "title": "Virus attenuation after deletion of the cytomegalovirus Fc receptor gene is not due to antibody control",
            "authors": [
                {
                    "first": "I.",
                    "middle": [],
                    "last": "Crnkovic-Mertens",
                    "suffix": ""
                }
            ],
            "year": 1998,
            "venue": "J. Virol.",
            "volume": "72",
            "issn": "",
            "pages": "1377-1382",
            "other_ids": {
                "DOI": []
            }
        },
        "BIBREF34": {
            "title": "The human cytomegalovirus UL40 gene product contains a ligand for HLA-E and prevents NK cell-mediated lysis",
            "authors": [
                {
                    "first": "M.",
                    "middle": [],
                    "last": "Ulbrecht",
                    "suffix": ""
                }
            ],
            "year": 2000,
            "venue": "J. Immunol.",
            "volume": "164",
            "issn": "",
            "pages": "5019-5022",
            "other_ids": {
                "DOI": []
            }
        },
        "BIBREF35": {
            "title": "Human cytomegalovirus strain-dependent changes in NK cell recognition of infected fibroblasts",
            "authors": [
                {
                    "first": "C.",
                    "middle": [],
                    "last": "Cerboni",
                    "suffix": ""
                }
            ],
            "year": 2000,
            "venue": "J. Immunol.",
            "volume": "164",
            "issn": "",
            "pages": "4775-4782",
            "other_ids": {
                "DOI": []
            }
        },
        "BIBREF36": {
            "title": "Immune evasion by adenoviruses",
            "authors": [
                {
                    "first": "J.A.",
                    "middle": [],
                    "last": "Mahr",
                    "suffix": ""
                },
                {
                    "first": "L.R.",
                    "middle": [],
                    "last": "Gooding",
                    "suffix": ""
                }
            ],
            "year": 1999,
            "venue": "Immunol. Rev.",
            "volume": "168",
            "issn": "",
            "pages": "121-130",
            "other_ids": {
                "DOI": []
            }
        },
        "BIBREF37": {
            "title": "The equine herpesvirus 2 E1 open reading frame encodes a functional chemokine receptor",
            "authors": [
                {
                    "first": "G.",
                    "middle": [],
                    "last": "Camarda",
                    "suffix": ""
                }
            ],
            "year": 1999,
            "venue": "J. Virol.",
            "volume": "73",
            "issn": "",
            "pages": "9843-9848",
            "other_ids": {
                "DOI": []
            }
        },
        "BIBREF38": {
            "title": "A highly selective CC chemokine receptor (CCR)8 antagonist encoded by the poxvirus molluscum contagiosum",
            "authors": [
                {
                    "first": "H.R.",
                    "middle": [],
                    "last": "Luttichau",
                    "suffix": ""
                }
            ],
            "year": 2000,
            "venue": "J. Exp. Med.",
            "volume": "191",
            "issn": "",
            "pages": "171-180",
            "other_ids": {
                "DOI": []
            }
        },
        "BIBREF39": {
            "title": "A novel vascular endothelial growth factor encoded by Orf virus, VEGF-E, mediates angiogenesis via signalling through VEGFR-2 (KDR) but not VEGFR-1 (Flt-1) receptor tyrosine kinases",
            "authors": [
                {
                    "first": "M.",
                    "middle": [],
                    "last": "Meyer",
                    "suffix": ""
                }
            ],
            "year": 1999,
            "venue": "EMBO J.",
            "volume": "18",
            "issn": "",
            "pages": "363-374",
            "other_ids": {
                "DOI": []
            }
        },
        "BIBREF40": {
            "title": "M11L: a novel mitochondria-localized protein of myxoma virus that blocks apoptosis of infected leukocytes",
            "authors": [
                {
                    "first": "H.",
                    "middle": [],
                    "last": "Everett",
                    "suffix": ""
                }
            ],
            "year": 2000,
            "venue": "J. Exp. Med.",
            "volume": "191",
            "issn": "",
            "pages": "1487-1498",
            "other_ids": {
                "DOI": []
            }
        },
        "BIBREF41": {
            "title": "Ectromelia virus virulence factor p28 acts upstream of caspase-3 in response to UV light-induced apoptosis",
            "authors": [
                {
                    "first": "D.J.",
                    "middle": [],
                    "last": "Brick",
                    "suffix": ""
                }
            ],
            "year": 2000,
            "venue": "J. Gen. Virol.",
            "volume": "81",
            "issn": "",
            "pages": "1087-1097",
            "other_ids": {
                "DOI": []
            }
        },
        "BIBREF42": {
            "title": "A cytomegalovirus-encoded mitochondria-localized inhibitor of apoptosis structurally unrelated to Bcl-2",
            "authors": [
                {
                    "first": "V.S.",
                    "middle": [],
                    "last": "Goldmacher",
                    "suffix": ""
                }
            ],
            "year": 1999,
            "venue": "Proc. Natl. Acad. Sci. U. S. A.",
            "volume": "96",
            "issn": "",
            "pages": "12536-12541",
            "other_ids": {
                "DOI": []
            }
        },
        "BIBREF43": {
            "title": "Retrograde protein translocation: ERADication of secretory proteins in health and disease",
            "authors": [
                {
                    "first": "R.K.",
                    "middle": [],
                    "last": "Plemper",
                    "suffix": ""
                },
                {
                    "first": "D.H.",
                    "middle": [],
                    "last": "Wolf",
                    "suffix": ""
                }
            ],
            "year": 1999,
            "venue": "Trends Biochem. Sci.",
            "volume": "24",
            "issn": "",
            "pages": "266-270",
            "other_ids": {
                "DOI": []
            }
        },
        "BIBREF44": {
            "title": "Virus interception of cytokine-regulated pathways",
            "authors": [
                {
                    "first": "D.V.",
                    "middle": [],
                    "last": "Kalvakolanu",
                    "suffix": ""
                }
            ],
            "year": 1999,
            "venue": "Trends Microbiol.",
            "volume": "7",
            "issn": "",
            "pages": "166-171",
            "other_ids": {
                "DOI": []
            }
        },
        "BIBREF45": {
            "title": "Deletion of a CD2-like gene, 8-DR, from African swine fever virus affects viral infection in domestic swine",
            "authors": [
                {
                    "first": "M.V.",
                    "middle": [],
                    "last": "Borca",
                    "suffix": ""
                }
            ],
            "year": 1998,
            "venue": "J. Virol.",
            "volume": "72",
            "issn": "",
            "pages": "2881-2889",
            "other_ids": {
                "DOI": []
            }
        },
        "BIBREF46": {
            "title": "Poxviruses: interfering with interferons",
            "authors": [
                {
                    "first": "G.L.",
                    "middle": [],
                    "last": "Smith",
                    "suffix": ""
                }
            ],
            "year": 1998,
            "venue": "Sem. Virol.",
            "volume": "8",
            "issn": "",
            "pages": "409-418",
            "other_ids": {
                "DOI": []
            }
        },
        "BIBREF47": {
            "title": "",
            "authors": [],
            "year": null,
            "venue": "",
            "volume": "",
            "issn": "",
            "pages": null,
            "other_ids": {
                "DOI": []
            }
        },
        "BIBREF48": {
            "title": "IL-18 binding and inhibition of interferon gamma induction by human poxvirus-encoded proteins",
            "authors": [
                {
                    "first": "Y.",
                    "middle": [],
                    "last": "Xiang",
                    "suffix": ""
                },
                {
                    "first": "B.",
                    "middle": [],
                    "last": "Moss",
                    "suffix": ""
                }
            ],
            "year": 1999,
            "venue": "Proc. Natl. Acad. Sci. U. S. A.",
            "volume": "96",
            "issn": "",
            "pages": "11537-11542",
            "other_ids": {
                "DOI": []
            }
        },
        "BIBREF49": {
            "title": "Ectromelia, vaccinia and cowpox viruses encode secreted interleukin-18-binding proteins",
            "authors": [
                {
                    "first": "V.P.",
                    "middle": [],
                    "last": "Smith",
                    "suffix": ""
                }
            ],
            "year": 2000,
            "venue": "J. Gen. Virol.",
            "volume": "81",
            "issn": "",
            "pages": "1223-1230",
            "other_ids": {
                "DOI": []
            }
        }
    }
}