{
    "paper_id": "PMC7134447",
    "metadata": {
        "title": "Current strategies to detect, manage and control carbapenemase-producing Enterobacteriaceae in NHS acute hospital trusts in the UK: time for a rethink?",
        "authors": [
            {
                "first": "G.",
                "middle": [],
                "last": "Winzor",
                "suffix": "",
                "email": "g.winzor@nhs.net",
                "affiliation": {}
            },
            {
                "first": "A.",
                "middle": [],
                "last": "Hussain",
                "suffix": "",
                "email": null,
                "affiliation": {}
            }
        ]
    },
    "body_text": [
        {
            "text": "None declared.",
            "cite_spans": [],
            "section": "Conflict of interest statement",
            "ref_spans": []
        },
        {
            "text": "None.",
            "cite_spans": [],
            "section": "Funding sources",
            "ref_spans": []
        }
    ],
    "ref_entries": {},
    "back_matter": [],
    "bib_entries": {
        "BIBREF0": {
            "title": "",
            "authors": [
                {
                    "first": "",
                    "middle": [],
                    "last": "Public Health England",
                    "suffix": ""
                }
            ],
            "year": 2013,
            "venue": "",
            "volume": "",
            "issn": "",
            "pages": null,
            "other_ids": {
                "DOI": []
            }
        },
        "BIBREF1": {
            "title": "An evaluation of a toolkit for the early detection, management and control of carbapenemase-producing Enterobacteriaceae: a cross sectional survey of NHS acute trusts in England",
            "authors": [
                {
                    "first": "C.M.",
                    "middle": [],
                    "last": "Coope",
                    "suffix": ""
                },
                {
                    "first": "N.Q.",
                    "middle": [],
                    "last": "Verlander",
                    "suffix": ""
                },
                {
                    "first": "A.",
                    "middle": [],
                    "last": "Schneider",
                    "suffix": ""
                },
                {
                    "first": "S.",
                    "middle": [],
                    "last": "Hopkins",
                    "suffix": ""
                },
                {
                    "first": "W.",
                    "middle": [],
                    "last": "Welfare",
                    "suffix": ""
                },
                {
                    "first": "A.P.",
                    "middle": [],
                    "last": "Johnson",
                    "suffix": ""
                }
            ],
            "year": 2018,
            "venue": "J Hosp Infect",
            "volume": "99",
            "issn": "",
            "pages": "381-389",
            "other_ids": {
                "DOI": []
            }
        },
        "BIBREF2": {
            "title": "Evaluating the benefit of serial screening cultures to detect carbapenemase-producing Enterobacteriaceae (CPE) following hospital admission",
            "authors": [
                {
                    "first": "S.",
                    "middle": [],
                    "last": "Mookerjee",
                    "suffix": ""
                },
                {
                    "first": "E.",
                    "middle": [],
                    "last": "Dyakova",
                    "suffix": ""
                },
                {
                    "first": "F.",
                    "middle": [],
                    "last": "Davies",
                    "suffix": ""
                },
                {
                    "first": "K.",
                    "middle": [],
                    "last": "Bamford",
                    "suffix": ""
                },
                {
                    "first": "E.",
                    "middle": [],
                    "last": "Brannigan",
                    "suffix": ""
                },
                {
                    "first": "A.",
                    "middle": [],
                    "last": "Holmes",
                    "suffix": ""
                }
            ],
            "year": 2018,
            "venue": "J Hosp Infect",
            "volume": "",
            "issn": "",
            "pages": null,
            "other_ids": {
                "DOI": []
            }
        },
        "BIBREF3": {
            "title": "Tracking a hospital outbreak of carbapenem-resistant Klebsiella pneumoniae with whole-genome sequencing",
            "authors": [
                {
                    "first": "E.S.",
                    "middle": [],
                    "last": "Snitkin",
                    "suffix": ""
                },
                {
                    "first": "A.M.",
                    "middle": [],
                    "last": "Zelazny",
                    "suffix": ""
                },
                {
                    "first": "P.J.",
                    "middle": [],
                    "last": "Thomas",
                    "suffix": ""
                },
                {
                    "first": "F.",
                    "middle": [],
                    "last": "Stock",
                    "suffix": ""
                },
                {
                    "first": "D.K.",
                    "middle": [],
                    "last": "Henderson",
                    "suffix": ""
                },
                {
                    "first": "T.N.",
                    "middle": [],
                    "last": "Palmore",
                    "suffix": ""
                }
            ],
            "year": 2012,
            "venue": "Sci Translat Med",
            "volume": "4",
            "issn": "",
            "pages": null,
            "other_ids": {
                "DOI": []
            }
        },
        "BIBREF4": {
            "title": "Clonal spread and patient risk factors for acquisition of extensively drug-resistant Acinetobacter baumannii in a neonatal intensive care unit in Italy",
            "authors": [
                {
                    "first": "R.",
                    "middle": [],
                    "last": "Zarrilli",
                    "suffix": ""
                },
                {
                    "first": "A.",
                    "middle": [],
                    "last": "Di Popolo",
                    "suffix": ""
                },
                {
                    "first": "M.",
                    "middle": [],
                    "last": "Bagattini",
                    "suffix": ""
                },
                {
                    "first": "M.",
                    "middle": [],
                    "last": "Giannouli",
                    "suffix": ""
                },
                {
                    "first": "D.",
                    "middle": [],
                    "last": "Martino",
                    "suffix": ""
                },
                {
                    "first": "M.",
                    "middle": [],
                    "last": "Barchitta",
                    "suffix": ""
                }
            ],
            "year": 2012,
            "venue": "J\u00a0Hosp Infect",
            "volume": "82",
            "issn": "",
            "pages": "260-265",
            "other_ids": {
                "DOI": []
            }
        },
        "BIBREF5": {
            "title": "Infection prevention and control measures and tools for the prevention of entry of carbapenem-resistant Enterobacteriaceae into healthcare settings: guidance from the European Centre for Disease Prevention and Control",
            "authors": [
                {
                    "first": "A.P.",
                    "middle": [],
                    "last": "Magiorakes",
                    "suffix": ""
                },
                {
                    "first": "K.",
                    "middle": [],
                    "last": "Burns",
                    "suffix": ""
                },
                {
                    "first": "J.",
                    "middle": [],
                    "last": "Rodriguez Bano",
                    "suffix": ""
                },
                {
                    "first": "M.",
                    "middle": [],
                    "last": "Borg",
                    "suffix": ""
                },
                {
                    "first": "G.",
                    "middle": [],
                    "last": "Daikos",
                    "suffix": ""
                },
                {
                    "first": "U.",
                    "middle": [],
                    "last": "Dumpis",
                    "suffix": ""
                }
            ],
            "year": 2017,
            "venue": "Antimicrob Resist Infect Control",
            "volume": "6",
            "issn": "",
            "pages": null,
            "other_ids": {
                "DOI": []
            }
        },
        "BIBREF6": {
            "title": "ESCMID guidelines for the management of the infection control measures to reduce transmission of multidrug-resistant Gram-negative bacteria in hospitalized patients",
            "authors": [
                {
                    "first": "E.",
                    "middle": [],
                    "last": "Tacconelli",
                    "suffix": ""
                },
                {
                    "first": "M.A.",
                    "middle": [],
                    "last": "Cataldo",
                    "suffix": ""
                },
                {
                    "first": "S.J.",
                    "middle": [],
                    "last": "Dancer",
                    "suffix": ""
                },
                {
                    "first": "G.",
                    "middle": [],
                    "last": "De Angelis",
                    "suffix": ""
                },
                {
                    "first": "M.",
                    "middle": [],
                    "last": "Falcone",
                    "suffix": ""
                },
                {
                    "first": "U.",
                    "middle": [],
                    "last": "Frank",
                    "suffix": ""
                }
            ],
            "year": 2014,
            "venue": "Clin Microbiol Infect",
            "volume": "20",
            "issn": "",
            "pages": "1-55",
            "other_ids": {
                "DOI": []
            }
        }
    }
}