{
    "paper_id": "PMC5866260",
    "metadata": {
        "title": "Detection and Characterization of a Novel Norovirus in Bats, China",
        "authors": [
            {
                "first": "Ling\u2019en",
                "middle": [],
                "last": "Yang",
                "suffix": "",
                "email": null,
                "affiliation": {}
            },
            {
                "first": "Quanxi",
                "middle": [],
                "last": "Wang",
                "suffix": "",
                "email": null,
                "affiliation": {}
            },
            {
                "first": "Lin",
                "middle": [],
                "last": "Xu",
                "suffix": "",
                "email": null,
                "affiliation": {}
            },
            {
                "first": "Changchun",
                "middle": [],
                "last": "Tu",
                "suffix": "",
                "email": null,
                "affiliation": {}
            },
            {
                "first": "Xiaohong",
                "middle": [],
                "last": "Huang",
                "suffix": "",
                "email": "xhhuang@vip.sina.com",
                "affiliation": {}
            },
            {
                "first": "Biao",
                "middle": [],
                "last": "He",
                "suffix": "",
                "email": "heb-001001@163.com",
                "affiliation": {}
            }
        ]
    },
    "body_text": [
        {
            "text": "Dear Editor,",
            "cite_spans": [],
            "section": "",
            "ref_spans": []
        },
        {
            "text": "Noroviruses (NoVs) are second only to the rotaviruses as etiologic agents of acute fulminant gastroenteritis in infants and young children worldwide, with an estimated 200,000 deaths per year in children younger than 5 years of age in developing countries (Patel et al. 2008). NoVs are classified within the genus Norovirus of the family Caliciviridae with Norwalk virus as its prototype member (ICTV 2017). The virions are small (38\u201340 nm in diameter) nonenveloped, with an icosahedral capsidanda linear, positive-sense, single-stranded, 7.7 kb RNA genome that is organized into 3 open-reading frames (ORF) (Green 2013). While only one species is currently recognized within the genus, molecular epidemiological studies have demonstrated a marked genetic diversity among circulating NoVs, and genotyping has been proposed based on relatedness within the complete VP1 capsid protein (Green 2013). Such a system has divided members into 6 major phylogenetic clades or genogroups, designated GI through GVI and sharing 46.1%\u201358.8% nucleotide (nt) identities in their VP1 gene. Clades GI, II, and III are further subdivided into 9, 21, and 3 genotypes, respectively, indicating the need for further characterization of species criteria (Green 2013).",
            "cite_spans": [
                {
                    "start": 270,
                    "end": 274,
                    "mention": "2008",
                    "ref_id": "BIBREF4"
                },
                {
                    "start": 401,
                    "end": 405,
                    "mention": "2017",
                    "ref_id": "BIBREF1"
                },
                {
                    "start": 615,
                    "end": 619,
                    "mention": "2013",
                    "ref_id": "BIBREF14"
                },
                {
                    "start": 890,
                    "end": 894,
                    "mention": "2013",
                    "ref_id": "BIBREF14"
                },
                {
                    "start": 1240,
                    "end": 1244,
                    "mention": "2013",
                    "ref_id": "BIBREF14"
                }
            ],
            "section": "",
            "ref_spans": []
        },
        {
            "text": "NoVs have been detected in a number of mammalian species (De Graaf et al. 2017). Strains infecting humans are found in GI, GII and GIV, while porcine NoVs group in distinct genotypes within GII, bovine and ovine viruses belong exclusively to GIII, murine NoVs are grouped in GV, canine NoVs are in GIV and GVI, and lion viruses have been found only in GIV (Green 2013).",
            "cite_spans": [
                {
                    "start": 74,
                    "end": 78,
                    "mention": "2017",
                    "ref_id": "BIBREF11"
                },
                {
                    "start": 363,
                    "end": 367,
                    "mention": "2013",
                    "ref_id": "BIBREF14"
                }
            ],
            "section": "",
            "ref_spans": []
        },
        {
            "text": "As one of the most widely distributed mammals, bats are important natural reservoirs of viruses, of which more than 137 have been discovered (Luis et al. 2013), including many highly pathogenic agents such as Hendra and Nipah viruses (Yob et al. 2001), SARS-related coronaviruses (Ge et al. 2013), and Marburg virus (Amman et al. 2012; Towner et al. 2009). Bats have also been found to harbor diverse caliciviruses, in countries including China, Hungary, and Cameroon, all showing close relationship with members of the genus Sapovirus (Kemenesi et al. 2016; Tse et al. 2012), Nevertheless, only one sequence (accession number: KJ790198) and several 660 nucleotides (nt) amplicons of bat-borne NoVs, from China, has been reported (Hu et al. 2017).",
            "cite_spans": [
                {
                    "start": 154,
                    "end": 158,
                    "mention": "2013",
                    "ref_id": "BIBREF3"
                },
                {
                    "start": 246,
                    "end": 250,
                    "mention": "2001",
                    "ref_id": "BIBREF9"
                },
                {
                    "start": 291,
                    "end": 295,
                    "mention": "2013",
                    "ref_id": "BIBREF13"
                },
                {
                    "start": 330,
                    "end": 334,
                    "mention": "2012",
                    "ref_id": "BIBREF10"
                },
                {
                    "start": 350,
                    "end": 354,
                    "mention": "2009",
                    "ref_id": "BIBREF6"
                },
                {
                    "start": 553,
                    "end": 557,
                    "mention": "2016",
                    "ref_id": "BIBREF2"
                },
                {
                    "start": 570,
                    "end": 574,
                    "mention": "2012",
                    "ref_id": "BIBREF7"
                },
                {
                    "start": 741,
                    "end": 745,
                    "mention": "2017",
                    "ref_id": "BIBREF17"
                }
            ],
            "section": "",
            "ref_spans": []
        },
        {
            "text": "In 2016, 178 adult bats were collected from Yanshi, Shawu and Nanping in Fujian province, southeast China. The collection comprised 4 species: Rhinolophus sinicus (Yanshi, n = 48; Nanping, n = 1), Hipposideros armiger (Nanping, n = 10), Rhinolophus affinis (Nanping, n = 62; Shawu, n = 21), and Myotis horsfieldii (Shawu, n = 36) (Fig. 1A). All bats were live-captured with nets near or within human inhabited communities, and were apparently healthy at capture. Anal specimens were collected using sterile swabs, immediately transferred to viral transport medium, and stored in liquid nitrogen after sample collection, as described previously (He et al. 2017). As part of another investigation, all were tested for group A rotaviral RNA and found negative. Samples from each location were pooled and subjected to viral metagenomic analysis as per our published method (He et al. 2013).Ten contigs were annotated to NoVs, with an average length of 189 nt and showing 68%\u201379% nt sequence identity with other known NoVs, these were used to design PCR primers, targeting 239 nt of the polyprotein gene (forward primer sequence: 5\u2032-CAACTGTGACCGCATAGAG-3\u2032; reverse primer sequence: 5\u2032-TGAGGACGAGGTGGGAATG-3\u2032). RNA of the samples was extracted using QIAamp RNA Mini Kit (Qiagen, Hilden, Germany), and subjected to RT-PCR screening, with 35 circles of 94 \u00b0C for 30 s, 58 \u00b0C for 30 s and 72 \u00b0C for 30 s. RT-PCR with double-distilled water replacing the RNA was included as a negative control. Results showed that 2 of 62 (3.2%) R. affinis collected from Nanping were positive. Preliminary phylogenetic inspection of the amplicons showed that they shared 99.8% nt identity, and the viruses from which they originated were named NPIH26 and NPIH29. The genomic sequence of NPIH26 was then determined using a long-range PCR system (TaKaRa, Dalian, China) and Rapid Amplification of cDNA Ends (RACE, TaKaRa). Results showed that the complete genome (GenBank accession number: MF373609) was 7368 nt in length with 58.05% CG content and possessed genomic organization typical of noroviruses, containing three ORFs encoding the multifunctional nonstructural protein, VP1 and VP2, as well as 5\u2032 leader and 3\u2032 trailer sequences (38 and 33 nt respectively) (Fig. 1B). The conserved motifs DYXX(TR)WDST, GLPSG and YGDD were observed and the genome contained the same structures in the RNA-dependent RNA polymerase region as other NoVs (Kemenesi et al. 2016; Smiley et al. 2002; Wolf et al. 2011).\n",
            "cite_spans": [
                {
                    "start": 655,
                    "end": 659,
                    "mention": "2017",
                    "ref_id": "BIBREF16"
                },
                {
                    "start": 880,
                    "end": 884,
                    "mention": "2013",
                    "ref_id": "BIBREF15"
                },
                {
                    "start": 2432,
                    "end": 2436,
                    "mention": "2016",
                    "ref_id": "BIBREF2"
                },
                {
                    "start": 2452,
                    "end": 2456,
                    "mention": "2002",
                    "ref_id": "BIBREF5"
                },
                {
                    "start": 2470,
                    "end": 2474,
                    "mention": "2011",
                    "ref_id": "BIBREF8"
                }
            ],
            "section": "",
            "ref_spans": [
                {
                    "start": 336,
                    "end": 337,
                    "mention": "1",
                    "ref_id": "FIGREF0"
                },
                {
                    "start": 2244,
                    "end": 2245,
                    "mention": "1",
                    "ref_id": "FIGREF0"
                }
            ]
        },
        {
            "text": "Genomic comparison with representatives of the six NoV genogroups and other caliciviruses showed that NPIH26 shared the highest nt identity (73%) with the bat NoV BtRs-CalV/YN2010 identified in R. sinicus from Yunnan, China (Genbank accession number: KJ790198), although lacking ~ 1000 nt at the 5\u2032 end. Shared identities with other NoVs, were \u2264 59.6% and \u2264 46.7% with other caliciviruses including bat caliciviruses (Table 1). To determine the phylogenetic relationship, the VP1 genes of these viruses were aligned using ClustalW, available in MEGA6, and a phylogenetic tree was constructed by the maximum likelihood and general time reversible models under evaluation of 1000 bootstraps. The viruses clustered within five groups corresponding to their genera within the family Caliciviridae, with NPIH26 placed with other NoVs but forming a phylogenetic group with BtRs-CalV/YN2010 separate from the six currently known genogroups. Accordingly, these bat-borne NoVs can be considered as comprising a new genogroup, GVII (Fig. 1C). ORF1 and VP2 were also used for phylogenetic analyses and showed similar topology with that of VP1 (data not shown).\n",
            "cite_spans": [],
            "section": "",
            "ref_spans": [
                {
                    "start": 1028,
                    "end": 1029,
                    "mention": "1",
                    "ref_id": "FIGREF0"
                },
                {
                    "start": 424,
                    "end": 425,
                    "mention": "1",
                    "ref_id": "TABREF0"
                }
            ]
        },
        {
            "text": "Kunming mice (3 day-old) were inoculated intraorally with positive sample NPIH26 for virus isolation with daily inspection for any visible pathology. At 7 days, without showing any signs of morbidity or weight loss, all mice were euthanized and their organs (intestines with contents, lungs, livers, kidneys and spleens) were removed and subjected to specific RT-PCR detection. All organs tested negative for this virus.",
            "cite_spans": [],
            "section": "",
            "ref_spans": []
        },
        {
            "text": "Of all the noroviruses, only murine strains have been propagated in cell culture. Consequently, the inability to cultivate human NoVs in vitro has been a major obstacle to the development of antivirals and vaccines to cure or prevent human noroviral diseases (Green 2013). A recent breakthrough study, however, has shown that human NoVs can replicate efficiently in stem cell-derived multicellular human intestinal epithelial cultures called enteroids, which may overcome this obstacle (Ettayebi et al. 2016).",
            "cite_spans": [
                {
                    "start": 266,
                    "end": 270,
                    "mention": "2013",
                    "ref_id": "BIBREF14"
                },
                {
                    "start": 503,
                    "end": 507,
                    "mention": "2016",
                    "ref_id": "BIBREF12"
                }
            ],
            "section": "",
            "ref_spans": []
        },
        {
            "text": "Noroviral infections of children in China and the rest of the world pose a huge health and financial burden on their families and the communities (Ahmed et al. 2014). No case of human noroviral diarrhea has so far been found to have an animal origin, as viruses of different animal origin have evolved within distinct genogroups (Fig. 1C). However, phylogenetic analyses have shown that some human NoVs (e.g. Hu/NoV/GIV.1/Alphatron/1998/NET, Fig. 1C) share a close relationship with non-human viral members of the genus (e.g. Cat/NoV/GIV.2/CU081210E/2010/USA, Fig. 1C), which illustrates the complicated evolutionary history of NoVs of different host origins. Bats can spread many pathogens to humans, including those causing diarrhea; e.g. group A rotaviruses (He et al. 2017). So far only a few NoVs have been reported in bats, but there is a high likelihood that more strains are circulating in the bat populations. The divergent relationships of bat NoVs with other NoVs may help our understanding of evolutionary origins of this virus.",
            "cite_spans": [
                {
                    "start": 160,
                    "end": 164,
                    "mention": "2014",
                    "ref_id": "BIBREF0"
                },
                {
                    "start": 772,
                    "end": 776,
                    "mention": "2017",
                    "ref_id": "BIBREF16"
                }
            ],
            "section": "",
            "ref_spans": [
                {
                    "start": 335,
                    "end": 336,
                    "mention": "1",
                    "ref_id": "FIGREF0"
                },
                {
                    "start": 447,
                    "end": 448,
                    "mention": "1",
                    "ref_id": "FIGREF0"
                },
                {
                    "start": 565,
                    "end": 566,
                    "mention": "1",
                    "ref_id": "FIGREF0"
                }
            ]
        }
    ],
    "ref_entries": {
        "TABREF0": {
            "text": "Table\u00a01: Amino acid and nucleotide sequence identity comparison between NPIH26 and other representatives\nnt, nt length; %, identity; aa, aa length; BtRs-CalV/YN2010 lacks ~ 1000 nt at 5\u2032 end",
            "type": "table"
        },
        "FIGREF0": {
            "text": "Fig.\u00a01: A Sampling location of this study, filled circles: bats positive for norovirus; open circles: negative. B Genomic structural schematic representation of NPIH26. Boxes represent the open reading frames encoding main proteins, nonstructural protein (39\u20134907 nt), VP1 (4891\u20136492 nt) and VP2 (6489\u20137268 nt). C Phylogenetic analysis of NPIH26 (filled red circle) and representatives of other caliciviruses based on their complete VP1 amino acid sequences. Other bat-borne caliciviruses are indicated by filled black triangles. Genogroups within the genus Norovirus are shown next to brackets, with the new genotype proposed in this study in red.",
            "type": "figure"
        }
    },
    "back_matter": [],
    "bib_entries": {
        "BIBREF0": {
            "title": "Global prevalence of norovirus in cases of gastroenteritis: a systematic review and meta-analysis",
            "authors": [
                {
                    "first": "SM",
                    "middle": [],
                    "last": "Ahmed",
                    "suffix": ""
                },
                {
                    "first": "AJ",
                    "middle": [],
                    "last": "Hall",
                    "suffix": ""
                },
                {
                    "first": "AE",
                    "middle": [],
                    "last": "Robinson",
                    "suffix": ""
                },
                {
                    "first": "L",
                    "middle": [],
                    "last": "Verhoef",
                    "suffix": ""
                },
                {
                    "first": "P",
                    "middle": [],
                    "last": "Premkumar",
                    "suffix": ""
                },
                {
                    "first": "UD",
                    "middle": [],
                    "last": "Parashar",
                    "suffix": ""
                },
                {
                    "first": "M",
                    "middle": [],
                    "last": "Koopmans",
                    "suffix": ""
                },
                {
                    "first": "BA",
                    "middle": [],
                    "last": "Lopman",
                    "suffix": ""
                }
            ],
            "year": 2014,
            "venue": "Lancet Infect Dis",
            "volume": "14",
            "issn": "",
            "pages": "725-730",
            "other_ids": {
                "DOI": [
                    "10.1016/S1473-3099(14)70767-4"
                ]
            }
        },
        "BIBREF1": {
            "title": "",
            "authors": [],
            "year": null,
            "venue": "",
            "volume": "",
            "issn": "",
            "pages": null,
            "other_ids": {
                "DOI": []
            }
        },
        "BIBREF2": {
            "title": "Sequencing and molecular modeling identifies candidate members of Caliciviridae family in bats",
            "authors": [
                {
                    "first": "G",
                    "middle": [],
                    "last": "Kemenesi",
                    "suffix": ""
                },
                {
                    "first": "A",
                    "middle": [],
                    "last": "Gellert",
                    "suffix": ""
                },
                {
                    "first": "B",
                    "middle": [],
                    "last": "Dallos",
                    "suffix": ""
                },
                {
                    "first": "T",
                    "middle": [],
                    "last": "Gorfol",
                    "suffix": ""
                },
                {
                    "first": "S",
                    "middle": [],
                    "last": "Boldogh",
                    "suffix": ""
                },
                {
                    "first": "P",
                    "middle": [],
                    "last": "Estok",
                    "suffix": ""
                },
                {
                    "first": "S",
                    "middle": [],
                    "last": "Marton",
                    "suffix": ""
                },
                {
                    "first": "M",
                    "middle": [],
                    "last": "Oldal",
                    "suffix": ""
                },
                {
                    "first": "V",
                    "middle": [],
                    "last": "Martella",
                    "suffix": ""
                },
                {
                    "first": "K",
                    "middle": [],
                    "last": "Banyai",
                    "suffix": ""
                },
                {
                    "first": "F",
                    "middle": [],
                    "last": "Jakab",
                    "suffix": ""
                }
            ],
            "year": 2016,
            "venue": "Infect Genet Evol",
            "volume": "41",
            "issn": "",
            "pages": "227-232",
            "other_ids": {
                "DOI": [
                    "10.1016/j.meegid.2016.04.004"
                ]
            }
        },
        "BIBREF3": {
            "title": "A comparison of bats and rodents as reservoirs of zoonotic viruses: are bats special?",
            "authors": [
                {
                    "first": "AD",
                    "middle": [],
                    "last": "Luis",
                    "suffix": ""
                },
                {
                    "first": "DTS",
                    "middle": [],
                    "last": "Hayman",
                    "suffix": ""
                },
                {
                    "first": "TJ",
                    "middle": [],
                    "last": "O\u2019Shea",
                    "suffix": ""
                },
                {
                    "first": "PM",
                    "middle": [],
                    "last": "Cryan",
                    "suffix": ""
                },
                {
                    "first": "AT",
                    "middle": [],
                    "last": "Gilbert",
                    "suffix": ""
                },
                {
                    "first": "JRC",
                    "middle": [],
                    "last": "Pulliam",
                    "suffix": ""
                },
                {
                    "first": "JN",
                    "middle": [],
                    "last": "Mills",
                    "suffix": ""
                },
                {
                    "first": "ME",
                    "middle": [],
                    "last": "Timonin",
                    "suffix": ""
                },
                {
                    "first": "CKR",
                    "middle": [],
                    "last": "Willis",
                    "suffix": ""
                },
                {
                    "first": "AA",
                    "middle": [],
                    "last": "Cunningham",
                    "suffix": ""
                },
                {
                    "first": "AR",
                    "middle": [],
                    "last": "Fooks",
                    "suffix": ""
                },
                {
                    "first": "CE",
                    "middle": [],
                    "last": "Rupprecht",
                    "suffix": ""
                },
                {
                    "first": "JLN",
                    "middle": [],
                    "last": "Wood",
                    "suffix": ""
                },
                {
                    "first": "CT",
                    "middle": [],
                    "last": "Webb",
                    "suffix": ""
                }
            ],
            "year": 2013,
            "venue": "Proc R Soc B",
            "volume": "280",
            "issn": "",
            "pages": null,
            "other_ids": {
                "DOI": [
                    "10.1098/rspb.2012.2753"
                ]
            }
        },
        "BIBREF4": {
            "title": "Systematic literature review of role of noroviruses in sporadic gastroenteritis",
            "authors": [
                {
                    "first": "MM",
                    "middle": [],
                    "last": "Patel",
                    "suffix": ""
                },
                {
                    "first": "MA",
                    "middle": [],
                    "last": "Widdowson",
                    "suffix": ""
                },
                {
                    "first": "RI",
                    "middle": [],
                    "last": "Glass",
                    "suffix": ""
                },
                {
                    "first": "K",
                    "middle": [],
                    "last": "Akazawa",
                    "suffix": ""
                },
                {
                    "first": "J",
                    "middle": [],
                    "last": "Vinje",
                    "suffix": ""
                },
                {
                    "first": "UD",
                    "middle": [],
                    "last": "Parashar",
                    "suffix": ""
                }
            ],
            "year": 2008,
            "venue": "Emerg Infect Dis",
            "volume": "14",
            "issn": "",
            "pages": "1224-1231",
            "other_ids": {
                "DOI": [
                    "10.3201/eid1408.071114"
                ]
            }
        },
        "BIBREF5": {
            "title": "Characterization of an enteropathogenic bovine calicivirus representing a potentially new calicivirus genus",
            "authors": [
                {
                    "first": "JR",
                    "middle": [],
                    "last": "Smiley",
                    "suffix": ""
                },
                {
                    "first": "KO",
                    "middle": [],
                    "last": "Chang",
                    "suffix": ""
                },
                {
                    "first": "J",
                    "middle": [],
                    "last": "Hayes",
                    "suffix": ""
                },
                {
                    "first": "J",
                    "middle": [],
                    "last": "Vinj\u00e9",
                    "suffix": ""
                },
                {
                    "first": "LJ",
                    "middle": [],
                    "last": "Saif",
                    "suffix": ""
                }
            ],
            "year": 2002,
            "venue": "J Virol",
            "volume": "76",
            "issn": "",
            "pages": "10089-10098",
            "other_ids": {
                "DOI": [
                    "10.1128/JVI.76.20.10089-10098.2002"
                ]
            }
        },
        "BIBREF6": {
            "title": "Isolation of genetically diverse Marburg viruses from Egyptian fruit bats",
            "authors": [
                {
                    "first": "JS",
                    "middle": [],
                    "last": "Towner",
                    "suffix": ""
                },
                {
                    "first": "BR",
                    "middle": [],
                    "last": "Amman",
                    "suffix": ""
                },
                {
                    "first": "TK",
                    "middle": [],
                    "last": "Sealy",
                    "suffix": ""
                },
                {
                    "first": "SA",
                    "middle": [],
                    "last": "Carroll",
                    "suffix": ""
                },
                {
                    "first": "JA",
                    "middle": [],
                    "last": "Comer",
                    "suffix": ""
                },
                {
                    "first": "A",
                    "middle": [],
                    "last": "Kemp",
                    "suffix": ""
                },
                {
                    "first": "R",
                    "middle": [],
                    "last": "Swanepoel",
                    "suffix": ""
                },
                {
                    "first": "CD",
                    "middle": [],
                    "last": "Paddock",
                    "suffix": ""
                },
                {
                    "first": "S",
                    "middle": [],
                    "last": "Balinandi",
                    "suffix": ""
                },
                {
                    "first": "ML",
                    "middle": [],
                    "last": "Khristova",
                    "suffix": ""
                },
                {
                    "first": "PB",
                    "middle": [],
                    "last": "Formenty",
                    "suffix": ""
                },
                {
                    "first": "CG",
                    "middle": [],
                    "last": "Albarino",
                    "suffix": ""
                },
                {
                    "first": "DM",
                    "middle": [],
                    "last": "Miller",
                    "suffix": ""
                },
                {
                    "first": "ZD",
                    "middle": [],
                    "last": "Reed",
                    "suffix": ""
                },
                {
                    "first": "JT",
                    "middle": [],
                    "last": "Kayiwa",
                    "suffix": ""
                },
                {
                    "first": "JN",
                    "middle": [],
                    "last": "Mills",
                    "suffix": ""
                },
                {
                    "first": "DL",
                    "middle": [],
                    "last": "Cannon",
                    "suffix": ""
                },
                {
                    "first": "PW",
                    "middle": [],
                    "last": "Greer",
                    "suffix": ""
                },
                {
                    "first": "E",
                    "middle": [],
                    "last": "Byaruhanga",
                    "suffix": ""
                },
                {
                    "first": "EC",
                    "middle": [],
                    "last": "Farnon",
                    "suffix": ""
                },
                {
                    "first": "P",
                    "middle": [],
                    "last": "Atimnedi",
                    "suffix": ""
                },
                {
                    "first": "S",
                    "middle": [],
                    "last": "Okware",
                    "suffix": ""
                },
                {
                    "first": "E",
                    "middle": [],
                    "last": "Katongole-Mbidde",
                    "suffix": ""
                },
                {
                    "first": "R",
                    "middle": [],
                    "last": "Downing",
                    "suffix": ""
                },
                {
                    "first": "JW",
                    "middle": [],
                    "last": "Tappero",
                    "suffix": ""
                },
                {
                    "first": "SR",
                    "middle": [],
                    "last": "Zaki",
                    "suffix": ""
                },
                {
                    "first": "TG",
                    "middle": [],
                    "last": "Ksiazek",
                    "suffix": ""
                },
                {
                    "first": "ST",
                    "middle": [],
                    "last": "Nichol",
                    "suffix": ""
                },
                {
                    "first": "PE",
                    "middle": [],
                    "last": "Rollin",
                    "suffix": ""
                }
            ],
            "year": 2009,
            "venue": "PLoS Pathog",
            "volume": "5",
            "issn": "",
            "pages": null,
            "other_ids": {
                "DOI": [
                    "10.1371/journal.ppat.1000536"
                ]
            }
        },
        "BIBREF7": {
            "title": "Discovery and genomic characterization of a novel bat sapovirus with unusual genomic features and phylogenetic position",
            "authors": [
                {
                    "first": "H",
                    "middle": [],
                    "last": "Tse",
                    "suffix": ""
                },
                {
                    "first": "WM",
                    "middle": [],
                    "last": "Chan",
                    "suffix": ""
                },
                {
                    "first": "KS",
                    "middle": [],
                    "last": "Li",
                    "suffix": ""
                },
                {
                    "first": "SK",
                    "middle": [],
                    "last": "Lau",
                    "suffix": ""
                },
                {
                    "first": "PC",
                    "middle": [],
                    "last": "Woo",
                    "suffix": ""
                },
                {
                    "first": "KY",
                    "middle": [],
                    "last": "Yuen",
                    "suffix": ""
                }
            ],
            "year": 2012,
            "venue": "PLoS ONE",
            "volume": "7",
            "issn": "",
            "pages": null,
            "other_ids": {
                "DOI": [
                    "10.1371/journal.pone.0034987"
                ]
            }
        },
        "BIBREF8": {
            "title": "Genetic characterization of a novel calicivirus from a chicken",
            "authors": [
                {
                    "first": "S",
                    "middle": [],
                    "last": "Wolf",
                    "suffix": ""
                },
                {
                    "first": "J",
                    "middle": [],
                    "last": "Reetz",
                    "suffix": ""
                },
                {
                    "first": "P",
                    "middle": [],
                    "last": "Otto",
                    "suffix": ""
                }
            ],
            "year": 2011,
            "venue": "Adv Virol",
            "volume": "156",
            "issn": "",
            "pages": "1143-1150",
            "other_ids": {
                "DOI": []
            }
        },
        "BIBREF9": {
            "title": "Nipah virus infection in bats (order Chiroptera) in peninsular Malaysia",
            "authors": [
                {
                    "first": "JM",
                    "middle": [],
                    "last": "Yob",
                    "suffix": ""
                },
                {
                    "first": "H",
                    "middle": [],
                    "last": "Field",
                    "suffix": ""
                },
                {
                    "first": "AM",
                    "middle": [],
                    "last": "Rashdi",
                    "suffix": ""
                },
                {
                    "first": "C",
                    "middle": [],
                    "last": "Morrissy",
                    "suffix": ""
                },
                {
                    "first": "B",
                    "middle": [],
                    "last": "van der Heide",
                    "suffix": ""
                },
                {
                    "first": "P",
                    "middle": [],
                    "last": "Rota",
                    "suffix": ""
                },
                {
                    "first": "A",
                    "middle": [],
                    "last": "bin Adzhar",
                    "suffix": ""
                },
                {
                    "first": "J",
                    "middle": [],
                    "last": "White",
                    "suffix": ""
                },
                {
                    "first": "P",
                    "middle": [],
                    "last": "Daniels",
                    "suffix": ""
                },
                {
                    "first": "A",
                    "middle": [],
                    "last": "Jamaluddin",
                    "suffix": ""
                },
                {
                    "first": "T",
                    "middle": [],
                    "last": "Ksiazek",
                    "suffix": ""
                }
            ],
            "year": 2001,
            "venue": "Emerg Infect Dis",
            "volume": "7",
            "issn": "",
            "pages": "439-441",
            "other_ids": {
                "DOI": [
                    "10.3201/eid0703.017312"
                ]
            }
        },
        "BIBREF10": {
            "title": "Seasonal pulses of Marburg virus circulation in juvenile Rousettus aegyptiacus bats coincide with periods of increased risk of human infection",
            "authors": [
                {
                    "first": "BR",
                    "middle": [],
                    "last": "Amman",
                    "suffix": ""
                },
                {
                    "first": "SA",
                    "middle": [],
                    "last": "Carroll",
                    "suffix": ""
                },
                {
                    "first": "ZD",
                    "middle": [],
                    "last": "Reed",
                    "suffix": ""
                },
                {
                    "first": "TK",
                    "middle": [],
                    "last": "Sealy",
                    "suffix": ""
                },
                {
                    "first": "S",
                    "middle": [],
                    "last": "Balinandi",
                    "suffix": ""
                },
                {
                    "first": "R",
                    "middle": [],
                    "last": "Swanepoel",
                    "suffix": ""
                },
                {
                    "first": "A",
                    "middle": [],
                    "last": "Kemp",
                    "suffix": ""
                },
                {
                    "first": "BR",
                    "middle": [],
                    "last": "Erickson",
                    "suffix": ""
                },
                {
                    "first": "JA",
                    "middle": [],
                    "last": "Comer",
                    "suffix": ""
                },
                {
                    "first": "S",
                    "middle": [],
                    "last": "Campbell",
                    "suffix": ""
                },
                {
                    "first": "DL",
                    "middle": [],
                    "last": "Cannon",
                    "suffix": ""
                },
                {
                    "first": "ML",
                    "middle": [],
                    "last": "Khristova",
                    "suffix": ""
                },
                {
                    "first": "P",
                    "middle": [],
                    "last": "Atimnedi",
                    "suffix": ""
                },
                {
                    "first": "CD",
                    "middle": [],
                    "last": "Paddock",
                    "suffix": ""
                },
                {
                    "first": "RJ",
                    "middle": [],
                    "last": "Crockett",
                    "suffix": ""
                },
                {
                    "first": "TD",
                    "middle": [],
                    "last": "Flietstra",
                    "suffix": ""
                },
                {
                    "first": "KL",
                    "middle": [],
                    "last": "Warfield",
                    "suffix": ""
                },
                {
                    "first": "R",
                    "middle": [],
                    "last": "Unfer",
                    "suffix": ""
                },
                {
                    "first": "E",
                    "middle": [],
                    "last": "Katongole-Mbidde",
                    "suffix": ""
                },
                {
                    "first": "R",
                    "middle": [],
                    "last": "Downing",
                    "suffix": ""
                },
                {
                    "first": "JW",
                    "middle": [],
                    "last": "Tappero",
                    "suffix": ""
                },
                {
                    "first": "SR",
                    "middle": [],
                    "last": "Zaki",
                    "suffix": ""
                },
                {
                    "first": "PE",
                    "middle": [],
                    "last": "Rollin",
                    "suffix": ""
                },
                {
                    "first": "TG",
                    "middle": [],
                    "last": "Ksiazek",
                    "suffix": ""
                },
                {
                    "first": "ST",
                    "middle": [],
                    "last": "Nichol",
                    "suffix": ""
                },
                {
                    "first": "JS",
                    "middle": [],
                    "last": "Towner",
                    "suffix": ""
                }
            ],
            "year": 2012,
            "venue": "PLoS Pathog",
            "volume": "8",
            "issn": "",
            "pages": null,
            "other_ids": {
                "DOI": [
                    "10.1371/journal.ppat.1002877"
                ]
            }
        },
        "BIBREF11": {
            "title": "Norovirus infection in harbor porpoises",
            "authors": [
                {
                    "first": "M",
                    "middle": [],
                    "last": "De Graaf",
                    "suffix": ""
                },
                {
                    "first": "R",
                    "middle": [],
                    "last": "Bodewes",
                    "suffix": ""
                },
                {
                    "first": "CE",
                    "middle": [],
                    "last": "van Elk",
                    "suffix": ""
                },
                {
                    "first": "M",
                    "middle": [],
                    "last": "Van de Bildt",
                    "suffix": ""
                },
                {
                    "first": "S",
                    "middle": [],
                    "last": "Getu",
                    "suffix": ""
                },
                {
                    "first": "GI",
                    "middle": [],
                    "last": "Aron",
                    "suffix": ""
                },
                {
                    "first": "GM",
                    "middle": [],
                    "last": "Verjans",
                    "suffix": ""
                },
                {
                    "first": "AD",
                    "middle": [],
                    "last": "Osterhaus",
                    "suffix": ""
                },
                {
                    "first": "VDB",
                    "middle": [],
                    "last": "Jm",
                    "suffix": ""
                },
                {
                    "first": "T",
                    "middle": [],
                    "last": "Kuiken",
                    "suffix": ""
                }
            ],
            "year": 2017,
            "venue": "Emerg Infect Dis",
            "volume": "23",
            "issn": "",
            "pages": "87-91",
            "other_ids": {
                "DOI": [
                    "10.3201/eid2301.161081"
                ]
            }
        },
        "BIBREF12": {
            "title": "Replication of human noroviruses in stem cell-derived human enteroids",
            "authors": [
                {
                    "first": "K",
                    "middle": [],
                    "last": "Ettayebi",
                    "suffix": ""
                },
                {
                    "first": "SE",
                    "middle": [],
                    "last": "Crawford",
                    "suffix": ""
                },
                {
                    "first": "K",
                    "middle": [],
                    "last": "Murakami",
                    "suffix": ""
                },
                {
                    "first": "JR",
                    "middle": [],
                    "last": "Broughman",
                    "suffix": ""
                },
                {
                    "first": "U",
                    "middle": [],
                    "last": "Karandikar",
                    "suffix": ""
                },
                {
                    "first": "VR",
                    "middle": [],
                    "last": "Tenge",
                    "suffix": ""
                },
                {
                    "first": "FH",
                    "middle": [],
                    "last": "Neill",
                    "suffix": ""
                },
                {
                    "first": "SE",
                    "middle": [],
                    "last": "Blutt",
                    "suffix": ""
                },
                {
                    "first": "XL",
                    "middle": [],
                    "last": "Zeng",
                    "suffix": ""
                },
                {
                    "first": "L",
                    "middle": [],
                    "last": "Qu",
                    "suffix": ""
                },
                {
                    "first": "B",
                    "middle": [],
                    "last": "Kou",
                    "suffix": ""
                },
                {
                    "first": "AR",
                    "middle": [],
                    "last": "Opekun",
                    "suffix": ""
                },
                {
                    "first": "D",
                    "middle": [],
                    "last": "Burrin",
                    "suffix": ""
                },
                {
                    "first": "DY",
                    "middle": [],
                    "last": "Graham",
                    "suffix": ""
                },
                {
                    "first": "S",
                    "middle": [],
                    "last": "Ramani",
                    "suffix": ""
                },
                {
                    "first": "RL",
                    "middle": [],
                    "last": "Atmar",
                    "suffix": ""
                },
                {
                    "first": "MK",
                    "middle": [],
                    "last": "Estes",
                    "suffix": ""
                }
            ],
            "year": 2016,
            "venue": "Science (New York, NY)",
            "volume": "353",
            "issn": "",
            "pages": "1387-1393",
            "other_ids": {
                "DOI": [
                    "10.1126/science.aaf5211"
                ]
            }
        },
        "BIBREF13": {
            "title": "Isolation and characterization of a bat SARS-like coronavirus that uses the ACE2 receptor",
            "authors": [
                {
                    "first": "XY",
                    "middle": [],
                    "last": "Ge",
                    "suffix": ""
                },
                {
                    "first": "JL",
                    "middle": [],
                    "last": "Li",
                    "suffix": ""
                },
                {
                    "first": "XL",
                    "middle": [],
                    "last": "Yang",
                    "suffix": ""
                },
                {
                    "first": "AA",
                    "middle": [],
                    "last": "Chmura",
                    "suffix": ""
                },
                {
                    "first": "G",
                    "middle": [],
                    "last": "Zhu",
                    "suffix": ""
                },
                {
                    "first": "JH",
                    "middle": [],
                    "last": "Epstein",
                    "suffix": ""
                },
                {
                    "first": "JK",
                    "middle": [],
                    "last": "Mazet",
                    "suffix": ""
                },
                {
                    "first": "B",
                    "middle": [],
                    "last": "Hu",
                    "suffix": ""
                },
                {
                    "first": "W",
                    "middle": [],
                    "last": "Zhang",
                    "suffix": ""
                },
                {
                    "first": "C",
                    "middle": [],
                    "last": "Peng",
                    "suffix": ""
                },
                {
                    "first": "YJ",
                    "middle": [],
                    "last": "Zhang",
                    "suffix": ""
                },
                {
                    "first": "CM",
                    "middle": [],
                    "last": "Luo",
                    "suffix": ""
                },
                {
                    "first": "B",
                    "middle": [],
                    "last": "Tan",
                    "suffix": ""
                },
                {
                    "first": "N",
                    "middle": [],
                    "last": "Wang",
                    "suffix": ""
                },
                {
                    "first": "Y",
                    "middle": [],
                    "last": "Zhu",
                    "suffix": ""
                },
                {
                    "first": "G",
                    "middle": [],
                    "last": "Crameri",
                    "suffix": ""
                },
                {
                    "first": "SY",
                    "middle": [],
                    "last": "Zhang",
                    "suffix": ""
                },
                {
                    "first": "LF",
                    "middle": [],
                    "last": "Wang",
                    "suffix": ""
                },
                {
                    "first": "P",
                    "middle": [],
                    "last": "Daszak",
                    "suffix": ""
                },
                {
                    "first": "ZL",
                    "middle": [],
                    "last": "Shi",
                    "suffix": ""
                }
            ],
            "year": 2013,
            "venue": "Nature",
            "volume": "503",
            "issn": "",
            "pages": "535-538",
            "other_ids": {
                "DOI": [
                    "10.1038/nature12711"
                ]
            }
        },
        "BIBREF14": {
            "title": "Caliciviridea: the norovirus",
            "authors": [
                {
                    "first": "KY",
                    "middle": [],
                    "last": "Green",
                    "suffix": ""
                }
            ],
            "year": 2013,
            "venue": "Fields virology",
            "volume": "",
            "issn": "",
            "pages": "582-608",
            "other_ids": {
                "DOI": []
            }
        },
        "BIBREF15": {
            "title": "Group A rotaviruses in Chinese bats: genetic composition, serology, and evidence for bat-to-human transmission and reassortment",
            "authors": [
                {
                    "first": "B",
                    "middle": [],
                    "last": "He",
                    "suffix": ""
                },
                {
                    "first": "X",
                    "middle": [],
                    "last": "Huang",
                    "suffix": ""
                },
                {
                    "first": "F",
                    "middle": [],
                    "last": "Zhang",
                    "suffix": ""
                },
                {
                    "first": "W",
                    "middle": [],
                    "last": "Tan",
                    "suffix": ""
                },
                {
                    "first": "J",
                    "middle": [],
                    "last": "Matthijnssens",
                    "suffix": ""
                },
                {
                    "first": "S",
                    "middle": [],
                    "last": "Qin",
                    "suffix": ""
                },
                {
                    "first": "L",
                    "middle": [],
                    "last": "Xu",
                    "suffix": ""
                },
                {
                    "first": "Z",
                    "middle": [],
                    "last": "Zhao",
                    "suffix": ""
                },
                {
                    "first": "L",
                    "middle": [],
                    "last": "Yang",
                    "suffix": ""
                },
                {
                    "first": "Q",
                    "middle": [],
                    "last": "Wang",
                    "suffix": ""
                },
                {
                    "first": "T",
                    "middle": [],
                    "last": "Hu",
                    "suffix": ""
                },
                {
                    "first": "X",
                    "middle": [],
                    "last": "Bao",
                    "suffix": ""
                },
                {
                    "first": "J",
                    "middle": [],
                    "last": "Wu",
                    "suffix": ""
                },
                {
                    "first": "C",
                    "middle": [],
                    "last": "Tu",
                    "suffix": ""
                }
            ],
            "year": 2017,
            "venue": "J Virol",
            "volume": "91",
            "issn": "",
            "pages": "e02493-e02516",
            "other_ids": {
                "DOI": []
            }
        },
        "BIBREF16": {
            "title": "Virome profiling of bats from Myanmar by metagenomic analysis of tissue samples reveals more novel mammalian viruses",
            "authors": [
                {
                    "first": "B",
                    "middle": [],
                    "last": "He",
                    "suffix": ""
                },
                {
                    "first": "Z",
                    "middle": [],
                    "last": "Li",
                    "suffix": ""
                },
                {
                    "first": "F",
                    "middle": [],
                    "last": "Yang",
                    "suffix": ""
                },
                {
                    "first": "J",
                    "middle": [],
                    "last": "Zheng",
                    "suffix": ""
                },
                {
                    "first": "Y",
                    "middle": [],
                    "last": "Feng",
                    "suffix": ""
                },
                {
                    "first": "H",
                    "middle": [],
                    "last": "Guo",
                    "suffix": ""
                },
                {
                    "first": "Y",
                    "middle": [],
                    "last": "Li",
                    "suffix": ""
                },
                {
                    "first": "Y",
                    "middle": [],
                    "last": "Wang",
                    "suffix": ""
                },
                {
                    "first": "N",
                    "middle": [],
                    "last": "Su",
                    "suffix": ""
                },
                {
                    "first": "F",
                    "middle": [],
                    "last": "Zhang",
                    "suffix": ""
                }
            ],
            "year": 2013,
            "venue": "PLoS ONE",
            "volume": "8",
            "issn": "",
            "pages": null,
            "other_ids": {
                "DOI": [
                    "10.1371/journal.pone.0061950"
                ]
            }
        },
        "BIBREF17": {
            "title": "Virome analysis for identification of novel mammalian viruses in bats from Southeast China",
            "authors": [
                {
                    "first": "D",
                    "middle": [],
                    "last": "Hu",
                    "suffix": ""
                },
                {
                    "first": "C",
                    "middle": [],
                    "last": "Zhu",
                    "suffix": ""
                },
                {
                    "first": "Y",
                    "middle": [],
                    "last": "Wang",
                    "suffix": ""
                },
                {
                    "first": "L",
                    "middle": [],
                    "last": "Ai",
                    "suffix": ""
                },
                {
                    "first": "L",
                    "middle": [],
                    "last": "Yang",
                    "suffix": ""
                },
                {
                    "first": "F",
                    "middle": [],
                    "last": "Ye",
                    "suffix": ""
                },
                {
                    "first": "C",
                    "middle": [],
                    "last": "Ding",
                    "suffix": ""
                },
                {
                    "first": "J",
                    "middle": [],
                    "last": "Chen",
                    "suffix": ""
                },
                {
                    "first": "B",
                    "middle": [],
                    "last": "He",
                    "suffix": ""
                },
                {
                    "first": "J",
                    "middle": [],
                    "last": "Zhu",
                    "suffix": ""
                },
                {
                    "first": "H",
                    "middle": [],
                    "last": "Qian",
                    "suffix": ""
                },
                {
                    "first": "W",
                    "middle": [],
                    "last": "Xu",
                    "suffix": ""
                },
                {
                    "first": "Y",
                    "middle": [],
                    "last": "Feng",
                    "suffix": ""
                },
                {
                    "first": "W",
                    "middle": [],
                    "last": "Tan",
                    "suffix": ""
                },
                {
                    "first": "C",
                    "middle": [],
                    "last": "Wang",
                    "suffix": ""
                }
            ],
            "year": 2017,
            "venue": "Sci Rep",
            "volume": "7",
            "issn": "",
            "pages": null,
            "other_ids": {
                "DOI": [
                    "10.1038/s41598-017-11384-w"
                ]
            }
        }
    }
}