{
    "paper_id": "PMC5380771",
    "metadata": {
        "title": "Infrared thermal imaging in connective tissue diseases",
        "authors": [
            {
                "first": "Marek",
                "middle": [],
                "last": "Chojnowski",
                "suffix": "",
                "email": null,
                "affiliation": {}
            }
        ]
    },
    "body_text": [
        {
            "text": "Infrared thermal imaging (infrared thermography, IRT) is a non-invasive technique which allows one to measure and visualize infrared (IR) radiation. Prototype IR devices were developed by the military during and after the Second World War. In the late 1950s, IR technology was made available for industry and civilian science. At the turn of the century, thanks to steady technological progress, the bulky IR cameras with liquid nitrogen cooling were replaced by portable, commercially available devices. This led to more widespread use of IRT in diverse fields of science, including medicine.",
            "cite_spans": [],
            "section": "Introduction",
            "ref_spans": []
        },
        {
            "text": "This review will explore the current and possible future applications of IRT in diagnostics of Raynaud\u2019s phenomenon and related connective tissue diseases.",
            "cite_spans": [],
            "section": "Introduction",
            "ref_spans": []
        },
        {
            "text": "Infared radiation is a part of the electromagnetic spectrum, covering the range of wavelengths longer than visible light between 700 nm and 1 mm [1]. According to the Stefan-Boltzmann law, the amount of IR radiation emitted by a surface of any given object is proportional to the fourth power of the object\u2019s thermodynamic temperature (expressed in degrees Kelvin) [2]. In other words, the warmer the object, the more thermal radiation it emits. IRT allows visualization and quantification of this phenomenon, providing information on the temperature range of the observed object.",
            "cite_spans": [
                {
                    "start": 146,
                    "end": 147,
                    "mention": "1",
                    "ref_id": "BIBREF0"
                },
                {
                    "start": 366,
                    "end": 367,
                    "mention": "2",
                    "ref_id": "BIBREF1"
                }
            ],
            "section": "Physical and physiological principles",
            "ref_spans": []
        },
        {
            "text": "The average human body core temperature is approximately 37 \u00b10.5\u00b0C, with surface temperature slightly lower and more variable, depending on ambient conditions [3]. Several pathological processes can induce either systemic or local thermal anomalies, e.g. increased temperature due to infection, inflammation, trauma and malignancy or decreased temperature due to ischemia. Since physiological alterations, such as temperature change, precede anatomical abnormalities observed in classical medical imaging, IRT is a potential tool for very early detection of these conditions.",
            "cite_spans": [
                {
                    "start": 160,
                    "end": 161,
                    "mention": "3",
                    "ref_id": "BIBREF2"
                }
            ],
            "section": "Physical and physiological principles",
            "ref_spans": []
        },
        {
            "text": "It should be stressed, however, that multiple factors such as age, time of day and year, state of consciousness, emotions, activity level, hormonal imbalance and medications can have a great influence on human body temperature [4]. Accordingly, thermograms should be interpreted with caution, in the context of the full clinical picture and results of other imaging studies.",
            "cite_spans": [
                {
                    "start": 228,
                    "end": 229,
                    "mention": "4",
                    "ref_id": "BIBREF3"
                }
            ],
            "section": "Physical and physiological principles",
            "ref_spans": []
        },
        {
            "text": "Since numerous external factors may negatively influence the results of IRT, both the study room and the patient should be appropriately prepared [5]. The ambient room temperature should be stable between 18\u00b0C and 25\u00b0C, optimally 22\u201324\u00b0C. If it is too cold, the autonomic reflex will cause vasoconstriction, and too much heat may cause excessive sweating, both of which alter the study outcome.",
            "cite_spans": [
                {
                    "start": 147,
                    "end": 148,
                    "mention": "5",
                    "ref_id": "BIBREF4"
                }
            ],
            "section": "Technical considerations and patient preparation",
            "ref_spans": []
        },
        {
            "text": "Before the examination, the patient should be acclimatized to the study room temperature for at least 15 minutes. For 4\u20136 hours before IRT, the patient should avoid smoking, drinking alcohol and excessive amounts of coffee or tea, eating large meals, using cosmetics and ointments on the examined area and performing strenuous physical activity, including all kinds of physiotherapy (e.g. massage or cryotherapy). The use of medications influencing the vascular system, such as beta-blockers or nitrates, should be reported to the performing physician before the study.",
            "cite_spans": [],
            "section": "Technical considerations and patient preparation",
            "ref_spans": []
        },
        {
            "text": "It should be noted that IRT is an absolutely safe, non-contact imaging modality, which presents no danger or radiation exposure for either the patient or the performing physician. The image acquisition itself is very fast, and, if necessary, can be repeated at short time intervals.",
            "cite_spans": [],
            "section": "Technical considerations and patient preparation",
            "ref_spans": []
        },
        {
            "text": "In medicine, IRT has been used for more than 50 years. The first clinical experiments were conducted in the field of oncology, mainly for diagnosis of breast cancer and malignant melanoma. They were followed by attempts to study therapy response in inflammatory arthritis, visualize musculoskeletal injuries, locate tender points in fibromyalgia, diagnose complex regional pain syndrome (algodystrophy), monitor wound healing after surgery and evaluate microcirculation in vascular diseases. During the epidemic of SARS (severe acute respiratory syndrome) in South East Asia, IRT was used for passenger fever screening at the airports [6].",
            "cite_spans": [
                {
                    "start": 636,
                    "end": 637,
                    "mention": "6",
                    "ref_id": "BIBREF5"
                }
            ],
            "section": "Clinical applications of IRT",
            "ref_spans": []
        },
        {
            "text": "Currently, despite ongoing research, the role of IRT in most clinical settings is equivocal, mainly due to the absence of standardized study protocols and relatively low availability of thermal imaging equipment.",
            "cite_spans": [],
            "section": "Clinical applications of IRT",
            "ref_spans": []
        },
        {
            "text": "Raynaud\u2019s phenomenon (RP) is an episodic, transient ischemia in response to cold or emotional stimuli [7]. In most of the patients its character is benign, with no known cause or underlying condition (primary RP, pRP). However, in a small percentage of cases, RP is the first symptom of a connective tissue disease, most commonly systemic sclerosis (SSc) or another scleroderma-spectrum disorder (secondary RP, sRP). The differentiation between pRP and sRP is of paramount importance. Primary RP requires only a conservative approach, whereas diagnosis of RP secondary to connective tissue disease mandates further diagnostics and treatment.",
            "cite_spans": [
                {
                    "start": 103,
                    "end": 104,
                    "mention": "7",
                    "ref_id": "BIBREF6"
                }
            ],
            "section": "Raynaud\u2019s phenomenon",
            "ref_spans": []
        },
        {
            "text": "The most important tool for differential diagnosis of primary and secondary RP is nailfold videocapillaroscopy (NVC), which permits direct visualization of the blood vessel structure [8]. However, it provides little or no information about the nature of the blood flow. Moreover, NVC does not allow for actually diagnosing RP, since the capillary image in pRP and a healthy control is essentially the same (i.e. normal). Accordingly, initial diagnosis of RP is usually based only on the clinical presentation and the patient\u2019s history [9].",
            "cite_spans": [
                {
                    "start": 184,
                    "end": 185,
                    "mention": "8",
                    "ref_id": "BIBREF7"
                },
                {
                    "start": 536,
                    "end": 537,
                    "mention": "9",
                    "ref_id": "BIBREF8"
                }
            ],
            "section": "Raynaud\u2019s phenomenon",
            "ref_spans": []
        },
        {
            "text": "These limitations can be overcome with functional imaging modalities, including IRT. In the trunk and proximal body parts, the surface temperature is heavily influenced by internal organs, muscle activity and subcutaneous tissue. In contrast, in the most acral parts, such as hands and fingers, the surface temperature is almost exclusively regulated by constriction and dilation of blood vessels. As such, skin temperature recorded with IRT provides an indirect measure of microcirculation\u2019s overall performance.",
            "cite_spans": [],
            "section": "Raynaud\u2019s phenomenon",
            "ref_spans": []
        },
        {
            "text": "Several studies report that IRT can help detect RP [10\u201312]. In healthy subjects, the fingers, especially the finger tips, are usually warmer than the hand. In RP patients the fingers are significantly colder than the hands, even between ischemic episodes. Lim et al. found that a temperature difference of 2.2\u00b0C between the fingers and the hand (in favor of the hand) is indicative of RP [13]. Studies by Murray et al. [14] and Schlager et al. [15] concluded that thermal abnormalities in RP patients detected with IRT have a good correlation with actual skin perfusion, determined by laser Doppler perfusion imaging (LDPI). Both authors also suggest that these two techniques may be used interchangeably.",
            "cite_spans": [
                {
                    "start": 52,
                    "end": 54,
                    "mention": "10",
                    "ref_id": "BIBREF9"
                },
                {
                    "start": 55,
                    "end": 57,
                    "mention": "12",
                    "ref_id": "BIBREF11"
                },
                {
                    "start": 389,
                    "end": 391,
                    "mention": "13",
                    "ref_id": "BIBREF12"
                },
                {
                    "start": 420,
                    "end": 422,
                    "mention": "14",
                    "ref_id": "BIBREF13"
                },
                {
                    "start": 445,
                    "end": 447,
                    "mention": "15",
                    "ref_id": "BIBREF14"
                }
            ],
            "section": "Raynaud\u2019s phenomenon",
            "ref_spans": []
        },
        {
            "text": "To further differentiate between pRP and sRP, IRT is performed at baseline and after some type of temperature challenge. Cold challenge is the most commonly used. After immersion of the hands in cold water, rewarming time is measured. In pRP patients, rewarming is slightly delayed compared to unaffected subjects, while in sRP the hands remain cold for a prolonged time. Some authors, however, question the value of cold challenge, suggesting that baseline thermograms have enough discriminatory power for RP diagnosis [10, 15].",
            "cite_spans": [
                {
                    "start": 521,
                    "end": 523,
                    "mention": "10",
                    "ref_id": "BIBREF9"
                },
                {
                    "start": 525,
                    "end": 527,
                    "mention": "15",
                    "ref_id": "BIBREF14"
                }
            ],
            "section": "Raynaud\u2019s phenomenon",
            "ref_spans": []
        },
        {
            "text": "Instead, it has been proposed that a heat challenge can be used for RP diagnosis [11]. The increase in temperature forces vasodilation, returning the normal thermal pattern in pRP patients (fingers warmer than the hand) (Fig. 1). In contrast, the vasodilatory response in sRP (e.g. in SSc) raises finger temperature only marginally, since restriction of blood flow is caused mainly by irreversible, structural vessel damage, not vasospasm (Fig. 2, 3).",
            "cite_spans": [
                {
                    "start": 82,
                    "end": 84,
                    "mention": "11",
                    "ref_id": "BIBREF10"
                }
            ],
            "section": "Raynaud\u2019s phenomenon",
            "ref_spans": [
                {
                    "start": 221,
                    "end": 227,
                    "mention": "Fig. 1",
                    "ref_id": "FIGREF0"
                },
                {
                    "start": 440,
                    "end": 446,
                    "mention": "Fig. 2",
                    "ref_id": "FIGREF1"
                },
                {
                    "start": 448,
                    "end": 449,
                    "mention": "3",
                    "ref_id": "FIGREF2"
                }
            ]
        },
        {
            "text": "When performing the temperature challenge, one should also take into consideration the patients\u2019 comfort. In most of the RP subjects, a rapid decrease in temperature may trigger vasospasm, almost universally associated with unpleasant sensations, such as numbness, pain or burning. In contrast, the heat challenge does not trigger RP, and as such is better tolerated.",
            "cite_spans": [],
            "section": "Raynaud\u2019s phenomenon",
            "ref_spans": []
        },
        {
            "text": "While the role of IRT as a single study in RP diagnostics remains ambiguous, it is a powerful complement to NVC. Combining information about blood vessel structure from NVC with functional evaluation of microcirculation was proven to have better specificity and sensitivity in RP differential diagnosis than NVC alone [14, 16].",
            "cite_spans": [
                {
                    "start": 319,
                    "end": 321,
                    "mention": "14",
                    "ref_id": "BIBREF13"
                },
                {
                    "start": 323,
                    "end": 325,
                    "mention": "16",
                    "ref_id": "BIBREF15"
                }
            ],
            "section": "Raynaud\u2019s phenomenon",
            "ref_spans": []
        },
        {
            "text": "Systemic sclerosis is an autoimmune disease characterized by progressive dysfunction of the microcirculation and tissue fibrosis [17]. Contrary to pRP patients, in SSc severe episodes of RP are a manifestation of ongoing vascular damage, which may lead to formation of non-healing digital ulcers (DUs) and subsequent tissue necrosis.",
            "cite_spans": [
                {
                    "start": 130,
                    "end": 132,
                    "mention": "17",
                    "ref_id": "BIBREF16"
                }
            ],
            "section": "Systemic sclerosis and scleroderma-spectrum disorders",
            "ref_spans": []
        },
        {
            "text": "As mentioned above, IRT may play an important role in the initial diagnosis of SSc. However, its significance in assessing disease activity or monitoring treatment response is less clear. One of the promising clinical applications is determining the status and nature of DUs. A focal temperature increase of the DU, in otherwise hypoperfused fingers, is strongly suggestive of active inflammation. In parallel, a \u2018cold spot\u2019 might indicate ischemia and presence of dead tissue (Fig. 4). Weijden et al. [18] reported an interesting case of an SSc patient in whom IRT made it possible to differentiate between bacterial infection of the DU and ischemic necrosis, thus having a significant impact on clinical decision-making. The patient presented with a thermographic \u2018hot-spot\u2019 in the area of the DU, where the presence of deep-tissue infection was confirmed through magnetic resonance imaging and microbiological cultures. After antibiotic treatment, clinical and biochemical signs of infection subsided, but the DU did not heal. IRT showed an area of extremely low temperature in the affected toe, consistent with critical ischemia and possibly necrosis, which mandated surgical treatment.",
            "cite_spans": [
                {
                    "start": 503,
                    "end": 505,
                    "mention": "18",
                    "ref_id": "BIBREF17"
                }
            ],
            "section": "Systemic sclerosis and scleroderma-spectrum disorders",
            "ref_spans": [
                {
                    "start": 478,
                    "end": 484,
                    "mention": "Fig. 4",
                    "ref_id": "FIGREF3"
                }
            ]
        },
        {
            "text": "Another important problem in SSc is the evaluation of treatment response [19]. The action of vasodilatory agents (e.g. intravenous prostanoids and endothelin receptor antagonists) or other interventions, such as low-level laser therapy, could be potentially visualized and measured using IRT (Fig. 4). In critical digital ischemia, the effectiveness of emergency treatment such as chemical sympathectomy with lidocaine or botulinum toxin A could be immediately evaluated.",
            "cite_spans": [
                {
                    "start": 74,
                    "end": 76,
                    "mention": "19",
                    "ref_id": "BIBREF18"
                }
            ],
            "section": "Systemic sclerosis and scleroderma-spectrum disorders",
            "ref_spans": [
                {
                    "start": 293,
                    "end": 299,
                    "mention": "Fig. 4",
                    "ref_id": "FIGREF3"
                }
            ]
        },
        {
            "text": "Finally, it has been suggested that following the heat challenge, a persistent temperature gradient between the fingers and the hand over 1\u00b0C is related to greater mortality and can be used as an independent indicator of disease severity [20].",
            "cite_spans": [
                {
                    "start": 239,
                    "end": 241,
                    "mention": "20",
                    "ref_id": "BIBREF19"
                }
            ],
            "section": "Systemic sclerosis and scleroderma-spectrum disorders",
            "ref_spans": []
        },
        {
            "text": "Although promising, these potential applications are based on case reports and retrospective studies. More prospective studies on larger cohorts are needed to establish the role of IRT in SSc. The usefulness of IRT in other scleroderma-spectrum disorders, such as dermatomyositis or mixed connective tissue disease, is yet to be determined.",
            "cite_spans": [],
            "section": "Systemic sclerosis and scleroderma-spectrum disorders",
            "ref_spans": []
        },
        {
            "text": "Even though IRT has many advantages, there are several major limitations. Despite patient preparation, unforeseeable external and internal factors can affect skin temperature and, thereby, the outcome of the study. Moreover, there is a level of uncertainty regarding temperature measurement accuracy, due to humidity, skin emissivity and calibration of the IR camera.",
            "cite_spans": [],
            "section": "Limitations",
            "ref_spans": []
        },
        {
            "text": "Since each centre uses different IR equipment and varying protocols, the reproducibility of the study results can be questionable and their evidence-based analysis very hard. A systemic review of the literature regarding IRT performed by Pauling et al. [21] failed to identify a single thermographic criterion that could serve as an objective endpoint in clinical trials.",
            "cite_spans": [
                {
                    "start": 254,
                    "end": 256,
                    "mention": "21",
                    "ref_id": "BIBREF20"
                }
            ],
            "section": "Limitations",
            "ref_spans": []
        },
        {
            "text": "Finally, IRT provides only indirect information about tissue perfusion, whereas techniques such as laser Doppler perfusion imaging (LDPI) and laser speckle contrast analysis (LASCA) allow one to actually \u2018see\u2019 the intensity of the blood flow in the examined area.",
            "cite_spans": [],
            "section": "Limitations",
            "ref_spans": []
        },
        {
            "text": "Despite the fact that current diagnostic standards do not recommend routine use of IRT, its potential should not be underestimated. As a first line screening tool, IRT has a role in diagnosing RP, systemic sclerosis and related connective tissue diseases, especially in conjunction with NVC. The recent introduction of low-cost IR cameras can increase the availability of IRT, which has so far been restricted to specialist tertiary care units. Such devices have a thermal resolution of 0.1\u00b0C, which is acceptable for medical usage, and, in spite of certain limitations [22], can find a place in everyday clinical practice [23, 24].",
            "cite_spans": [
                {
                    "start": 571,
                    "end": 573,
                    "mention": "22",
                    "ref_id": "BIBREF21"
                },
                {
                    "start": 624,
                    "end": 626,
                    "mention": "23",
                    "ref_id": "BIBREF22"
                },
                {
                    "start": 628,
                    "end": 630,
                    "mention": "24",
                    "ref_id": "BIBREF23"
                }
            ],
            "section": "Summary",
            "ref_spans": []
        }
    ],
    "ref_entries": {
        "FIGREF0": {
            "text": "Fig. 1: Primary Raynaud\u2019s phenomenon at baseline (A), with symmetrical finger rewarming after heat challenge (B). Normal capillaroscopic image is consistent with primary nature of the condition (C).",
            "type": "figure"
        },
        "FIGREF1": {
            "text": "Fig. 2: Raynaud\u2019s phenomenon secondary to dermatomyositis at baseline (A), with only partial rewarming after heat challenge (B). Giant-ramified capillaries are suggestive of dermatomyositis-pattern (C) [24].",
            "type": "figure"
        },
        "FIGREF2": {
            "text": "Fig. 3: Systemic sclerosis patient with digital ulcer on 4th right finger, after low-level laser therapy. At baseline the 4th right finger is significantly warmer (A), with strong rewarming response after heat challenge, suggesting good effects of the treatment. The remaining fingers are only marginally warmer (B). Capillaroscopy consistent with \u2018late\u2019 scleroderma-pattern (C).",
            "type": "figure"
        },
        "FIGREF3": {
            "text": "Fig. 4: Thermographic (A) and clinical (B) presentation of digital ulcer in systemic sclerosis. Capillaroscopy consistent with \u2018late\u2019 scleroderma-pattern (C).",
            "type": "figure"
        }
    },
    "back_matter": [],
    "bib_entries": {
        "BIBREF0": {
            "title": "Electromagnetic Waves",
            "authors": [
                {
                    "first": "SC",
                    "middle": [],
                    "last": "Liew",
                    "suffix": ""
                }
            ],
            "year": null,
            "venue": "Centre for Remote Imaging, Sensing and Processing",
            "volume": "",
            "issn": "",
            "pages": null,
            "other_ids": {
                "DOI": []
            }
        },
        "BIBREF1": {
            "title": "Thermal imaging of exercise-associated skin temperature changes in trained and untrained female subjects",
            "authors": [
                {
                    "first": "D",
                    "middle": [],
                    "last": "Formenti",
                    "suffix": ""
                },
                {
                    "first": "N",
                    "middle": [],
                    "last": "Ludwig",
                    "suffix": ""
                },
                {
                    "first": "M",
                    "middle": [],
                    "last": "Gargano",
                    "suffix": ""
                }
            ],
            "year": 2013,
            "venue": "Ann Biomed Eng",
            "volume": "41",
            "issn": "",
            "pages": "863-871",
            "other_ids": {
                "DOI": []
            }
        },
        "BIBREF2": {
            "title": "Body temperature variability (Part 1): a review of the history of body temperature and its variability due to site selection, biological rhythms, fitness, and aging",
            "authors": [
                {
                    "first": "G",
                    "middle": [],
                    "last": "Kelly",
                    "suffix": ""
                }
            ],
            "year": 2006,
            "venue": "Altern Med Rev",
            "volume": "11",
            "issn": "",
            "pages": "278-293",
            "other_ids": {
                "DOI": []
            }
        },
        "BIBREF3": {
            "title": "Body temperature variability (Part 2): masking influences of body temperature variability and a review of body temperature variability in disease",
            "authors": [
                {
                    "first": "G",
                    "middle": [],
                    "last": "Kelly",
                    "suffix": ""
                }
            ],
            "year": 2007,
            "venue": "Altern Med Rev",
            "volume": "12",
            "issn": "",
            "pages": "49-62",
            "other_ids": {
                "DOI": []
            }
        },
        "BIBREF4": {
            "title": "The Technique of Infra red Imaging in Medicine",
            "authors": [
                {
                    "first": "EFJ",
                    "middle": [],
                    "last": "Ring",
                    "suffix": ""
                },
                {
                    "first": "K",
                    "middle": [],
                    "last": "Ammer",
                    "suffix": ""
                }
            ],
            "year": 2000,
            "venue": "Thermol Int",
            "volume": "10",
            "issn": "",
            "pages": "7-14",
            "other_ids": {
                "DOI": []
            }
        },
        "BIBREF5": {
            "title": "Infrared thermal imaging in medicine",
            "authors": [
                {
                    "first": "EFJ",
                    "middle": [],
                    "last": "Ring",
                    "suffix": ""
                },
                {
                    "first": "K",
                    "middle": [],
                    "last": "Ammer",
                    "suffix": ""
                }
            ],
            "year": 2012,
            "venue": "Physiol Meas",
            "volume": "33",
            "issn": "",
            "pages": "R33-46",
            "other_ids": {
                "DOI": []
            }
        },
        "BIBREF6": {
            "title": "Raynaud\u2019s phenomenon: new aspects of pathogenesis and the role of nailfold videocapillaroscopy",
            "authors": [
                {
                    "first": "A",
                    "middle": [],
                    "last": "Kuryliszyn-Moskal",
                    "suffix": ""
                },
                {
                    "first": "J",
                    "middle": [],
                    "last": "Kita",
                    "suffix": ""
                },
                {
                    "first": "A",
                    "middle": [],
                    "last": "Hryniewicz",
                    "suffix": ""
                }
            ],
            "year": 2015,
            "venue": "Reumatologia",
            "volume": "53",
            "issn": "",
            "pages": "87-93",
            "other_ids": {
                "DOI": []
            }
        },
        "BIBREF7": {
            "title": "Capillaroscopy \u2013 a role in modern rheumatology",
            "authors": [
                {
                    "first": "MM",
                    "middle": [],
                    "last": "Chojnowski",
                    "suffix": ""
                },
                {
                    "first": "A",
                    "middle": [],
                    "last": "Felis-Giemza",
                    "suffix": ""
                },
                {
                    "first": "M",
                    "middle": [],
                    "last": "Olesi\u0144ska",
                    "suffix": ""
                }
            ],
            "year": 2016,
            "venue": "Reumatologia",
            "volume": "54",
            "issn": "",
            "pages": "67-72",
            "other_ids": {
                "DOI": []
            }
        },
        "BIBREF8": {
            "title": "International consensus criteria for the diagnosis of Raynaud\u2019s phenomenon",
            "authors": [
                {
                    "first": "E",
                    "middle": [],
                    "last": "Maverakis",
                    "suffix": ""
                },
                {
                    "first": "F",
                    "middle": [],
                    "last": "Patel",
                    "suffix": ""
                },
                {
                    "first": "DG",
                    "middle": [],
                    "last": "Kronenberg",
                    "suffix": ""
                }
            ],
            "year": 2014,
            "venue": "J Autoimmun",
            "volume": "",
            "issn": "",
            "pages": "48-49",
            "other_ids": {
                "DOI": []
            }
        },
        "BIBREF9": {
            "title": "Thermal Disparity between Fingers after Cold-water Immersion of Hands: A Useful Indicator of Disturbed Peripheral Circulation in Raynaud Phenomenon Patients",
            "authors": [
                {
                    "first": "M",
                    "middle": [],
                    "last": "Horikoshi",
                    "suffix": ""
                },
                {
                    "first": "S",
                    "middle": [],
                    "last": "Inokuma",
                    "suffix": ""
                },
                {
                    "first": "Y",
                    "middle": [],
                    "last": "Kijima",
                    "suffix": ""
                }
            ],
            "year": 2016,
            "venue": "Intern Med",
            "volume": "55",
            "issn": "",
            "pages": "461-466",
            "other_ids": {
                "DOI": []
            }
        },
        "BIBREF10": {
            "title": "Vascular diagnostics for Raynaud\u2019s phenomenon",
            "authors": [
                {
                    "first": "G",
                    "middle": [],
                    "last": "Dinsdale",
                    "suffix": ""
                },
                {
                    "first": "A",
                    "middle": [],
                    "last": "Herrick",
                    "suffix": ""
                }
            ],
            "year": 2014,
            "venue": "J Vasc Diagn",
            "volume": "2",
            "issn": "",
            "pages": "127-139",
            "other_ids": {
                "DOI": []
            }
        },
        "BIBREF11": {
            "title": "Differential diagnosis of Raynaud\u2019s phenomenon based on modeling of finger thermoregulation",
            "authors": [
                {
                    "first": "E",
                    "middle": [],
                    "last": "Ismail",
                    "suffix": ""
                },
                {
                    "first": "G",
                    "middle": [],
                    "last": "Orlando",
                    "suffix": ""
                },
                {
                    "first": "ML",
                    "middle": [],
                    "last": "Corradini",
                    "suffix": ""
                }
            ],
            "year": 2014,
            "venue": "Physiol Meas",
            "volume": "35",
            "issn": "",
            "pages": "703-716",
            "other_ids": {
                "DOI": []
            }
        },
        "BIBREF12": {
            "title": "Digital Thermography of the Fingers and Toes in Raynaud\u2019s Phenomenon",
            "authors": [
                {
                    "first": "MJ",
                    "middle": [],
                    "last": "Lim",
                    "suffix": ""
                },
                {
                    "first": "SR",
                    "middle": [],
                    "last": "Kwon",
                    "suffix": ""
                },
                {
                    "first": "KH",
                    "middle": [],
                    "last": "Jung",
                    "suffix": ""
                }
            ],
            "year": 2014,
            "venue": "J Korean Med Sci",
            "volume": "29",
            "issn": "",
            "pages": "502-506",
            "other_ids": {
                "DOI": []
            }
        },
        "BIBREF13": {
            "title": "Noninvasive Imaging Techniques in the Assessment of Scleroderma Spectrum Disorders",
            "authors": [
                {
                    "first": "AK",
                    "middle": [],
                    "last": "Murray",
                    "suffix": ""
                },
                {
                    "first": "TL",
                    "middle": [],
                    "last": "Moore",
                    "suffix": ""
                },
                {
                    "first": "JB",
                    "middle": [],
                    "last": "Manning",
                    "suffix": ""
                }
            ],
            "year": 2009,
            "venue": "Arthritis Rheum",
            "volume": "61",
            "issn": "",
            "pages": "1103-1111",
            "other_ids": {
                "DOI": []
            }
        },
        "BIBREF14": {
            "title": "Correlation of infrared thermography and skin perfusion in Raynaud patients and in healthy controls",
            "authors": [
                {
                    "first": "O",
                    "middle": [],
                    "last": "Schlager",
                    "suffix": ""
                },
                {
                    "first": "ME",
                    "middle": [],
                    "last": "Gschwandtner",
                    "suffix": ""
                },
                {
                    "first": "K",
                    "middle": [],
                    "last": "Herberg",
                    "suffix": ""
                }
            ],
            "year": 2010,
            "venue": "Microvasc Res",
            "volume": "80",
            "issn": "",
            "pages": "54-57",
            "other_ids": {
                "DOI": []
            }
        },
        "BIBREF15": {
            "title": "Use of thermographic criteria to identify Raynaud\u2019s phenomenon in a population setting",
            "authors": [
                {
                    "first": "LF",
                    "middle": [],
                    "last": "Cherkas",
                    "suffix": ""
                },
                {
                    "first": "L",
                    "middle": [],
                    "last": "Carter",
                    "suffix": ""
                },
                {
                    "first": "TD",
                    "middle": [],
                    "last": "Spector",
                    "suffix": ""
                }
            ],
            "year": 2003,
            "venue": "J Rheumatol",
            "volume": "30",
            "issn": "",
            "pages": "720-722",
            "other_ids": {
                "DOI": []
            }
        },
        "BIBREF16": {
            "title": "Review: evidence that systemic sclerosis is a vascular disease",
            "authors": [
                {
                    "first": "M",
                    "middle": [],
                    "last": "Matucci-Cerinic",
                    "suffix": ""
                },
                {
                    "first": "B",
                    "middle": [],
                    "last": "Kahaleh",
                    "suffix": ""
                },
                {
                    "first": "FM",
                    "middle": [],
                    "last": "Wigley",
                    "suffix": ""
                }
            ],
            "year": 2013,
            "venue": "Arthritis Rheum",
            "volume": "65",
            "issn": "",
            "pages": "1953-1962",
            "other_ids": {
                "DOI": []
            }
        },
        "BIBREF17": {
            "title": "Exploring thermography: a promising tool in differentiation between infection and ischemia of the acra in systemic sclerosis",
            "authors": [
                {
                    "first": "MA",
                    "middle": [],
                    "last": "van der Weijden",
                    "suffix": ""
                },
                {
                    "first": "LM",
                    "middle": [],
                    "last": "van Vugt",
                    "suffix": ""
                },
                {
                    "first": "D",
                    "middle": [],
                    "last": "Valk",
                    "suffix": ""
                }
            ],
            "year": 2016,
            "venue": "Int J Rheum Dis",
            "volume": "",
            "issn": "",
            "pages": null,
            "other_ids": {
                "DOI": [
                    "10.1111/1756-185X.12859"
                ]
            }
        },
        "BIBREF18": {
            "title": "Preliminary thermographic evaluation of new nitroglycerine tape on the peripheral circulatory disturbance in systemic sclerosis",
            "authors": [
                {
                    "first": "C",
                    "middle": [],
                    "last": "Kan",
                    "suffix": ""
                },
                {
                    "first": "S",
                    "middle": [],
                    "last": "Akimoto",
                    "suffix": ""
                },
                {
                    "first": "M",
                    "middle": [],
                    "last": "Abe",
                    "suffix": ""
                }
            ],
            "year": 2002,
            "venue": "Ann Rheum Dis",
            "volume": "61",
            "issn": "",
            "pages": "177-179",
            "other_ids": {
                "DOI": []
            }
        },
        "BIBREF19": {
            "title": "Thermographic Abnormalities are Associated with Future Digital Ulcers and Death in Patients with Systemic Sclerosis",
            "authors": [
                {
                    "first": "M",
                    "middle": [],
                    "last": "Hughes",
                    "suffix": ""
                },
                {
                    "first": "J",
                    "middle": [],
                    "last": "Wilkinson",
                    "suffix": ""
                },
                {
                    "first": "T",
                    "middle": [],
                    "last": "Moore",
                    "suffix": ""
                }
            ],
            "year": 2016,
            "venue": "J Rheumatol",
            "volume": "43",
            "issn": "",
            "pages": "1519-1522",
            "other_ids": {
                "DOI": []
            }
        },
        "BIBREF20": {
            "title": "Use of infrared thermography as an endpoint in therapeutic trials of Raynaud\u2019s phenomenon and systemic sclerosis",
            "authors": [
                {
                    "first": "JD",
                    "middle": [],
                    "last": "Pauling",
                    "suffix": ""
                },
                {
                    "first": "JA",
                    "middle": [],
                    "last": "Shipley",
                    "suffix": ""
                },
                {
                    "first": "ND",
                    "middle": [],
                    "last": "Harris",
                    "suffix": ""
                }
            ],
            "year": 2012,
            "venue": "Clin Exp Rheumatol",
            "volume": "30",
            "issn": "",
            "pages": "103-115",
            "other_ids": {
                "DOI": []
            }
        },
        "BIBREF21": {
            "title": "Improving the accuracy of infrared measurements of skin temperature",
            "authors": [
                {
                    "first": "A",
                    "middle": [],
                    "last": "Curran",
                    "suffix": ""
                },
                {
                    "first": "M",
                    "middle": [],
                    "last": "Klein",
                    "suffix": ""
                },
                {
                    "first": "M",
                    "middle": [],
                    "last": "Hepokoski",
                    "suffix": ""
                }
            ],
            "year": 2015,
            "venue": "Extreme Physiol Med",
            "volume": "4",
            "issn": "Suppl 1",
            "pages": null,
            "other_ids": {
                "DOI": []
            }
        },
        "BIBREF22": {
            "title": "Use of smartphone attached mobile thermography assessing subclinical inflammation: a pilot study",
            "authors": [
                {
                    "first": "T",
                    "middle": [],
                    "last": "Kanazawa",
                    "suffix": ""
                },
                {
                    "first": "G",
                    "middle": [],
                    "last": "Nakagami",
                    "suffix": ""
                },
                {
                    "first": "T",
                    "middle": [],
                    "last": "Goto",
                    "suffix": ""
                }
            ],
            "year": 2016,
            "venue": "J Wound Care",
            "volume": "25",
            "issn": "",
            "pages": "177-180",
            "other_ids": {
                "DOI": []
            }
        },
        "BIBREF23": {
            "title": "Nailfold Videocapillaroscopy Alterations in Dermatomyositis and Systemic Sclerosis: Toward Identification of a Specific Pattern",
            "authors": [
                {
                    "first": "A",
                    "middle": [],
                    "last": "Manfredi",
                    "suffix": ""
                },
                {
                    "first": "M",
                    "middle": [],
                    "last": "Sebastiani",
                    "suffix": ""
                },
                {
                    "first": "F",
                    "middle": [],
                    "last": "Campomori",
                    "suffix": ""
                }
            ],
            "year": 2016,
            "venue": "J Rheumatol",
            "volume": "43",
            "issn": "",
            "pages": "1575-1580",
            "other_ids": {
                "DOI": []
            }
        }
    }
}