{
    "paper_id": "PMC5123214",
    "metadata": {
        "title": "Isolation and characterization of adenoviruses infecting endangered golden snub-nosed monkeys (Rhinopithecus roxellana)",
        "authors": [
            {
                "first": "Bing",
                "middle": [],
                "last": "Tan",
                "suffix": "",
                "email": null,
                "affiliation": {}
            },
            {
                "first": "Li-Jun",
                "middle": [],
                "last": "Wu",
                "suffix": "",
                "email": null,
                "affiliation": {}
            },
            {
                "first": "Xing-Lou",
                "middle": [],
                "last": "Yang",
                "suffix": "",
                "email": null,
                "affiliation": {}
            },
            {
                "first": "Bei",
                "middle": [],
                "last": "Li",
                "suffix": "",
                "email": null,
                "affiliation": {}
            },
            {
                "first": "Wei",
                "middle": [],
                "last": "Zhang",
                "suffix": "",
                "email": null,
                "affiliation": {}
            },
            {
                "first": "Yong-Song",
                "middle": [],
                "last": "Lei",
                "suffix": "",
                "email": null,
                "affiliation": {}
            },
            {
                "first": "Yong",
                "middle": [],
                "last": "Li",
                "suffix": "",
                "email": null,
                "affiliation": {}
            },
            {
                "first": "Guo-Xiang",
                "middle": [],
                "last": "Yang",
                "suffix": "",
                "email": null,
                "affiliation": {}
            },
            {
                "first": "Jing",
                "middle": [],
                "last": "Chen",
                "suffix": "",
                "email": null,
                "affiliation": {}
            },
            {
                "first": "Guang",
                "middle": [],
                "last": "Chen",
                "suffix": "",
                "email": null,
                "affiliation": {}
            },
            {
                "first": "Han-Zhong",
                "middle": [],
                "last": "Wang",
                "suffix": "",
                "email": null,
                "affiliation": {}
            },
            {
                "first": "Zheng-Li",
                "middle": [],
                "last": "Shi",
                "suffix": "",
                "email": "zlshi@wh.iov.cn",
                "affiliation": {}
            }
        ]
    },
    "body_text": [
        {
            "text": "Within the family Adenoviridae, the genus Mastadenovirus contains a group of non-enveloped icosahedral viruses that range in size from 70 to 90 nm and contain a linear double-stranded DNA genome of approximate 35 kb [1]. Members of this genus are pathogens that infect a wide range of mammals. In humans, adenoviruses (AdVs) cause a variety of pathologies including acute respiratory illness, epidemic keratoconjunctivitis, acute haemorrhagic cystitis, hepatitis, myocarditis, and gastroenteritis [2]. Although usually self-limiting, AdV infection may induce serious morbidity and mortality, especially in immunocompromised patients and transplant recipients [3]. Similarly, AdVs have been associated with diarrhea, acute respiratory illness, pneumonia, and hepatitis in captive non-human primates [4\u20136]. In 2009, an outbreak of AdV-infection led to 83% fatality in titi monkeys of the genus Callicebus, a group of New World monkeys [6]. Notably, neutralizing antibodies against this titi monkey mastadenovirus were detected in two human individuals, indicating the potential for zoonotic transmission. Several other cases of potential AdV transmission between humans and non-human primates have also been documented recently [7\u20139].",
            "cite_spans": [
                {
                    "start": 217,
                    "end": 218,
                    "mention": "1",
                    "ref_id": "BIBREF0"
                },
                {
                    "start": 498,
                    "end": 499,
                    "mention": "2",
                    "ref_id": "BIBREF11"
                },
                {
                    "start": 660,
                    "end": 661,
                    "mention": "3",
                    "ref_id": "BIBREF18"
                },
                {
                    "start": 799,
                    "end": 800,
                    "mention": "4",
                    "ref_id": "BIBREF19"
                },
                {
                    "start": 801,
                    "end": 802,
                    "mention": "6",
                    "ref_id": "BIBREF21"
                },
                {
                    "start": 934,
                    "end": 935,
                    "mention": "6",
                    "ref_id": "BIBREF21"
                },
                {
                    "start": 1227,
                    "end": 1228,
                    "mention": "7",
                    "ref_id": "BIBREF22"
                },
                {
                    "start": 1229,
                    "end": 1230,
                    "mention": "9",
                    "ref_id": "BIBREF24"
                }
            ],
            "section": "Body of text",
            "ref_spans": []
        },
        {
            "text": "To date, at least 40 distinct types of simian adenoviruses (SAdVs) have been reported. Most of them infect captive great apes and members of the subfamily Cercopithecinae [10, 11]. SAdVs that infect great apes are closely related to types that infect humans, which belong to the species Human mastadenovirus A to Human mastadenovirus F (HAdV-A-F) (primarily B, C, and E) [8, 11]; those infecting the Cercopithecinae members have been classified into HAdV-G, species Simian mastadenovirus A (SAdV-A), and the recently proposed species SAdV-B-H [1, 12, 13]. It should be noted that the group of Old World monkeys (OWMs) comprises two subfamilies, the Cercopithecinae and the Colobinae; however, knowledge of AdVs from the latter sub-group remains quite limited. Only a few short sequences of AdV DNA have been reported in this subfamily [11].",
            "cite_spans": [
                {
                    "start": 172,
                    "end": 174,
                    "mention": "10",
                    "ref_id": "BIBREF1"
                },
                {
                    "start": 176,
                    "end": 178,
                    "mention": "11",
                    "ref_id": "BIBREF2"
                },
                {
                    "start": 372,
                    "end": 373,
                    "mention": "8",
                    "ref_id": "BIBREF23"
                },
                {
                    "start": 375,
                    "end": 377,
                    "mention": "11",
                    "ref_id": "BIBREF2"
                },
                {
                    "start": 544,
                    "end": 545,
                    "mention": "1",
                    "ref_id": "BIBREF0"
                },
                {
                    "start": 547,
                    "end": 549,
                    "mention": "12",
                    "ref_id": "BIBREF3"
                },
                {
                    "start": 551,
                    "end": 553,
                    "mention": "13",
                    "ref_id": "BIBREF4"
                },
                {
                    "start": 836,
                    "end": 838,
                    "mention": "11",
                    "ref_id": "BIBREF2"
                }
            ],
            "section": "Body of text",
            "ref_spans": []
        },
        {
            "text": "Golden snub-nosed monkeys (Rhinopithecus roxellana) living in Shennongjia Nature Reserve (SNR) in Hubei, China, are an endangered species belonging to the subfamily Colobinae [14]. Visitors to SNR have close contact with monkeys, which are fed by animal nurses in the reserve area; this raises the possibility of viral transmission between humans and monkeys. However, despite the extensive efforts to protect these monkeys from being endangered, viruses infecting these animals are poorly studied.",
            "cite_spans": [
                {
                    "start": 176,
                    "end": 178,
                    "mention": "14",
                    "ref_id": "BIBREF5"
                }
            ],
            "section": "Body of text",
            "ref_spans": []
        },
        {
            "text": "In this study, we conducted a surveillance of viral infections in 59 faecal samples from R. roxellana collected from SNR in 2014. Pan-PCR analysis was performed to detect the presence of AdVs, coronaviruses, enteroviruses, mammalian reoviruses, and rhinoviruses [15\u201317]. Except the 3 samples that tested positive for AdV, all samples were negative for the tested viruses. The virus strain in the 3 positive samples shared 100% nucleotide identity, based on the 261-bp DNA polymerase gene sequences. One of them was successfully isolated and cultured in Vero E6 cells (Fig. 1) and its full-length genome was sequenced. Following the order of viruses isolated in our laboratory at Wuhan Institute of Virology (WIV), we tentatively named this isolate as simian adenovirus WIV19 (SAdV WIV19).\n",
            "cite_spans": [
                {
                    "start": 263,
                    "end": 265,
                    "mention": "15",
                    "ref_id": "BIBREF6"
                },
                {
                    "start": 266,
                    "end": 268,
                    "mention": "17",
                    "ref_id": "BIBREF8"
                }
            ],
            "section": "Body of text",
            "ref_spans": [
                {
                    "start": 573,
                    "end": 574,
                    "mention": "1",
                    "ref_id": "FIGREF0"
                }
            ]
        },
        {
            "text": "The WIV19 genome comprises 33,562 bp, including 22.10% A, 28.31% C, 27.92% G, and 21.67% T (GenBank accession number KX505867) (Fig. 2). Its 95-bp extreme ends are inversely repeated, and start with the conserved motif CATCATCAAT [18]. The genome was predicted to encode 34 proteins and a virus-associated RNA (Fig. 2). Although some primate AdVs are known to encode two fibre genes, only one copy was identified in the genome of WIV19. Similarly, a single gene of non-coding virus-associated RNA was identified between the second exon of pTP and the 52K gene. Except for the absence of the E3 12.5K gene, organization of the WIV19 genome was identical to that of SAdV-A and G isolates infecting OWMs.\n",
            "cite_spans": [
                {
                    "start": 231,
                    "end": 233,
                    "mention": "18",
                    "ref_id": "BIBREF9"
                }
            ],
            "section": "Body of text",
            "ref_spans": [
                {
                    "start": 133,
                    "end": 134,
                    "mention": "2",
                    "ref_id": "FIGREF1"
                },
                {
                    "start": 316,
                    "end": 317,
                    "mention": "2",
                    "ref_id": "FIGREF1"
                }
            ]
        },
        {
            "text": "The putative gene products of the WIV19 genome displayed 22\u201391% amino acid (aa) identities to their closest homologues encoded by members of SAdV-A (Additional file 1: Table S1). Most genes displayed >85% aa identity with those encoding structural proteins, including pIIIa, penton base, pVII, pVI, pVIII, and hexon. By contrast, fibre protein showed only 32% aa identity to its closest homologue, which may suggest distinct infectivity in vivo due to its critical role in host cell binding [19]. DNA polymerase is usually used for classification of AdV [1]. Based on analysis of sequences of this gene, WIV19 displayed the highest aa identity (77%) to SAdV-3, suggesting that it is a distinct species.",
            "cite_spans": [
                {
                    "start": 492,
                    "end": 494,
                    "mention": "19",
                    "ref_id": "BIBREF10"
                },
                {
                    "start": 555,
                    "end": 556,
                    "mention": "1",
                    "ref_id": "BIBREF0"
                }
            ],
            "section": "Body of text",
            "ref_spans": []
        },
        {
            "text": "Comparison of protein sequence similarities suggested that WIV19 is distantly related to OWM AdVs. Phylogenetic trees were constructed for better evaluation of the evolutionary relationship between WIV19 and the reported AdVs. Consistently, WIV19 formed a separate branch closer to a common ancestor of SAdV-A and G based on analyses of both DNA polymerase and penton base sequences (Fig. 3a, b). When we used the partial hexon sequences available in all OWM types, a common ancestor of three Colobinae types (JN163998, JN163999, and JN163996) was identified as the nearest neighbor to WIV19 (Fig. 3c). These observations suggested coevolution between WIV19 and golden snub-nosed monkeys.\n",
            "cite_spans": [],
            "section": "Body of text",
            "ref_spans": [
                {
                    "start": 389,
                    "end": 394,
                    "mention": "3a, b",
                    "ref_id": "FIGREF2"
                },
                {
                    "start": 598,
                    "end": 600,
                    "mention": "3c",
                    "ref_id": "FIGREF2"
                }
            ]
        },
        {
            "text": "Homologous recombination has been demonstrated to be an important evolutionary mechanism for AdVs, especially for HAdV-D members [20]. However, no signals of recombination were identified in the WIV19 genome, using RPD4 and SimPlot software [21, 22].",
            "cite_spans": [
                {
                    "start": 130,
                    "end": 132,
                    "mention": "20",
                    "ref_id": "BIBREF12"
                },
                {
                    "start": 242,
                    "end": 244,
                    "mention": "21",
                    "ref_id": "BIBREF13"
                },
                {
                    "start": 246,
                    "end": 248,
                    "mention": "22",
                    "ref_id": "BIBREF14"
                }
            ],
            "section": "Body of text",
            "ref_spans": []
        },
        {
            "text": "For investigating the antibody prevalence against the AdV infection, virus neutralization assay was performed using archived serum samples collected from 8 golden snub-nosed monkeys in SNR [23]. As a result, cross-neutralizing antibodies against WIV19 were identified in all the 8 samples at titers ranging from 40 to 160.",
            "cite_spans": [
                {
                    "start": 190,
                    "end": 192,
                    "mention": "23",
                    "ref_id": "BIBREF15"
                }
            ],
            "section": "Body of text",
            "ref_spans": []
        },
        {
            "text": "The potential host range of WIV19 was evaluated using cell infectivity assays. Seven cell lines were tested: A549 (human lung, ATCC CRM-CCL-185), HEK-293 T (human embryonic kidney, ATCC CRL-11268), NCI-H292 (human lung, ATCC CRL-1848), LLC-MK2 (Macaca mulatta kidney, ATCC CCL-7), MsIn (Miniopterus schreibersi intestine), RlKi (Rousettus leschenaulti kidney), and RsKi (Rhinolophus sinicus kidney) [24]. Cytopathic effects were observed in LLC-MK2, RsKi, and all three human cell lines, indicating that WIV19 has a wide host range.",
            "cite_spans": [
                {
                    "start": 400,
                    "end": 402,
                    "mention": "24",
                    "ref_id": "BIBREF16"
                }
            ],
            "section": "Body of text",
            "ref_spans": []
        },
        {
            "text": "In conclusion, we described here the first isolation and characterization of a replication-competent AdV from monkeys in the subfamily Colobinae. The cumulative prevalence of AdV in endangered golden snub-nosed monkeys from SNR was found to be 5.1%. The present isolate from these monkeys is distantly related to known AdV types, and likely represents a novel species in the genus Mastadenovirus. Its ability to infect diverse cell lines, including those of human origin, highlights the potential risk of new and emerging infections in tourists visiting SNR. Result from the virus neutralization assay suggested that the infections of WIV19 may be highly prevalent in these monkeys. Further studies are required to determine its host range and role in causing disease in both golden snub-nosed monkeys and humans. Long-term surveillance of viral prevalence in this region should be conducted in the future.",
            "cite_spans": [],
            "section": "Body of text",
            "ref_spans": []
        }
    ],
    "ref_entries": {
        "FIGREF0": {
            "text": "Fig. 1: Isolation of a simian adenovirus. a Uninfected Vero E6 cells. b Infected Vero E6 cells (second passage) inoculated with an adenovirus-positive sample at 72 h post infection. c Electron microscopy of purified adenoviral particles",
            "type": "figure"
        },
        "FIGREF1": {
            "text": "Fig. 2: Genomic characterization of SAdV-WIV19. The genome of SAdV-WIV19 is represented by the double line, with the scale indicated in the center. Viral genes and ITR sequences are shown as arrows and rectangles, respectively. Coding regions linked with broken lines indicate predicted spliced transcripts. The E3 and E4 genes are shown in black and white, respectively. With the exception of the 34K gene, the E4 genes are indicated by numbers of the corresponding open reading frames. Note that the genomic organization of WIV19 is similar to that shared by SAdV-A and G members, except that WIV19 lacks the E3 12.5K gene",
            "type": "figure"
        },
        "FIGREF2": {
            "text": "Fig. 3: Phylogenetic analysis based on the full-length amino acid sequences of DNA polymerase (a) and penton base (b) and partial nucleotide sequences of the hexon genes (c). Diamonds indicate the virus isolated in this study. Dots indicate adenoviruses from the subfamily Colobinae. HAdV, human adenovirus; SAdV, simian adenovirus; TMAdV, titi monkey adenovirus. In the partial hexon tree, adenoviruses infecting Old World monkeys are indicated by the GenBank accession numbers, followed by host species and type names (selected). \u201cXX M.f.,\u201d \u201cXX M.m.,\u201d and \u201cXX M.n.\u201d (XX = sample number) indicate Chinese strains identified by Banyai, K., et al.; and M.m., M.f., and M.n. indicate the host species of Maccaca mulatta, M. fascicularis, and M. nemestrina, respectively [25]. C. mona, Cercopithecus mona; C. aethiops, Chlorocebus aethiops; C. guereza, Colobus guereza; P. cynocephalus, Papio cynocephalus; P. h. anubis, Papio hamadryas anubis; P. badius, Piliocolobus badius. The phylogenetic trees were constructed using the program MEGA, version 6.0, using the neighbor-joining method with 1,000 bootstrap replicates. Percentage bootstrap values >50 are indicated at the nodes. Scale bars indicate evolutionary distance",
            "type": "figure"
        }
    },
    "back_matter": [],
    "bib_entries": {
        "BIBREF0": {
            "title": "Family Adenoviridae",
            "authors": [
                {
                    "first": "B",
                    "middle": [],
                    "last": "Harrach",
                    "suffix": ""
                },
                {
                    "first": "M",
                    "middle": [],
                    "last": "Benk\u00f6",
                    "suffix": ""
                },
                {
                    "first": "GW",
                    "middle": [],
                    "last": "Both",
                    "suffix": ""
                },
                {
                    "first": "M",
                    "middle": [],
                    "last": "Brown",
                    "suffix": ""
                },
                {
                    "first": "AJ",
                    "middle": [],
                    "last": "Davison",
                    "suffix": ""
                },
                {
                    "first": "M",
                    "middle": [],
                    "last": "Echavarr\u00eda",
                    "suffix": ""
                },
                {
                    "first": "M",
                    "middle": [],
                    "last": "Hess",
                    "suffix": ""
                },
                {
                    "first": "MS",
                    "middle": [],
                    "last": "Jones",
                    "suffix": ""
                },
                {
                    "first": "A",
                    "middle": [],
                    "last": "Kajon",
                    "suffix": ""
                },
                {
                    "first": "HD",
                    "middle": [],
                    "last": "Lehmkuhl",
                    "suffix": ""
                }
            ],
            "year": 2011,
            "venue": "Virus Taxonomy: Classification and Nomenclature of Viruses: Ninth Report of the International Committee on Taxonomy of Viruses",
            "volume": "",
            "issn": "",
            "pages": "125-41",
            "other_ids": {
                "DOI": []
            }
        },
        "BIBREF1": {
            "title": "Adenovirus and herpesvirus diversity in free-ranging great apes in the Sangha region of the Republic Of Congo",
            "authors": [
                {
                    "first": "TA",
                    "middle": [],
                    "last": "Seimon",
                    "suffix": ""
                },
                {
                    "first": "SH",
                    "middle": [],
                    "last": "Olson",
                    "suffix": ""
                },
                {
                    "first": "KJ",
                    "middle": [],
                    "last": "Lee",
                    "suffix": ""
                },
                {
                    "first": "G",
                    "middle": [],
                    "last": "Rosen",
                    "suffix": ""
                },
                {
                    "first": "A",
                    "middle": [],
                    "last": "Ondzie",
                    "suffix": ""
                },
                {
                    "first": "K",
                    "middle": [],
                    "last": "Cameron",
                    "suffix": ""
                },
                {
                    "first": "P",
                    "middle": [],
                    "last": "Reed",
                    "suffix": ""
                },
                {
                    "first": "SJ",
                    "middle": [],
                    "last": "Anthony",
                    "suffix": ""
                },
                {
                    "first": "DO",
                    "middle": [],
                    "last": "Joly",
                    "suffix": ""
                },
                {
                    "first": "WB",
                    "middle": [],
                    "last": "Karesh",
                    "suffix": ""
                }
            ],
            "year": 2015,
            "venue": "PLoS One",
            "volume": "10",
            "issn": "",
            "pages": null,
            "other_ids": {
                "DOI": [
                    "10.1371/journal.pone.0118543"
                ]
            }
        },
        "BIBREF2": {
            "title": "Novel adenoviruses in wild primates: a high level of genetic diversity and evidence of zoonotic transmissions",
            "authors": [
                {
                    "first": "D",
                    "middle": [],
                    "last": "Wevers",
                    "suffix": ""
                },
                {
                    "first": "S",
                    "middle": [],
                    "last": "Metzger",
                    "suffix": ""
                },
                {
                    "first": "F",
                    "middle": [],
                    "last": "Babweteera",
                    "suffix": ""
                },
                {
                    "first": "M",
                    "middle": [],
                    "last": "Bieberbach",
                    "suffix": ""
                },
                {
                    "first": "C",
                    "middle": [],
                    "last": "Boesch",
                    "suffix": ""
                },
                {
                    "first": "K",
                    "middle": [],
                    "last": "Cameron",
                    "suffix": ""
                },
                {
                    "first": "E",
                    "middle": [],
                    "last": "Couacy-Hymann",
                    "suffix": ""
                },
                {
                    "first": "M",
                    "middle": [],
                    "last": "Cranfield",
                    "suffix": ""
                },
                {
                    "first": "M",
                    "middle": [],
                    "last": "Gray",
                    "suffix": ""
                },
                {
                    "first": "LA",
                    "middle": [],
                    "last": "Harris",
                    "suffix": ""
                }
            ],
            "year": 2011,
            "venue": "J Virol",
            "volume": "85",
            "issn": "",
            "pages": "10774-84",
            "other_ids": {
                "DOI": [
                    "10.1128/JVI.00810-11"
                ]
            }
        },
        "BIBREF3": {
            "title": "Taxonomy proposal for Old World monkey adenoviruses: characterisation of several non-human, non-ape primate adenovirus lineages",
            "authors": [
                {
                    "first": "L",
                    "middle": [],
                    "last": "Panto",
                    "suffix": ""
                },
                {
                    "first": "II",
                    "middle": [],
                    "last": "Podgorski",
                    "suffix": ""
                },
                {
                    "first": "M",
                    "middle": [],
                    "last": "Janoska",
                    "suffix": ""
                },
                {
                    "first": "O",
                    "middle": [],
                    "last": "Marko",
                    "suffix": ""
                },
                {
                    "first": "B",
                    "middle": [],
                    "last": "Harrach",
                    "suffix": ""
                }
            ],
            "year": 2015,
            "venue": "Arch Virol",
            "volume": "160",
            "issn": "",
            "pages": "3165-77",
            "other_ids": {
                "DOI": [
                    "10.1007/s00705-015-2575-z"
                ]
            }
        },
        "BIBREF4": {
            "title": "Genome analysis of four Old World monkey adenoviruses supports the proposed species classification of primate adenoviruses and reveals signs of possible homologous recombination",
            "authors": [
                {
                    "first": "II",
                    "middle": [],
                    "last": "Podgorski",
                    "suffix": ""
                },
                {
                    "first": "L",
                    "middle": [],
                    "last": "Panto",
                    "suffix": ""
                },
                {
                    "first": "T",
                    "middle": [],
                    "last": "Papp",
                    "suffix": ""
                },
                {
                    "first": "B",
                    "middle": [],
                    "last": "Harrach",
                    "suffix": ""
                },
                {
                    "first": "M",
                    "middle": [],
                    "last": "Benko",
                    "suffix": ""
                }
            ],
            "year": 2016,
            "venue": "J Gen Virol",
            "volume": "97",
            "issn": "",
            "pages": "1604-14",
            "other_ids": {
                "DOI": [
                    "10.1099/jgv.0.000465"
                ]
            }
        },
        "BIBREF5": {
            "title": "",
            "authors": [
                {
                    "first": "L",
                    "middle": [],
                    "last": "Yongcheng",
                    "suffix": ""
                },
                {
                    "first": "M",
                    "middle": [],
                    "last": "Richardson",
                    "suffix": ""
                }
            ],
            "year": 2008,
            "venue": "Rhinopithecus roxellana",
            "volume": "",
            "issn": "",
            "pages": null,
            "other_ids": {
                "DOI": []
            }
        },
        "BIBREF6": {
            "title": "Host range, prevalence, and genetic diversity of adenoviruses in bats",
            "authors": [
                {
                    "first": "Y",
                    "middle": [],
                    "last": "Li",
                    "suffix": ""
                },
                {
                    "first": "X",
                    "middle": [],
                    "last": "Ge",
                    "suffix": ""
                },
                {
                    "first": "H",
                    "middle": [],
                    "last": "Zhang",
                    "suffix": ""
                },
                {
                    "first": "P",
                    "middle": [],
                    "last": "Zhou",
                    "suffix": ""
                },
                {
                    "first": "Y",
                    "middle": [],
                    "last": "Zhu",
                    "suffix": ""
                },
                {
                    "first": "Y",
                    "middle": [],
                    "last": "Zhang",
                    "suffix": ""
                },
                {
                    "first": "J",
                    "middle": [],
                    "last": "Yuan",
                    "suffix": ""
                },
                {
                    "first": "LF",
                    "middle": [],
                    "last": "Wang",
                    "suffix": ""
                },
                {
                    "first": "Z",
                    "middle": [],
                    "last": "Shi",
                    "suffix": ""
                }
            ],
            "year": 2010,
            "venue": "J Virol",
            "volume": "84",
            "issn": "",
            "pages": "3889-97",
            "other_ids": {
                "DOI": [
                    "10.1128/JVI.02497-09"
                ]
            }
        },
        "BIBREF7": {
            "title": "Simultaneous detection of fourteen respiratory viruses in clinical specimens by two multiplex reverse transcription nested-PCR assays",
            "authors": [
                {
                    "first": "MT",
                    "middle": [],
                    "last": "Coiras",
                    "suffix": ""
                },
                {
                    "first": "JC",
                    "middle": [],
                    "last": "Aguilar",
                    "suffix": ""
                },
                {
                    "first": "ML",
                    "middle": [],
                    "last": "Garcia",
                    "suffix": ""
                },
                {
                    "first": "I",
                    "middle": [],
                    "last": "Casas",
                    "suffix": ""
                },
                {
                    "first": "P",
                    "middle": [],
                    "last": "Perez-Brena",
                    "suffix": ""
                }
            ],
            "year": 2004,
            "venue": "J Med Virol",
            "volume": "72",
            "issn": "",
            "pages": "484-95",
            "other_ids": {
                "DOI": [
                    "10.1002/jmv.20008"
                ]
            }
        },
        "BIBREF8": {
            "title": "Isolation and identification of bat viruses closely related to human, porcine, and mink orthoreoviruses",
            "authors": [
                {
                    "first": "XL",
                    "middle": [],
                    "last": "Yang",
                    "suffix": ""
                },
                {
                    "first": "B",
                    "middle": [],
                    "last": "Tan",
                    "suffix": ""
                },
                {
                    "first": "B",
                    "middle": [],
                    "last": "Wang",
                    "suffix": ""
                },
                {
                    "first": "W",
                    "middle": [],
                    "last": "Li",
                    "suffix": ""
                },
                {
                    "first": "N",
                    "middle": [],
                    "last": "Wang",
                    "suffix": ""
                },
                {
                    "first": "CM",
                    "middle": [],
                    "last": "Luo",
                    "suffix": ""
                },
                {
                    "first": "MN",
                    "middle": [],
                    "last": "Wang",
                    "suffix": ""
                },
                {
                    "first": "W",
                    "middle": [],
                    "last": "Zhang",
                    "suffix": ""
                },
                {
                    "first": "B",
                    "middle": [],
                    "last": "Li",
                    "suffix": ""
                },
                {
                    "first": "C",
                    "middle": [],
                    "last": "Peng",
                    "suffix": ""
                }
            ],
            "year": 2015,
            "venue": "J Gen Virol",
            "volume": "96",
            "issn": "",
            "pages": "3525-31",
            "other_ids": {
                "DOI": [
                    "10.1099/jgv.0.000314"
                ]
            }
        },
        "BIBREF9": {
            "title": "Genomic analyses of recombinant adenovirus type 11a in China",
            "authors": [
                {
                    "first": "Z",
                    "middle": [],
                    "last": "Yang",
                    "suffix": ""
                },
                {
                    "first": "Z",
                    "middle": [],
                    "last": "Zhu",
                    "suffix": ""
                },
                {
                    "first": "L",
                    "middle": [],
                    "last": "Tang",
                    "suffix": ""
                },
                {
                    "first": "L",
                    "middle": [],
                    "last": "Wang",
                    "suffix": ""
                },
                {
                    "first": "X",
                    "middle": [],
                    "last": "Tan",
                    "suffix": ""
                },
                {
                    "first": "P",
                    "middle": [],
                    "last": "Yu",
                    "suffix": ""
                },
                {
                    "first": "Y",
                    "middle": [],
                    "last": "Zhang",
                    "suffix": ""
                },
                {
                    "first": "X",
                    "middle": [],
                    "last": "Tian",
                    "suffix": ""
                },
                {
                    "first": "J",
                    "middle": [],
                    "last": "Wang",
                    "suffix": ""
                },
                {
                    "first": "D",
                    "middle": [],
                    "last": "Li",
                    "suffix": ""
                },
                {
                    "first": "W",
                    "middle": [],
                    "last": "Xu",
                    "suffix": ""
                }
            ],
            "year": 2009,
            "venue": "J Clin Microbiol",
            "volume": "47",
            "issn": "",
            "pages": "3082-90",
            "other_ids": {
                "DOI": [
                    "10.1128/JCM.00282-09"
                ]
            }
        },
        "BIBREF10": {
            "title": "Structural studies on adenoviruses",
            "authors": [
                {
                    "first": "C",
                    "middle": [],
                    "last": "San Martin",
                    "suffix": ""
                },
                {
                    "first": "RM",
                    "middle": [],
                    "last": "Burnett",
                    "suffix": ""
                }
            ],
            "year": 2003,
            "venue": "Curr Top Microbiol Immunol",
            "volume": "272",
            "issn": "",
            "pages": "57-94",
            "other_ids": {
                "DOI": []
            }
        },
        "BIBREF11": {
            "title": "Human adenovirus: Viral pathogen with increasing importance",
            "authors": [
                {
                    "first": "B",
                    "middle": [],
                    "last": "Ghebremedhin",
                    "suffix": ""
                }
            ],
            "year": 2014,
            "venue": "Eur J Microbiol Immunol (Bp)",
            "volume": "4",
            "issn": "",
            "pages": "26-33",
            "other_ids": {
                "DOI": [
                    "10.1556/EuJMI.4.2014.1.2"
                ]
            }
        },
        "BIBREF12": {
            "title": "Homologous recombination in E3 genes of human adenovirus species D",
            "authors": [
                {
                    "first": "G",
                    "middle": [],
                    "last": "Singh",
                    "suffix": ""
                },
                {
                    "first": "CM",
                    "middle": [],
                    "last": "Robinson",
                    "suffix": ""
                },
                {
                    "first": "S",
                    "middle": [],
                    "last": "Dehghan",
                    "suffix": ""
                },
                {
                    "first": "MS",
                    "middle": [],
                    "last": "Jones",
                    "suffix": ""
                },
                {
                    "first": "DW",
                    "middle": [],
                    "last": "Dyer",
                    "suffix": ""
                },
                {
                    "first": "D",
                    "middle": [],
                    "last": "Seto",
                    "suffix": ""
                },
                {
                    "first": "J",
                    "middle": [],
                    "last": "Chodosh",
                    "suffix": ""
                }
            ],
            "year": 2013,
            "venue": "J Virol",
            "volume": "87",
            "issn": "",
            "pages": "12481-8",
            "other_ids": {
                "DOI": [
                    "10.1128/JVI.01927-13"
                ]
            }
        },
        "BIBREF13": {
            "title": "Full-length human immunodeficiency virus type 1 genomes from subtype C-infected seroconverters in India, with evidence of intersubtype recombination",
            "authors": [
                {
                    "first": "KS",
                    "middle": [],
                    "last": "Lole",
                    "suffix": ""
                },
                {
                    "first": "RC",
                    "middle": [],
                    "last": "Bollinger",
                    "suffix": ""
                },
                {
                    "first": "RS",
                    "middle": [],
                    "last": "Paranjape",
                    "suffix": ""
                },
                {
                    "first": "D",
                    "middle": [],
                    "last": "Gadkari",
                    "suffix": ""
                },
                {
                    "first": "SS",
                    "middle": [],
                    "last": "Kulkarni",
                    "suffix": ""
                },
                {
                    "first": "NG",
                    "middle": [],
                    "last": "Novak",
                    "suffix": ""
                },
                {
                    "first": "R",
                    "middle": [],
                    "last": "Ingersoll",
                    "suffix": ""
                },
                {
                    "first": "HW",
                    "middle": [],
                    "last": "Sheppard",
                    "suffix": ""
                },
                {
                    "first": "SC",
                    "middle": [],
                    "last": "Ray",
                    "suffix": ""
                }
            ],
            "year": 1999,
            "venue": "J Virol",
            "volume": "73",
            "issn": "",
            "pages": "152-60",
            "other_ids": {
                "DOI": []
            }
        },
        "BIBREF14": {
            "title": "RDP2: recombination detection and analysis from sequence alignments",
            "authors": [
                {
                    "first": "DP",
                    "middle": [],
                    "last": "Martin",
                    "suffix": ""
                },
                {
                    "first": "C",
                    "middle": [],
                    "last": "Williamson",
                    "suffix": ""
                },
                {
                    "first": "D",
                    "middle": [],
                    "last": "Posada",
                    "suffix": ""
                }
            ],
            "year": 2005,
            "venue": "Bioinformatics",
            "volume": "21",
            "issn": "",
            "pages": "260-2",
            "other_ids": {
                "DOI": [
                    "10.1093/bioinformatics/bth490"
                ]
            }
        },
        "BIBREF15": {
            "title": "Isolation and characterization of a bat SARS-like coronavirus that uses the ACE2 receptor",
            "authors": [
                {
                    "first": "XY",
                    "middle": [],
                    "last": "Ge",
                    "suffix": ""
                },
                {
                    "first": "JL",
                    "middle": [],
                    "last": "Li",
                    "suffix": ""
                },
                {
                    "first": "XL",
                    "middle": [],
                    "last": "Yang",
                    "suffix": ""
                },
                {
                    "first": "AA",
                    "middle": [],
                    "last": "Chmura",
                    "suffix": ""
                },
                {
                    "first": "G",
                    "middle": [],
                    "last": "Zhu",
                    "suffix": ""
                },
                {
                    "first": "JH",
                    "middle": [],
                    "last": "Epstein",
                    "suffix": ""
                },
                {
                    "first": "JK",
                    "middle": [],
                    "last": "Mazet",
                    "suffix": ""
                },
                {
                    "first": "B",
                    "middle": [],
                    "last": "Hu",
                    "suffix": ""
                },
                {
                    "first": "W",
                    "middle": [],
                    "last": "Zhang",
                    "suffix": ""
                },
                {
                    "first": "C",
                    "middle": [],
                    "last": "Peng",
                    "suffix": ""
                }
            ],
            "year": 2013,
            "venue": "Nature",
            "volume": "503",
            "issn": "",
            "pages": "535-8",
            "other_ids": {
                "DOI": [
                    "10.1038/nature12711"
                ]
            }
        },
        "BIBREF16": {
            "title": "Novel bat adenoviruses with an extremely large E3 gene",
            "authors": [
                {
                    "first": "B",
                    "middle": [],
                    "last": "Tan",
                    "suffix": ""
                },
                {
                    "first": "XL",
                    "middle": [],
                    "last": "Yang",
                    "suffix": ""
                },
                {
                    "first": "XY",
                    "middle": [],
                    "last": "Ge",
                    "suffix": ""
                },
                {
                    "first": "C",
                    "middle": [],
                    "last": "Peng",
                    "suffix": ""
                },
                {
                    "first": "YZ",
                    "middle": [],
                    "last": "Zhang",
                    "suffix": ""
                },
                {
                    "first": "LB",
                    "middle": [],
                    "last": "Zhang",
                    "suffix": ""
                },
                {
                    "first": "ZL",
                    "middle": [],
                    "last": "Shi",
                    "suffix": ""
                }
            ],
            "year": 2016,
            "venue": "J Gen Virol",
            "volume": "97",
            "issn": "7",
            "pages": "1625-35",
            "other_ids": {
                "DOI": [
                    "10.1099/jgv.0.000470"
                ]
            }
        },
        "BIBREF17": {
            "title": "Molecular detection of novel adenoviruses in fecal specimens of captive monkeys with diarrhea in China",
            "authors": [
                {
                    "first": "K",
                    "middle": [],
                    "last": "Banyai",
                    "suffix": ""
                },
                {
                    "first": "MD",
                    "middle": [],
                    "last": "Esona",
                    "suffix": ""
                },
                {
                    "first": "A",
                    "middle": [],
                    "last": "Liu",
                    "suffix": ""
                },
                {
                    "first": "Y",
                    "middle": [],
                    "last": "Wang",
                    "suffix": ""
                },
                {
                    "first": "X",
                    "middle": [],
                    "last": "Tu",
                    "suffix": ""
                },
                {
                    "first": "B",
                    "middle": [],
                    "last": "Jiang",
                    "suffix": ""
                }
            ],
            "year": 2010,
            "venue": "Vet Microbiol",
            "volume": "142",
            "issn": "",
            "pages": "416-9",
            "other_ids": {
                "DOI": [
                    "10.1016/j.vetmic.2009.10.014"
                ]
            }
        },
        "BIBREF18": {
            "title": "Adenoviruses in immunocompromised hosts",
            "authors": [
                {
                    "first": "M",
                    "middle": [],
                    "last": "Echavarria",
                    "suffix": ""
                }
            ],
            "year": 2008,
            "venue": "Clin Microbiol Rev",
            "volume": "21",
            "issn": "",
            "pages": "704-15",
            "other_ids": {
                "DOI": [
                    "10.1128/CMR.00052-07"
                ]
            }
        },
        "BIBREF19": {
            "title": "A novel adenovirus species associated with an acute respiratory outbreak in a baboon colony and evidence of coincident human infection",
            "authors": [
                {
                    "first": "CY",
                    "middle": [],
                    "last": "Chiu",
                    "suffix": ""
                },
                {
                    "first": "S",
                    "middle": [],
                    "last": "Yagi",
                    "suffix": ""
                },
                {
                    "first": "X",
                    "middle": [],
                    "last": "Lu",
                    "suffix": ""
                },
                {
                    "first": "G",
                    "middle": [],
                    "last": "Yu",
                    "suffix": ""
                },
                {
                    "first": "EC",
                    "middle": [],
                    "last": "Chen",
                    "suffix": ""
                },
                {
                    "first": "M",
                    "middle": [],
                    "last": "Liu",
                    "suffix": ""
                },
                {
                    "first": "EJ",
                    "middle": [],
                    "last": "Dick",
                    "suffix": "Jr"
                },
                {
                    "first": "KD",
                    "middle": [],
                    "last": "Carey",
                    "suffix": ""
                },
                {
                    "first": "DD",
                    "middle": [],
                    "last": "Erdman",
                    "suffix": ""
                },
                {
                    "first": "MM",
                    "middle": [],
                    "last": "Leland",
                    "suffix": ""
                },
                {
                    "first": "JL",
                    "middle": [],
                    "last": "Patterson",
                    "suffix": ""
                }
            ],
            "year": 2013,
            "venue": "MBio",
            "volume": "4",
            "issn": "",
            "pages": null,
            "other_ids": {
                "DOI": [
                    "10.1128/mBio.00084-13"
                ]
            }
        },
        "BIBREF20": {
            "title": "Detection of viral agents in fecal specimens of monkeys with diarrhea",
            "authors": [
                {
                    "first": "Y",
                    "middle": [],
                    "last": "Wang",
                    "suffix": ""
                },
                {
                    "first": "X",
                    "middle": [],
                    "last": "Tu",
                    "suffix": ""
                },
                {
                    "first": "C",
                    "middle": [],
                    "last": "Humphrey",
                    "suffix": ""
                },
                {
                    "first": "H",
                    "middle": [],
                    "last": "McClure",
                    "suffix": ""
                },
                {
                    "first": "X",
                    "middle": [],
                    "last": "Jiang",
                    "suffix": ""
                },
                {
                    "first": "C",
                    "middle": [],
                    "last": "Qin",
                    "suffix": ""
                },
                {
                    "first": "RI",
                    "middle": [],
                    "last": "Glass",
                    "suffix": ""
                },
                {
                    "first": "B",
                    "middle": [],
                    "last": "Jiang",
                    "suffix": ""
                }
            ],
            "year": 2007,
            "venue": "J Med Primatol",
            "volume": "36",
            "issn": "",
            "pages": "101-7",
            "other_ids": {
                "DOI": [
                    "10.1111/j.1600-0684.2006.00167.x"
                ]
            }
        },
        "BIBREF21": {
            "title": "Cross-species transmission of a novel adenovirus associated with a fulminant pneumonia outbreak in a new world monkey colony",
            "authors": [
                {
                    "first": "EC",
                    "middle": [],
                    "last": "Chen",
                    "suffix": ""
                },
                {
                    "first": "S",
                    "middle": [],
                    "last": "Yagi",
                    "suffix": ""
                },
                {
                    "first": "KR",
                    "middle": [],
                    "last": "Kelly",
                    "suffix": ""
                },
                {
                    "first": "SP",
                    "middle": [],
                    "last": "Mendoza",
                    "suffix": ""
                },
                {
                    "first": "RP",
                    "middle": [],
                    "last": "Tarara",
                    "suffix": ""
                },
                {
                    "first": "DR",
                    "middle": [],
                    "last": "Canfield",
                    "suffix": ""
                },
                {
                    "first": "N",
                    "middle": [],
                    "last": "Maninger",
                    "suffix": ""
                },
                {
                    "first": "A",
                    "middle": [],
                    "last": "Rosenthal",
                    "suffix": ""
                },
                {
                    "first": "A",
                    "middle": [],
                    "last": "Spinner",
                    "suffix": ""
                },
                {
                    "first": "KL",
                    "middle": [],
                    "last": "Bales",
                    "suffix": ""
                }
            ],
            "year": 2011,
            "venue": "PLoS Pathog",
            "volume": "7",
            "issn": "",
            "pages": null,
            "other_ids": {
                "DOI": [
                    "10.1371/journal.ppat.1002155"
                ]
            }
        },
        "BIBREF22": {
            "title": "New adenovirus species found in a patient presenting with gastroenteritis",
            "authors": [
                {
                    "first": "MS",
                    "middle": [],
                    "last": "Jones",
                    "suffix": "2nd"
                },
                {
                    "first": "B",
                    "middle": [],
                    "last": "Harrach",
                    "suffix": ""
                },
                {
                    "first": "RD",
                    "middle": [],
                    "last": "Ganac",
                    "suffix": ""
                },
                {
                    "first": "MM",
                    "middle": [],
                    "last": "Gozum",
                    "suffix": ""
                },
                {
                    "first": "WP",
                    "middle": [],
                    "last": "Dela Cruz",
                    "suffix": ""
                },
                {
                    "first": "B",
                    "middle": [],
                    "last": "Riedel",
                    "suffix": ""
                },
                {
                    "first": "C",
                    "middle": [],
                    "last": "Pan",
                    "suffix": ""
                },
                {
                    "first": "EL",
                    "middle": [],
                    "last": "Delwart",
                    "suffix": ""
                },
                {
                    "first": "DP",
                    "middle": [],
                    "last": "Schnurr",
                    "suffix": ""
                }
            ],
            "year": 2007,
            "venue": "J Virol",
            "volume": "81",
            "issn": "",
            "pages": "5978-84",
            "other_ids": {
                "DOI": [
                    "10.1128/JVI.02650-06"
                ]
            }
        },
        "BIBREF23": {
            "title": "Multiple cross-species transmission events of human adenoviruses (HAdV) during Hominine evolution",
            "authors": [
                {
                    "first": "E",
                    "middle": [],
                    "last": "Hoppe",
                    "suffix": ""
                },
                {
                    "first": "M",
                    "middle": [],
                    "last": "Pauly",
                    "suffix": ""
                },
                {
                    "first": "TR",
                    "middle": [],
                    "last": "Gillespie",
                    "suffix": ""
                },
                {
                    "first": "C",
                    "middle": [],
                    "last": "Akoua-Koffi",
                    "suffix": ""
                },
                {
                    "first": "G",
                    "middle": [],
                    "last": "Hohmann",
                    "suffix": ""
                },
                {
                    "first": "B",
                    "middle": [],
                    "last": "Fruth",
                    "suffix": ""
                },
                {
                    "first": "S",
                    "middle": [],
                    "last": "Karhemere",
                    "suffix": ""
                },
                {
                    "first": "NF",
                    "middle": [],
                    "last": "Madinda",
                    "suffix": ""
                },
                {
                    "first": "L",
                    "middle": [],
                    "last": "Mugisha",
                    "suffix": ""
                },
                {
                    "first": "JJ",
                    "middle": [],
                    "last": "Muyembe",
                    "suffix": ""
                }
            ],
            "year": 2015,
            "venue": "Mol Biol Evol",
            "volume": "32",
            "issn": "",
            "pages": "2072-84",
            "other_ids": {
                "DOI": [
                    "10.1093/molbev/msv090"
                ]
            }
        },
        "BIBREF24": {
            "title": "Isolation and characterization of adenoviruses persistently shed from the gastrointestinal tract of non-human primates",
            "authors": [
                {
                    "first": "S",
                    "middle": [],
                    "last": "Roy",
                    "suffix": ""
                },
                {
                    "first": "LH",
                    "middle": [],
                    "last": "Vandenberghe",
                    "suffix": ""
                },
                {
                    "first": "S",
                    "middle": [],
                    "last": "Kryazhimskiy",
                    "suffix": ""
                },
                {
                    "first": "R",
                    "middle": [],
                    "last": "Grant",
                    "suffix": ""
                },
                {
                    "first": "R",
                    "middle": [],
                    "last": "Calcedo",
                    "suffix": ""
                },
                {
                    "first": "X",
                    "middle": [],
                    "last": "Yuan",
                    "suffix": ""
                },
                {
                    "first": "M",
                    "middle": [],
                    "last": "Keough",
                    "suffix": ""
                },
                {
                    "first": "A",
                    "middle": [],
                    "last": "Sandhu",
                    "suffix": ""
                },
                {
                    "first": "Q",
                    "middle": [],
                    "last": "Wang",
                    "suffix": ""
                },
                {
                    "first": "CA",
                    "middle": [],
                    "last": "Medina-Jaszek",
                    "suffix": ""
                }
            ],
            "year": 2009,
            "venue": "PLoS Pathog",
            "volume": "5",
            "issn": "",
            "pages": null,
            "other_ids": {
                "DOI": [
                    "10.1371/journal.ppat.1000503"
                ]
            }
        }
    }
}