{
    "paper_id": "PMC5443456",
    "metadata": {
        "title": "Domestic Pig Unlikely Reservoir for MERS-CoV",
        "authors": [
            {
                "first": "Emmie",
                "middle": [],
                "last": "de Wit",
                "suffix": "",
                "email": null,
                "affiliation": {}
            },
            {
                "first": "Friederike",
                "middle": [],
                "last": "Feldmann",
                "suffix": "",
                "email": null,
                "affiliation": {}
            },
            {
                "first": "Eva",
                "middle": [],
                "last": "Horne",
                "suffix": "",
                "email": null,
                "affiliation": {}
            },
            {
                "first": "Cynthia",
                "middle": [],
                "last": "Martellaro",
                "suffix": "",
                "email": null,
                "affiliation": {}
            },
            {
                "first": "Elaine",
                "middle": [],
                "last": "Haddock",
                "suffix": "",
                "email": null,
                "affiliation": {}
            },
            {
                "first": "Trenton",
                "middle": [],
                "last": "Bushmaker",
                "suffix": "",
                "email": null,
                "affiliation": {}
            },
            {
                "first": "Kyle",
                "middle": [],
                "last": "Rosenke",
                "suffix": "",
                "email": null,
                "affiliation": {}
            },
            {
                "first": "Atsushi",
                "middle": [],
                "last": "Okumura",
                "suffix": "",
                "email": null,
                "affiliation": {}
            },
            {
                "first": "Rebecca",
                "middle": [],
                "last": "Rosenke",
                "suffix": "",
                "email": null,
                "affiliation": {}
            },
            {
                "first": "Greg",
                "middle": [],
                "last": "Saturday",
                "suffix": "",
                "email": null,
                "affiliation": {}
            },
            {
                "first": "Dana",
                "middle": [],
                "last": "Scott",
                "suffix": "",
                "email": null,
                "affiliation": {}
            },
            {
                "first": "Heinz",
                "middle": [],
                "last": "Feldmann",
                "suffix": "",
                "email": null,
                "affiliation": {}
            }
        ]
    },
    "body_text": [
        {
            "text": "Comparison of the DPP4 nucleotide sequences of humans, dromedary camels, and domestic pigs showed that the porcine DPP4 is identical to the dromedary camel DPP4 at the 14 aa positions that have been shown to determine species tropism (Table) (8,9). We investigated whether DPP4 is expressed in the pig respiratory tract by performing immunohistochemical staining on the nasal mucosa and lung tissue obtained from healthy pigs using an antibody against DPP4 (mouse monoclonal anti-DPP4 [CD26], clone OTI11D7, 1:2,500; Origene Technologies, Inc., Rockville, MD, USA). DPP4 expression was not observed in the nasal mucosa of healthy domestic pigs (Figure 1, panel A); in the lungs, abundant DPP4 expression was observed in type I and type II pneumocytes and submucosal glands (Figure 1, panel B), suggesting MERS-CoV infection would be supported.",
            "cite_spans": [
                {
                    "start": 243,
                    "end": 244,
                    "mention": "8",
                    "ref_id": "BIBREF10"
                },
                {
                    "start": 245,
                    "end": 246,
                    "mention": "9",
                    "ref_id": "BIBREF11"
                }
            ],
            "section": "The Study",
            "ref_spans": [
                {
                    "start": 645,
                    "end": 653,
                    "mention": "Figure 1",
                    "ref_id": "FIGREF0"
                },
                {
                    "start": 774,
                    "end": 782,
                    "mention": "Figure 1",
                    "ref_id": "FIGREF0"
                },
                {
                    "start": 235,
                    "end": 240,
                    "mention": "Table",
                    "ref_id": null
                }
            ]
        },
        {
            "text": "We inoculated 2 groups of four 4\u20135-week-old farm pigs (Yorkshire cross; S&S Farms, Ramona, CA, USA) intranasally (1 mL/nostril) and intratracheally (5 mL) with a total dose of 106 tissue culture infectious dose 50 (TCID50) of the hCoV-EMC/2012 isolate of MERS-CoV. A group of 3 control pigs was mock inoculated with Dulbecco\u2019s modified Eagle medium (DMEM); these pigs were housed in a separate room from the MERS-CoV\u2013inoculated pigs to prevent cross-contamination. Animal experiments were approved by the Institutional Animal Care and Use Committee of the Rocky Mountain Laboratories and conducted by certified staff in an Association for Assessment and Accreditation of Laboratory Animal Care International\u2013accredited facility according to the institution\u2019s guidelines for animal use; staff followed the guidelines and basic principles in the US Public Health Service Policy on Humane Care and Use of Laboratory Animals and the Guide for the Care and Use of Laboratory Animals.",
            "cite_spans": [],
            "section": "The Study",
            "ref_spans": []
        },
        {
            "text": "After inoculation with MERS-CoV, none of the pigs showed clinical signs of disease, such as increased body temperature or increased respiration, and bodyweight gain was similar between MERS-CoV\u2013inoculated and mock-inoculated pigs (Figure 2, panel A). We collected nose and throat swabs during clinical exams and analyzed them for the presence of viral RNA by quantitative reverse transcription PCR (qRT-PCR) as described (10). Shedding of viral RNA from the nose and the throat increased from 1 day postinoculation (dpi) to 3 dpi in all MERS-CoV\u2013inoculated animals, a sign that active replication occurred; shedding was higher in the nose than in the throat (Figure 2, panel B). After 3 dpi, shedding of viral RNA decreased; all nose swabs were negative by 11 dpi and all throat swabs by 7 dpi. ",
            "cite_spans": [
                {
                    "start": 422,
                    "end": 424,
                    "mention": "10",
                    "ref_id": "BIBREF1"
                }
            ],
            "section": "The Study",
            "ref_spans": [
                {
                    "start": 231,
                    "end": 239,
                    "mention": "Figure 2",
                    "ref_id": "FIGREF1"
                },
                {
                    "start": 659,
                    "end": 667,
                    "mention": "Figure 2",
                    "ref_id": "FIGREF1"
                }
            ]
        },
        {
            "text": "We attempted virus propagation by inoculating VeroE6 cells with the media used to resuspend nasal and throat swab particulates and checking for the development of MERS-CoV cytopathic effect. Infectious MERS-CoV was not recovered at any time postinoculation from any swab sample.",
            "cite_spans": [],
            "section": "The Study",
            "ref_spans": []
        },
        {
            "text": "On 4 and 11 dpi, we euthanized 4 MERS-CoV\u2013inoculated pigs and collected their tissues for virologic and histologic analysis. Viral RNA could be detected by qRT-PCR in >1 respiratory tract tissue samples of all 4 MERS-CoV\u2013inoculated pigs. However, viral loads were low; infectious MERS-CoV could not be isolated from any tissues positive by qRT-PCR, and the distribution of viral RNA among tissues was inconsistent from pig to pig (Figure 2 panel C). By 11 dpi, viral RNA could only be detected in the bronchial lymph node of 1 MERS-CoV\u2013inoculated pig (Figure 2 panel C); all the tissues examined from other MERS-CoV\u2013inoculated pigs were negative by this time. Viral RNA could not be detected in any of the extrarespiratory tissues tested, such as heart, liver, spleen, kidney, adrenal gland, duodenum, ileum, transverse colon, or urinary bladder, on 4 dpi or 11 dpi (data not shown). Histologic analysis did not reveal any lesions consistent with MERS-CoV infection in any of the collected tissues, including those of the respiratory tract. We performed immunohistochemical staining with an antibody specific for MERS-CoV on tonsil, trachea, bronchial lymph node, and right and left lower lung lobe of all pigs, as well as other tissues that tested positive for viral RNA by qRT-PCR. MERS-CoV antigen could not be detected in any of these tissues. ",
            "cite_spans": [],
            "section": "The Study",
            "ref_spans": [
                {
                    "start": 431,
                    "end": 439,
                    "mention": "Figure 2",
                    "ref_id": "FIGREF1"
                },
                {
                    "start": 552,
                    "end": 560,
                    "mention": "Figure 2",
                    "ref_id": "FIGREF1"
                }
            ]
        },
        {
            "text": "Serum samples collected on the day of euthanasia were tested for the presence of antibodies against MERS-CoV spike protein 1 (S1) by ELISA. By 11 dpi, antibodies directed against MERS-CoV S1 could be detected in all 4 pigs (Figure 2, panel D).",
            "cite_spans": [],
            "section": "The Study",
            "ref_spans": [
                {
                    "start": 224,
                    "end": 232,
                    "mention": "Figure 2",
                    "ref_id": "FIGREF1"
                }
            ]
        },
        {
            "text": "Recently, Vergara-Alert et al. showed MERS-CoV shedding in pigs inoculated with 107 TCID50 of MERS-CoV and suggested that pigs could play a role as a reservoir for the circulation of MERS-CoV (12). In our hands, pigs inoculated with a 10-fold lower infectious dose of MERS-CoV were also successfully infected, but the low amount of virus replication in and shedding from the respiratory tract implies that the pig is unlikely to play a profound role as an intermediate host for MERS-CoV in nature.",
            "cite_spans": [
                {
                    "start": 193,
                    "end": 195,
                    "mention": "12",
                    "ref_id": "BIBREF3"
                }
            ],
            "section": "Conclusions",
            "ref_spans": []
        },
        {
            "text": "Taken together, our data indicate that MERS-CoV can infect pigs, leading to a low level of replication in the pig respiratory tract, but does not cause clinical signs of disease. Furthermore, viral shedding from mucosal membranes of the upper respiratory tract was rather limited with no infectious virus measurable at any time postinoculation. Thus, the pig is not a suitable animal disease model for MERS-CoV infection. ",
            "cite_spans": [],
            "section": "Conclusions",
            "ref_spans": []
        }
    ],
    "ref_entries": {
        "FIGREF0": {
            "text": "Figure 1: Dipeptidyl peptidase (DPP) 4 expression in the domestic pig respiratory tract. Tissues were stained by using a cross-reactive mouse monoclonal antibody against DPP4 (CD26, clone OTI11D7, 1:2,500; Origene Technologies, Inc., Rockville, MD, USA). DPP4 expression was absent in the nasal mucosa (A) but present in lung tissue (B) of healthy domestic pigs. Original magnification: nasal mucosa \u00d740; lung \u00d7200. ",
            "type": "figure"
        },
        "FIGREF1": {
            "text": "Figure 2: Propagation of Middle East respiratory syndrome coronavirus (MERS-CoV) in domestic pigs. We inoculated pigs intranasally and intratracheally with 106 tissue culture infectious dose 50 (TCID50) of MERS-CoV isolate hCoV-EMC/2012 or, for controls (mock-inoculated), with Dulbecco\u2019s modified Eagle medium. A) Mean bodyweight gain comparison between mock-inoculated and MERS-CoV\u2013inoculated animals over time. Error bars indicate SDs. B) Mean viral loads shed from the nose and throat determined at the time points indicated by quantifying virus on nasal and throat swabs collected from MERS-CoV\u2013inoculated animals using quantitative reverse transcription PCR (11); in each run, standard dilutions of a titered virus stock were run in parallel to calculate TCID50 equivalents. Error bars indicate SDs. C) Viral loads in tissues collected from MERS-CoV\u2013inoculated animals on days 4 (closed blue circles) and 11 (open red circles) postinoculation. Viral loads were determined as in panel B. Vertical bars indicate means. D) Serum samples collected from pigs at the time of euthanasia (days 4 and 11 postinoculation) and tested for MERS-CoV antibodies by using an ELISA for MERS-CoV spike 1 protein. Antibody titers are plotted as the reciprocal of the last serum dilution positive by ELISA. Horizontal bars indicate means. LN, lymph node.",
            "type": "figure"
        }
    },
    "back_matter": [],
    "bib_entries": {
        "BIBREF0": {
            "title": "",
            "authors": [],
            "year": null,
            "venue": "",
            "volume": "",
            "issn": "",
            "pages": null,
            "other_ids": {
                "DOI": []
            }
        },
        "BIBREF1": {
            "title": "Detection of a novel human coronavirus by real-time reverse-transcription polymerase chain reaction.",
            "authors": [],
            "year": 2012,
            "venue": "Euro Surveill",
            "volume": "17",
            "issn": "",
            "pages": null,
            "other_ids": {
                "DOI": []
            }
        },
        "BIBREF2": {
            "title": "Middle East respiratory syndrome coronavirus (MERS-CoV) causes transient lower respiratory tract infection in rhesus macaques.",
            "authors": [],
            "year": 2013,
            "venue": "Proc Natl Acad Sci U S A",
            "volume": "110",
            "issn": "",
            "pages": "16598-603",
            "other_ids": {
                "DOI": [
                    "10.1073/pnas.1310744110"
                ]
            }
        },
        "BIBREF3": {
            "title": "Livestock susceptibility to infection with Middle East respiratory syndrome coronavirus.",
            "authors": [],
            "year": 2017,
            "venue": "Emerg Infect Dis",
            "volume": "23",
            "issn": "",
            "pages": "232-40",
            "other_ids": {
                "DOI": [
                    "10.3201/eid2302.161239"
                ]
            }
        },
        "BIBREF4": {
            "title": "Clinicopathologic, immunohistochemical, and ultrastructural findings of a fatal case of Middle East respiratory syndrome coronavirus infection in the United Arab Emirates, April 2014.",
            "authors": [],
            "year": 2016,
            "venue": "Am J Pathol",
            "volume": "186",
            "issn": "",
            "pages": "652-8",
            "other_ids": {
                "DOI": [
                    "10.1016/j.ajpath.2015.10.024"
                ]
            }
        },
        "BIBREF5": {
            "title": "Pneumonia from human coronavirus in a macaque model.",
            "authors": [],
            "year": 2013,
            "venue": "N Engl J Med",
            "volume": "368",
            "issn": "",
            "pages": "1560-2",
            "other_ids": {
                "DOI": [
                    "10.1056/NEJMc1215691"
                ]
            }
        },
        "BIBREF6": {
            "title": "A comparative review of animal models of Middle East respiratory syndrome coronavirus infection.",
            "authors": [],
            "year": 2016,
            "venue": "Vet Pathol",
            "volume": "53",
            "issn": "",
            "pages": "521-31",
            "other_ids": {
                "DOI": [
                    "10.1177/0300985815620845"
                ]
            }
        },
        "BIBREF7": {
            "title": "The pig: a model for human infectious diseases.",
            "authors": [],
            "year": 2012,
            "venue": "Trends Microbiol",
            "volume": "20",
            "issn": "",
            "pages": "50-7",
            "other_ids": {
                "DOI": [
                    "10.1016/j.tim.2011.11.002"
                ]
            }
        },
        "BIBREF8": {
            "title": "Human coronavirus EMC does not require the SARS-coronavirus receptor and maintains broad replicative capability in mammalian cell lines.",
            "authors": [],
            "year": 2012,
            "venue": "MBio",
            "volume": "3",
            "issn": "",
            "pages": null,
            "other_ids": {
                "DOI": [
                    "10.1128/mBio.00515-12"
                ]
            }
        },
        "BIBREF9": {
            "title": "Animal models of Middle East respiratory syndrome coronavirus infection.",
            "authors": [],
            "year": 2015,
            "venue": "Antiviral Res",
            "volume": "122",
            "issn": "",
            "pages": "28-38",
            "other_ids": {
                "DOI": [
                    "10.1016/j.antiviral.2015.07.005"
                ]
            }
        },
        "BIBREF10": {
            "title": "Molecular basis of binding between novel human coronavirus MERS-CoV and its receptor CD26.",
            "authors": [],
            "year": 2013,
            "venue": "Nature",
            "volume": "500",
            "issn": "",
            "pages": "227-31",
            "other_ids": {
                "DOI": [
                    "10.1038/nature12328"
                ]
            }
        },
        "BIBREF11": {
            "title": "Structure of MERS-CoV spike receptor-binding domain complexed with human receptor DPP4.",
            "authors": [],
            "year": 2013,
            "venue": "Cell Res",
            "volume": "23",
            "issn": "",
            "pages": "986-93",
            "other_ids": {
                "DOI": [
                    "10.1038/cr.2013.92"
                ]
            }
        }
    }
}