{
    "paper_id": "PMC7117072",
    "metadata": {
        "title": "Akute Bronchitis",
        "authors": [
            {
                "first": "Bj\u00f6rn",
                "middle": [],
                "last": "Kleibrink",
                "suffix": "",
                "email": null,
                "affiliation": {}
            },
            {
                "first": "Christian",
                "middle": [],
                "last": "Taube",
                "suffix": "",
                "email": null,
                "affiliation": {}
            }
        ]
    },
    "body_text": [
        {
            "text": "Die akute Bronchitis ist eine selbstlimitierende, akute Entz\u00fcndung der Atemwege. Dabei ist sie in den meisten F\u00e4llen Teil einer viral bedingten Erk\u00e4ltungserkrankung und tritt bei dieser in Kombination \u2013 und meist auch in zeitlicher Abfolge \u2013 mit Tracheitis, Laryngitis/Tonsillitis, Rhinitis und Sinusitis auf. Eine klinische Unterscheidung der genannten Erkrankungen erfolgt dabei aufgrund der Symptomatik und Klinik der f\u00fchrend betroffenen Lokalisation. In seltenen F\u00e4llen kann eine bakterielle oder irritative Bronchitis vorliegen.",
            "cite_spans": [],
            "section": "Stand der Dinge",
            "ref_spans": []
        },
        {
            "text": "Ungef\u00e4hr 5 % der erwachsenen Bev\u00f6lkerung erleidet j\u00e4hrlich eine akute Bronchitis, ein Gro\u00dfteil dieser Patienten nimmt medizinische Hilfe in Anspruch. Hauptsymptom der Bronchitis ist ein neu aufgetretener, akuter Husten (zun\u00e4chst trocken, dann produktiv, gegen Ende wieder trocken), der nach Ablauf von zwei bis drei Wochen sistiert. Aber auch ein subakuter Verlauf (d. h. mit drei bis acht Wochen Symptomdauer) mit eventuell post-infekti\u00f6ser Hyperreagibilit\u00e4t ist im Anschluss an die akute Erkrankungsphase m\u00f6glich.",
            "cite_spans": [],
            "section": "Stand der Dinge",
            "ref_spans": []
        },
        {
            "text": "Insbesondere Infektionen durch Adenoviren und Mykoplasmen k\u00f6nnen bis zu sechs Wochen symptomatisch sein (h\u00e4ufig insbesondere bei jungen M\u00e4nnern). Diese Zeiten sind dabei deutlich l\u00e4nger als die Patientenerwartung an eine akute Bronchitis, was h\u00e4ufig den Wunsch nach Behandlung und nach einer antibiotischen Therapie aufkommen l\u00e4sst. Auch eine bronchiale Obstruktion mit Belastungsdyspnoe und entsprechendem Auskultationsbefund kann in jeder Phase der Erkrankung hinzutreten.",
            "cite_spans": [],
            "section": "Stand der Dinge",
            "ref_spans": []
        },
        {
            "text": "\nAufgrund des Auftretens im Rahmen einer Erk\u00e4ltungserkrankung bestehen in den meisten F\u00e4llen weitere Allgemeinsymptome wie Schnupfen, Fieber, Abgeschlagenheit, Schluckbeschwerden, Kopfschmerzen und Appetitverlust. Die akute Bronchitis ist in der Regel selbstlimitierend und ben\u00f6tigt nur bei besonders schwerer Symptomatik eine symptomorientierte Therapie. Bei akuter Bronchitis im Rahmen von Erk\u00e4ltungserkrankungen geh\u00f6ren haupts\u00e4chlich Viren zum Erregerspektrum\n1\n.\n",
            "cite_spans": [
                {
                    "start": 463,
                    "end": 464,
                    "mention": "1",
                    "ref_id": "BIBREF0"
                }
            ],
            "section": "Stand der Dinge",
            "ref_spans": []
        },
        {
            "text": "Bei fehlenden Erk\u00e4ltungssymptomen sollte besonderes Augenmerk in der klinischen Untersuchung auf Zeichen der Differenzialdiagnosen gelegt werden. Zu achten ist auf Unterschenkel\u00f6deme als Zeichen einer TVT oder Herzinsuffizienz sowie auf nicht-obstruktive Auskultationsbefunde der Lunge, die auf einen Pneumothorax, kardiale Stauung oder Pneumonie hinweisen k\u00f6nnten.",
            "cite_spans": [],
            "section": "Differenzialdiagnosen ::: Diagnostik",
            "ref_spans": []
        },
        {
            "text": "Bei den vorbenannten Risikogruppen und Auff\u00e4lligkeiten im Rahmen der Messung von Vitalparametern oder der k\u00f6rperlichen Untersuchung sollten weiterf\u00fchrende Ma\u00dfnahmen zur Differenzialdiagnostik veranlasst werden. Eine R\u00f6ntgenaufnahme des Thorax in zwei Ebenen sollte insbesondere bei pulmonaler Vorerkrankung, bei Verdacht auf Pneumonie, Pneumothorax oder Fremdk\u00f6rperaspiration durchgef\u00fchrt werden. Neben der Anamnese bez\u00fcglich einer stattgehabten Exposition gegen\u00fcber Erkrankten wird eine Testung auf Influenza aktuell nicht generell empfohlen, kann aber zum Beispiel bei Immunsupprimierten durchaus therapeutische Konsequenzen nach sich ziehen.",
            "cite_spans": [],
            "section": "Differenzialdiagnosen ::: Diagnostik",
            "ref_spans": []
        },
        {
            "text": "Bei Patienten mit Risikofaktoren f\u00fcr einen komplizierten Verlauf bei bakterieller Infektion erscheint eine weiterf\u00fchrende Labordiagnostik notwendig, um Patienten zu identifizieren, bei denen auf eine antibiotische Therapie verzichtet werden kann, ohne den Patienten zu gef\u00e4hrden. Dabei w\u00e4re nat\u00fcrlich die Verwendung eines Biomarkers im Serum sehr w\u00fcnschenswert. Als m\u00f6glicher Parameter dient dann das C-reaktive Protein (CRP). In verschiedenen Studien konnte die Messung des CRP allerdings keine ausreichende diagnostische G\u00fcte als Marker einer bakteriellen Infektion \u2013 insbesondere in multimorbiden Kollektiven \u2013 erreichen.",
            "cite_spans": [],
            "section": "Differenzialdiagnosen ::: Diagnostik",
            "ref_spans": []
        },
        {
            "text": "Als m\u00f6glicher neuer Biomarker einer bakteriellen Entz\u00fcndung ist Procalcitonin in den letzten Jahren unter vielen Bedingungen und verschiedenen Kollektiven untersucht worden. Die Ergebnisse deuten darauf hin, dass durch eine sequenzielle Bestimmung erfolgreich die Deeskalation einer antibiotischen Therapie auf einer Intensivstation gesteuert werden kann und eine Verk\u00fcrzung der Antibiotika-Exposition ohne Erh\u00f6hung der Komplikationsraten m\u00f6glich ist.",
            "cite_spans": [],
            "section": "Differenzialdiagnosen ::: Diagnostik",
            "ref_spans": []
        },
        {
            "text": "\nZur Bedeutung des Procalcitonins f\u00fcr den Beginn einer antibiotischen Therapie bei unteren und oberen Atemwegsinfekten gibt es eine heterogene Studienlage \u2013 je nach medizinischer Situation, Zusammensetzung des Kollektivs und der bisher vorherrschenden H\u00e4ufigkeit von Antibiotika-Verschreibungen. Studien \u00fcber milde untere Atemwegsinfekte und obere Atemwegsinfekte in der Hausarztpraxis haben um 60 \u2013 70 % reduzierte Verschreibungsraten beschrieben. In der Notaufnahme konnte eine Reduktion der Antibiotikagaben bei schweren unteren Atemwegsinfekten und schweren COPD-Exazerbationen demonstriert werden. Eine neuere prospektive Multicenter-Studie zeigt allerdings keine \u00c4nderung der Antibiotika-Exposition bei Patienten mit unterem Atemwegsinfekt in der Notaufnahme\n3\n.\n",
            "cite_spans": [
                {
                    "start": 765,
                    "end": 766,
                    "mention": "3",
                    "ref_id": "BIBREF7"
                }
            ],
            "section": "Differenzialdiagnosen ::: Diagnostik",
            "ref_spans": []
        },
        {
            "text": "Folgende Allgemeinma\u00dfnahmen sind bei Verdacht auf eine Bronchitis zu empfehlen:",
            "cite_spans": [],
            "section": "Allgemeinma\u00dfnahmen ::: Therapie",
            "ref_spans": []
        },
        {
            "text": "\nEine antibiotische Therapie f\u00fchrt bei einer akuten Bronchitis im Rahmen einer Erk\u00e4ltungskrankheit zu einer Symptomverk\u00fcrzung des Hustens, des Krankheitsgef\u00fchls und der Tage mit reduzierter Aktivit\u00e4t um ca. einen halben Tag, hat aber sowohl f\u00fcr den Patienten selbst durch Arzneimittelnebenwirkungen und die Gesellschaft durch Versch\u00e4rfung der Resistenzlage und \u00f6konomische Kosten viele negative Auswirkungen. Diese \u00fcberwiegen dabei nachweislich den oben genannten Nutzen\n4\n. Die Diagnose einer akuten Bronchitis ist im Vergleich zu anderen Atemwegsinfektionen besonders h\u00e4ufig mit einer unn\u00f6tigen Verschreibung von Antibiotika assoziiert.\n",
            "cite_spans": [
                {
                    "start": 471,
                    "end": 472,
                    "mention": "4",
                    "ref_id": "BIBREF8"
                }
            ],
            "section": "Antibiotika ::: Therapie",
            "ref_spans": []
        },
        {
            "text": "\nWichtige Faktoren f\u00fcr die \u00fcberm\u00e4\u00dfige Verschreibung von Antibiotika sind pulmonale Symptome und die Einsch\u00e4tzung des Arztes, ob der Patient sich eine antibiotische Therapie w\u00fcnscht \u2013 dies sogar mehr als der Wunsch des Patienten nach einer antibiotischen Therapie\n5\n. Erg\u00e4nzend zur umfassenden Aufkl\u00e4rung des Patienten gibt es einige Ans\u00e4tze, die zu einer Verminderung der in den meisten L\u00e4ndern hohen Fehlverschreibungsraten f\u00fchren. Dazu z\u00e4hlen Supervisionsverfahren durch Kollegen, das verz\u00f6gerte Verschreiben eines Antibiotikums erst bei Wiederaufsuchen des Arztes durch den Patienten bei ausbleibender spontaner Besserung und verschiedene laborgesteuerte Ans\u00e4tze.\n",
            "cite_spans": [
                {
                    "start": 263,
                    "end": 264,
                    "mention": "5",
                    "ref_id": "BIBREF9"
                }
            ],
            "section": "Antibiotika ::: Therapie",
            "ref_spans": []
        },
        {
            "text": "\nBemerkenswert im Hinblick auf die sich \u00e4ndernde Gesetzes- und Versorgungslage ist, dass im Bereich der Telemedizin die Patientenzufriedenheit direkt nach der Konsultation bei U. S.-amerikanischen Patienten am st\u00e4rksten durch die Verschreibung eines Antibiotikums beeinflusst wurde\n6\n. M\u00f6glicherweise entstehen hier durch die geringere Arzt-Patientenbindung neue Problemfelder f\u00fcr das Antibiotic-Stewardship.\n",
            "cite_spans": [
                {
                    "start": 282,
                    "end": 283,
                    "mention": "6",
                    "ref_id": "BIBREF10"
                }
            ],
            "section": "Antibiotika ::: Therapie",
            "ref_spans": []
        },
        {
            "text": "\nEs bleibt aber unklar, inwieweit \u00e4ltere multimorbide Patienten von einer antibiotischen Therapie profitieren k\u00f6nnten. Insbesondere betagte Patienten schienen in einer retrospektiven Studie von 2007 von einer fr\u00fchen antibiotischen Therapie bei unteren Atemwegsinfekten durch eine Reduktion der Pneumonieraten zu profitieren, wobei methodisch ein Bias nicht ausgeschlossen ist\n7\n.\n",
            "cite_spans": [
                {
                    "start": 376,
                    "end": 377,
                    "mention": "7",
                    "ref_id": "BIBREF11"
                }
            ],
            "section": "Antibiotika ::: Therapie",
            "ref_spans": []
        },
        {
            "text": "\nObwohl die Gruppe der Sekretolytika eine umsatzstarke Medikamentengruppe darstellt, gibt es keinen in qualitativ hochwertigen Studien nachgewiesenen klinischen Benefit im Hinblick auf Symptomst\u00e4rke oder Dauer\n8\n. F\u00fcr die Therapie mit N-Acetylcystein, dem in Deutschland meist genutzten OTC-Sekretolytikum, gibt es in der Indikation keine entsprechende hochwertige Studie, f\u00fcr Ambroxol lediglich eine randomisierte und kontrollierte Untersuchung\n9\n. In der Leitlinie der Deutschen Gesellschaft f\u00fcr Pneumologie zur Therapie des akuten Hustens wird auch die Phytotherapie mit Kombinationspr\u00e4paraten aus Thymian, Efeu und Primel positiv bewertet.\n",
            "cite_spans": [
                {
                    "start": 210,
                    "end": 211,
                    "mention": "8",
                    "ref_id": "BIBREF12"
                },
                {
                    "start": 446,
                    "end": 447,
                    "mention": "9",
                    "ref_id": "BIBREF13"
                }
            ],
            "section": "Sekretolytika und andere Over-the-counter (OTC) Medikation ::: Therapie",
            "ref_spans": []
        },
        {
            "text": "\nEs bleibt hierbei anzumerken, dass das Symptom Husten besonders stark durch den Placebo-Effekt beeinflussbar ist und die Placebo-Komponente im Vergleich zur Placebo-Komponente vieler Antitussiva bis zu 85 % der Wirkung ausmacht\n10\n.\n",
            "cite_spans": [
                {
                    "start": 229,
                    "end": 231,
                    "mention": "10",
                    "ref_id": "BIBREF1"
                }
            ],
            "section": "Sekretolytika und andere Over-the-counter (OTC) Medikation ::: Therapie",
            "ref_spans": []
        },
        {
            "text": "\nBei obstruktiven Ventilationsst\u00f6rungen im Rahmen der akuten Bronchitis oder anschlie\u00dfender bronchialer Hyperreagibili\u00e4t ist eine inhalative Therapie mit einem \u00df-Mimetikum oder Glukokortikoid m\u00f6glich. Bei reinem post-infekti\u00f6sem Husten kann ein inhalatives Glukokortikoid zudem eine Besserung der Symptomkontrolle erreichen\n11\n. Sollten die Symptome l\u00e4nger als acht Wochen persistieren, muss eine weiterf\u00fchrende Diagnostik des chronischen Hustens unternommen werden (siehe Leitlinie der Deutschen Gesellschaft f\u00fcr Pneumologie und Beatmungsmedizin zur Diagnostik und Therapie von erwachsenen Patienten mit akutem und chronischem Husten, 2010 aktuell in \u00dcberarbeitung).\n",
            "cite_spans": [
                {
                    "start": 324,
                    "end": 326,
                    "mention": "11",
                    "ref_id": "BIBREF2"
                }
            ],
            "section": "Obstruktive Ventilationsst\u00f6rungen und post-Infekti\u00f6se Hyperreagibilit\u00e4t ::: Therapie",
            "ref_spans": []
        },
        {
            "text": "\nErk\u00e4ltungskrankheiten sind bei starken Rauchern h\u00e4ufiger und dauern l\u00e4nger an. Ein Rauchverzicht sollte entsprechend Patienten mit fortgesetztem Nikotinkonsum nicht nur zur Reduktion des Neoplasie-Risikos, sondern auch im Hinblick auf eine Reduktion der H\u00e4ufigkeit und Dauer von Erk\u00e4ltungskrankheiten empfohlen werden\n12\n.\n",
            "cite_spans": [
                {
                    "start": 319,
                    "end": 321,
                    "mention": "12",
                    "ref_id": "BIBREF3"
                }
            ],
            "section": "Prophylaxe bei rezidivierenden Infekten ::: Therapie",
            "ref_spans": []
        },
        {
            "text": "\nEine Vitamin-C-Substitution konnte in der Normalbev\u00f6lkerung nicht die Inzidenz von Erk\u00e4ltungskrankheiten reduzieren. Allerdings zeigte sich bei fehlern\u00e4hrten Personen und k\u00f6rperlich stark Aktiven eine prophylaktische Wirkung\n13\n. In einer Metaanalyse konnte zuletzt eine absolute Risikoreduktion um 2 % f\u00fcr respiratorische Infekte durch Vitamin-D-Supplementation gezeigt werden, ein Effekt, der insbesondere bei Vitamin-D-defizienten Probanden ersichtlich war\n14\n.\n",
            "cite_spans": [
                {
                    "start": 226,
                    "end": 228,
                    "mention": "13",
                    "ref_id": "BIBREF4"
                },
                {
                    "start": 461,
                    "end": 463,
                    "mention": "14",
                    "ref_id": "BIBREF5"
                }
            ],
            "section": "Prophylaxe bei rezidivierenden Infekten ::: Therapie",
            "ref_spans": []
        }
    ],
    "ref_entries": {},
    "back_matter": [],
    "bib_entries": {
        "BIBREF0": {
            "title": "The common cold",
            "authors": [
                {
                    "first": "T",
                    "middle": [],
                    "last": "Heikkinen",
                    "suffix": ""
                },
                {
                    "first": "A",
                    "middle": [],
                    "last": "J\u00e4rvinen",
                    "suffix": ""
                }
            ],
            "year": 2003,
            "venue": "Lancet",
            "volume": "361",
            "issn": "",
            "pages": "51-59",
            "other_ids": {
                "DOI": []
            }
        },
        "BIBREF1": {
            "title": "The powerful placebo in cough studies?",
            "authors": [
                {
                    "first": "R",
                    "middle": [],
                    "last": "Eccles",
                    "suffix": ""
                }
            ],
            "year": 2002,
            "venue": "Pulmonary pharmacology & therapeutics",
            "volume": "15",
            "issn": "",
            "pages": "303-308",
            "other_ids": {
                "DOI": []
            }
        },
        "BIBREF2": {
            "title": "Clinical efficacy of short-term treatment with extra-fine HFA beclomethasone dipropionate in patients with post-infectious persistent cough",
            "authors": [
                {
                    "first": "A",
                    "middle": [],
                    "last": "Gillissen",
                    "suffix": ""
                },
                {
                    "first": "A",
                    "middle": [],
                    "last": "Richter",
                    "suffix": ""
                },
                {
                    "first": "H",
                    "middle": [],
                    "last": "Oster",
                    "suffix": ""
                }
            ],
            "year": 2007,
            "venue": "J Physiol Pharmacol",
            "volume": "58",
            "issn": "05",
            "pages": "223-232",
            "other_ids": {
                "DOI": []
            }
        },
        "BIBREF3": {
            "title": "Active and passive smoking and risk of colds in women",
            "authors": [
                {
                    "first": "I",
                    "middle": [
                        "M"
                    ],
                    "last": "Bense\u00f1or",
                    "suffix": ""
                },
                {
                    "first": "N",
                    "middle": [
                        "R"
                    ],
                    "last": "Cook",
                    "suffix": ""
                },
                {
                    "first": "I",
                    "middle": [
                        "M"
                    ],
                    "last": "Lee",
                    "suffix": ""
                }
            ],
            "year": 2001,
            "venue": "Ann Epidemiol",
            "volume": "11",
            "issn": "",
            "pages": "225-231",
            "other_ids": {
                "DOI": []
            }
        },
        "BIBREF4": {
            "title": "Vitamin C and Infections",
            "authors": [
                {
                    "first": "H",
                    "middle": [],
                    "last": "Hemil\u00e4",
                    "suffix": ""
                }
            ],
            "year": 2017,
            "venue": "Nutrients",
            "volume": "9",
            "issn": "",
            "pages": null,
            "other_ids": {
                "DOI": []
            }
        },
        "BIBREF5": {
            "title": "Vitamin D supplementation to prevent acute respiratory tract infections: systematic review and meta-analysis of individual participant data",
            "authors": [
                {
                    "first": "A",
                    "middle": [
                        "R"
                    ],
                    "last": "Martineau",
                    "suffix": ""
                },
                {
                    "first": "D",
                    "middle": [
                        "A"
                    ],
                    "last": "Jolliffe",
                    "suffix": ""
                },
                {
                    "first": "R",
                    "middle": [
                        "L"
                    ],
                    "last": "Hooper",
                    "suffix": ""
                }
            ],
            "year": 2017,
            "venue": "BMJ",
            "volume": "356",
            "issn": "",
            "pages": null,
            "other_ids": {
                "DOI": []
            }
        },
        "BIBREF6": {
            "title": "Guidelines of the German Respiratory Society for diagnosis and treatment of adults suffering from acute or chronic cough",
            "authors": [
                {
                    "first": "P",
                    "middle": [],
                    "last": "Kardos",
                    "suffix": ""
                },
                {
                    "first": "H",
                    "middle": [],
                    "last": "Berck",
                    "suffix": ""
                },
                {
                    "first": "K-H",
                    "middle": [],
                    "last": "Fuchs",
                    "suffix": ""
                }
            ],
            "year": 2010,
            "venue": "Pneumologie",
            "volume": "64",
            "issn": "",
            "pages": "701-711",
            "other_ids": {
                "DOI": []
            }
        },
        "BIBREF7": {
            "title": "Procalcitonin-Guided Use of Antibiotics for Lower Respiratory Tract Infection",
            "authors": [
                {
                    "first": "D",
                    "middle": [
                        "T"
                    ],
                    "last": "Huang",
                    "suffix": ""
                },
                {
                    "first": "D",
                    "middle": [
                        "M"
                    ],
                    "last": "Yealy",
                    "suffix": ""
                },
                {
                    "first": "M",
                    "middle": [
                        "R"
                    ],
                    "last": "Filbin",
                    "suffix": ""
                }
            ],
            "year": 2018,
            "venue": "N Engl J Med",
            "volume": "379",
            "issn": "",
            "pages": "236-249",
            "other_ids": {
                "DOI": []
            }
        },
        "BIBREF8": {
            "title": "Antibiotics for acute bronchitis",
            "authors": [
                {
                    "first": "S",
                    "middle": [
                        "M"
                    ],
                    "last": "Smith",
                    "suffix": ""
                },
                {
                    "first": "T",
                    "middle": [],
                    "last": "Fahey",
                    "suffix": ""
                },
                {
                    "first": "J",
                    "middle": [],
                    "last": "Smucny",
                    "suffix": ""
                }
            ],
            "year": 2017,
            "venue": "Cochrane Database Syst Rev",
            "volume": "6",
            "issn": "",
            "pages": null,
            "other_ids": {
                "DOI": []
            }
        },
        "BIBREF9": {
            "title": "Systematic Review of Factors Associated with Antibiotic Prescribing for Respiratory Tract Infections",
            "authors": [
                {
                    "first": "R",
                    "middle": [],
                    "last": "McKay",
                    "suffix": ""
                },
                {
                    "first": "A",
                    "middle": [],
                    "last": "Mah",
                    "suffix": ""
                },
                {
                    "first": "M",
                    "middle": [
                        "R"
                    ],
                    "last": "Law",
                    "suffix": ""
                }
            ],
            "year": 2016,
            "venue": "Antimicrob Agents Chemother",
            "volume": "60",
            "issn": "",
            "pages": "4106-4118",
            "other_ids": {
                "DOI": []
            }
        },
        "BIBREF10": {
            "title": "Association Between Antibiotic Prescribing for Respiratory Tract Infections and Patient Satisfaction in Direct-to-Consumer Telemedicine",
            "authors": [
                {
                    "first": "K",
                    "middle": [
                        "A"
                    ],
                    "last": "Martinez",
                    "suffix": ""
                },
                {
                    "first": "M",
                    "middle": [],
                    "last": "Rood",
                    "suffix": ""
                },
                {
                    "first": "N",
                    "middle": [],
                    "last": "Jhangiani",
                    "suffix": ""
                }
            ],
            "year": 2018,
            "venue": "JAMA Intern Med",
            "volume": "",
            "issn": "",
            "pages": null,
            "other_ids": {
                "DOI": [
                    "10.1001/jamainternmed.2018.4318"
                ]
            }
        },
        "BIBREF11": {
            "title": "Protective effect of antibiotics against serious complications of common respiratory tract infections: retrospective cohort study with the UK General Practice Research Database",
            "authors": [
                {
                    "first": "I",
                    "middle": [],
                    "last": "Petersen",
                    "suffix": ""
                },
                {
                    "first": "A",
                    "middle": [
                        "M"
                    ],
                    "last": "Johnson",
                    "suffix": ""
                },
                {
                    "first": "A",
                    "middle": [],
                    "last": "Islam",
                    "suffix": ""
                }
            ],
            "year": 2007,
            "venue": "BMJ",
            "volume": "335",
            "issn": "",
            "pages": null,
            "other_ids": {
                "DOI": []
            }
        },
        "BIBREF12": {
            "title": "Bronchitis (acute)",
            "authors": [
                {
                    "first": "P",
                    "middle": [],
                    "last": "Wark",
                    "suffix": ""
                }
            ],
            "year": 2015,
            "venue": "BMJ Clin Evid",
            "volume": "2015",
            "issn": "",
            "pages": null,
            "other_ids": {
                "DOI": []
            }
        },
        "BIBREF13": {
            "title": "Efficacy and tolerability of myrtol standardized in acute bronchitis. A multi-centre, randomised, double-blind, placebo-controlled parallel group clinical trial vs. cefuroxime and ambroxol",
            "authors": [
                {
                    "first": "H",
                    "middle": [],
                    "last": "Matthys",
                    "suffix": ""
                },
                {
                    "first": "C",
                    "middle": [],
                    "last": "de Mey",
                    "suffix": ""
                },
                {
                    "first": "C",
                    "middle": [],
                    "last": "Carls",
                    "suffix": ""
                }
            ],
            "year": 2000,
            "venue": "Arzneimittelforschung",
            "volume": "50",
            "issn": "",
            "pages": "700-711",
            "other_ids": {
                "DOI": []
            }
        }
    }
}