{
    "paper_id": "PMC6509364",
    "metadata": {
        "title": "Factors Influencing the Diagnosis and Treatment of Latent Tuberculosis among Contacts in Congregated Settings in Korea",
        "authors": [
            {
                "first": "Ahreum",
                "middle": [],
                "last": "Kim",
                "suffix": "",
                "email": null,
                "affiliation": {}
            },
            {
                "first": "Minhyeok",
                "middle": [],
                "last": "Choi",
                "suffix": "",
                "email": null,
                "affiliation": {}
            }
        ]
    },
    "body_text": [
        {
            "text": "Tuberculosis (TB) is an infectious disease, most commonly of the respiratory system, caused by Mycobacterium tuberculosis. The symptoms on presentation include chronic cough, fever, and production of sputum, among others. According to the global tuberculosis report, 2017, approximately 1.6 million new cases of TB were reported worldwide in 2016, with approximately 1.67 million deaths.1",
            "cite_spans": [
                {
                    "start": 387,
                    "end": 388,
                    "mention": "1",
                    "ref_id": "BIBREF0"
                }
            ],
            "section": "INTRODUCTION",
            "ref_spans": []
        },
        {
            "text": "Asymptomatic individuals who do not transmit the infection despite being infected with M. tuberculosis are considered to have latent tuberculosis infection (LTBI).1 It is estimated that 1 out of 3 adults are infected with latent TB in Korea.2 About 10% of people infected with latent TB progress to active TB, so it is important to control the TB epidemic.34 In 2016, the Korea Centers for Disease Control & Prevention (KCDC) prepared an \u201cImplementation plan\u201d for a TB-safe country. The focus of the policy has been directed to the need for the reduction of TB cases through active detection and management of LTBI patients.2",
            "cite_spans": [
                {
                    "start": 163,
                    "end": 164,
                    "mention": "1",
                    "ref_id": "BIBREF0"
                },
                {
                    "start": 241,
                    "end": 242,
                    "mention": "2",
                    "ref_id": "BIBREF11"
                },
                {
                    "start": 356,
                    "end": 357,
                    "mention": "3",
                    "ref_id": "BIBREF22"
                },
                {
                    "start": 357,
                    "end": 358,
                    "mention": "4",
                    "ref_id": "BIBREF32"
                },
                {
                    "start": 624,
                    "end": 625,
                    "mention": "2",
                    "ref_id": "BIBREF11"
                }
            ],
            "section": "INTRODUCTION",
            "ref_spans": []
        },
        {
            "text": "Many Koreans are exposed to congregated settings (settings in which a large numbers of people spend a considerable amount of time together in relatively enclosed spaces) such as in schools and military institutions. Since the risk of a TB epidemic is high in congregated settings, TB interventions are particularly relevant in their context. Since 2013, the KCDC has performed epidemiological investigations in contacts of contagious TB cases with an exposure period of more than one day in congregated settings.2 In particular, the KCDC has performed epidemiological investigations and TB control projects in these settings using the National Tuberculosis Control Guidelines,2 the Tuberculosis Epidemiological Investigation Guidelines,5 the Tuberculosis Control Guidelines for Schools,5 the Tuberculosis Control Guidelines for Correctional Institutions,5 and the Tuberculosis Control Guidelines for the Military and Police.5 The guidelines, including the implementation criteria for epidemiological investigations, were revised along with the progress made on the TB control project in congregated settings since 2013. Studies on TB control in congregated settings in Korea and in other countries have comprised various populations including children, youths, and school-goers.678 These studies include those conducted among healthcare workers, patients in medical institutions,91011 inmates in social welfare facilities,1213 military and police units,141516 correctional institutions,17181920 and workers in certain workplaces.21 There are also studies on prevalence, diagnosis, and completion of treatment for latent TB, which were mainly conducted to report on the effects of treatment initiation and completion among LTBI-infected people.22232425 In addition, some studies were performed on TB contacts.262728 These preceding studies have partially investigated the characteristics or influencing factors in patients with LTBI, based on the type of facility. However, no studies have determined the indicators of the management of latent TB (diagnosis, judgment regarding need for treatment, and the start and completion of treatment) among contacts and LTBI patients, and the influence of the characteristics of the index case and the type of facility where the infection occurred.",
            "cite_spans": [
                {
                    "start": 512,
                    "end": 513,
                    "mention": "2",
                    "ref_id": "BIBREF11"
                },
                {
                    "start": 676,
                    "end": 677,
                    "mention": "2",
                    "ref_id": "BIBREF11"
                },
                {
                    "start": 736,
                    "end": 737,
                    "mention": "5",
                    "ref_id": "BIBREF33"
                },
                {
                    "start": 786,
                    "end": 787,
                    "mention": "5",
                    "ref_id": "BIBREF33"
                },
                {
                    "start": 854,
                    "end": 855,
                    "mention": "5",
                    "ref_id": "BIBREF33"
                },
                {
                    "start": 924,
                    "end": 925,
                    "mention": "5",
                    "ref_id": "BIBREF33"
                },
                {
                    "start": 1278,
                    "end": 1279,
                    "mention": "6",
                    "ref_id": "BIBREF34"
                },
                {
                    "start": 1279,
                    "end": 1280,
                    "mention": "7",
                    "ref_id": "BIBREF35"
                },
                {
                    "start": 1280,
                    "end": 1281,
                    "mention": "8",
                    "ref_id": "BIBREF36"
                },
                {
                    "start": 1379,
                    "end": 1380,
                    "mention": "9",
                    "ref_id": "BIBREF37"
                },
                {
                    "start": 1380,
                    "end": 1382,
                    "mention": "10",
                    "ref_id": "BIBREF1"
                },
                {
                    "start": 1382,
                    "end": 1384,
                    "mention": "11",
                    "ref_id": "BIBREF2"
                },
                {
                    "start": 1422,
                    "end": 1424,
                    "mention": "12",
                    "ref_id": "BIBREF3"
                },
                {
                    "start": 1424,
                    "end": 1426,
                    "mention": "13",
                    "ref_id": "BIBREF4"
                },
                {
                    "start": 1453,
                    "end": 1455,
                    "mention": "14",
                    "ref_id": "BIBREF5"
                },
                {
                    "start": 1455,
                    "end": 1457,
                    "mention": "15",
                    "ref_id": "BIBREF6"
                },
                {
                    "start": 1457,
                    "end": 1459,
                    "mention": "16",
                    "ref_id": "BIBREF7"
                },
                {
                    "start": 1486,
                    "end": 1488,
                    "mention": "17",
                    "ref_id": "BIBREF8"
                },
                {
                    "start": 1488,
                    "end": 1490,
                    "mention": "18",
                    "ref_id": "BIBREF9"
                },
                {
                    "start": 1490,
                    "end": 1492,
                    "mention": "19",
                    "ref_id": "BIBREF10"
                },
                {
                    "start": 1492,
                    "end": 1494,
                    "mention": "20",
                    "ref_id": "BIBREF12"
                },
                {
                    "start": 1529,
                    "end": 1531,
                    "mention": "21",
                    "ref_id": "BIBREF13"
                },
                {
                    "start": 1743,
                    "end": 1745,
                    "mention": "22",
                    "ref_id": "BIBREF14"
                },
                {
                    "start": 1745,
                    "end": 1747,
                    "mention": "23",
                    "ref_id": "BIBREF15"
                },
                {
                    "start": 1747,
                    "end": 1749,
                    "mention": "24",
                    "ref_id": "BIBREF16"
                },
                {
                    "start": 1749,
                    "end": 1751,
                    "mention": "25",
                    "ref_id": "BIBREF17"
                },
                {
                    "start": 1808,
                    "end": 1810,
                    "mention": "26",
                    "ref_id": "BIBREF18"
                },
                {
                    "start": 1810,
                    "end": 1812,
                    "mention": "27",
                    "ref_id": "BIBREF19"
                },
                {
                    "start": 1812,
                    "end": 1814,
                    "mention": "28",
                    "ref_id": "BIBREF20"
                }
            ],
            "section": "INTRODUCTION",
            "ref_spans": []
        },
        {
            "text": "The present study aimed to identify the factors influencing the occurrence of latent TB in the exposed population in congregated settings, based on the type of facility and the year. Indicators of different congregated settings were also calculated and compared, accounting for the type of facility and index case characteristics.",
            "cite_spans": [],
            "section": "INTRODUCTION",
            "ref_spans": []
        },
        {
            "text": "The present study utilized raw data from the TB epidemiological investigation databases in congregated settings, which were collected by the KCDC between January 1, 2013 and December 31, 2016. TB epidemiological investigations are performed according to the National Tuberculosis Control Guidelines when more than 2 active TB patients are identified within 6 months or more than 1 case of infectious TB occurs.2 For the management of TB in Korea, the databases are the only source of data for the onset of TB in the first and additional patients in congregated settings, their contacts, outcomes of diagnosis, and the treatment of latent TB. The TB databases include information collected from congregated settings and include data on epidemic clusters, TB patients, their contacts (i.e., those who had been in contact with a patient for more than 1 day during the period of communicability), and information on patients with LTBI. Based on the four most recent years (2013\u20132016) of epidemiological investigations, data for 8,648 TB clusters (occurring in congregated settings) were available for the present study. The number of clusters and contacts analyzed by process are shown in Fig. 1.",
            "cite_spans": [
                {
                    "start": 410,
                    "end": 411,
                    "mention": "2",
                    "ref_id": "BIBREF11"
                }
            ],
            "section": "Data sources ::: METHODS",
            "ref_spans": [
                {
                    "start": 1185,
                    "end": 1191,
                    "mention": "Fig. 1",
                    "ref_id": "FIGREF0"
                }
            ]
        },
        {
            "text": "In this study, the general characteristic variables included were: gender of the first index case diagnosed with active TB in the cluster and age (0\u201312, 13\u201318, 19\u201329, 30\u201339, 40\u201349, 50\u201359, 60\u201369, and 70 years or older). TB-related variables including sputum test results (negative and nontuberculous mycobacterium [NTM], unknown, culture positive, and smear positive), chest radiography findings (normal, unknown, cavity-negative TB, cavity-positive TB), presence or absence of symptoms, and duration of symptoms (no symptom, 1\u20133 weeks, 4\u20135 weeks, 6\u20137 weeks, and 8 weeks and over).",
            "cite_spans": [],
            "section": "Definitions of indicators and variables in the TB process ::: METHODS",
            "ref_spans": []
        },
        {
            "text": "To examine the effect of facility type, congregated settings were categorized as: school, workplace, medical institution, social welfare facility, military and police units, correctional institution, and other facilities. To find the effect of the year when an epidemiological investigation was performed, the year cluster was divided into two groups (2013\u20132014, 2015\u20132016). Since the database did not include information on the sub-type of schools, categorization according to school type was not possible.",
            "cite_spans": [],
            "section": "Definitions of indicators and variables in the TB process ::: METHODS",
            "ref_spans": []
        },
        {
            "text": "For examining the variables related to the diagnosis and treatment of latent TB contacts, latent TB diagnosis, need for treatment, treatment initiation, and treatment completion were treated as outcome variables; rates for each indicator were then calculated. The diagnosis rate of latent TB was defined as the number of persons diagnosed with LTBI (n = 46,535 in 8,648 clusters) among the contacts who completed the test (n = 488,735). The rate of the need for treatment, was the percentage of people diagnosed with latent TB and deemed necessary to treat (individuals aged 35 years or younger, susceptible to isoniazid and rifampin, not immunosuppressed, no history of TB infection or treatment, and non-diabetic) (n = 32,938).2 The rate of treatment initiation was defined as the percentage of people who needed and were started on treatment (n = 25,002); the rate of completion of treatment was defined as the percentage of people who completed the treatment schedule (n = 19,562).",
            "cite_spans": [
                {
                    "start": 729,
                    "end": 730,
                    "mention": "2",
                    "ref_id": "BIBREF11"
                }
            ],
            "section": "Definitions of indicators and variables in the TB process ::: METHODS",
            "ref_spans": []
        },
        {
            "text": "The general characteristics of the first index case in the TB outbreak groups were described using univariate analysis according to the types of facilities. Mean values and 95% confidence intervals (CIs) were also evaluated to determine the rates of diagnosis, need for treatment, treatment initiation, and treatment completion of LTBI in each TB outbreak group. In addition, t-tests and variance analysis were performed to identify differences between clusters depending on the characteristics of the first index case.",
            "cite_spans": [],
            "section": "Analytic methods ::: METHODS",
            "ref_spans": []
        },
        {
            "text": "To identify factors affecting the diagnosis and treatment of latent TB, multilevel logistic regression analysis was performed. Multilevel analysis is known as an analytic method that considers upper level contextual effects, such as the \u2018area belonged to at the local level\u2019 or \u2018time for example, year cluster\u2019.29 In the multilevel logistic regression model used for this study, dependent variables included diagnosis and need for treatment of latent TB, as well as the initiation and completion of latent TB treatment in TB outbreak groups. Independent variables corresponding to level 1 (individual level) were biological characteristics (gender and age), TB characteristics (sputum test results, chest radiography results, and presence or absence of symptoms and its duration) of the index case, as well as the facility type. Independent variables for level 2 (year level) were year clusters (2013\u20132014 and 2015\u20132016). In addition, the median odds ratio (MOR) was calculated to examine variations by year. MOR is calculated as follows:",
            "cite_spans": [
                {
                    "start": 311,
                    "end": 313,
                    "mention": "29",
                    "ref_id": "BIBREF21"
                }
            ],
            "section": "Analytic methods ::: METHODS",
            "ref_spans": []
        },
        {
            "text": "Here, \u00f6 refers to the cumulative distribution function in the normal distribution with a mean of 0 and a variance of 1, where \u00f6\u22121(0.75) is the 75th percentile.3031 MOR refers to an indicator that quantifies the variation between levels, by comparison between two individuals between different levels (year cluster in the present study); this is the median value of the odds ratios (ORs) in one group with a higher tendency and another with a lower tendency. MOR is a value that evaluates the degree of variation in outcome variables at the higher-level cluster (year in the present study) compared to the individual level (when considering variables at the individual level), which is equivalent to the fixed-effects ORs.303132 The MOR value is always 1 or more. An MOR value of 1 implies no variation between levels; the MOR value increases when there are considerable variations between levels. The present study used the PROC GLIMMIX command in the SAS 9.4 software package (SAS Institute Inc., Cary, NC, USA) for multilevel logistic regression analysis. The statistical significance level in this study was reported at P < 0.05.",
            "cite_spans": [
                {
                    "start": 159,
                    "end": 161,
                    "mention": "30",
                    "ref_id": "BIBREF23"
                },
                {
                    "start": 161,
                    "end": 163,
                    "mention": "31",
                    "ref_id": "BIBREF24"
                },
                {
                    "start": 721,
                    "end": 723,
                    "mention": "30",
                    "ref_id": "BIBREF23"
                },
                {
                    "start": 723,
                    "end": 725,
                    "mention": "31",
                    "ref_id": "BIBREF24"
                },
                {
                    "start": 725,
                    "end": 727,
                    "mention": "32",
                    "ref_id": "BIBREF25"
                }
            ],
            "section": "Analytic methods ::: METHODS",
            "ref_spans": []
        },
        {
            "text": "The present study was performed after approval from the Institutional Review Board (IRB) of the Pusan National University Hospital (IRB No. 1708-030-058). Informed consent was waived by the IRB.",
            "cite_spans": [],
            "section": "Ethics statement ::: METHODS",
            "ref_spans": []
        },
        {
            "text": "Data pertaining to the characteristics for each epidemiological cluster is presented in Table 1. Among the 8,648 TB clusters investigated from 2013 to 2016, schools (2,925 clusters, 33.8%), accounted for the highest proportion of outbreaks according to facility type, followed by medical institutions (2,100 clusters, 18.8%), and social welfare facilities (1,624 clusters, 13.2%). In terms of the gender and age of the first index case, the total cluster had a higher proportion of men (4,870 clusters, 56.3%) than women; and the age group of 19\u201334 years accounted for the highest proportion (2,483 clusters, 28.7%). Regarding the sputum test of the index case, the highest rate of smear positivity was found to be 59.2% (5,188 clusters), while culture positivity was 31.7% (2,740 clusters). On chest radiography, the proportion of cases with cavity-negative TB was the highest at 61.5% (5,320 clusters), followed by cavity-positive cases, at 26.7% (2,306 clusters). The highest duration of symptoms for the index case was 1\u20133 weeks (3,371 clusters, 39.0%), followed by those with no symptoms (2,551 clusters, 29.5%), and those with symptoms for 4\u20135 weeks (1,275 clusters, 14.7%). For epidemiological investigation by year, the rate for the year 2015\u20132016 was 69.0% (2,678 clusters), which was 2.23-fold higher than that of the year 2013\u20132014.",
            "cite_spans": [],
            "section": "General characteristics ::: RESULTS",
            "ref_spans": [
                {
                    "start": 88,
                    "end": 95,
                    "mention": "Table 1",
                    "ref_id": null
                }
            ]
        },
        {
            "text": "Table 2 shows the rates of need for treatment, treatment initiation, and treatment completion by type of facility and year group. The total LTBI diagnosis rate for contacts who completed the latent TB test was 15.2% (95% CI, 14.8%\u201315.6%). Highest LTBI diagnosis rates by type of facility, were noted in correctional institutions (32.5%; 95% CI, 27.8%\u201337.2%), and by year, in the 2015\u20132016 group; the diagnosis rate increased with the advancement of years. The rate of need for treatment of contacts who were diagnosed with latent TB was 10.2% (95% CI, 9.9%\u201310.6%). Correctional institutions showed the highest rate of need for treatment of contacts at 18.9%, followed by the workplace, at 16.8%. By year, the need for treatment of contacts was 12.0% in 2015\u20132016; this value was approximately 2-fold higher than that in 2013\u20132014.",
            "cite_spans": [],
            "section": "General characteristics ::: RESULTS",
            "ref_spans": [
                {
                    "start": 0,
                    "end": 7,
                    "mention": "Table 2",
                    "ref_id": null
                }
            ]
        },
        {
            "text": "The treatment initiation rate of contacts diagnosed with latent TB needing treatment was 69.4% (95% CI, 68.3%\u201370.5%). By year, the treatment initiation rate of contacts significantly and progressively decreased in recent years, with a decline from 76.3% in 2013 to 64.2% in 2016 (P < 0.001).",
            "cite_spans": [],
            "section": "General characteristics ::: RESULTS",
            "ref_spans": []
        },
        {
            "text": "The treatment completion rate of contacts who started treatment was 76.6% (95% CI, 75.5%\u201377.7%). Among facility type, schools showed the highest treatment completion rate at 81.1%, compared with the workplace, at 69.6%. The treatment completion rate of contacts progressively decreased in the recent years.",
            "cite_spans": [],
            "section": "General characteristics ::: RESULTS",
            "ref_spans": []
        },
        {
            "text": "As shown in Table 3, multilevel logistic regression analysis was performed using the diagnosis of latent TB in contacts, need for treatment, treatment initiation, and treatment completion as dependent variables, and the characteristics of the index case and cluster as independent variables; years were considered as a random effect. All indicators showed significant differences depending on year (MOR, 1.133\u20131.189). Compared to school, the other facilities that the index case belonged to, such as the workplace, showed a significantly higher rate of latent TB diagnosis in contacts (P < 0.001). Correctional institutions had a high risk for latent TB diagnosis (OR, 6.37; 95% CI, 5.92\u20136.86). By year cluster, LTBI became significantly lower with the progression of years (OR, 0.75; 95% CI, 0.61\u20130.91). Among contacts, men index cases had a 1.16-fold higher LTBI diagnosis rate than women index cases. Compared to the 70 years or older age group, all other age groups showed a significantly higher LTBI diagnosis rate in contacts; however, there was no apparent pattern (P < 0.001).",
            "cite_spans": [],
            "section": "Influential factors in the process of latent TB: multilevel regression analysis ::: RESULTS",
            "ref_spans": [
                {
                    "start": 12,
                    "end": 19,
                    "mention": "Table 3",
                    "ref_id": null
                }
            ]
        },
        {
            "text": "When the need for treatment of latent TB was used as a response variable, most variables showed significance similar to that of latent TB diagnosis. When compared by type of facility that index cases belonged to, other facilities showed significantly high ORs for rates of need for treatment of latent TB compared to schools (P < 0.001). In particular, the risk for the need for treatment was the highest in correctional facilities (OR, 4.49; 95% CI, 4.13\u20134.89; P < 0.001). When OR was examined by year, the rate of need for treatment of contacts with latent TB was significantly lower in the most recent year (OR, 0.82; 95% CI, 0.67\u20130.99; P < 0.05). Men index cases had a 1.11-fold higher rate of need for treatment of contacts with latent TB compared to women cases; this was significantly higher in all ages of index cases (P < 0.001).",
            "cite_spans": [],
            "section": "Influential factors in the process of latent TB: multilevel regression analysis ::: RESULTS",
            "ref_spans": []
        },
        {
            "text": "When treatment initiation of latent TB was used as a response variable, most variables were statistically significant. Other facilities except the workplace had significantly higher ORs of treatment initiation rate in contacts (P < 0.01), while the OR of the workplace was significantly lower, at 0.72 (95% CI, 0.654\u20130.793). By year cluster, the treatment initiation rate in latent TB became significantly lower in the most recent year (OR, 0.65; 95% CI, 0.49\u20130.87; P < 0.01). Compared to women cases, men index cases had a 1.19-fold higher rate of treatment initiation among contacts with latent TB. By age group, the 13\u201318 years and 40\u201349 years groups showed significantly higher rates than the group aged 70 years and above (P < 0.001); the rates in the other age clusters were not significant.",
            "cite_spans": [],
            "section": "Influential factors in the process of latent TB: multilevel regression analysis ::: RESULTS",
            "ref_spans": []
        },
        {
            "text": "Multilevel logistic regression analysis using treatment completion in latent TB as the response variable, found that all variables except the gender of the index case and sputum test results were significant. When examined by facility type of index cases, all facilities except other facilities demonstrated significantly lower treatment completion rates among contacts (P < 0.01). Unlike other indicators, when OR was examined by year, it showed no significant results.",
            "cite_spans": [],
            "section": "Influential factors in the process of latent TB: multilevel regression analysis ::: RESULTS",
            "ref_spans": []
        },
        {
            "text": "The present study is the first to calculate the indicators related to latent TB and to investigate the influencing factors among congregated settings in Korea. Depending on the type of facility, each indicator was found to have significant differences along the process, from diagnosis of latent TB to treatment completion; differences were also noted depending on year cluster.",
            "cite_spans": [],
            "section": "DISCUSSION",
            "ref_spans": []
        },
        {
            "text": "According to the results of this study, the most extensive epidemiological investigation was conducted at schools, compared to other facilities. This may be explained by the fact that a longer time is spent in communal living in schools, with longer contact times. In addition, schools have a better reporting system and accessibility to medical systems than other facilities. Epidemiological investigations for TB among congregated facilities in Korea were started in schools from 2013. Remarkably, the number of epidemiological investigations rapidly increased with age, beginning from when the first index case was aged > 13 years; this was probably due to the fact that this is a rapid period of growth in youths, and they spend longer times in high school.6 As reported by Fox et al.26 in 2013, contact investigation is known to be important for children, because unlike older age clusters, in congregated settings with many children, the risk of developing active TB is higher, and the response to the latent TB test is often unreliable; more controls are therefore required.",
            "cite_spans": [
                {
                    "start": 761,
                    "end": 762,
                    "mention": "6",
                    "ref_id": "BIBREF34"
                },
                {
                    "start": 788,
                    "end": 790,
                    "mention": "26",
                    "ref_id": "BIBREF18"
                }
            ],
            "section": "DISCUSSION",
            "ref_spans": []
        },
        {
            "text": "Compared to schools, other facilities had significantly higher rates of diagnosis of LTBI and need for treatment and the rate was still high even after adjusting for other factors. In this study, correctional institutions showed the highest diagnosis rate and OR. In comparison to international studies, the LTBI rate of contacts in correctional institutions was higher in Korea than that reported in the United States (17%)17; however, it was lower than that of Spain (45.5%)18 and Brazil (49%\u201373%).20 It may be speculated that the LTBI risk in correctional institutions was higher than of other facilities owing to the overpopulated setting and small rooms, in addition to medical accessibility issues. Correctional institutions in Korea accommodate 1,098.8 inmates on average in each institution, corresponding to the highest level in the Organisation for Economic Co-operation and Development (OECD) member countries. Furthermore, the accommodation rate is 121.8%, corresponding to the second largest in the OECD member countries.33 Correctional institutions hold 4 inmates per 8.48 m2 of room space and 6 inmates per 12.75 m2 of room space; this corresponds to approximately 2 m2 per person. The setting in which inmates stay, living together in small rooms with short periods of outdoor activities, seemed to enhance TB transmission. In 2015, 87 doctors working in correctional institutions were in charge of 54,581 prisoners, and one doctor treated about 200 prisoners every day.34 Under such circumstances, there could be delayed identification of prisoners infected with active TB, thus the possibility of transmission to contacts increases.",
            "cite_spans": [
                {
                    "start": 424,
                    "end": 426,
                    "mention": "17",
                    "ref_id": "BIBREF8"
                },
                {
                    "start": 476,
                    "end": 478,
                    "mention": "18",
                    "ref_id": "BIBREF9"
                },
                {
                    "start": 500,
                    "end": 502,
                    "mention": "20",
                    "ref_id": "BIBREF12"
                },
                {
                    "start": 1034,
                    "end": 1036,
                    "mention": "33",
                    "ref_id": "BIBREF26"
                },
                {
                    "start": 1486,
                    "end": 1488,
                    "mention": "34",
                    "ref_id": "BIBREF27"
                }
            ],
            "section": "DISCUSSION",
            "ref_spans": []
        },
        {
            "text": "In this study, medical institutions had higher rates of latent TB diagnosis, need for treatment, and treatment initiation than schools. However, the treatment completion rate was lower. This finding may be explained by the fact that medical institutions perform more tests and monitor treatment more strictly. The hospital-ward characteristics in Korea possibly had some impact. In 2017, there were a total of 154,753 wards, of which 99,523 (64.3%) were general wards accommodating at least four inpatients, indicating that a high proportion are dormitory-type wards, and 85.9% of the total 534,157 beds were in non-isolated wards.35 The setting with the most bed supplies were the non-isolated wards; this was identified as the major cause of nosocomial infections during the Middle East respiratory syndrome (MERS) outbreak in 2015.36 Although treatment of latent TB was initiated, considering the short hospitalization period of within 1 month, a relatively low treatment completion rate of latent TB indicated a poor post-discharge control. To date, there is no clear regulation for post-discharge control of latent TB patients. A system has been established to share the information about TB-infected soldiers after discharge with the corresponding community health center. In contrast, for patients with LTBI, there is no system that registers these patients after discharge in the corresponding community health center or the TB control information system. Thus, there is need to establish a system that provides continuous treatment for patients with LTBI after discharge, and the same is applicable to social welfare facilities, as well as the medical and other institutions that have admission and discharge processes.",
            "cite_spans": [
                {
                    "start": 631,
                    "end": 633,
                    "mention": "35",
                    "ref_id": "BIBREF28"
                },
                {
                    "start": 834,
                    "end": 836,
                    "mention": "36",
                    "ref_id": "BIBREF29"
                }
            ],
            "section": "DISCUSSION",
            "ref_spans": []
        },
        {
            "text": "Although the rates of initiation and completion of treatment for latent TB have reduced, patients with LTBI aged \u2265 35 years have been included as treatment targets since 2015. After 2015, in view of the lower ORs for treatment initiation and completion, the general workplace has been particularly considered for active TB control interventions in congregated settings. In a similar study in Japan, workers with latent TB had a lower treatment completion rate than patients in other occupation groups such as school students, healthcare professionals, and homemakers.22 Workplaces had lower treatment and completion rates of latent TB; this could be attributed to the large numbers of individuals aged \u2265 35 years who were recently included as treatment subjects. It could also be explained by the fact that unlike schools or correctional institutions, the guidelines for the management of infected cases in the workplace congregated settings were unclear leading greater difficulties in the management of infected individuals. Overall, these results show that unlike the case of active TB patients a system of management from initiation to completion of treatment has not been fully established for LTBI, despite the expansion in numbers of treatment subjects with latent TB. An additional system, which can monitor and manage the treatment process in patients with LTBI aged 35 years or older is also necessary.",
            "cite_spans": [
                {
                    "start": 567,
                    "end": 569,
                    "mention": "22",
                    "ref_id": "BIBREF14"
                }
            ],
            "section": "DISCUSSION",
            "ref_spans": []
        },
        {
            "text": "Despite the significant findings of this study, there are a few limitations. First, the database contained only the information of Korean individuals; non-Korean individuals were not included in the analysis. The number of new TB patients among foreigners has increased in recent years, while that of Koreans has tended to decrease, showing an opposite trend.37 Follow-up studies should be performed among foreigners with TB, whose numbers seemed to be on an increase. Secondly, the characteristics (gender and age, among others) of contacts of TB patients were not considered. However, the present study primarily intended to investigate the characteristics of clusters including type of facility and effect of timing after considering the characteristics of the index case; therefore, characteristics of contacts were not a major issue. Since the age of the contacts was a characteristic of the cluster they belonged to, the range was relatively similar and its influence was considered minor. Future studies should be performed with individual units considering the characteristics of contacts. Thirdly, the characteristics of the sub-categories in the congregated settings were not considered in this study. Schools maybe classified into kindergarten, elementary school, middle school, high school, and college; other facilities also have sub-types. In previous studies, the highest number of contact cases in Korean schools was found in high schools. Kindergartens and daycare centers also showed high LTBI rates.6 As for correctional institutions in the United States, prisons where they serve their terms, had a higher treatment completion rate than detention centers that held inmates temporarily.17 Since the details supplied by the facilities were incomplete, the data in the present study did not completely reflect all sub-types of facilities. However, this study had a different goal and those variables were not considered. Further studies are necessary to evaluate individual facilities according to sub-types. Lastly, the jobs among the first index cases in congregated settings were not classified. School populations could be sub-categorized as students and teachers, and medical institutions could be sub-divided into patients and healthcare professionals (doctor and nurse). These characteristics are likely to vary. For instance, the index cases in a study had different types of occupations depending on school type6; in another study, healthcare professionals had a higher risk of LTBI due to contact with patients.13 However, the analysis in the present study was based on various types of facilities. Therefore, they were not sub-divided to ensure consistency in the analysis. In future studies, analysis should be performed by facility type as well as by occupation in individual facilities. Despite these limitations, this study identified the impact of characteristics of the first index case, type of facility, and timing in each cluster on latent TB; the findings of this study are therefore significant.",
            "cite_spans": [
                {
                    "start": 359,
                    "end": 361,
                    "mention": "37",
                    "ref_id": "BIBREF30"
                },
                {
                    "start": 1518,
                    "end": 1519,
                    "mention": "6",
                    "ref_id": "BIBREF34"
                },
                {
                    "start": 1705,
                    "end": 1707,
                    "mention": "17",
                    "ref_id": "BIBREF8"
                },
                {
                    "start": 2437,
                    "end": 2438,
                    "mention": "6",
                    "ref_id": "BIBREF34"
                },
                {
                    "start": 2538,
                    "end": 2540,
                    "mention": "13",
                    "ref_id": "BIBREF4"
                }
            ],
            "section": "DISCUSSION",
            "ref_spans": []
        },
        {
            "text": "These results have considerable implications. First, the overall incidence level in the school population needs to be reduced. Since this population has more contact with the family than that of other collective facilities, it is also necessary to manage the family contacts.",
            "cite_spans": [],
            "section": "DISCUSSION",
            "ref_spans": []
        },
        {
            "text": "Second, a strategy is needed to increase the TB-treatment completion rate among contacts in other facilities. In Korea, the management of TB in collective facilities has been focused on finding additional TB patients and identifying LTBI cases through epidemiological investigations in case of epidemics.3738 Conversely, efforts to monitor treatment in cases with LTBI were relatively less enthusiastic.3738",
            "cite_spans": [
                {
                    "start": 304,
                    "end": 306,
                    "mention": "37",
                    "ref_id": "BIBREF30"
                },
                {
                    "start": 306,
                    "end": 308,
                    "mention": "38",
                    "ref_id": "BIBREF31"
                },
                {
                    "start": 403,
                    "end": 405,
                    "mention": "37",
                    "ref_id": "BIBREF30"
                },
                {
                    "start": 405,
                    "end": 407,
                    "mention": "38",
                    "ref_id": "BIBREF31"
                }
            ],
            "section": "DISCUSSION",
            "ref_spans": []
        },
        {
            "text": "In Korea, patients with active TB are managed by the TB public-private mix model (PPM) recommended by the World Health Organization.138 The PPM is regarded as an effective policy for TB control in Korea and other countries.13738 However, till date, people with LTBI have not been included in the target population of the PPM. For improving levels of completion of LTBI treatment, the active management of LTBI is essential. This may be achieved by sharing information about patients to medical institutions participating in the PPM; also, public health centers need to monitor and manage the completion of treatment via telephone and text communication.",
            "cite_spans": [
                {
                    "start": 132,
                    "end": 133,
                    "mention": "1",
                    "ref_id": "BIBREF0"
                },
                {
                    "start": 133,
                    "end": 135,
                    "mention": "38",
                    "ref_id": "BIBREF31"
                },
                {
                    "start": 223,
                    "end": 224,
                    "mention": "1",
                    "ref_id": "BIBREF0"
                },
                {
                    "start": 224,
                    "end": 226,
                    "mention": "37",
                    "ref_id": "BIBREF30"
                },
                {
                    "start": 226,
                    "end": 228,
                    "mention": "38",
                    "ref_id": "BIBREF31"
                }
            ],
            "section": "DISCUSSION",
            "ref_spans": []
        },
        {
            "text": "The directly observed treatment (DOT) service needs to be extended to include patients with LTBI. In Korea, the DOT service has been implemented since 2013 for patients with TB.38 However, till date, patients with LTBI are not included in the target population for DOT. Since DOT is known to be effective in improving the compliance of TB patients,1 it should be implemented to increase the treatment completion rate in these patients.",
            "cite_spans": [
                {
                    "start": 177,
                    "end": 179,
                    "mention": "38",
                    "ref_id": "BIBREF31"
                },
                {
                    "start": 348,
                    "end": 349,
                    "mention": "1",
                    "ref_id": "BIBREF0"
                }
            ],
            "section": "DISCUSSION",
            "ref_spans": []
        },
        {
            "text": "Third, a cohort of contact and latent TB cases should be established to monitor the status of management and the occurrence of active TB in the long-term. It is known that individuals with LTBI have a 10% of risk of latent TB for the rest of their lives.38 In contact control programs, epidemiological investigations can take up to 9 months.2 However, a period of 9 months is insufficient for obtaining information about the occurrence of active TB in contacts.",
            "cite_spans": [
                {
                    "start": 254,
                    "end": 256,
                    "mention": "38",
                    "ref_id": "BIBREF31"
                },
                {
                    "start": 341,
                    "end": 342,
                    "mention": "2",
                    "ref_id": "BIBREF11"
                }
            ],
            "section": "DISCUSSION",
            "ref_spans": []
        },
        {
            "text": "Fourth, tests should be performed for latent TB before including individuals in congregated settings and also during the period of stay. Fifth, accessibility to medical institutions should be improved to facilitate timely access to medical services in case of suspected TB symptoms. Lastly, it is necessary to establish a system that transfers information about latent TB patients to the corresponding community health centers after discharge from the congregated settings; this will serve to raise treatment completion rates in patients with latent TB.",
            "cite_spans": [],
            "section": "DISCUSSION",
            "ref_spans": []
        },
        {
            "text": "The present study investigated the states and influential factors along the process, extending from the diagnosis of latent TB to the completion of treatment in Korea. The findings showed that compared to schools, other facilities carried high risks of LTBI. Therefore, efforts should be made to enhance the early detection of the first patients with TB. In addition, efforts should be made to establish policies to determine the rates of treatment completion among latent TB cases in correctional institutions, medical institutions, and social welfare facilities, and to improve the treatment initiation rate in workplaces, particularly among those aged 35 years or older. There is a growing understanding of the need to manage LTBI, but the evidence for this is lacking. Further research is needed to facilitate the implementation of evidence-based policies for the control of LTBI.",
            "cite_spans": [],
            "section": "DISCUSSION",
            "ref_spans": []
        }
    ],
    "ref_entries": {
        "FIGREF0": {
            "text": "Fig. 1: LTBI = latent tuberculosis infection.",
            "type": "figure"
        }
    },
    "back_matter": [],
    "bib_entries": {
        "BIBREF0": {
            "title": "",
            "authors": [],
            "year": 2017,
            "venue": "Global Tuberculosis Report 2017",
            "volume": "",
            "issn": "",
            "pages": null,
            "other_ids": {
                "DOI": []
            }
        },
        "BIBREF1": {
            "title": "Infection control and the burden of tuberculosis infection and disease in health care workers in china: a cross-sectional study",
            "authors": [
                {
                    "first": "GX",
                    "middle": [],
                    "last": "He",
                    "suffix": ""
                },
                {
                    "first": "S",
                    "middle": [],
                    "last": "van den Hof",
                    "suffix": ""
                },
                {
                    "first": "MJ",
                    "middle": [],
                    "last": "van der Werf",
                    "suffix": ""
                },
                {
                    "first": "GJ",
                    "middle": [],
                    "last": "Wang",
                    "suffix": ""
                },
                {
                    "first": "SW",
                    "middle": [],
                    "last": "Ma",
                    "suffix": ""
                },
                {
                    "first": "DY",
                    "middle": [],
                    "last": "Zhao",
                    "suffix": ""
                }
            ],
            "year": 2010,
            "venue": "BMC Infect Dis",
            "volume": "10",
            "issn": "1",
            "pages": null,
            "other_ids": {
                "DOI": []
            }
        },
        "BIBREF2": {
            "title": "Prevalence of latent tuberculosis infection among health care workers in South Korea: a multicenter study",
            "authors": [
                {
                    "first": "KW",
                    "middle": [],
                    "last": "Jo",
                    "suffix": ""
                },
                {
                    "first": "Y",
                    "middle": [],
                    "last": "Hong",
                    "suffix": ""
                },
                {
                    "first": "JS",
                    "middle": [],
                    "last": "Park",
                    "suffix": ""
                },
                {
                    "first": "IG",
                    "middle": [],
                    "last": "Bae",
                    "suffix": ""
                },
                {
                    "first": "JS",
                    "middle": [],
                    "last": "Eom",
                    "suffix": ""
                },
                {
                    "first": "SR",
                    "middle": [],
                    "last": "Lee",
                    "suffix": ""
                }
            ],
            "year": 2013,
            "venue": "Tuberc Respir Dis (Seoul)",
            "volume": "75",
            "issn": "1",
            "pages": "18-24",
            "other_ids": {
                "DOI": []
            }
        },
        "BIBREF3": {
            "title": "",
            "authors": [
                {
                    "first": "YS",
                    "middle": [],
                    "last": "Park",
                    "suffix": ""
                },
                {
                    "first": "K",
                    "middle": [],
                    "last": "Cheong",
                    "suffix": ""
                }
            ],
            "year": 1988,
            "venue": "A case study of pulmonary tuberculosis outbreak in a facility for the physically or mentally disabled",
            "volume": "",
            "issn": "",
            "pages": "131-132",
            "other_ids": {
                "DOI": []
            }
        },
        "BIBREF4": {
            "title": "Prevalence of and risk factors for latent tuberculosis infection among employees at a workers' compensation hospital",
            "authors": [
                {
                    "first": "J",
                    "middle": [],
                    "last": "Hwang",
                    "suffix": ""
                },
                {
                    "first": "J",
                    "middle": [],
                    "last": "Cheong",
                    "suffix": ""
                },
                {
                    "first": "BS",
                    "middle": [],
                    "last": "Choi",
                    "suffix": ""
                }
            ],
            "year": 2017,
            "venue": "J Korean Soc Occup Environ Hyg",
            "volume": "27",
            "issn": "3",
            "pages": "238-244",
            "other_ids": {
                "DOI": []
            }
        },
        "BIBREF5": {
            "title": "The role of TST in the diagnosis of latent tuberculosis infection among military personnel in South Korea",
            "authors": [
                {
                    "first": "CM",
                    "middle": [],
                    "last": "Choi",
                    "suffix": ""
                },
                {
                    "first": "CI",
                    "middle": [],
                    "last": "Kang",
                    "suffix": ""
                },
                {
                    "first": "DH",
                    "middle": [],
                    "last": "Kim",
                    "suffix": ""
                },
                {
                    "first": "CH",
                    "middle": [],
                    "last": "Kim",
                    "suffix": ""
                },
                {
                    "first": "HJ",
                    "middle": [],
                    "last": "Kim",
                    "suffix": ""
                },
                {
                    "first": "CH",
                    "middle": [],
                    "last": "Lee",
                    "suffix": ""
                }
            ],
            "year": 2006,
            "venue": "Int J Tuberc Lung Dis",
            "volume": "10",
            "issn": "12",
            "pages": "1342-1346",
            "other_ids": {
                "DOI": []
            }
        },
        "BIBREF6": {
            "title": "Clinical characteristics of tuberculosis in combat and auxiliary police in Korea",
            "authors": [
                {
                    "first": "CG",
                    "middle": [],
                    "last": "Moon",
                    "suffix": ""
                },
                {
                    "first": "SJ",
                    "middle": [],
                    "last": "Park",
                    "suffix": ""
                },
                {
                    "first": "MG",
                    "middle": [],
                    "last": "Cho",
                    "suffix": ""
                },
                {
                    "first": "YJ",
                    "middle": [],
                    "last": "Kim",
                    "suffix": ""
                },
                {
                    "first": "SY",
                    "middle": [],
                    "last": "Kim",
                    "suffix": ""
                },
                {
                    "first": "YK",
                    "middle": [],
                    "last": "Kim",
                    "suffix": ""
                }
            ],
            "year": 2006,
            "venue": "Infect Chemother",
            "volume": "38",
            "issn": "6",
            "pages": "383-388",
            "other_ids": {
                "DOI": []
            }
        },
        "BIBREF7": {
            "title": "Management of tuberculosis outbreak in a small military unit following the Korean national guideline",
            "authors": [
                {
                    "first": "SH",
                    "middle": [],
                    "last": "Ji",
                    "suffix": ""
                },
                {
                    "first": "HJ",
                    "middle": [],
                    "last": "Kim",
                    "suffix": ""
                },
                {
                    "first": "CM",
                    "middle": [],
                    "last": "Choi",
                    "suffix": ""
                }
            ],
            "year": 2007,
            "venue": "Tuberc Respir Dis (Seoul)",
            "volume": "62",
            "issn": "1",
            "pages": "5-10",
            "other_ids": {
                "DOI": []
            }
        },
        "BIBREF8": {
            "title": "Treatment for latent TB in correctional facilities: a challenge for TB elimination",
            "authors": [
                {
                    "first": "MN",
                    "middle": [],
                    "last": "Lobato",
                    "suffix": ""
                },
                {
                    "first": "LS",
                    "middle": [],
                    "last": "Leary",
                    "suffix": ""
                },
                {
                    "first": "PM",
                    "middle": [],
                    "last": "Simone",
                    "suffix": ""
                }
            ],
            "year": 2003,
            "venue": "Am J Prev Med",
            "volume": "24",
            "issn": "3",
            "pages": "249-253",
            "other_ids": {
                "DOI": []
            }
        },
        "BIBREF9": {
            "title": "Multi-centre study of the prevalence of latent tuberculosis infection amongst inmates in Spanish prisons",
            "authors": [
                {
                    "first": "J",
                    "middle": [],
                    "last": "Garc\u00eda-Guerrero",
                    "suffix": ""
                },
                {
                    "first": "A",
                    "middle": [],
                    "last": "Marco Mouri\u00f1o",
                    "suffix": ""
                },
                {
                    "first": "P",
                    "middle": [],
                    "last": "S\u00e1iz de la Hoya Zam\u00e1cola",
                    "suffix": ""
                },
                {
                    "first": "EJ",
                    "middle": [],
                    "last": "Vera-Remart\u00ednez",
                    "suffix": ""
                }
            ],
            "year": 2010,
            "venue": "Rev Esp Sanid Penit",
            "volume": "12",
            "issn": "3",
            "pages": "79-85",
            "other_ids": {
                "DOI": []
            }
        },
        "BIBREF10": {
            "title": "Tuberculosis control in prisons: current situation and research gaps",
            "authors": [
                {
                    "first": "M",
                    "middle": [],
                    "last": "Dara",
                    "suffix": ""
                },
                {
                    "first": "CD",
                    "middle": [],
                    "last": "Acosta",
                    "suffix": ""
                },
                {
                    "first": "NV",
                    "middle": [],
                    "last": "Melchers",
                    "suffix": ""
                },
                {
                    "first": "HA",
                    "middle": [],
                    "last": "Al-Darraji",
                    "suffix": ""
                },
                {
                    "first": "D",
                    "middle": [],
                    "last": "Chorgoliani",
                    "suffix": ""
                },
                {
                    "first": "H",
                    "middle": [],
                    "last": "Reyes",
                    "suffix": ""
                }
            ],
            "year": 2015,
            "venue": "Int J Infect Dis",
            "volume": "32",
            "issn": "",
            "pages": "111-117",
            "other_ids": {
                "DOI": []
            }
        },
        "BIBREF11": {
            "title": "",
            "authors": [],
            "year": 2017,
            "venue": "2017 National Tuberculosis Control Guideline",
            "volume": "",
            "issn": "",
            "pages": null,
            "other_ids": {
                "DOI": []
            }
        },
        "BIBREF12": {
            "title": "Active and latent tuberculosis in Brazilian correctional facilities: a cross-sectional study",
            "authors": [
                {
                    "first": "AS",
                    "middle": [],
                    "last": "Carbone",
                    "suffix": ""
                },
                {
                    "first": "DS",
                    "middle": [],
                    "last": "Pai\u00e3o",
                    "suffix": ""
                },
                {
                    "first": "RV",
                    "middle": [],
                    "last": "Sgarbi",
                    "suffix": ""
                },
                {
                    "first": "EF",
                    "middle": [],
                    "last": "Lemos",
                    "suffix": ""
                },
                {
                    "first": "RF",
                    "middle": [],
                    "last": "Cazanti",
                    "suffix": ""
                },
                {
                    "first": "MM",
                    "middle": [],
                    "last": "Ota",
                    "suffix": ""
                }
            ],
            "year": 2015,
            "venue": "BMC Infect Dis",
            "volume": "15",
            "issn": "1",
            "pages": null,
            "other_ids": {
                "DOI": []
            }
        },
        "BIBREF13": {
            "title": "A tuberculosis outbreak at a workplace in Central Taiwan, 2016",
            "authors": [
                {
                    "first": "HY",
                    "middle": [],
                    "last": "Wang",
                    "suffix": ""
                },
                {
                    "first": "KC",
                    "middle": [],
                    "last": "Wang",
                    "suffix": ""
                },
                {
                    "first": "SH",
                    "middle": [],
                    "last": "Tsai",
                    "suffix": ""
                },
                {
                    "first": "PF",
                    "middle": [],
                    "last": "Lai",
                    "suffix": ""
                },
                {
                    "first": "WC",
                    "middle": [],
                    "last": "Lin",
                    "suffix": ""
                },
                {
                    "first": "HC",
                    "middle": [],
                    "last": "Lee",
                    "suffix": ""
                }
            ],
            "year": 2018,
            "venue": "Taiwan Epidemiol Bull",
            "volume": "34",
            "issn": "4",
            "pages": "59-64",
            "other_ids": {
                "DOI": []
            }
        },
        "BIBREF14": {
            "title": "Trend and treatment status of latent tuberculosis infection patients in Japan - Analysis of Japan TB surveillance data",
            "authors": [
                {
                    "first": "L",
                    "middle": [],
                    "last": "Kawatsu",
                    "suffix": ""
                },
                {
                    "first": "K",
                    "middle": [],
                    "last": "Uchimura",
                    "suffix": ""
                },
                {
                    "first": "A",
                    "middle": [],
                    "last": "Ohkado",
                    "suffix": ""
                }
            ],
            "year": 2017,
            "venue": "PLoS One",
            "volume": "12",
            "issn": "11",
            "pages": null,
            "other_ids": {
                "DOI": []
            }
        },
        "BIBREF15": {
            "title": "Predictors of latent tuberculosis treatment initiation and completion at a U.S. public health clinic: a prospective cohort study",
            "authors": [
                {
                    "first": "ND",
                    "middle": [],
                    "last": "Goswami",
                    "suffix": ""
                },
                {
                    "first": "LB",
                    "middle": [],
                    "last": "Gadkowski",
                    "suffix": ""
                },
                {
                    "first": "C",
                    "middle": [],
                    "last": "Piedrahita",
                    "suffix": ""
                },
                {
                    "first": "D",
                    "middle": [],
                    "last": "Bissette",
                    "suffix": ""
                },
                {
                    "first": "MA",
                    "middle": [],
                    "last": "Ahearn",
                    "suffix": ""
                },
                {
                    "first": "ML",
                    "middle": [],
                    "last": "Blain",
                    "suffix": ""
                }
            ],
            "year": 2012,
            "venue": "BMC Public Health",
            "volume": "12",
            "issn": "1",
            "pages": null,
            "other_ids": {
                "DOI": []
            }
        },
        "BIBREF16": {
            "title": "Treatment of latent tuberculosis infection: a network meta-analysis",
            "authors": [
                {
                    "first": "HR",
                    "middle": [],
                    "last": "Stagg",
                    "suffix": ""
                },
                {
                    "first": "D",
                    "middle": [],
                    "last": "Zenner",
                    "suffix": ""
                },
                {
                    "first": "RJ",
                    "middle": [],
                    "last": "Harris",
                    "suffix": ""
                },
                {
                    "first": "L",
                    "middle": [],
                    "last": "Mu\u00f1oz",
                    "suffix": ""
                },
                {
                    "first": "MC",
                    "middle": [],
                    "last": "Lipman",
                    "suffix": ""
                },
                {
                    "first": "I",
                    "middle": [],
                    "last": "Abubakar",
                    "suffix": ""
                }
            ],
            "year": 2014,
            "venue": "Ann Intern Med",
            "volume": "161",
            "issn": "6",
            "pages": "419-428",
            "other_ids": {
                "DOI": []
            }
        },
        "BIBREF17": {
            "title": "Completing treatment for latent tuberculosis: patient background matters",
            "authors": [
                {
                    "first": "B",
                    "middle": [],
                    "last": "Kan",
                    "suffix": ""
                },
                {
                    "first": "M",
                    "middle": [],
                    "last": "Kalin",
                    "suffix": ""
                },
                {
                    "first": "J",
                    "middle": [],
                    "last": "Bruchfeld",
                    "suffix": ""
                }
            ],
            "year": 2013,
            "venue": "Int J Tuberc Lung Dis",
            "volume": "17",
            "issn": "5",
            "pages": "597-602",
            "other_ids": {
                "DOI": []
            }
        },
        "BIBREF18": {
            "title": "Contact investigation for tuberculosis: a systematic review and meta-analysis",
            "authors": [
                {
                    "first": "GJ",
                    "middle": [],
                    "last": "Fox",
                    "suffix": ""
                },
                {
                    "first": "SE",
                    "middle": [],
                    "last": "Barry",
                    "suffix": ""
                },
                {
                    "first": "WJ",
                    "middle": [],
                    "last": "Britton",
                    "suffix": ""
                },
                {
                    "first": "GB",
                    "middle": [],
                    "last": "Marks",
                    "suffix": ""
                }
            ],
            "year": 2013,
            "venue": "Eur Respir J",
            "volume": "41",
            "issn": "1",
            "pages": "140-156",
            "other_ids": {
                "DOI": []
            }
        },
        "BIBREF19": {
            "title": "Contact investigation for active tuberculosis among child contacts in Uganda",
            "authors": [
                {
                    "first": "D",
                    "middle": [],
                    "last": "Jaganath",
                    "suffix": ""
                },
                {
                    "first": "S",
                    "middle": [],
                    "last": "Zalwango",
                    "suffix": ""
                },
                {
                    "first": "B",
                    "middle": [],
                    "last": "Okware",
                    "suffix": ""
                },
                {
                    "first": "M",
                    "middle": [],
                    "last": "Nsereko",
                    "suffix": ""
                },
                {
                    "first": "H",
                    "middle": [],
                    "last": "Kisingo",
                    "suffix": ""
                },
                {
                    "first": "L",
                    "middle": [],
                    "last": "Malone",
                    "suffix": ""
                }
            ],
            "year": 2013,
            "venue": "Clin Infect Dis",
            "volume": "57",
            "issn": "12",
            "pages": "1685-1692",
            "other_ids": {
                "DOI": []
            }
        },
        "BIBREF20": {
            "title": "Prevalence and risk factors for Mycobacterium tuberculosis infection among contacts of pulmonary tuberculosis patients",
            "authors": [
                {
                    "first": "JS",
                    "middle": [],
                    "last": "Park",
                    "suffix": ""
                }
            ],
            "year": 2012,
            "venue": "Tuberc Respir Dis (Seoul)",
            "volume": "72",
            "issn": "2",
            "pages": "140-148",
            "other_ids": {
                "DOI": []
            }
        },
        "BIBREF21": {
            "title": "",
            "authors": [
                {
                    "first": "I",
                    "middle": [],
                    "last": "Kawachi",
                    "suffix": ""
                },
                {
                    "first": "LF",
                    "middle": [],
                    "last": "Berkman",
                    "suffix": ""
                }
            ],
            "year": 2003,
            "venue": "Neighborhoods and Health",
            "volume": "",
            "issn": "",
            "pages": null,
            "other_ids": {
                "DOI": []
            }
        },
        "BIBREF22": {
            "title": "Treatment of latent tuberculosis infection and its clinical efficacy",
            "authors": [
                {
                    "first": "HW",
                    "middle": [],
                    "last": "Kim",
                    "suffix": ""
                },
                {
                    "first": "JS",
                    "middle": [],
                    "last": "Kim",
                    "suffix": ""
                }
            ],
            "year": 2018,
            "venue": "Tuberc Respir Dis (Seoul)",
            "volume": "81",
            "issn": "1",
            "pages": "6-12",
            "other_ids": {
                "DOI": []
            }
        },
        "BIBREF23": {
            "title": "Appropriate assessment of neighborhood effects on individual health: integrating random and fixed effects in multilevel logistic regression",
            "authors": [
                {
                    "first": "K",
                    "middle": [],
                    "last": "Larsen",
                    "suffix": ""
                },
                {
                    "first": "J",
                    "middle": [],
                    "last": "Merlo",
                    "suffix": ""
                }
            ],
            "year": 2005,
            "venue": "Am J Epidemiol",
            "volume": "161",
            "issn": "1",
            "pages": "81-88",
            "other_ids": {
                "DOI": []
            }
        },
        "BIBREF24": {
            "title": "Hospital-level associations with 30-day patient mortality after cardiac surgery: a tutorial on the application and interpretation of marginal and multilevel logistic regression",
            "authors": [
                {
                    "first": "M",
                    "middle": [],
                    "last": "Sanagou",
                    "suffix": ""
                },
                {
                    "first": "R",
                    "middle": [],
                    "last": "Wolfe",
                    "suffix": ""
                },
                {
                    "first": "A",
                    "middle": [],
                    "last": "Forbes",
                    "suffix": ""
                },
                {
                    "first": "CM",
                    "middle": [],
                    "last": "Reid",
                    "suffix": ""
                }
            ],
            "year": 2012,
            "venue": "BMC Med Res Methodol",
            "volume": "12",
            "issn": "1",
            "pages": null,
            "other_ids": {
                "DOI": []
            }
        },
        "BIBREF25": {
            "title": "Neighbourhood environments and obesity among adults: a multilevel analysis of an urban Brazilian context",
            "authors": [
                {
                    "first": "FP",
                    "middle": [],
                    "last": "Matozinhos",
                    "suffix": ""
                },
                {
                    "first": "CS",
                    "middle": [],
                    "last": "Gomes",
                    "suffix": ""
                },
                {
                    "first": "AC",
                    "middle": [],
                    "last": "Andrade",
                    "suffix": ""
                },
                {
                    "first": "LL",
                    "middle": [],
                    "last": "Mendes",
                    "suffix": ""
                },
                {
                    "first": "MC",
                    "middle": [],
                    "last": "Pessoa",
                    "suffix": ""
                },
                {
                    "first": "AA",
                    "middle": [],
                    "last": "Friche",
                    "suffix": ""
                }
            ],
            "year": 2015,
            "venue": "Prev Med Rep",
            "volume": "2",
            "issn": "",
            "pages": "337-341",
            "other_ids": {
                "DOI": []
            }
        },
        "BIBREF26": {
            "title": "",
            "authors": [],
            "year": null,
            "venue": "Korea Correctional Service",
            "volume": "",
            "issn": "",
            "pages": null,
            "other_ids": {
                "DOI": []
            }
        },
        "BIBREF27": {
            "title": "",
            "authors": [
                {
                    "first": "IH",
                    "middle": [],
                    "last": "Park",
                    "suffix": ""
                }
            ],
            "year": 2016,
            "venue": "Prison doctors treat 216 people a day. Herald Corporation [Internet]",
            "volume": "",
            "issn": "",
            "pages": null,
            "other_ids": {
                "DOI": []
            }
        },
        "BIBREF28": {
            "title": "",
            "authors": [],
            "year": 2018,
            "venue": "2017 Health Insurance Statistical Yearbook",
            "volume": "",
            "issn": "",
            "pages": null,
            "other_ids": {
                "DOI": []
            }
        },
        "BIBREF29": {
            "title": "",
            "authors": [],
            "year": null,
            "venue": "WHO statement on the ninth meeting of the IHR Emergency Committee regarding MERS-COV",
            "volume": "",
            "issn": "",
            "pages": null,
            "other_ids": {
                "DOI": []
            }
        },
        "BIBREF30": {
            "title": "Tuberculosis control in the Republic of Korea",
            "authors": [
                {
                    "first": "KS",
                    "middle": [],
                    "last": "Cho",
                    "suffix": ""
                }
            ],
            "year": 2018,
            "venue": "Epidemiol Health",
            "volume": "40",
            "issn": "",
            "pages": null,
            "other_ids": {
                "DOI": []
            }
        },
        "BIBREF31": {
            "title": "Tuberculosis control in the Republic of Korea",
            "authors": [
                {
                    "first": "KS",
                    "middle": [],
                    "last": "Cho",
                    "suffix": ""
                }
            ],
            "year": 2017,
            "venue": "Health Soc Welf Rev",
            "volume": "37",
            "issn": "4",
            "pages": "179-212",
            "other_ids": {
                "DOI": []
            }
        },
        "BIBREF32": {
            "title": "Diagnosis and treatment of latent tuberculosis infection",
            "authors": [
                {
                    "first": "JC",
                    "middle": [],
                    "last": "Choi",
                    "suffix": ""
                }
            ],
            "year": 2014,
            "venue": "J Korean Med Assoc",
            "volume": "57",
            "issn": "1",
            "pages": "12-18",
            "other_ids": {
                "DOI": []
            }
        },
        "BIBREF33": {
            "title": "",
            "authors": [],
            "year": 2012,
            "venue": "Guidelines for Management of Tuberculosis Epidemiological Investigation",
            "volume": "",
            "issn": "",
            "pages": null,
            "other_ids": {
                "DOI": []
            }
        },
        "BIBREF34": {
            "title": "Contact investigation for tuberculosis among children and adolescents in Korea, 2013\u20132015",
            "authors": [
                {
                    "first": "BW",
                    "middle": [],
                    "last": "Eun",
                    "suffix": ""
                },
                {
                    "first": "YH",
                    "middle": [],
                    "last": "Kwon",
                    "suffix": ""
                },
                {
                    "first": "YK",
                    "middle": [],
                    "last": "Lee",
                    "suffix": ""
                }
            ],
            "year": 2016,
            "venue": "Public Health Wkly Rep",
            "volume": "9",
            "issn": "39",
            "pages": "776-778",
            "other_ids": {
                "DOI": []
            }
        },
        "BIBREF35": {
            "title": "Latent infection treatment to prevent TB transmission in school settings",
            "authors": [
                {
                    "first": "PH",
                    "middle": [],
                    "last": "Lee",
                    "suffix": ""
                },
                {
                    "first": "FY",
                    "middle": [],
                    "last": "Chang",
                    "suffix": ""
                }
            ],
            "year": 2012,
            "venue": "J Formos Med Assoc",
            "volume": "111",
            "issn": "10",
            "pages": "525-526",
            "other_ids": {
                "DOI": []
            }
        },
        "BIBREF36": {
            "title": "Prevalence of latent tuberculosis infection among medical students in South Korea",
            "authors": [
                {
                    "first": "DH",
                    "middle": [],
                    "last": "Jung",
                    "suffix": ""
                },
                {
                    "first": "KW",
                    "middle": [],
                    "last": "Jo",
                    "suffix": ""
                },
                {
                    "first": "TS",
                    "middle": [],
                    "last": "Shim",
                    "suffix": ""
                }
            ],
            "year": 2012,
            "venue": "Tuberc Respir Dis (Seoul)",
            "volume": "73",
            "issn": "4",
            "pages": "219-223",
            "other_ids": {
                "DOI": []
            }
        },
        "BIBREF37": {
            "title": "Assessment of latent tuberculosis infection in psychiatric inpatients: a survey after tuberculosis outbreaks",
            "authors": [
                {
                    "first": "SW",
                    "middle": [],
                    "last": "Pan",
                    "suffix": ""
                },
                {
                    "first": "YR",
                    "middle": [],
                    "last": "Kou",
                    "suffix": ""
                },
                {
                    "first": "TM",
                    "middle": [],
                    "last": "Hu",
                    "suffix": ""
                },
                {
                    "first": "YC",
                    "middle": [],
                    "last": "Wu",
                    "suffix": ""
                },
                {
                    "first": "YC",
                    "middle": [],
                    "last": "Lee",
                    "suffix": ""
                },
                {
                    "first": "JY",
                    "middle": [],
                    "last": "Feng",
                    "suffix": ""
                }
            ],
            "year": 2016,
            "venue": "J Microbiol Immunol Infect",
            "volume": "49",
            "issn": "4",
            "pages": "575-583",
            "other_ids": {
                "DOI": []
            }
        }
    }
}