{
    "paper_id": "PMC6832430",
    "metadata": {
        "title": "Viruses in Horses with Neurologic and Respiratory Diseases",
        "authors": [
            {
                "first": "Eda",
                "middle": [],
                "last": "Altan",
                "suffix": "",
                "email": null,
                "affiliation": {}
            },
            {
                "first": "Yanpeng",
                "middle": [],
                "last": "Li",
                "suffix": "",
                "email": null,
                "affiliation": {}
            },
            {
                "first": "Gilberto",
                "middle": [],
                "last": "Sabino-Santos Jr",
                "suffix": "",
                "email": null,
                "affiliation": {}
            },
            {
                "first": "Vorthon",
                "middle": [],
                "last": "Sawaswong",
                "suffix": "",
                "email": null,
                "affiliation": {}
            },
            {
                "first": "Samantha",
                "middle": [],
                "last": "Barnum",
                "suffix": "",
                "email": null,
                "affiliation": {}
            },
            {
                "first": "Nicola",
                "middle": [],
                "last": "Pusterla",
                "suffix": "",
                "email": null,
                "affiliation": {}
            },
            {
                "first": "Xutao",
                "middle": [],
                "last": "Deng",
                "suffix": "",
                "email": null,
                "affiliation": {}
            },
            {
                "first": "Eric",
                "middle": [],
                "last": "Delwart",
                "suffix": "",
                "email": null,
                "affiliation": {}
            }
        ]
    },
    "body_text": [
        {
            "text": "The United States has the largest horse population with 9.5 million horses, followed by those of China, Mexico, Brazil, and Argentina with an estimated 2006 world population of 68 million [1].",
            "cite_spans": [
                {
                    "start": 189,
                    "end": 190,
                    "mention": "1",
                    "ref_id": "BIBREF0"
                }
            ],
            "section": "1. Introduction",
            "ref_spans": []
        },
        {
            "text": "Equine viral pathogens belonging to diverse viral families have been described including, but not limited to, equid herpesviruses, equine arteritis virus, African horse sickness virus, equine infectious anemia virus, equine coronavirus, Hendra virus, vesicular stomatitis virus, equine influenza virus, West Nile virus, Eastern Equine Encephalitis, Venezuelan Equine Encephalitis, Western Equine Encephalitis, and most recently equine parvovirus-H causing hepatitis [2,3,4,5,6,7,8,9].",
            "cite_spans": [
                {
                    "start": 467,
                    "end": 468,
                    "mention": "2",
                    "ref_id": "BIBREF11"
                },
                {
                    "start": 469,
                    "end": 470,
                    "mention": "3",
                    "ref_id": "BIBREF22"
                },
                {
                    "start": 471,
                    "end": 472,
                    "mention": "4",
                    "ref_id": "BIBREF27"
                },
                {
                    "start": 473,
                    "end": 474,
                    "mention": "5",
                    "ref_id": "BIBREF28"
                },
                {
                    "start": 475,
                    "end": 476,
                    "mention": "6",
                    "ref_id": "BIBREF29"
                },
                {
                    "start": 477,
                    "end": 478,
                    "mention": "7",
                    "ref_id": "BIBREF30"
                },
                {
                    "start": 479,
                    "end": 480,
                    "mention": "8",
                    "ref_id": "BIBREF31"
                },
                {
                    "start": 481,
                    "end": 482,
                    "mention": "9",
                    "ref_id": "BIBREF32"
                }
            ],
            "section": "1. Introduction",
            "ref_spans": []
        },
        {
            "text": "A limited number of viral metagenomics studies have analyzed horse samples. A 2013 study identified a novel flavivirus that was named Theiler\u2019s disease-associated virus (TDAV) from an outbreak of this liver disease transmitted through equine-origin tetanus anti-toxin [10]. Equine parvovirus-H in the copiparvovirus genera (EqPV-H) was first described in 2018 [2] and was recently shown through epidemiological studies and inoculation studies to be a more likely cause of Theiler\u2019s disease caused either by transfusion of contaminated horse serum or through naturally acquired infections (although asymptomatic infections are also frequent) [11,12,13]. A hepacivirus closely related to HCV (hepatitis C virus), initially characterized by metagenomics from a dog [14], but subsequently found to more frequently infect horses was named equine hepacivirus (EqHV) but was not associated with serum hepatitis [15,16,17]. Equine pegivirus (EPgV), most closely related to a bat pegiviruses [18], was first identified using a degenerate PCR approach [19] and shown to be a common equine infection but was also not associated with equine liver disease [15]. ",
            "cite_spans": [
                {
                    "start": 269,
                    "end": 271,
                    "mention": "10",
                    "ref_id": "BIBREF1"
                },
                {
                    "start": 361,
                    "end": 362,
                    "mention": "2",
                    "ref_id": "BIBREF11"
                },
                {
                    "start": 642,
                    "end": 644,
                    "mention": "11",
                    "ref_id": "BIBREF2"
                },
                {
                    "start": 645,
                    "end": 647,
                    "mention": "12",
                    "ref_id": "BIBREF3"
                },
                {
                    "start": 648,
                    "end": 650,
                    "mention": "13",
                    "ref_id": "BIBREF4"
                },
                {
                    "start": 763,
                    "end": 765,
                    "mention": "14",
                    "ref_id": "BIBREF5"
                },
                {
                    "start": 905,
                    "end": 907,
                    "mention": "15",
                    "ref_id": "BIBREF6"
                },
                {
                    "start": 908,
                    "end": 910,
                    "mention": "16",
                    "ref_id": "BIBREF7"
                },
                {
                    "start": 911,
                    "end": 913,
                    "mention": "17",
                    "ref_id": "BIBREF8"
                },
                {
                    "start": 984,
                    "end": 986,
                    "mention": "18",
                    "ref_id": "BIBREF9"
                },
                {
                    "start": 1043,
                    "end": 1045,
                    "mention": "19",
                    "ref_id": "BIBREF10"
                },
                {
                    "start": 1144,
                    "end": 1146,
                    "mention": "15",
                    "ref_id": "BIBREF6"
                }
            ],
            "section": "1. Introduction",
            "ref_spans": []
        },
        {
            "text": "Beside the above studies focused on Theiler\u2019s disease viral metagenomics study of CSF from a horse with neurological signs identified another parvovirus named horse parvovirus-CSF [20]. Metagenomics studies of equine serum pools recently identified the four equine viruses listed above plus unexpectedly the porcine Suid betaherpesvirus 2 [21]. ",
            "cite_spans": [
                {
                    "start": 181,
                    "end": 183,
                    "mention": "20",
                    "ref_id": "BIBREF12"
                },
                {
                    "start": 340,
                    "end": 342,
                    "mention": "21",
                    "ref_id": "BIBREF13"
                }
            ],
            "section": "1. Introduction",
            "ref_spans": []
        },
        {
            "text": "To further characterize the eukaryotic virome of horses and identify possible equine pathogens we used here a combination of viral metagenomics and real-time PCR to analyze plasma and cerebrospinal fluid (CSF) from 13 horses with unexplained neurological signs, plasma and respiratory swabs from 14 horses with unexplained respiratory signs, and plasma from 41 healthy horses, when necessary.",
            "cite_spans": [],
            "section": "1. Introduction",
            "ref_spans": []
        },
        {
            "text": "The use of horse samples adhered to the animal use guidelines set by UC Davis\u2019 Institutional Animal Care and Use Committee (AICUC Protocol # 19988, approval date 5/31/2018).",
            "cite_spans": [],
            "section": "2.1. Study Samples ::: 2. Materials and Methods ",
            "ref_spans": []
        },
        {
            "text": "In this study 68 horses were analyzed using one or two of three types of biological samples (plasma, CSF, and respiratory swabs). Both plasma and CSF were collected from 13 horses that showed acute neurological signs (behavioral changes, spinal ataxia, proprioceptive deficits and/or cranial nerve deficits). Plasma and respiratory swabs were collected from another 14 horses with fever (>38.6 \u00b0C) and nasal discharge/cough (the respiratory swab from animal 5 is missing). Plasma was also collected from 41 healthy horses. ",
            "cite_spans": [],
            "section": "2.1. Study Samples ::: 2. Materials and Methods ",
            "ref_spans": []
        },
        {
            "text": "The 13 horses with neurological signs each had CSF with evidence of lymphocytic pleocytosis, negative antibody titters to Sarcocysits neurona and Neospora hughesi by immunodiagnostics (indirect fluorescence antibody tests) and no detection of S. neurona, N. hughesi, and Borrelia burgdorferi by PCR. The 13 horses with respiratory signs each had respiratory swabs that tested non-reactive for EHV-1/-4, EIV, ERAV/ERBV, and Streptococcus equi subspecies equi.",
            "cite_spans": [],
            "section": "2.1. Study Samples ::: 2. Materials and Methods ",
            "ref_spans": []
        },
        {
            "text": "All 53 samples from these 27 sick horses were analyzed in 12 pools of 4\u20135 samples using viral metagenomics (Table 1).",
            "cite_spans": [],
            "section": "2.1. Study Samples ::: 2. Materials and Methods ",
            "ref_spans": [
                {
                    "start": 108,
                    "end": 115,
                    "mention": "Table 1",
                    "ref_id": "TABREF0"
                }
            ]
        },
        {
            "text": "For viral metagenomics plasma, CSF, and respiratory swab samples were clarified by 14,000 rpm centrifugation for five minutes, and filtered using a 0.45-\u00b5m filter (Merck Millipore Ltd., Cork, Ireland). Free nucleic acids in the 400 \u00b5L filtrates were digested using DNAse and RNAse enzymes to enrich for viral nucleic acids protected within viral capsids. Nucleic acids were then extracted (MagMAX Viral RNA Isolation Kit, Ambion, Inc, Austin, TX, USA) [22] and amplified by random RT-PCR followed by use of the Nextera\u2122 XT Sample Preparation Kit (Illumina) to generate a library for Illumina MiSeq (2 \u00d7 250 bases) with dual barcoding as previously described [23]. ",
            "cite_spans": [
                {
                    "start": 453,
                    "end": 455,
                    "mention": "22",
                    "ref_id": "BIBREF14"
                },
                {
                    "start": 659,
                    "end": 661,
                    "mention": "23",
                    "ref_id": "BIBREF15"
                }
            ],
            "section": "2.2. Viral Metagenomics ::: 2. Materials and Methods ",
            "ref_spans": []
        },
        {
            "text": "An in-house analysis pipeline was used to analyze sequence data. Before analyzing, raw data were pre-processed by subtracting human and bacterial sequences, duplicate sequences, and low quality reads. Following de novo assembly using the Ensemble program [24], both contigs and singlets viral sequences were then analyzed using translated protein sequence similarity search (BLASTx v.2.2.7) to all annotated viral proteins available in GenBank. Candidate viral hits were then compared to an in-house non-virus non-redundant (nr) protein database to remove false positive viral hits. To align reads and contigs to reference viral genomes from GenBank and generate complete or partial genome sequences the Geneious R10 program was used.",
            "cite_spans": [
                {
                    "start": 256,
                    "end": 258,
                    "mention": "24",
                    "ref_id": "BIBREF16"
                }
            ],
            "section": "2.2. Viral Metagenomics ::: 2. Materials and Methods ",
            "ref_spans": []
        },
        {
            "text": "Following mini-pool metagenomics sequencing three individual samples were re-sequenced using the same method to generate 3 near full genomes (complete ORFs) of eqcopiviruses (EqCoPV) (deposited in GenBank with accession numbers MN181466-8 for eqcopivirus 8, 9, and 11 derived from respiratory symptoms plasma samples 4, 5, and 7 respectively). Genome gaps left by high throughput sequencing (HTS) were filled by PCR and products were Sanger sequenced.",
            "cite_spans": [],
            "section": "2.3. Generation of Full Genomes of Novel Horse Parvovirus ::: 2. Materials and Methods ",
            "ref_spans": []
        },
        {
            "text": "Real-time PCR assays were developed to the three parvoviruses detected here using HTS (horse parvovirus-CSF, novel eqcopivirus, and bovine serum-associated bosavirus). Real-time PCR assays were also designed for equine hepaciviruses detected in one plasma pool and for the recently identified hepatotropic equine parvovirus-H (EqPV-H) pathogen using previously described PCR conditions [12,17]. Real-time PCR amplification was performed in a Roche 480 thermocycler. Primers and probes were used in multiplex real-time PCR (eqcopivirus, horse parvovirus-CSF, and bosavirus) and a separate multiplex real-time PCR for equine hepacivirus and EqPV-H. Primer, probes, oligonucleotide sequences, and length of amplicons are summarized in Supplementary Table S1. The reaction mix for each sample consisted of 12.5 \u00b5L QuantiFast Probe PCR Master Mix (Qiagen, Hilden, Germany), 1M each primer, 0.5 M each probe, and 3 \u00b5L DNA or cDNA. Real-time PCR sensitivity was first determined using known concentrations of oligonucleotides representing the PCR target regions. Oligonucleotides were serially diluted and real-time PCR results endpoint detection were estimated at 100 to 125 input genome equivalents.",
            "cite_spans": [
                {
                    "start": 387,
                    "end": 389,
                    "mention": "12",
                    "ref_id": "BIBREF3"
                },
                {
                    "start": 390,
                    "end": 392,
                    "mention": "17",
                    "ref_id": "BIBREF8"
                }
            ],
            "section": "2.4. Real-Time PCR ::: 2. Materials and Methods ",
            "ref_spans": []
        },
        {
            "text": "The NS1 and VP1 protein sequences of parvoviruses were aligned using Clustal W in Geneious v10.1.3. and phylogenetic trees constructed using the Maximum likelihood method with two substitution models: Le_Gascule_2008 model (LG) with Freqs and gamma distributed, invariant sites (G + I) MEGA software ver. X [25]. The substitution models were selected based on the results of the Best Model search of MEGA X. The percentage of trees in which the associated taxa clustered together is shown next to the branch points. Initial tree(s) for the heuristic search were obtained by applying the neighbor-joining method to a matrix of pairwise distances estimated using the maximum composite likelihood (MCL) approach. The tree is drawn to scale, with branch lengths measured in the number of substitutions per site. The phylogenetic analysis used sequences from nineteen different copiparvoviruses and human parvovirus B19 (AY386330) was used to root the tree.",
            "cite_spans": [
                {
                    "start": 308,
                    "end": 310,
                    "mention": "25",
                    "ref_id": "BIBREF17"
                }
            ],
            "section": "2.5. Phylogenetic Analysis ::: 2. Materials and Methods ",
            "ref_spans": []
        },
        {
            "text": "Plasma and CSF from 13 horses with neurological signs and plasma and respiratory swabs from another 14 horses with respiratory signs tested negative for a panel of known equine pathogens (see Study Samples in Materials and Methods). ",
            "cite_spans": [],
            "section": "3.1. Viral Metagenomics ::: 3. Results",
            "ref_spans": []
        },
        {
            "text": "These samples were analyzed by viral metagenomics in 12 pools of 4\u20135 samples each. A total of 15.2 million reads were generated for an average number of reads of ~1.1 million per pool. The raw sequence data for each pool are available at NCBI\u2019s Short Reads Archive under GenBank accession number SRP120619.",
            "cite_spans": [],
            "section": "3.1. Viral Metagenomics ::: 3. Results",
            "ref_spans": []
        },
        {
            "text": "Viruses detected with BLASTx translated protein matches (E score <10\u221210) were: a novel copiparvovirus in three pools, bovine serum-associated parvovirus (bosavirus) in three pools, horse parvovirus-CSF in two pools, and equine hepacivirus, equine pegivirus D, and equid gammaherpesvirus 2 and 5 in one pool each (Table 1).",
            "cite_spans": [],
            "section": "3.1. Viral Metagenomics ::: 3. Results",
            "ref_spans": [
                {
                    "start": 313,
                    "end": 320,
                    "mention": "Table 1",
                    "ref_id": "TABREF0"
                }
            ]
        },
        {
            "text": "The most commonly detected eukaryotic viral reads belonged to the Copiparvovirus genus of Parvoviridae family with a frequency ranging from 0.66% to 3.68% of total reads. Novel (divergent) copiparvovirus reads from three pools generated contigs ranging in size from 1417 to 5158 nt that showed closest translated aa identity of 42.5 to 43.9% to NS1 and 43.5 to 44.9% to VP1 encoded by the horse parvovirus-CSF genome (GenBank KR902500). This virus was named equine copiparvovirus (eqcopivirus or EqCoPV).",
            "cite_spans": [],
            "section": "3.1. Viral Metagenomics ::: 3. Results",
            "ref_spans": []
        },
        {
            "text": "Reads matching the previously described horse parvovirus-CSF genome were also detected. This parvovirus was reported in the CSF of a horse with neurological signs [20].. A partial NS1 sequence of this virus was also recently reported from a thoroughbred in China sampled in 2018 (QCF41227.1). Two of the three pools containing the novel eqcopivirus also showed the presence of horse parvovirus-CSF although with fewer reads. Both 37.5% and 60.5% of the horse parvovirus-CSF genomes could be assembled using reads from these plasma pools showing 98.8% and 97% nucleotide similarity with the original horse parvovirus-CSF derived genome in GenBank (KR902500).",
            "cite_spans": [
                {
                    "start": 164,
                    "end": 166,
                    "mention": "20",
                    "ref_id": "BIBREF12"
                }
            ],
            "section": "3.1. Viral Metagenomics ::: 3. Results",
            "ref_spans": []
        },
        {
            "text": "Equine hepacivirus contigs of 522 and 657 nucleotides were also generated from seven reads in a pool of plasma from horses with neurological signs. Contigs showed 97.9\u201398.7% nt identities to equine hepacivirus (JQ434008) in GenBank.",
            "cite_spans": [],
            "section": "3.1. Viral Metagenomics ::: 3. Results",
            "ref_spans": []
        },
        {
            "text": "A total of 13 different equid gammaherpesvirus 2 and 5 contigs, ranging in size from 446 to 1049 nucleotides, were generated from 120 and 25 reads in a pool of swab from horses with respiratory symptom. Contigs showed 92\u2013100% aa identities to equid gammaherpesvirus 2 (NC_001650.2) and 5 (NC_026421.1) in GenBank.",
            "cite_spans": [],
            "section": "3.1. Viral Metagenomics ::: 3. Results",
            "ref_spans": []
        },
        {
            "text": "Two partial equine pegivirus contigs of 446 and 903 nucleotides were generated from 317 reads in a pool of plasma from horses with respiratory signs. Contigs showed 92\u201393% nt identities to equine pegivirus 1 (KC410872) in GenBank.",
            "cite_spans": [],
            "section": "3.1. Viral Metagenomics ::: 3. Results",
            "ref_spans": []
        },
        {
            "text": "Another copiparvovirus (bosavirus) was also detected but likely originated from fetal bovine Plasma spiked into the respiratory swab viral transport medium. A near complete genome from a respiratory swab pool showed 100% aa identity to that of bosavirus in GenBank (NC_031959) [26].",
            "cite_spans": [
                {
                    "start": 278,
                    "end": 280,
                    "mention": "26",
                    "ref_id": "BIBREF18"
                }
            ],
            "section": "3.1. Viral Metagenomics ::: 3. Results",
            "ref_spans": []
        },
        {
            "text": "The length of the longest eqcopivirus contig was 5159 nucleotides (nt) with typical copiparvovirus genome organization of two complete major ORFs (NS and VP), and 5\u2019 and 3\u2019 UTRs missing the genome\u2019s terminal hairpin sequences. The study strain had a 43.8% G+C content and it has a nt distribution of 39.3% A, 16.8% T, 22.8% G, and 20.9% C. ",
            "cite_spans": [],
            "section": "3.2. Generation of Near-Full Length Genomes of Novel Equine Copiparvovirus (Eqcopivirus) ::: 3. Results",
            "ref_spans": []
        },
        {
            "text": "The expected NS1 ATP- or GTP-binding Walker A loop motif (GxxxxGKT/S; GPPSVGKS) and Walker B motif (EE) were all found [27,28]. The phospholipase A2 (PLA2) catalytic residues (HDLGY) and its highly conserved calcium-binding site (YTGPG) were also found at the N-terminus of the capsid protein [29].",
            "cite_spans": [
                {
                    "start": 120,
                    "end": 122,
                    "mention": "27",
                    "ref_id": "BIBREF19"
                },
                {
                    "start": 123,
                    "end": 125,
                    "mention": "28",
                    "ref_id": "BIBREF20"
                },
                {
                    "start": 294,
                    "end": 296,
                    "mention": "29",
                    "ref_id": "BIBREF21"
                }
            ],
            "section": "3.2. Generation of Near-Full Length Genomes of Novel Equine Copiparvovirus (Eqcopivirus) ::: 3. Results",
            "ref_spans": []
        },
        {
            "text": "The predicted capsid proteins (VP1) of eqcopivirus showed closest aa identity of 43.4% (coverage: 77%) and 37.7% (coverage: 53%) to the corresponding proteins of its two closest relative the horse parvovirus-CSF (KR902500) and equine parvovirus-H (MG136722), respectively. The nonstructural protein (NS1) proteins had 43.4% (coverage: 74%) and 31.3% (coverage: 69%) aa identity to the corresponding proteins of horse parvovirus-CSF (KR902500) and equine parvovirus-H (MG136722), respectively. The ORF structure of eqcopivirus is shown in Figure 1A. Phylogenetic analyses of the eqcopiviruses and bosavirus NS and VP proteins acquired in this study are shown in Figure 1B.",
            "cite_spans": [],
            "section": "3.2. Generation of Near-Full Length Genomes of Novel Equine Copiparvovirus (Eqcopivirus) ::: 3. Results",
            "ref_spans": [
                {
                    "start": 538,
                    "end": 546,
                    "mention": "Figure 1",
                    "ref_id": "FIGREF0"
                },
                {
                    "start": 661,
                    "end": 669,
                    "mention": "Figure 1",
                    "ref_id": "FIGREF0"
                }
            ]
        },
        {
            "text": "Real-time PCR assays were developed to the three parvoviruses detected here using HTS (horse parvovirus-CSF, novel eqcopivirus, and bosavirus). Real-time PCR assays using previously described conditions were used for equine hepaciviruses and the recently identified hepatotropic equine parvovirus-H pathogen [12,19]. These PCR assays were then used on all 94 available equine plasma, CSF, and respiratory swabs (from 68 horses) described above. The positive detections are shown with Ct values that are inversely proportional to their nucleic acid target concentration (Table 2).",
            "cite_spans": [
                {
                    "start": 309,
                    "end": 311,
                    "mention": "12",
                    "ref_id": "BIBREF3"
                },
                {
                    "start": 312,
                    "end": 314,
                    "mention": "19",
                    "ref_id": "BIBREF10"
                }
            ],
            "section": "3.3. Real-Time PCR Results ::: 3. Results",
            "ref_spans": [
                {
                    "start": 570,
                    "end": 577,
                    "mention": "Table 2",
                    "ref_id": "TABREF1"
                }
            ]
        },
        {
            "text": "Bosavirus (originally reported in bovine serum pools) [26] was detected in every one of the 13 respiratory swab samples with nearly identical CT value. These respiratory swabs had been preserved in a transport media spiked with fetal bovine serum from the same commercial product. None of the other equine samples (plasma and CSF) were preserved using fetal bovine serum and none showed the presence of bosavirus parvovirus DNA by HTS or real-time PCR. Because bosavirus was originally described as a contaminant of fetal bovine serum [26] we ascribe its detection to the use of contaminated fetal bovine serum spiked into every respiratory swab sample.",
            "cite_spans": [
                {
                    "start": 55,
                    "end": 57,
                    "mention": "26",
                    "ref_id": "BIBREF18"
                },
                {
                    "start": 536,
                    "end": 538,
                    "mention": "26",
                    "ref_id": "BIBREF18"
                }
            ],
            "section": "3.3. Real-Time PCR Results ::: 3. Results",
            "ref_spans": []
        },
        {
            "text": "The most commonly detected virus was the new eqcopivirus detected in 16/94 samples (14/68 horses). Its highest detection rate was in 4/14 plasmas from respiratory cases. Three of the four plasma positive samples also had matching respiratory swabs, two of which were also positive indicating the presence of eqcopivirus genomes in both plasma and respiratory swabs and revealing a possible mode of transmission through respiratory fluids (Table 2). When the eqcopivirus prevalence in plasma samples from respiratory cases (4/14 or 28.6%) was compared to that in plasma from healthy animals (7/41 or 17%) the difference (measured using Fisher\u2019s exact test) yielded a non-significant p value of 0.443 (Table 3). The next two most prevalent viruses were the hepatotropic parvovirus-H and equine hepacivirus both found in 11/89 samples including 3 co-infections. All detections were in plasma samples except for two hepacivirus positive respiratory swabs (Table 2). No evidence of higher virus prevalence was detected between cases and health controls (Table 3). Lastly the horse parvovirus-CSF was detected in eight samples from eight horses in all sample types (plasma, CSF, respiratory swabs) also with no obvious association with either neurological or respiratory disease when comparing prevalence in plasma samples (Table 3). When the real-time PCR Ct values were compared (using unpaired two tailed T-test with Welsh\u2019s correction) no statistically significant differences were found between cases and controls.",
            "cite_spans": [],
            "section": "3.3. Real-Time PCR Results ::: 3. Results",
            "ref_spans": [
                {
                    "start": 439,
                    "end": 446,
                    "mention": "Table 2",
                    "ref_id": "TABREF1"
                },
                {
                    "start": 700,
                    "end": 707,
                    "mention": "Table 3",
                    "ref_id": "TABREF2"
                },
                {
                    "start": 952,
                    "end": 959,
                    "mention": "Table 2",
                    "ref_id": "TABREF1"
                },
                {
                    "start": 1049,
                    "end": 1056,
                    "mention": "Table 3",
                    "ref_id": "TABREF2"
                },
                {
                    "start": 1318,
                    "end": 1325,
                    "mention": "Table 3",
                    "ref_id": "TABREF2"
                }
            ]
        },
        {
            "text": "Virus metagenomics analysis of plasma, CSF and respiratory swabs from horses with unexplained neurological and respiratory signs showed the presence of three parvoviruses, one of which (bosavirus) was likely introduced by the addition of fetal bovine serum to the respiratory swabs transport medium. Additionally detected by metagenomics were equine hepacivirus, equine pegivirus [19], and equine herpesvirus 2 and 5. Another copiparvovirus (equine parvovirus-H) was also detected using real-time PCR (but not by HTS) likely due to its lower concentration as reflected by higher real-time PCR CT values. ",
            "cite_spans": [
                {
                    "start": 381,
                    "end": 383,
                    "mention": "19",
                    "ref_id": "BIBREF10"
                }
            ],
            "section": "4. Discussion",
            "ref_spans": []
        },
        {
            "text": "The presence of viral nucleic acids detected by PCR or HTS does not prove the presence of infectious viruses. Nonetheless, the repeated detection of viral genomes in nuclease-treated, presumably sterile samples such as plasma and CSF, and the typically rapid clearance of viral particles from the circulation by the liver support the possibility of active replication [30,31,32].",
            "cite_spans": [
                {
                    "start": 369,
                    "end": 371,
                    "mention": "30",
                    "ref_id": "BIBREF23"
                },
                {
                    "start": 372,
                    "end": 374,
                    "mention": "31",
                    "ref_id": "BIBREF24"
                },
                {
                    "start": 375,
                    "end": 377,
                    "mention": "32",
                    "ref_id": "BIBREF25"
                }
            ],
            "section": "4. Discussion",
            "ref_spans": []
        },
        {
            "text": "When the prevalence of the plasma-associated viruses was determined in individual samples using real-time PCR none showed a statistically higher rate of detection or higher viral loads as determined by Ct when comparing plasma from 13 neurological or 14 respiratory cases to plasma from 41 healthy horses. Only the new eqcopivirus showed a trend toward a higher rate of detection in plasma from unexplained respiratory cases (30% versus 17%) (p = 0.443). CSF and respiratory swabs where available only from neurological or respiratory cases respectively. The rate of virus detection could therefore not be measured in these anatomical compartments in healthy animals. Horse parvovirus-CSF and eqcopivirus were also detected in 1/13 (different) CSF samples and in 3/13 (different) respiratory swabs each. The initial characterization of horse parvovirus-CSF genome was also from a CSF sample from a different unexplained neurological case [20].",
            "cite_spans": [
                {
                    "start": 939,
                    "end": 941,
                    "mention": "20",
                    "ref_id": "BIBREF12"
                }
            ],
            "section": "4. Discussion",
            "ref_spans": []
        },
        {
            "text": "PCR previously showed EqPV-H DNA to be present in the plasma of 13% healthy horses in the US [2] and 12% of healthy race horses in China [13], rates of viremia similar to that detected here in 6/41 (15%) of healthy horses. ",
            "cite_spans": [
                {
                    "start": 94,
                    "end": 95,
                    "mention": "2",
                    "ref_id": "BIBREF11"
                },
                {
                    "start": 138,
                    "end": 140,
                    "mention": "13",
                    "ref_id": "BIBREF4"
                }
            ],
            "section": "4. Discussion",
            "ref_spans": []
        },
        {
            "text": "The Parvoviridae family consists of non-enveloped, icosahedral, viruses with single stranded DNA genomes of 4 to 6 Kb [27,28]. Eight ICTV approved genera, including Copiparvovirus, are currently included in the Parvoviridae family [33]. The eqcopivirus genome described here represents the third parvovirus species confirmed to infect horses by virtue of detection in multiple equine plasma, CSF, and respiratory swab samples. That all parvoviruses identified to date in horses belong only to the copiparvovirus genus is somewhat unexpected and future studies are likely to expand the list of known equine parvoviruses. While a higher rate of eqcopivirus DNA detection was found in the plasma of horses with unexplained respiratory signs (30%) versus plasma from healthy horses (17%) that difference, based on the limited number of samples tested, was not statistically significant. Because CSF and respiratory swabs from healthy animals were not available only PCR results from plasma could be compared for disease association. Viruses resulting in neurological and respiratory disease may be expected to be present in CSF or respiratory fluids respectively as were both horse parvovirus-CSF and eqcopivirus. The collection of CSF and respiratory swabs samples from healthy animals may be necessary to better test for possible associations between these copiparvoviruses and unexplained neurological and respiratory signs. The now repeated detection of horse parvovirus-CSF [20] (n = 2) and eqcopivirus (n = 1) in CSF of horses indicates a possible role for these viruses in these neurological signs which will require further studies. The availability of eqcopivirus genome sequences will now also allow the design of hybridization probes to determine whether infected cells can be identified in fixed brain or lung tissues from animals with unexplained neurological or respiratory signs.",
            "cite_spans": [
                {
                    "start": 119,
                    "end": 121,
                    "mention": "27",
                    "ref_id": "BIBREF19"
                },
                {
                    "start": 122,
                    "end": 124,
                    "mention": "28",
                    "ref_id": "BIBREF20"
                },
                {
                    "start": 232,
                    "end": 234,
                    "mention": "33",
                    "ref_id": "BIBREF26"
                },
                {
                    "start": 1476,
                    "end": 1478,
                    "mention": "20",
                    "ref_id": "BIBREF12"
                }
            ],
            "section": "4. Discussion",
            "ref_spans": []
        }
    ],
    "ref_entries": {
        "TABREF0": {
            "text": "Table 1: Distribution of translated sequence reads with similarity E score of <10\u221210 to known mammalian viral proteins.\n",
            "type": "table"
        },
        "TABREF1": {
            "text": "Table 2: Real-time PCR results and Ct values. Within each of the 2 clinical groups different samples from the same animals are labeled with the same number. Lowest to highest Ct labeled red to white.\n",
            "type": "table"
        },
        "TABREF2": {
            "text": "Table 3: Rate of real-time PCR detection for equine viruses and association with unexplained neurological or respiratory diseases using Fisher\u2019s exact test.\n",
            "type": "table"
        },
        "FIGREF0": {
            "text": "Figure 1: (A) Genome ORF (Open Reading Frame) structure of eqcopivirus genome. (B) Phylogenetic analysis of NS1 (left) and VP1 (right) proteins in the Copiparvovirus genus. Bootstrap values from a hundred replicate runs are shown. Symbols are used to highlight the new genomes described here.",
            "type": "figure"
        }
    },
    "back_matter": [],
    "bib_entries": {
        "BIBREF0": {
            "title": "Food and Agriculture Organization (FAO) of the United Nations",
            "authors": [],
            "year": null,
            "venue": "",
            "volume": "",
            "issn": "",
            "pages": null,
            "other_ids": {
                "DOI": []
            }
        },
        "BIBREF1": {
            "title": "Identification of a previously undescribed divergent virus from the flaviviridae family in an outbreak of equine serum hepatitis",
            "authors": [
                {
                    "first": "S.",
                    "middle": [],
                    "last": "Chandriani",
                    "suffix": ""
                },
                {
                    "first": "P.",
                    "middle": [],
                    "last": "Skewes-Cox",
                    "suffix": ""
                },
                {
                    "first": "W.",
                    "middle": [],
                    "last": "Zhong",
                    "suffix": ""
                },
                {
                    "first": "D.E.",
                    "middle": [],
                    "last": "Ganem",
                    "suffix": ""
                },
                {
                    "first": "T.J.",
                    "middle": [],
                    "last": "Divers",
                    "suffix": ""
                },
                {
                    "first": "A.J.",
                    "middle": [],
                    "last": "Van Blaricum",
                    "suffix": ""
                },
                {
                    "first": "B.C.",
                    "middle": [],
                    "last": "Tennant",
                    "suffix": ""
                },
                {
                    "first": "A.L.",
                    "middle": [],
                    "last": "Kistler",
                    "suffix": ""
                }
            ],
            "year": 2013,
            "venue": "Proc. Nat. Acad. Sci. USA",
            "volume": "110",
            "issn": "",
            "pages": "E1407-E1415",
            "other_ids": {
                "DOI": [
                    "10.1073/pnas.1219217110"
                ]
            }
        },
        "BIBREF2": {
            "title": "Viral testing of 10 cases of theiler\u2019s disease and 37 in-contact horses in the absence of equine biologic product administration: A prospective study (2014-2018)",
            "authors": [
                {
                    "first": "J.E.",
                    "middle": [],
                    "last": "Tomlinson",
                    "suffix": ""
                },
                {
                    "first": "B.C.",
                    "middle": [],
                    "last": "Tennant",
                    "suffix": ""
                },
                {
                    "first": "A.",
                    "middle": [],
                    "last": "Struzyna",
                    "suffix": ""
                },
                {
                    "first": "D.",
                    "middle": [],
                    "last": "Mrad",
                    "suffix": ""
                },
                {
                    "first": "N.",
                    "middle": [],
                    "last": "Browne",
                    "suffix": ""
                },
                {
                    "first": "D.",
                    "middle": [],
                    "last": "Whelchel",
                    "suffix": ""
                },
                {
                    "first": "P.J.",
                    "middle": [],
                    "last": "Johnson",
                    "suffix": ""
                },
                {
                    "first": "C.",
                    "middle": [],
                    "last": "Jamieson",
                    "suffix": ""
                },
                {
                    "first": "C.V.",
                    "middle": [],
                    "last": "Lohr",
                    "suffix": ""
                },
                {
                    "first": "R.",
                    "middle": [],
                    "last": "Bildfell",
                    "suffix": ""
                }
            ],
            "year": 2019,
            "venue": "J. Vet. Intern. Med.",
            "volume": "33",
            "issn": "",
            "pages": "258-265",
            "other_ids": {
                "DOI": [
                    "10.1111/jvim.15362"
                ]
            }
        },
        "BIBREF3": {
            "title": "Viral testing of 18 consecutive cases of equine serum hepatitis: A prospective study (2014-2018)",
            "authors": [
                {
                    "first": "J.E.",
                    "middle": [],
                    "last": "Tomlinson",
                    "suffix": ""
                },
                {
                    "first": "A.",
                    "middle": [],
                    "last": "Kapoor",
                    "suffix": ""
                },
                {
                    "first": "A.",
                    "middle": [],
                    "last": "Kumar",
                    "suffix": ""
                },
                {
                    "first": "B.C.",
                    "middle": [],
                    "last": "Tennant",
                    "suffix": ""
                },
                {
                    "first": "M.A.",
                    "middle": [],
                    "last": "Laverack",
                    "suffix": ""
                },
                {
                    "first": "L.",
                    "middle": [],
                    "last": "Beard",
                    "suffix": ""
                },
                {
                    "first": "K.",
                    "middle": [],
                    "last": "Delph",
                    "suffix": ""
                },
                {
                    "first": "E.",
                    "middle": [],
                    "last": "Davis",
                    "suffix": ""
                },
                {
                    "first": "H.",
                    "middle": [],
                    "last": "Schott Ii",
                    "suffix": ""
                },
                {
                    "first": "K.",
                    "middle": [],
                    "last": "Lascola",
                    "suffix": ""
                }
            ],
            "year": 2019,
            "venue": "J. Vet. Intern. Med.",
            "volume": "33",
            "issn": "",
            "pages": "251-257",
            "other_ids": {
                "DOI": [
                    "10.1111/jvim.15368"
                ]
            }
        },
        "BIBREF4": {
            "title": "Identification and genetic characterization of a novel parvovirus associated with serum hepatitis in horses in china",
            "authors": [
                {
                    "first": "G.",
                    "middle": [],
                    "last": "Lu",
                    "suffix": ""
                },
                {
                    "first": "L.",
                    "middle": [],
                    "last": "Sun",
                    "suffix": ""
                },
                {
                    "first": "J.",
                    "middle": [],
                    "last": "Ou",
                    "suffix": ""
                },
                {
                    "first": "H.",
                    "middle": [],
                    "last": "Xu",
                    "suffix": ""
                },
                {
                    "first": "L.",
                    "middle": [],
                    "last": "Wu",
                    "suffix": ""
                },
                {
                    "first": "S.",
                    "middle": [],
                    "last": "Li",
                    "suffix": ""
                }
            ],
            "year": 2018,
            "venue": "Emerg. Microbes. Infect.",
            "volume": "7",
            "issn": "",
            "pages": null,
            "other_ids": {
                "DOI": [
                    "10.1038/s41426-018-0174-2"
                ]
            }
        },
        "BIBREF5": {
            "title": "Characterization of a canine homolog of hepatitis c virus",
            "authors": [
                {
                    "first": "A.",
                    "middle": [],
                    "last": "Kapoor",
                    "suffix": ""
                },
                {
                    "first": "P.",
                    "middle": [],
                    "last": "Simmonds",
                    "suffix": ""
                },
                {
                    "first": "G.",
                    "middle": [],
                    "last": "Gerold",
                    "suffix": ""
                },
                {
                    "first": "N.",
                    "middle": [],
                    "last": "Qaisar",
                    "suffix": ""
                },
                {
                    "first": "K.",
                    "middle": [],
                    "last": "Jain",
                    "suffix": ""
                },
                {
                    "first": "J.A.",
                    "middle": [],
                    "last": "Henriquez",
                    "suffix": ""
                },
                {
                    "first": "C.",
                    "middle": [],
                    "last": "Firth",
                    "suffix": ""
                },
                {
                    "first": "D.L.",
                    "middle": [],
                    "last": "Hirschberg",
                    "suffix": ""
                },
                {
                    "first": "C.M.",
                    "middle": [],
                    "last": "Rice",
                    "suffix": ""
                },
                {
                    "first": "S.",
                    "middle": [],
                    "last": "Shields",
                    "suffix": ""
                }
            ],
            "year": 2011,
            "venue": "Proc. Nat. Acad. Sci. USA",
            "volume": "108",
            "issn": "",
            "pages": "11608-11613",
            "other_ids": {
                "DOI": [
                    "10.1073/pnas.1101794108"
                ]
            }
        },
        "BIBREF6": {
            "title": "Viraemic frequencies and seroprevalence of non-primate hepacivirus and equine pegiviruses in horses and other mammalian species",
            "authors": [
                {
                    "first": "S.",
                    "middle": [],
                    "last": "Lyons",
                    "suffix": ""
                },
                {
                    "first": "A.",
                    "middle": [],
                    "last": "Kapoor",
                    "suffix": ""
                },
                {
                    "first": "B.S.",
                    "middle": [],
                    "last": "Schneider",
                    "suffix": ""
                },
                {
                    "first": "N.D.",
                    "middle": [],
                    "last": "Wolfe",
                    "suffix": ""
                },
                {
                    "first": "G.",
                    "middle": [],
                    "last": "Culshaw",
                    "suffix": ""
                },
                {
                    "first": "B.",
                    "middle": [],
                    "last": "Corcoran",
                    "suffix": ""
                },
                {
                    "first": "A.E.",
                    "middle": [],
                    "last": "Durham",
                    "suffix": ""
                },
                {
                    "first": "F.",
                    "middle": [],
                    "last": "Burden",
                    "suffix": ""
                },
                {
                    "first": "B.C.",
                    "middle": [],
                    "last": "McGorum",
                    "suffix": ""
                },
                {
                    "first": "P.",
                    "middle": [],
                    "last": "Simmonds",
                    "suffix": ""
                }
            ],
            "year": 2014,
            "venue": "J. Gen. Virol.",
            "volume": "95",
            "issn": "",
            "pages": "1701-1711",
            "other_ids": {
                "DOI": [
                    "10.1099/vir.0.065094-0"
                ]
            }
        },
        "BIBREF7": {
            "title": "Nonprimate hepaciviruses in domestic horses, united kingdom",
            "authors": [
                {
                    "first": "S.",
                    "middle": [],
                    "last": "Lyons",
                    "suffix": ""
                },
                {
                    "first": "A.",
                    "middle": [],
                    "last": "Kapoor",
                    "suffix": ""
                },
                {
                    "first": "C.",
                    "middle": [],
                    "last": "Sharp",
                    "suffix": ""
                },
                {
                    "first": "B.S.",
                    "middle": [],
                    "last": "Schneider",
                    "suffix": ""
                },
                {
                    "first": "N.D.",
                    "middle": [],
                    "last": "Wolfe",
                    "suffix": ""
                },
                {
                    "first": "G.",
                    "middle": [],
                    "last": "Culshaw",
                    "suffix": ""
                },
                {
                    "first": "B.",
                    "middle": [],
                    "last": "Corcoran",
                    "suffix": ""
                },
                {
                    "first": "B.C.",
                    "middle": [],
                    "last": "McGorum",
                    "suffix": ""
                },
                {
                    "first": "P.",
                    "middle": [],
                    "last": "Simmonds",
                    "suffix": ""
                }
            ],
            "year": 2012,
            "venue": "Emerg. Infect. Dis.",
            "volume": "18",
            "issn": "",
            "pages": "1976-1982",
            "other_ids": {
                "DOI": [
                    "10.3201/eid1812.120498"
                ]
            }
        },
        "BIBREF8": {
            "title": "Serology-enabled discovery of genetically diverse hepaciviruses in a new host",
            "authors": [
                {
                    "first": "P.D.",
                    "middle": [],
                    "last": "Burbelo",
                    "suffix": ""
                },
                {
                    "first": "E.J.",
                    "middle": [],
                    "last": "Dubovi",
                    "suffix": ""
                },
                {
                    "first": "P.",
                    "middle": [],
                    "last": "Simmonds",
                    "suffix": ""
                },
                {
                    "first": "J.L.",
                    "middle": [],
                    "last": "Medina",
                    "suffix": ""
                },
                {
                    "first": "J.A.",
                    "middle": [],
                    "last": "Henriquez",
                    "suffix": ""
                },
                {
                    "first": "N.",
                    "middle": [],
                    "last": "Mishra",
                    "suffix": ""
                },
                {
                    "first": "J.",
                    "middle": [],
                    "last": "Wagner",
                    "suffix": ""
                },
                {
                    "first": "R.",
                    "middle": [],
                    "last": "Tokarz",
                    "suffix": ""
                },
                {
                    "first": "J.M.",
                    "middle": [],
                    "last": "Cullen",
                    "suffix": ""
                },
                {
                    "first": "M.J.",
                    "middle": [],
                    "last": "Iadarola",
                    "suffix": ""
                }
            ],
            "year": 2012,
            "venue": "J. Virol.",
            "volume": "86",
            "issn": "",
            "pages": "6171-6178",
            "other_ids": {
                "DOI": [
                    "10.1128/JVI.00250-12"
                ]
            }
        },
        "BIBREF9": {
            "title": "Identification of gbv-d, a novel gb-like flavivirus from old world frugivorous bats (pteropus giganteus) in bangladesh",
            "authors": [
                {
                    "first": "J.H.",
                    "middle": [],
                    "last": "Epstein",
                    "suffix": ""
                },
                {
                    "first": "P.L.",
                    "middle": [],
                    "last": "Quan",
                    "suffix": ""
                },
                {
                    "first": "T.",
                    "middle": [],
                    "last": "Briese",
                    "suffix": ""
                },
                {
                    "first": "C.",
                    "middle": [],
                    "last": "Street",
                    "suffix": ""
                },
                {
                    "first": "O.",
                    "middle": [],
                    "last": "Jabado",
                    "suffix": ""
                },
                {
                    "first": "S.",
                    "middle": [],
                    "last": "Conlan",
                    "suffix": ""
                },
                {
                    "first": "S.",
                    "middle": [],
                    "last": "Ali Khan",
                    "suffix": ""
                },
                {
                    "first": "D.",
                    "middle": [],
                    "last": "Verdugo",
                    "suffix": ""
                },
                {
                    "first": "M.J.",
                    "middle": [],
                    "last": "Hossain",
                    "suffix": ""
                },
                {
                    "first": "S.K.",
                    "middle": [],
                    "last": "Hutchison",
                    "suffix": ""
                }
            ],
            "year": 2010,
            "venue": "PLoS Path.",
            "volume": "6",
            "issn": "",
            "pages": null,
            "other_ids": {
                "DOI": [
                    "10.1371/journal.ppat.1000972"
                ]
            }
        },
        "BIBREF10": {
            "title": "Identification of a pegivirus (gb virus-like virus) that infects horses",
            "authors": [
                {
                    "first": "A.",
                    "middle": [],
                    "last": "Kapoor",
                    "suffix": ""
                },
                {
                    "first": "P.",
                    "middle": [],
                    "last": "Simmonds",
                    "suffix": ""
                },
                {
                    "first": "J.M.",
                    "middle": [],
                    "last": "Cullen",
                    "suffix": ""
                },
                {
                    "first": "T.K.",
                    "middle": [],
                    "last": "Scheel",
                    "suffix": ""
                },
                {
                    "first": "J.L.",
                    "middle": [],
                    "last": "Medina",
                    "suffix": ""
                },
                {
                    "first": "F.",
                    "middle": [],
                    "last": "Giannitti",
                    "suffix": ""
                },
                {
                    "first": "E.",
                    "middle": [],
                    "last": "Nishiuchi",
                    "suffix": ""
                },
                {
                    "first": "K.V.",
                    "middle": [],
                    "last": "Brock",
                    "suffix": ""
                },
                {
                    "first": "P.D.",
                    "middle": [],
                    "last": "Burbelo",
                    "suffix": ""
                },
                {
                    "first": "C.M.",
                    "middle": [],
                    "last": "Rice",
                    "suffix": ""
                }
            ],
            "year": 2013,
            "venue": "J. Virol.",
            "volume": "87",
            "issn": "",
            "pages": "7185-7190",
            "other_ids": {
                "DOI": [
                    "10.1128/JVI.00324-13"
                ]
            }
        },
        "BIBREF11": {
            "title": ", et al. New parvovirus associated with serum hepatitis in horses after inoculation of common biological product",
            "authors": [
                {
                    "first": "T.J.",
                    "middle": [],
                    "last": "Divers",
                    "suffix": ""
                },
                {
                    "first": "B.C.",
                    "middle": [],
                    "last": "Tennant",
                    "suffix": ""
                },
                {
                    "first": "A.",
                    "middle": [],
                    "last": "Kumar",
                    "suffix": ""
                },
                {
                    "first": "S.",
                    "middle": [],
                    "last": "McDonough",
                    "suffix": ""
                },
                {
                    "first": "J.",
                    "middle": [],
                    "last": "Cullen",
                    "suffix": ""
                },
                {
                    "first": "N.",
                    "middle": [],
                    "last": "Bhuva",
                    "suffix": ""
                },
                {
                    "first": "K.",
                    "middle": [],
                    "last": "Jain",
                    "suffix": ""
                },
                {
                    "first": "L.S.",
                    "middle": [],
                    "last": "Chauhan",
                    "suffix": ""
                },
                {
                    "first": "T.K.H.",
                    "middle": [],
                    "last": "Scheel",
                    "suffix": ""
                },
                {
                    "first": "W.I.",
                    "middle": [],
                    "last": "Lipkin",
                    "suffix": ""
                }
            ],
            "year": 2018,
            "venue": "Emerg. Infect. Dis",
            "volume": "24",
            "issn": "",
            "pages": "303-310",
            "other_ids": {
                "DOI": [
                    "10.3201/eid2402.171031"
                ]
            }
        },
        "BIBREF12": {
            "title": "Exploring the virome of diseased horses",
            "authors": [
                {
                    "first": "L.",
                    "middle": [],
                    "last": "Li",
                    "suffix": ""
                },
                {
                    "first": "F.",
                    "middle": [],
                    "last": "Giannitti",
                    "suffix": ""
                },
                {
                    "first": "J.",
                    "middle": [],
                    "last": "Low",
                    "suffix": ""
                },
                {
                    "first": "C.",
                    "middle": [],
                    "last": "Keyes",
                    "suffix": ""
                },
                {
                    "first": "L.S.",
                    "middle": [],
                    "last": "Ullmann",
                    "suffix": ""
                },
                {
                    "first": "X.",
                    "middle": [],
                    "last": "Deng",
                    "suffix": ""
                },
                {
                    "first": "M.",
                    "middle": [],
                    "last": "Aleman",
                    "suffix": ""
                },
                {
                    "first": "P.A.",
                    "middle": [],
                    "last": "Pesavento",
                    "suffix": ""
                },
                {
                    "first": "N.",
                    "middle": [],
                    "last": "Pusterla",
                    "suffix": ""
                },
                {
                    "first": "E.",
                    "middle": [],
                    "last": "Delwart",
                    "suffix": ""
                }
            ],
            "year": 2015,
            "venue": "J. Gen. Virol.",
            "volume": "",
            "issn": "",
            "pages": null,
            "other_ids": {
                "DOI": [
                    "10.1099/vir.0.000199"
                ]
            }
        },
        "BIBREF13": {
            "title": "Characterization of the viral genomes present in commercial batches of horse serum obtained by high-throughput sequencing",
            "authors": [
                {
                    "first": "W.P.",
                    "middle": [],
                    "last": "Paim",
                    "suffix": ""
                },
                {
                    "first": "M.N.",
                    "middle": [],
                    "last": "Weber",
                    "suffix": ""
                },
                {
                    "first": "S.P.",
                    "middle": [],
                    "last": "Cibulski",
                    "suffix": ""
                },
                {
                    "first": "M.S.",
                    "middle": [],
                    "last": "da Silva",
                    "suffix": ""
                },
                {
                    "first": "D.E.",
                    "middle": [],
                    "last": "Puhl",
                    "suffix": ""
                },
                {
                    "first": "R.F.",
                    "middle": [],
                    "last": "Budaszewski",
                    "suffix": ""
                },
                {
                    "first": "A.P.M.",
                    "middle": [],
                    "last": "Varela",
                    "suffix": ""
                },
                {
                    "first": "F.Q.",
                    "middle": [],
                    "last": "Mayer",
                    "suffix": ""
                },
                {
                    "first": "C.W.",
                    "middle": [],
                    "last": "Canal",
                    "suffix": ""
                }
            ],
            "year": 2019,
            "venue": "Biologicals",
            "volume": "",
            "issn": "",
            "pages": null,
            "other_ids": {
                "DOI": [
                    "10.1016/j.biologicals.2019.08.005"
                ]
            }
        },
        "BIBREF14": {
            "title": "Metagenomic analyses of viruses in stool samples from children with acute flaccid paralysis",
            "authors": [
                {
                    "first": "J.G.",
                    "middle": [],
                    "last": "Victoria",
                    "suffix": ""
                },
                {
                    "first": "A.",
                    "middle": [],
                    "last": "Kapoor",
                    "suffix": ""
                },
                {
                    "first": "L.",
                    "middle": [],
                    "last": "Li",
                    "suffix": ""
                },
                {
                    "first": "O.",
                    "middle": [],
                    "last": "Blinkova",
                    "suffix": ""
                },
                {
                    "first": "B.",
                    "middle": [],
                    "last": "Slikas",
                    "suffix": ""
                },
                {
                    "first": "C.",
                    "middle": [],
                    "last": "Wang",
                    "suffix": ""
                },
                {
                    "first": "A.",
                    "middle": [],
                    "last": "Naeem",
                    "suffix": ""
                },
                {
                    "first": "S.",
                    "middle": [],
                    "last": "Zaidi",
                    "suffix": ""
                },
                {
                    "first": "E.",
                    "middle": [],
                    "last": "Delwart",
                    "suffix": ""
                }
            ],
            "year": 2009,
            "venue": "J. Virol.",
            "volume": "83",
            "issn": "",
            "pages": "4642-4651",
            "other_ids": {
                "DOI": [
                    "10.1128/JVI.02301-08"
                ]
            }
        },
        "BIBREF15": {
            "title": "Comparing viral metagenomics methods using a highly multiplexed human viral pathogens reagent",
            "authors": [
                {
                    "first": "L.",
                    "middle": [],
                    "last": "Li",
                    "suffix": ""
                },
                {
                    "first": "X.",
                    "middle": [],
                    "last": "Deng",
                    "suffix": ""
                },
                {
                    "first": "E.T.",
                    "middle": [],
                    "last": "Mee",
                    "suffix": ""
                },
                {
                    "first": "S.",
                    "middle": [],
                    "last": "Collot-Teixeira",
                    "suffix": ""
                },
                {
                    "first": "R.",
                    "middle": [],
                    "last": "Anderson",
                    "suffix": ""
                },
                {
                    "first": "S.",
                    "middle": [],
                    "last": "Schepelmann",
                    "suffix": ""
                },
                {
                    "first": "P.D.",
                    "middle": [],
                    "last": "Minor",
                    "suffix": ""
                },
                {
                    "first": "E.",
                    "middle": [],
                    "last": "Delwart",
                    "suffix": ""
                }
            ],
            "year": 2015,
            "venue": "J. Virol. Methods",
            "volume": "213",
            "issn": "",
            "pages": "139-146",
            "other_ids": {
                "DOI": [
                    "10.1016/j.jviromet.2014.12.002"
                ]
            }
        },
        "BIBREF16": {
            "title": "An ensemble strategy that significantly improves de novo assembly of microbial genomes from metagenomic next-generation sequencing data",
            "authors": [
                {
                    "first": "X.",
                    "middle": [],
                    "last": "Deng",
                    "suffix": ""
                },
                {
                    "first": "S.N.",
                    "middle": [],
                    "last": "Naccache",
                    "suffix": ""
                },
                {
                    "first": "T.",
                    "middle": [],
                    "last": "Ng",
                    "suffix": ""
                },
                {
                    "first": "S.",
                    "middle": [],
                    "last": "Federman",
                    "suffix": ""
                },
                {
                    "first": "L.",
                    "middle": [],
                    "last": "Li",
                    "suffix": ""
                },
                {
                    "first": "C.Y.",
                    "middle": [],
                    "last": "Chiu",
                    "suffix": ""
                },
                {
                    "first": "E.L.",
                    "middle": [],
                    "last": "Delwart",
                    "suffix": ""
                }
            ],
            "year": 2015,
            "venue": "Nucl. Acids Res.",
            "volume": "",
            "issn": "",
            "pages": null,
            "other_ids": {
                "DOI": [
                    "10.1093/nar/gkv002"
                ]
            }
        },
        "BIBREF17": {
            "title": "An improved general amino acid replacement matrix",
            "authors": [
                {
                    "first": "S.Q.",
                    "middle": [],
                    "last": "Le",
                    "suffix": ""
                },
                {
                    "first": "O.",
                    "middle": [],
                    "last": "Gascuel",
                    "suffix": ""
                }
            ],
            "year": 2008,
            "venue": "Mol. Biol. Evol.",
            "volume": "25",
            "issn": "",
            "pages": "1307-1320",
            "other_ids": {
                "DOI": [
                    "10.1093/molbev/msn067"
                ]
            }
        },
        "BIBREF18": {
            "title": "Virome of us bovine calf serum",
            "authors": [
                {
                    "first": "M.",
                    "middle": [],
                    "last": "Sadeghi",
                    "suffix": ""
                },
                {
                    "first": "B.",
                    "middle": [],
                    "last": "Kapusinszky",
                    "suffix": ""
                },
                {
                    "first": "D.M.",
                    "middle": [],
                    "last": "Yugo",
                    "suffix": ""
                },
                {
                    "first": "T.G.",
                    "middle": [],
                    "last": "Phan",
                    "suffix": ""
                },
                {
                    "first": "X.",
                    "middle": [],
                    "last": "Deng",
                    "suffix": ""
                },
                {
                    "first": "I.",
                    "middle": [],
                    "last": "Kanevsky",
                    "suffix": ""
                },
                {
                    "first": "T.",
                    "middle": [],
                    "last": "Opriessnig",
                    "suffix": ""
                },
                {
                    "first": "A.R.",
                    "middle": [],
                    "last": "Woolums",
                    "suffix": ""
                },
                {
                    "first": "D.J.",
                    "middle": [],
                    "last": "Hurley",
                    "suffix": ""
                },
                {
                    "first": "X.J.",
                    "middle": [],
                    "last": "Meng",
                    "suffix": ""
                }
            ],
            "year": 2017,
            "venue": "Biologicals",
            "volume": "46",
            "issn": "",
            "pages": "64-67",
            "other_ids": {
                "DOI": [
                    "10.1016/j.biologicals.2016.12.009"
                ]
            }
        },
        "BIBREF19": {
            "title": "Parvoviruses: Small does not mean simple",
            "authors": [
                {
                    "first": "S.F.",
                    "middle": [],
                    "last": "Cotmore",
                    "suffix": ""
                },
                {
                    "first": "P.",
                    "middle": [],
                    "last": "Tattersall",
                    "suffix": ""
                }
            ],
            "year": 2014,
            "venue": "An. Rev. Virol",
            "volume": "1",
            "issn": "",
            "pages": "517-537",
            "other_ids": {
                "DOI": [
                    "10.1146/annurev-virology-031413-085444"
                ]
            }
        },
        "BIBREF20": {
            "title": "Twenty-five years of structural parvovirology",
            "authors": [
                {
                    "first": "M.",
                    "middle": [],
                    "last": "Mietzsch",
                    "suffix": ""
                },
                {
                    "first": "J.J.",
                    "middle": [],
                    "last": "Penzes",
                    "suffix": ""
                },
                {
                    "first": "M.",
                    "middle": [],
                    "last": "Agbandje-McKenna",
                    "suffix": ""
                }
            ],
            "year": 2019,
            "venue": "Viruses",
            "volume": "11",
            "issn": "",
            "pages": null,
            "other_ids": {
                "DOI": [
                    "10.3390/v11040362"
                ]
            }
        },
        "BIBREF21": {
            "title": "A viral phospholipase a2 is required for parvovirus infectivity",
            "authors": [
                {
                    "first": "Z.",
                    "middle": [],
                    "last": "Zadori",
                    "suffix": ""
                },
                {
                    "first": "J.",
                    "middle": [],
                    "last": "Szelei",
                    "suffix": ""
                },
                {
                    "first": "M.C.",
                    "middle": [],
                    "last": "Lacoste",
                    "suffix": ""
                },
                {
                    "first": "Y.",
                    "middle": [],
                    "last": "Li",
                    "suffix": ""
                },
                {
                    "first": "S.",
                    "middle": [],
                    "last": "Gariepy",
                    "suffix": ""
                },
                {
                    "first": "P.",
                    "middle": [],
                    "last": "Raymond",
                    "suffix": ""
                },
                {
                    "first": "M.",
                    "middle": [],
                    "last": "Allaire",
                    "suffix": ""
                },
                {
                    "first": "I.R.",
                    "middle": [],
                    "last": "Nabi",
                    "suffix": ""
                },
                {
                    "first": "P.",
                    "middle": [],
                    "last": "Tijssen",
                    "suffix": ""
                }
            ],
            "year": 2001,
            "venue": "Develop. Cell",
            "volume": "1",
            "issn": "",
            "pages": "291-302",
            "other_ids": {
                "DOI": [
                    "10.1016/S1534-5807(01)00031-4"
                ]
            }
        },
        "BIBREF22": {
            "title": "Update on viral diseases of the equine respiratory tract",
            "authors": [
                {
                    "first": "J.R.",
                    "middle": [],
                    "last": "Gilkerson",
                    "suffix": ""
                },
                {
                    "first": "K.E.",
                    "middle": [],
                    "last": "Bailey",
                    "suffix": ""
                },
                {
                    "first": "A.",
                    "middle": [],
                    "last": "Diaz-Mendez",
                    "suffix": ""
                },
                {
                    "first": "C.A.",
                    "middle": [],
                    "last": "Hartley",
                    "suffix": ""
                }
            ],
            "year": 2015,
            "venue": "Vet. Clin. North. Am. Equine Pract",
            "volume": "31",
            "issn": "",
            "pages": "91-104",
            "other_ids": {
                "DOI": [
                    "10.1016/j.cveq.2014.11.007"
                ]
            }
        },
        "BIBREF23": {
            "title": "Rapid clearance of simian immunodeficiency virus particles from plasma of rhesus macaques",
            "authors": [
                {
                    "first": "L.",
                    "middle": [],
                    "last": "Zhang",
                    "suffix": ""
                },
                {
                    "first": "P.J.",
                    "middle": [],
                    "last": "Dailey",
                    "suffix": ""
                },
                {
                    "first": "T.",
                    "middle": [],
                    "last": "He",
                    "suffix": ""
                },
                {
                    "first": "A.",
                    "middle": [],
                    "last": "Gettie",
                    "suffix": ""
                },
                {
                    "first": "S.",
                    "middle": [],
                    "last": "Bonhoeffer",
                    "suffix": ""
                },
                {
                    "first": "A.S.",
                    "middle": [],
                    "last": "Perelson",
                    "suffix": ""
                },
                {
                    "first": "D.D.",
                    "middle": [],
                    "last": "Ho",
                    "suffix": ""
                }
            ],
            "year": 1999,
            "venue": "J. Virol",
            "volume": "73",
            "issn": "",
            "pages": "855-860",
            "other_ids": {
                "DOI": []
            }
        },
        "BIBREF24": {
            "title": "Rapid production and clearance of hiv-1 and hepatitis c virus assessed by large volume plasma apheresis",
            "authors": [
                {
                    "first": "B.",
                    "middle": [],
                    "last": "Ramratnam",
                    "suffix": ""
                },
                {
                    "first": "S.",
                    "middle": [],
                    "last": "Bonhoeffer",
                    "suffix": ""
                },
                {
                    "first": "J.",
                    "middle": [],
                    "last": "Binley",
                    "suffix": ""
                },
                {
                    "first": "A.",
                    "middle": [],
                    "last": "Hurley",
                    "suffix": ""
                },
                {
                    "first": "L.",
                    "middle": [],
                    "last": "Zhang",
                    "suffix": ""
                },
                {
                    "first": "J.E.",
                    "middle": [],
                    "last": "Mittler",
                    "suffix": ""
                },
                {
                    "first": "M.",
                    "middle": [],
                    "last": "Markowitz",
                    "suffix": ""
                },
                {
                    "first": "J.P.",
                    "middle": [],
                    "last": "Moore",
                    "suffix": ""
                },
                {
                    "first": "A.S.",
                    "middle": [],
                    "last": "Perelson",
                    "suffix": ""
                },
                {
                    "first": "D.D.",
                    "middle": [],
                    "last": "Ho",
                    "suffix": ""
                }
            ],
            "year": 1999,
            "venue": "Lancet",
            "volume": "354",
            "issn": "",
            "pages": "1782-1785",
            "other_ids": {
                "DOI": [
                    "10.1016/S0140-6736(99)02035-8"
                ]
            }
        },
        "BIBREF25": {
            "title": "The liver is a major organ for clearing simian immunodeficiency virus in rhesus monkeys",
            "authors": [
                {
                    "first": "L.",
                    "middle": [],
                    "last": "Zhang",
                    "suffix": ""
                },
                {
                    "first": "P.J.",
                    "middle": [],
                    "last": "Dailey",
                    "suffix": ""
                },
                {
                    "first": "A.",
                    "middle": [],
                    "last": "Gettie",
                    "suffix": ""
                },
                {
                    "first": "J.",
                    "middle": [],
                    "last": "Blanchard",
                    "suffix": ""
                },
                {
                    "first": "D.D.",
                    "middle": [],
                    "last": "Ho",
                    "suffix": ""
                }
            ],
            "year": 2002,
            "venue": "J. Virol.",
            "volume": "76",
            "issn": "",
            "pages": "5271-5273",
            "other_ids": {
                "DOI": [
                    "10.1128/JVI.76.10.5271-5273.2002"
                ]
            }
        },
        "BIBREF26": {
            "title": "Ictv virus taxonomy profile: Parvoviridae",
            "authors": [
                {
                    "first": "S.F.",
                    "middle": [],
                    "last": "Cotmore",
                    "suffix": ""
                },
                {
                    "first": "M.",
                    "middle": [],
                    "last": "Agbandje-McKenna",
                    "suffix": ""
                },
                {
                    "first": "M.",
                    "middle": [],
                    "last": "Canuti",
                    "suffix": ""
                },
                {
                    "first": "J.A.",
                    "middle": [],
                    "last": "Chiorini",
                    "suffix": ""
                },
                {
                    "first": "A.M.",
                    "middle": [],
                    "last": "Eis-Hubinger",
                    "suffix": ""
                },
                {
                    "first": "J.",
                    "middle": [],
                    "last": "Hughes",
                    "suffix": ""
                },
                {
                    "first": "M.",
                    "middle": [],
                    "last": "Mietzsch",
                    "suffix": ""
                },
                {
                    "first": "S.",
                    "middle": [],
                    "last": "Modha",
                    "suffix": ""
                },
                {
                    "first": "M.",
                    "middle": [],
                    "last": "Ogliastro",
                    "suffix": ""
                },
                {
                    "first": "J.J.",
                    "middle": [],
                    "last": "Penzes",
                    "suffix": ""
                }
            ],
            "year": 2019,
            "venue": "J. Gen. Virol.",
            "volume": "100",
            "issn": "",
            "pages": "367-368",
            "other_ids": {
                "DOI": [
                    "10.1099/jgv.0.001212"
                ]
            }
        },
        "BIBREF27": {
            "title": "Zoonotic viral diseases of equines and their impact on human and animal health",
            "authors": [
                {
                    "first": "B.",
                    "middle": [],
                    "last": "Kumar",
                    "suffix": ""
                },
                {
                    "first": "A.",
                    "middle": [],
                    "last": "Manuja",
                    "suffix": ""
                },
                {
                    "first": "B.R.",
                    "middle": [],
                    "last": "Gulati",
                    "suffix": ""
                },
                {
                    "first": "N.",
                    "middle": [],
                    "last": "Virmani",
                    "suffix": ""
                },
                {
                    "first": "B.N.",
                    "middle": [],
                    "last": "Tripathi",
                    "suffix": ""
                }
            ],
            "year": 2018,
            "venue": "Open Virol. J.",
            "volume": "12",
            "issn": "",
            "pages": "80-98",
            "other_ids": {
                "DOI": [
                    "10.2174/1874357901812010080"
                ]
            }
        },
        "BIBREF28": {
            "title": "Hendra virus",
            "authors": [
                {
                    "first": "D.",
                    "middle": [],
                    "last": "Middleton",
                    "suffix": ""
                }
            ],
            "year": 2014,
            "venue": "Vet. Clin. North. Am. Equine Pract.",
            "volume": "30",
            "issn": "",
            "pages": "579-589",
            "other_ids": {
                "DOI": [
                    "10.1016/j.cveq.2014.08.004"
                ]
            }
        },
        "BIBREF29": {
            "title": "Enteric coronavirus infection in adult horses",
            "authors": [
                {
                    "first": "N.",
                    "middle": [],
                    "last": "Pusterla",
                    "suffix": ""
                },
                {
                    "first": "R.",
                    "middle": [],
                    "last": "Vin",
                    "suffix": ""
                },
                {
                    "first": "C.M.",
                    "middle": [],
                    "last": "Leutenegger",
                    "suffix": ""
                },
                {
                    "first": "L.D.",
                    "middle": [],
                    "last": "Mittel",
                    "suffix": ""
                },
                {
                    "first": "T.J.",
                    "middle": [],
                    "last": "Divers",
                    "suffix": ""
                }
            ],
            "year": 2018,
            "venue": "Vet. J.",
            "volume": "231",
            "issn": "",
            "pages": "13-18",
            "other_ids": {
                "DOI": [
                    "10.1016/j.tvjl.2017.11.004"
                ]
            }
        },
        "BIBREF30": {
            "title": "Equine viral arteritis",
            "authors": [
                {
                    "first": "P.J.",
                    "middle": [],
                    "last": "Timoney",
                    "suffix": ""
                },
                {
                    "first": "W.H.",
                    "middle": [],
                    "last": "McCollum",
                    "suffix": ""
                }
            ],
            "year": 1993,
            "venue": "Vet. Clin. North. Am. Equine Pract",
            "volume": "9",
            "issn": "",
            "pages": "295-309",
            "other_ids": {
                "DOI": [
                    "10.1016/S0749-0739(17)30397-8"
                ]
            }
        },
        "BIBREF31": {
            "title": "Isolation and characterization of a new subtype of borna disease virus",
            "authors": [
                {
                    "first": "N.",
                    "middle": [],
                    "last": "Nowotny",
                    "suffix": ""
                },
                {
                    "first": "J.",
                    "middle": [],
                    "last": "Kolodziejek",
                    "suffix": ""
                },
                {
                    "first": "C.O.",
                    "middle": [],
                    "last": "Jehle",
                    "suffix": ""
                },
                {
                    "first": "A.",
                    "middle": [],
                    "last": "Suchy",
                    "suffix": ""
                },
                {
                    "first": "P.",
                    "middle": [],
                    "last": "Staeheli",
                    "suffix": ""
                },
                {
                    "first": "M.",
                    "middle": [],
                    "last": "Schwemmle",
                    "suffix": ""
                }
            ],
            "year": 2000,
            "venue": "J. Virol.",
            "volume": "74",
            "issn": "",
            "pages": "5655-5658",
            "other_ids": {
                "DOI": [
                    "10.1128/JVI.74.12.5655-5658.2000"
                ]
            }
        },
        "BIBREF32": {
            "title": "The challenges posed by equine arboviruses",
            "authors": [
                {
                    "first": "G.E.",
                    "middle": [],
                    "last": "Chapman",
                    "suffix": ""
                },
                {
                    "first": "M.",
                    "middle": [],
                    "last": "Baylis",
                    "suffix": ""
                },
                {
                    "first": "D.",
                    "middle": [],
                    "last": "Archer",
                    "suffix": ""
                },
                {
                    "first": "J.M.",
                    "middle": [],
                    "last": "Daly",
                    "suffix": ""
                }
            ],
            "year": 2018,
            "venue": "Equine Vet. J.",
            "volume": "50",
            "issn": "",
            "pages": "436-445",
            "other_ids": {
                "DOI": [
                    "10.1111/evj.12829"
                ]
            }
        }
    }
}