{
    "paper_id": "PMC6941643",
    "metadata": {
        "title": "Sporting Mass Gatherings: Public Health Preparedness and Responsibility of Health Authorities",
        "authors": [
            {
                "first": "Manoochehr",
                "middle": [],
                "last": "Karami",
                "suffix": "",
                "email": null,
                "affiliation": {}
            }
        ]
    },
    "body_text": [
        {
            "text": "\nMass gathering (MG) is defined as \"any type of organized or spontaneous occasion that attracts sufficient numbers of peoples to strain the planning and response sources of the city or nation hosting the event\" 1. Published literature addressed public health aspects and associated risks with MG and necessity of public health preparedness as the responsibility of public health authorities 2-5. There are several concerns regarding MG from the viewpoint of public health authorities including risk of spreading infectious diseases by participants worldwide 6.\n",
            "cite_spans": [
                {
                    "start": 211,
                    "end": 212,
                    "mention": "1",
                    "ref_id": "BIBREF0"
                },
                {
                    "start": 391,
                    "end": 392,
                    "mention": "2",
                    "ref_id": "BIBREF2"
                },
                {
                    "start": 393,
                    "end": 394,
                    "mention": "5",
                    "ref_id": "BIBREF5"
                },
                {
                    "start": 558,
                    "end": 559,
                    "mention": "6",
                    "ref_id": "BIBREF6"
                }
            ],
            "section": "",
            "ref_spans": []
        },
        {
            "text": "\nDifferent types of MG include religious, cultural and sporting ones are held by hosting countries throughout word. Recently the 21st FIFA world cup, 2018, was hosted by Moscow, Russian Federation from Jun 14, 2018, to Jul 15, 2018. This large sporting event attracted large number of visitors from around the world. Public health authorities of hosting countries are responsible for public health events including potential outbreaks, which may occur during such type of MG. As WHO recommended, hosts of international and large MG should improve public health preparedness to prevent and mitigate the impact of potential public health emergencies with international concerns such as Middle East respiratory syndrome coronavirus (MERS-CoV) and similar infectious diseases 4,7.\n",
            "cite_spans": [
                {
                    "start": 772,
                    "end": 773,
                    "mention": "4",
                    "ref_id": "BIBREF4"
                },
                {
                    "start": 774,
                    "end": 775,
                    "mention": "7",
                    "ref_id": "BIBREF7"
                }
            ],
            "section": "",
            "ref_spans": []
        },
        {
            "text": "\nIn the process of a MG, the concentration of people may impact the local health systems. Public health authorities of such MG host country should follow critical proposed elements, including implementation syndromic surveillance systems or enhances surveillance systems, educating participants on occurred health events and other activities according to relevant guidelines in light of situation4,7-9. Moreover, the spread of some health events which originated from hosted country may extend to home community once participants return to their own countries. This consideration is a serious challenge to countries, which departed MG participants when they affected by an infectious disease with long incubation period 6.\n",
            "cite_spans": [
                {
                    "start": 396,
                    "end": 397,
                    "mention": "4",
                    "ref_id": "BIBREF4"
                },
                {
                    "start": 398,
                    "end": 399,
                    "mention": "7",
                    "ref_id": "BIBREF7"
                },
                {
                    "start": 400,
                    "end": 401,
                    "mention": "9",
                    "ref_id": "BIBREF9"
                },
                {
                    "start": 720,
                    "end": 721,
                    "mention": "6",
                    "ref_id": "BIBREF6"
                }
            ],
            "section": "",
            "ref_spans": []
        },
        {
            "text": "\nPublic health authorities of hosting countries of both sporting and religious MG are advised to consider the risk of spreading infectious diseases especially MERS-CoV. As a specific suggestion regarding Hamadan 2018 event, Hamedan capital of Asian tourism, public health authorities of Hamadan Province are suggested to consider similar requirements. In case of sporting events, it is strongly recommended to use FIFA or other federation's website as an opportunity to educate interested visitors on hand hygiene, respiratory hygiene practices and infection prevention measures.\n",
            "cite_spans": [],
            "section": "",
            "ref_spans": []
        }
    ],
    "ref_entries": {},
    "back_matter": [],
    "bib_entries": {
        "BIBREF0": {
            "title": "",
            "authors": [],
            "year": null,
            "venue": "",
            "volume": "",
            "issn": "",
            "pages": null,
            "other_ids": {
                "DOI": []
            }
        },
        "BIBREF1": {
            "title": "Public health preparedness for two mass gathering events in the context of pandemic influenza (H1N1) 2009-Serbia, July 2009",
            "authors": [],
            "year": 2009,
            "venue": "Euro Surveill",
            "volume": "14",
            "issn": "31",
            "pages": null,
            "other_ids": {
                "DOI": []
            }
        },
        "BIBREF2": {
            "title": "",
            "authors": [],
            "year": null,
            "venue": "",
            "volume": "",
            "issn": "",
            "pages": null,
            "other_ids": {
                "DOI": []
            }
        },
        "BIBREF3": {
            "title": "Travelers to the FIFA world cup 2014 in Brazil: Health risks related to mass gatherings/sports events and implications for the Summer Olympic Games in Rio de Janeiro in 2016",
            "authors": [],
            "year": 2016,
            "venue": "Travel Med Infect Dis",
            "volume": "14",
            "issn": "3",
            "pages": "212-20",
            "other_ids": {
                "DOI": []
            }
        },
        "BIBREF4": {
            "title": "The 2014 FIFA World Cup: communicable disease risks and advice for visitors to Brazil--a review from the Latin American Society for Travel Medicine (SLAMVI)",
            "authors": [],
            "year": 2014,
            "venue": "Travel Med Infect Dis",
            "volume": "12",
            "issn": "3",
            "pages": "208-18",
            "other_ids": {
                "DOI": []
            }
        },
        "BIBREF5": {
            "title": "Public health surveillance and hajj pilgrimage as a mass gathering",
            "authors": [],
            "year": 2013,
            "venue": "Iran J Public Health",
            "volume": "42",
            "issn": "7",
            "pages": "791-2",
            "other_ids": {
                "DOI": []
            }
        },
        "BIBREF6": {
            "title": "Health risks among travelers to Brazil: implications for the 2014 FIFA World Cup and 2016 Olympic Games",
            "authors": [],
            "year": 2014,
            "venue": "Travel Med Infect Dis",
            "volume": "12",
            "issn": "3",
            "pages": "205-7",
            "other_ids": {
                "DOI": []
            }
        },
        "BIBREF7": {
            "title": "Research agenda for mass gatherings: a call to action",
            "authors": [],
            "year": 2012,
            "venue": "Lancet Infect Dis",
            "volume": "12",
            "issn": "3",
            "pages": "231-9",
            "other_ids": {
                "DOI": []
            }
        },
        "BIBREF8": {
            "title": "",
            "authors": [],
            "year": null,
            "venue": "",
            "volume": "",
            "issn": "",
            "pages": null,
            "other_ids": {
                "DOI": []
            }
        },
        "BIBREF9": {
            "title": "Mass Gatherings and the Spread of Respiratory Infections Lessons from the Hajj",
            "authors": [],
            "year": 2016,
            "venue": "Ann Am Thorac Soc",
            "volume": "13",
            "issn": "6",
            "pages": "759-65",
            "other_ids": {
                "DOI": []
            }
        }
    }
}