{
    "paper_id": "PMC6614976",
    "metadata": {
        "title": "Neuroprotective Effects of Musk of Muskrat on Transient Focal Cerebral Ischemia in Rats",
        "authors": [
            {
                "first": "Donghun",
                "middle": [],
                "last": "Lee",
                "suffix": "",
                "email": null,
                "affiliation": {}
            },
            {
                "first": "Young-Sik",
                "middle": [],
                "last": "Kim",
                "suffix": "",
                "email": null,
                "affiliation": {}
            },
            {
                "first": "Jungbin",
                "middle": [],
                "last": "Song",
                "suffix": "",
                "email": "jbsong@khu.ac.kr",
                "affiliation": {}
            },
            {
                "first": "Hocheol",
                "middle": [],
                "last": "Kim",
                "suffix": "",
                "email": "hckim@khu.ac.kr",
                "affiliation": {}
            }
        ]
    },
    "body_text": [
        {
            "text": "Musk is a collective name for a substance with a penetrating odor obtained from a gland of musk animals including African civet, sperm whale, or muskrat. But, in general, when it is called musk, it is known as secretions from preputial gland of the male musk deer. Musk of musk deer is essential component of Woohwangcheongsimwon as one of the representative medicinal materials for stroke treatment [1]. Its traditional use for stroke treatment has also been checked with focal ischemia animal model [2, 3]. However, there has been a growing need for an alternative of musk deer due to the restriction of its trade by Convention on International Trade in Endangered Species of Wild Fauna and Flora (CITES) since 1973.",
            "cite_spans": [
                {
                    "start": 401,
                    "end": 402,
                    "mention": "1",
                    "ref_id": "BIBREF0"
                },
                {
                    "start": 502,
                    "end": 503,
                    "mention": "2",
                    "ref_id": "BIBREF11"
                },
                {
                    "start": 505,
                    "end": 506,
                    "mention": "3",
                    "ref_id": "BIBREF22"
                }
            ],
            "section": "1. Introduction",
            "ref_spans": []
        },
        {
            "text": "Substances such as civet of African civet, ambergris of sperm whale, and musk of muskrat are known substitutes for musk of musk deer [4]. Among them, citvet was proved to be the main vector of severe acute respiratory syndrome (SARS), and as a result breeding citvet became impossible. Ambergris of cachalot is restricted item by CITES like musk of musk deer. On the other hand, musk of muskrat is the easiest securable alternative as muskrats are easy to breed and manage and very prolific [5].",
            "cite_spans": [
                {
                    "start": 134,
                    "end": 135,
                    "mention": "4",
                    "ref_id": "BIBREF27"
                },
                {
                    "start": 492,
                    "end": 493,
                    "mention": "5",
                    "ref_id": "BIBREF28"
                }
            ],
            "section": "1. Introduction",
            "ref_spans": []
        },
        {
            "text": "The use of musk of muskrat, secretions of hypogastric scent bag of Ondatra zibethicus, has never been recorded in traditional medicinal references. In 1996, it was first recorded in Zhongguodongwuyaozhi that musk of muskrat could treat stroke, abscess, and swelling as it reduces inflammation, relieves pain, activates blood, and opens the orifices with aroma. It is also recorded in Zhongyaoxue that musk of muskrat could be used for both external and internal use as a substitute for musk of musk deer. Musk of muskrat consists of similar ingredients with musk of musk deer. It is known that musk of muskrat contains l-muscone, a key component, and macrocyclic musk compounds like civetone, cycloheptadecanone, cyclopentadecanone, cyclododecanone, and 22 kinds of C19-C26 fatty acids, sterol compounds, 19 kinds of esters, et cetera [6\u20138]. But Kim et al. reported that musk of muskrat contains cyclohexadecanone, which is a constitutional isomer of l-muscone, instead of l-muscone itself [5].",
            "cite_spans": [
                {
                    "start": 836,
                    "end": 837,
                    "mention": "6",
                    "ref_id": "BIBREF29"
                },
                {
                    "start": 838,
                    "end": 839,
                    "mention": "8",
                    "ref_id": "BIBREF31"
                },
                {
                    "start": 991,
                    "end": 992,
                    "mention": "5",
                    "ref_id": "BIBREF28"
                }
            ],
            "section": "1. Introduction",
            "ref_spans": []
        },
        {
            "text": "As musk of muskrat gets more interest for an alternative medicine for musk of musk deer, pharmacological effects are reported to possess anti-inflammatory, anticoagulant, analgesic, and hypotensive effects [5, 6, 9, 10], like musk of musk deer. However, there has been no report about whether it is effective on focal cerebral ischemia, which mimics ischemic stroke.",
            "cite_spans": [
                {
                    "start": 207,
                    "end": 208,
                    "mention": "5",
                    "ref_id": "BIBREF28"
                },
                {
                    "start": 210,
                    "end": 211,
                    "mention": "6",
                    "ref_id": "BIBREF29"
                },
                {
                    "start": 213,
                    "end": 214,
                    "mention": "9",
                    "ref_id": "BIBREF32"
                },
                {
                    "start": 216,
                    "end": 218,
                    "mention": "10",
                    "ref_id": "BIBREF1"
                }
            ],
            "section": "1. Introduction",
            "ref_spans": []
        },
        {
            "text": "The aim of present study is to determine the neuroprotective effects of musk of muskrat on stroke animal model. To achieve this, we estimated the effect of musk of muskrat on brain infarct volume, sensorimotor dysfunction, and the expression of COX-2 involved in inflammation on middle cerebral artery occlusion (MCAo) rat model.",
            "cite_spans": [],
            "section": "1. Introduction",
            "ref_spans": []
        },
        {
            "text": "Musk of muskrat was bought from Muskland Co. (Jochiwon, Korea) and was kept in refrigerator as oil form for being used at this research. Muskland collected scent bag of muskrat, Ondatra zibethicus, and found that it contained 8.46% moisture, 87.0% crude fat, 0.01% ash, 0.024% total carbohydrate, and 1% protein.",
            "cite_spans": [],
            "section": "2.1. Sample ::: 2. Materials and Methods",
            "ref_spans": []
        },
        {
            "text": "Male Sprague-Dawley rats (300 \u00b1 10 g) were obtained from Samtako Co. (Osan, Korea). Rats were housed under consistent temperature (23 \u00b1 1\u00b0C) and humidity (55 \u00b1 10%) on a 12-h light/dark cycle (light on at 07:00). Food and water were available ad libitum. The experiments were carried out in accordance with the Principle of Laboratory Animal Care (NIH Publication #85-23, revised 1985) and Kyung Hee University's Institutional Animal Care and Use Committee.",
            "cite_spans": [],
            "section": "2.2. Animals ::: 2. Materials and Methods",
            "ref_spans": []
        },
        {
            "text": "Focal cerebral ischemia was induced by transient MCAo [11]. Briefly, rats were anesthetized under 2% isoflurane in a mixture of N2O/O2 (7:3) throughout the surgery. Left branch of carotid artery was exposed through a midline incision. The external carotid artery (ECA) was ligated and cut near the junction of the proximal ECA junction. The common carotid artery (CCA) and internal carotid artery (ICA) were temporarily blocked by vascular clips. A 4-0 nylon monofilament (diameter 370 \u00b1 5 \u03bcm) with a round silicone head was inserted into the ECA. Exact location of the suture was determined when the suture was inserted at a minimum of 18 mm from the CCA/ ICA junction. After 90 minutes of MCAo, the suture was removed to allow reperfusion. Rats in the sham operated group received the same surgical procedure except for a probe insertion. The rectal temperature was maintained at 37 \u00b1 0.5\u00b0C until 6 hours after ischemia with a heating lamp and blanket system (Harvard Apparatus, Holliston, MA, USA). Occlusion of the MCA was confirmed by the presence of characteristic behavioural deficits, such as paralyzed forelimb flexion, torso twist, and spontaneous circling after reperfusion. Rats that failed to meet these criteria were excluded from the study.",
            "cite_spans": [
                {
                    "start": 55,
                    "end": 57,
                    "mention": "11",
                    "ref_id": "BIBREF2"
                }
            ],
            "section": "2.3. Surgery ::: 2. Materials and Methods",
            "ref_spans": []
        },
        {
            "text": "Musk of muskrat was dissolved in aqueous solution of tween 20 (5%, w/v) and administered orally twice at doses of 100 and 300 mg/kg at 0 and 90 min after occlusion. The rats in the vehicle-treated group were given aqueous solution of tween 20 (5%, w/v). Treatment was blinded.",
            "cite_spans": [],
            "section": "2.4. Sample Treatment ::: 2. Materials and Methods",
            "ref_spans": []
        },
        {
            "text": "The balance beam test was performed at 22 hours after ischemia by modifying the previously described [12]. The rats were placed in the middle of a wooden square bar (width 2.5 cm, length 122 cm, and height 42 cm) and scored as follows: 0 = the rat was not able to stay on the beam; 1 = the rat did not move, but was able to stay on the beam; 2 = the rat tried to traverse the beam, but fell; 3 = the rat traversed the beam with more than 50% footslips of the affected hindlimb; 4 = the rat traversed the beam with more than one footslip, but less than 50%; 5 = the rat had only one slip of the hindlimb; and 6 = the rat traversed the beam without any slips of the hindlimb.",
            "cite_spans": [
                {
                    "start": 102,
                    "end": 104,
                    "mention": "12",
                    "ref_id": "BIBREF3"
                }
            ],
            "section": "2.5. Balance Beam Test ::: 2. Materials and Methods",
            "ref_spans": []
        },
        {
            "text": "The rotarod test was performed at 22 hours after ischemia. Rats were placed onto an accelerating rotarod (from 0 to 40 rpm; Ugo Basile, Milan, Italy) and the time from when the rats fell of the rotarod was measured. For each rat, latency times were recorded in five separate trials. The highest and lowest values were excluded and the mean of the remaining three trial results was used for the analysis.",
            "cite_spans": [],
            "section": "2.6. Rotarod Test ::: 2. Materials and Methods",
            "ref_spans": []
        },
        {
            "text": "Twenty-four hours after MCAo, the rats were anesthetized and decapitated. For measuring infarct volume, the decapitated rat brain was carefully removed and cut into 6 coronal sections of 2 mm thickness. The sections were stained with 2% TTC (2,3,5-triphenyltetrazolium chloride; Sigma, USA) in saline at 37\u00b0C for 30 minutes. Immunohistochemical staining was performed by perfusion with 4% paraformaldehyde after 24 hours of ischemia and heparinized 5% sodium nitrite saline solution. The brain was removed and cut into 4 \u03bcm sections using a cryocut (3050s; Leica, Germany).",
            "cite_spans": [],
            "section": "2.7. Tissue Preparation ::: 2. Materials and Methods",
            "ref_spans": []
        },
        {
            "text": "TTC-stained sections were analysed for infarct volume using a computerized image analysis system (Image ProPlus, Media Cybernetics, USA). Correlated infarct volume (mm3) was calculated from the total volume of the contralateral hemisphere minus the unimpaired volume of the ipsilateral hemisphere. The infarct volume (%) was calculated by dividing the correlated infarct volume with the total volume of the opposite hemisphere.",
            "cite_spans": [],
            "section": "2.8. Measurement of Infarct Volume ::: 2. Materials and Methods",
            "ref_spans": []
        },
        {
            "text": "Immunohistochemistry was performed by modifying the previously described [13]. Brains were removed, fixed, and cut into 40-\u03bcm sections using a cryostat (Cell Signaling, USA). Free-floating sections were reacted with a rabbit polyclonal antibody against COX-2 (1:100; Abcam, UK) overnight at room temperature. Subsequently, the sections were reacted with biotinylated rabbit antibody (1:200; Sigma Aldrich, USA) and incubated with avidin-biotin complex reagent (Vector Laboratories, USA) for 1 h. The sections were visualised with 0.05% 3,3-diaminobenzidine solution (Sigma Aldrich) containing hydrogen peroxide.",
            "cite_spans": [
                {
                    "start": 74,
                    "end": 76,
                    "mention": "13",
                    "ref_id": "BIBREF4"
                }
            ],
            "section": "2.9. Immunohistochemistry ::: 2. Materials and Methods",
            "ref_spans": []
        },
        {
            "text": "Statistical difference between three groups was analyzed using one-way analysis of variance (ANOVA) followed by Dunnett's post hoc test. Difference between two groups was analysed using independent t-test (GraphPad Prism 5.0, GraphPad Software, USA). Statistical significance was accepted at p<0.05 in Dunnett's test. Data were expressed as mean \u00b1 standard error of the mean.",
            "cite_spans": [],
            "section": "2.10. Statistics ::: 2. Materials and Methods",
            "ref_spans": []
        },
        {
            "text": "To determine the neuroprotective effect of musk of muskrat, coronal sections were obtained after 24 h of induction. The white area indicates the infarct area in the bottom (Figure 1). It extended from the caudoputamen, parietal cortex, and temporal cortex to the penumbral region after MCAo. The vehicle-treated group showed 36.69\u00b11.42% of infarct volume, while musk-treated group showed 33.37\u00b12.93% and 25.18\u00b11.64% at 100 and 300 mg/kg, respectively. Oral administration of musk of muskrat at 300 mg/kg significantly reduced the infarct volume by 32.4% compared with vehicle-treated group, respectively. Oral administration of musk of muskrat at 100 mg/kg showed moderate tendency to decrease but there was no significant difference because of its high deviation.",
            "cite_spans": [],
            "section": "3.1. Effects on Infarct Volume ::: 3. Results",
            "ref_spans": [
                {
                    "start": 173,
                    "end": 181,
                    "mention": "Figure 1",
                    "ref_id": "FIGREF0"
                }
            ]
        },
        {
            "text": "To see whether the protective effects of musk of muskrat associate with any functional recovery, we investigated balance beam test and rotarod test which are commonly used to determine the ameliorating effect on motor coordination, sensory motor integration, and spontaneous locomotion.",
            "cite_spans": [],
            "section": "3.2. Effects on Balance Beam and Rotarod Tests ::: 3. Results",
            "ref_spans": []
        },
        {
            "text": "Rats in the vehicle-treated group scored significantly lower on the balance beam test than did those in the sham-operated group (0.5 \u00b1 0.1 vs. 5.5 \u00b1 0.3 points; p<0.001); however, rats that received 300 mg/kg musk of muskrat scored higher than those in the vehicle-treated group (1.0 \u00b1 0.4 points vs. 0.5 \u00b1 0.1 points; p < 0.01; Figure 2). In the rotarod test, vehicle-treated group significantly decreased compared with sham-operated group (11.0 \u00b1 2.9 s vs. 78.5 \u00b1 4.7 s); however, rats received 300 mg/kg of musk of muskrat significantly prolonged the latency time to 25.2 \u00b1 3.9 s (p < 0.05; Figure 3).",
            "cite_spans": [],
            "section": "3.2. Effects on Balance Beam and Rotarod Tests ::: 3. Results",
            "ref_spans": [
                {
                    "start": 329,
                    "end": 337,
                    "mention": "Figure 2",
                    "ref_id": "FIGREF1"
                },
                {
                    "start": 594,
                    "end": 602,
                    "mention": "Figure 3",
                    "ref_id": "FIGREF2"
                }
            ]
        },
        {
            "text": "To define early change in COX-2, immunohistochemistry was performed at 24 hours after induction. COX-2 expressions in the peri-infarct cortex were increased in vehicle-administered group compared with sham group. In the group treated with musk of muskrat, COX-2 expression was remarkably decreased and restricted to the core part of the ipsilateral hemisphere. The peripheral part was hardly stained (Figure 4).",
            "cite_spans": [],
            "section": "3.3. Effects on COX-2 Expression ::: 3. Results",
            "ref_spans": [
                {
                    "start": 401,
                    "end": 409,
                    "mention": "Figure 4",
                    "ref_id": "FIGREF3"
                }
            ]
        },
        {
            "text": "Oral administration of musk of muskrat at doses of 300 mg/kg at 0 min and 90 min after MCAo reduced the infarct volume significantly and ameliorated spontaneous and vestibule sensorimotor dysfunction in balance beam test and rotarod test compared with control group, respectively. Also it was found that it restrained COX-2 expression markedly when measuring after 24 h.",
            "cite_spans": [],
            "section": "4. Discussions",
            "ref_spans": []
        },
        {
            "text": "MCAo model is known as the most suitable model for stroke treatment research because it induces focal cerebral ischemia by occluding proximal of middle cerebral artery where ischemic stroke occurs most frequently [14, 15]. Because there is the coexistence of necrosis of ischemic core and apoptosis spreading to penumbra region in MCAo model, it is the most analogous model with clinical stoke patients' pathophysiological and behavior pattern including extracellular edema and blood circulatory system intervention [16]. Both in clinical stroke and in MCAo model, necrosis at ischemic core cannot be protected without reperfusion therapy within 3 h; nevertheless it is known to be almost clinically unfeasible [16]. Meanwhile, in apoptosis arising in penumbra region neurons, death of neurons can be inhibited by neuroprotective substances [17, 18]. The brain infarct volume is the most important index to confirm the medicinal effects on injury of necrosis or apoptosis from focal ischemic stroke induced by MCAo model [19] and estimation of 90 min of MCAo-induced brain infarct volume after 24 h by TTC staining is known to be one of the most suitable conditions for evaluating the effects of sample due to its clear induction and low variation [20]. In this study, oral administration of musk of muskrat at doses of 300 mg/kg at 0 min and 90 min after MCAo significantly reduced brain infarct volume and infarct area was mostly restricted to ischemic core region. This result suggests that musk of muskrat can inhibit neuronal damage at penumbra region, which means it could be neuroprotective substance at focal cerebral ischemia.",
            "cite_spans": [
                {
                    "start": 214,
                    "end": 216,
                    "mention": "14",
                    "ref_id": "BIBREF5"
                },
                {
                    "start": 218,
                    "end": 220,
                    "mention": "15",
                    "ref_id": "BIBREF6"
                },
                {
                    "start": 517,
                    "end": 519,
                    "mention": "16",
                    "ref_id": "BIBREF7"
                },
                {
                    "start": 712,
                    "end": 714,
                    "mention": "16",
                    "ref_id": "BIBREF7"
                },
                {
                    "start": 842,
                    "end": 844,
                    "mention": "17",
                    "ref_id": "BIBREF8"
                },
                {
                    "start": 846,
                    "end": 848,
                    "mention": "18",
                    "ref_id": "BIBREF9"
                },
                {
                    "start": 1022,
                    "end": 1024,
                    "mention": "19",
                    "ref_id": "BIBREF10"
                },
                {
                    "start": 1249,
                    "end": 1251,
                    "mention": "20",
                    "ref_id": "BIBREF12"
                }
            ],
            "section": "4. Discussions",
            "ref_spans": []
        },
        {
            "text": "To define whether neuroprotective effects of musk of muskrat associate with protective effects on sensorimotor dysfunction from brain damage, balance beam test and rotarod test were conducted. Brain injury is a form of physical impairment, accompanied by sensorimotor dysfunction [21], and whether the sample ameliorates sensorimotor dysfunction is important to determine whether to conduct clinical trials [22]. The balance beam and rotarod tests are both commonly used to assess motor coordination and balance alterations following MCAo [12, 23]. These tests are also known to have considerable correlation with evaluation of locomotion by MCAo brain damage [24]. In this study, the reduction in infarct volume was accompanied by elevated balance beam score and prolonged rotarod latency after musk of muskrat treatment. The results suggest that the protective effect of musk of muskrat in cerebral cortex and corpus striatum injury is associated with a restoration of the ischemia-induced sensorimotor dysfunction, suggesting that musk of muskrat could help functional restoration after ischemia.",
            "cite_spans": [
                {
                    "start": 281,
                    "end": 283,
                    "mention": "21",
                    "ref_id": "BIBREF13"
                },
                {
                    "start": 408,
                    "end": 410,
                    "mention": "22",
                    "ref_id": "BIBREF14"
                },
                {
                    "start": 540,
                    "end": 542,
                    "mention": "12",
                    "ref_id": "BIBREF3"
                },
                {
                    "start": 544,
                    "end": 546,
                    "mention": "23",
                    "ref_id": "BIBREF15"
                },
                {
                    "start": 661,
                    "end": 663,
                    "mention": "24",
                    "ref_id": "BIBREF16"
                }
            ],
            "section": "4. Discussions",
            "ref_spans": []
        },
        {
            "text": "Herein, musk of muskrat inhibited COX-2 upregulation induced by MCAo in ipsilateral neocortex. Focal cerebral ischemia triggers an inflammatory reaction, which is known as the main factor to accelerate brain damage [25]. After several hours from ischemic stroke, blood brain barrier is collapsed and leukocytes invade in large scale in succession and mass production of inflammatory cytokine accelerates tissue damage, brain edema, and glial activation [26]. COX-2 is rate-limiting enzyme in charge of inflammatory reaction by transforming arachidonic acid into prostaglandin endoperoxide H2 [27]. COX-2 expression increases as of the activation of NMDA receptor from excessive glutamate release [28] and the production of inflammatory cytokine in focal cerebral ischemia [29]. It is known that this increase of COX-2 expression is one of the main reasons of secondary damage at ischemic stroke and, also, it has proved that selective COX-2 inhibitor or COX-2 gene deletion shows neuroprotective effect [30\u201333]. These results suggest that neuroprotective effects of musk of muskrat after focal cerebral ischemia might be attributable to interrupting inflammatory reaction by the inhibition of COX-2 expression.",
            "cite_spans": [
                {
                    "start": 216,
                    "end": 218,
                    "mention": "25",
                    "ref_id": "BIBREF17"
                },
                {
                    "start": 454,
                    "end": 456,
                    "mention": "26",
                    "ref_id": "BIBREF18"
                },
                {
                    "start": 593,
                    "end": 595,
                    "mention": "27",
                    "ref_id": "BIBREF19"
                },
                {
                    "start": 697,
                    "end": 699,
                    "mention": "28",
                    "ref_id": "BIBREF20"
                },
                {
                    "start": 773,
                    "end": 775,
                    "mention": "29",
                    "ref_id": "BIBREF21"
                },
                {
                    "start": 1004,
                    "end": 1006,
                    "mention": "30",
                    "ref_id": "BIBREF23"
                },
                {
                    "start": 1007,
                    "end": 1009,
                    "mention": "33",
                    "ref_id": "BIBREF26"
                }
            ],
            "section": "4. Discussions",
            "ref_spans": []
        },
        {
            "text": "Musk of muskrat protects neurons against focal cerebral ischemia in rats with functional restoration. In relation to the immunohistochemical studies, the effects of musk of muskrat may be due to their anti-inflammatory properties by inhibiting COX-2 expression. Based on these findings, it is tempting to suppose that musk of muskrat could be considered as a substitute for musk of musk deer in view of the traditional use of stroke treatment.",
            "cite_spans": [],
            "section": "5. Conclusion",
            "ref_spans": []
        }
    ],
    "ref_entries": {
        "FIGREF0": {
            "text": "Figure 1: Dose-dependent effect of musk of muskrat on infarct volume induced by MCAo. N=12 per group; \u2217\u2217\u2217p<0.001 vs. Vehicle-treated control by one-way ANOVA with post hoc Dunnett's test.",
            "type": "figure"
        },
        "FIGREF1": {
            "text": "Figure 2: The effect of musk of muskrat on balance beam test after MCAo. Musk; oral administration of musk of muskrat at dose of 300 mg/kg. N=5 per group; ### p < 0.001 vs. Sham group, \u2217\u2217 p < 0.01 vs. vehicle-treated group.",
            "type": "figure"
        },
        "FIGREF2": {
            "text": "Figure 3: The effect of musk of muskrat on rotarod test after MCAo. Musk; oral administration of musk of muskrat at dose of 300 mg/kg. N=5 per group; ### p < 0.001 vs. Sham group, \u2217 p < 0.05 vs. vehicle-treated group.",
            "type": "figure"
        },
        "FIGREF3": {
            "text": "Figure 4: Inhibitory effect of musk of muskrat on COX-2 expressions (A, B, C) in the peri-infarct cortex, 24 hours after 90 minutes of MCAo. Sham (A, a), vehicle administered group (B, b), musk of musk rat administered group (300 mg/kg, p.o.; C, c). Boxed regions in A, B, and C (x40) are shown in a, b, and c (x400), respectively.",
            "type": "figure"
        }
    },
    "back_matter": [],
    "bib_entries": {
        "BIBREF0": {
            "title": "",
            "authors": [
                {
                    "first": "J.",
                    "middle": [],
                    "last": "Heo",
                    "suffix": ""
                }
            ],
            "year": 2006,
            "venue": "Dongeuibogam (1613)",
            "volume": "",
            "issn": "",
            "pages": null,
            "other_ids": {
                "DOI": []
            }
        },
        "BIBREF1": {
            "title": "Regulatory roles of peroxisomal metabolic pathways involved in musk secretion in muskrats",
            "authors": [
                {
                    "first": "M.",
                    "middle": [],
                    "last": "Zhang",
                    "suffix": ""
                },
                {
                    "first": "S.",
                    "middle": [],
                    "last": "Yang",
                    "suffix": ""
                },
                {
                    "first": "M.",
                    "middle": [],
                    "last": "Shi",
                    "suffix": ""
                }
            ],
            "year": 2019,
            "venue": "The Journal of Membrane Biology",
            "volume": "252",
            "issn": "1",
            "pages": "61-75",
            "other_ids": {
                "DOI": []
            }
        },
        "BIBREF2": {
            "title": "Reversible middle cerebral artery occlusion without craniectomy in rats",
            "authors": [
                {
                    "first": "E.",
                    "middle": [
                        "Z."
                    ],
                    "last": "Longa",
                    "suffix": ""
                },
                {
                    "first": "P.",
                    "middle": [
                        "R."
                    ],
                    "last": "Weinstein",
                    "suffix": ""
                },
                {
                    "first": "S.",
                    "middle": [],
                    "last": "Carlson",
                    "suffix": ""
                },
                {
                    "first": "R.",
                    "middle": [],
                    "last": "Cummins",
                    "suffix": ""
                }
            ],
            "year": 1989,
            "venue": "Stroke",
            "volume": "20",
            "issn": "1",
            "pages": "84-91",
            "other_ids": {
                "DOI": [
                    "10.1161/01.STR.20.1.84"
                ]
            }
        },
        "BIBREF3": {
            "title": "An \u03b12-adrenergic antagonist, atipamezole, facilitates behavioral recovery after focal cerebral ischemia in rats",
            "authors": [
                {
                    "first": "K.",
                    "middle": [],
                    "last": "Puurunen",
                    "suffix": ""
                },
                {
                    "first": "J.",
                    "middle": [],
                    "last": "Jolkkonen",
                    "suffix": ""
                },
                {
                    "first": "J.",
                    "middle": [],
                    "last": "Sirvi\u00f6",
                    "suffix": ""
                },
                {
                    "first": "A.",
                    "middle": [],
                    "last": "Haapalinna",
                    "suffix": ""
                },
                {
                    "first": "J.",
                    "middle": [],
                    "last": "Sivenius",
                    "suffix": ""
                }
            ],
            "year": 2001,
            "venue": "Neuropharmacology",
            "volume": "40",
            "issn": "4",
            "pages": "597-606",
            "other_ids": {
                "DOI": [
                    "10.1016/S0028-3908(00)00182-9"
                ]
            }
        },
        "BIBREF4": {
            "title": "Neuroprotective effects of eleutherococcus senticosus bark on transient global cerebral ischemia in rats",
            "authors": [
                {
                    "first": "D.",
                    "middle": [],
                    "last": "Lee",
                    "suffix": ""
                },
                {
                    "first": "J.",
                    "middle": [],
                    "last": "Park",
                    "suffix": ""
                },
                {
                    "first": "J.",
                    "middle": [],
                    "last": "Yoon",
                    "suffix": ""
                },
                {
                    "first": "M.",
                    "middle": [],
                    "last": "Kim",
                    "suffix": ""
                },
                {
                    "first": "H.",
                    "middle": [],
                    "last": "Choi",
                    "suffix": ""
                },
                {
                    "first": "H.",
                    "middle": [],
                    "last": "Kim",
                    "suffix": ""
                }
            ],
            "year": 2012,
            "venue": "Journal of Ethnopharmacology",
            "volume": "139",
            "issn": "1",
            "pages": "6-11",
            "other_ids": {
                "DOI": [
                    "10.1016/j.jep.2011.05.024"
                ]
            }
        },
        "BIBREF5": {
            "title": "Reactive oxygen species and the modulation of stroke",
            "authors": [
                {
                    "first": "P.",
                    "middle": [
                        "J."
                    ],
                    "last": "Crack",
                    "suffix": ""
                },
                {
                    "first": "J.",
                    "middle": [
                        "M."
                    ],
                    "last": "Taylor",
                    "suffix": ""
                }
            ],
            "year": 2005,
            "venue": "Free Radical Biology & Medicine",
            "volume": "38",
            "issn": "11",
            "pages": "1433-1444",
            "other_ids": {
                "DOI": [
                    "10.1016/j.freeradbiomed.2005.01.019"
                ]
            }
        },
        "BIBREF6": {
            "title": "Acute ischemic stroke: overview of major experimental rodent models, pathophysiology, and therapy of focal cerebral ischemia",
            "authors": [
                {
                    "first": "A.",
                    "middle": [],
                    "last": "Durukan",
                    "suffix": ""
                },
                {
                    "first": "T.",
                    "middle": [],
                    "last": "Tatlisumak",
                    "suffix": ""
                }
            ],
            "year": 2007,
            "venue": "Pharmacology Biochemistry & Behavior",
            "volume": "87",
            "issn": "1",
            "pages": "179-197",
            "other_ids": {
                "DOI": [
                    "10.1016/j.pbb.2007.04.015"
                ]
            }
        },
        "BIBREF7": {
            "title": "Middle cerebral artery occlusion model in rodents: methods and potential pitfalls",
            "authors": [
                {
                    "first": "F.",
                    "middle": [],
                    "last": "Liu",
                    "suffix": ""
                },
                {
                    "first": "L.",
                    "middle": [
                        "D."
                    ],
                    "last": "McCullough",
                    "suffix": ""
                }
            ],
            "year": 2011,
            "venue": "Journal of Biomedicine and Biotechnology",
            "volume": "2011",
            "issn": "",
            "pages": null,
            "other_ids": {
                "DOI": [
                    "10.1155/2011/464701"
                ]
            }
        },
        "BIBREF8": {
            "title": "Neuroprotection for ischemic stroke: past, present and future",
            "authors": [
                {
                    "first": "M.",
                    "middle": [
                        "D."
                    ],
                    "last": "Ginsberg",
                    "suffix": ""
                }
            ],
            "year": 2008,
            "venue": "Neuropharmacology",
            "volume": "55",
            "issn": "3",
            "pages": "363-389",
            "other_ids": {
                "DOI": [
                    "10.1016/j.neuropharm.2007.12.007"
                ]
            }
        },
        "BIBREF9": {
            "title": "Neuroprotective Herbs for Stroke Therapy In Traditional Eastern Medicine",
            "authors": [
                {
                    "first": "H.",
                    "middle": [],
                    "last": "Kim",
                    "suffix": ""
                }
            ],
            "year": 2013,
            "venue": "Neurological Research",
            "volume": "27",
            "issn": "3",
            "pages": "287-301",
            "other_ids": {
                "DOI": [
                    "10.1179/016164105X25234"
                ]
            }
        },
        "BIBREF10": {
            "title": "Improved regional cerebral blood flow is important for the protection seen in a mouse model of late phase ischemic preconditioning",
            "authors": [
                {
                    "first": "L.",
                    "middle": [
                        "C."
                    ],
                    "last": "Hoyte",
                    "suffix": ""
                },
                {
                    "first": "M.",
                    "middle": [],
                    "last": "Papadakis",
                    "suffix": ""
                },
                {
                    "first": "P.",
                    "middle": [
                        "A."
                    ],
                    "last": "Barber",
                    "suffix": ""
                },
                {
                    "first": "A.",
                    "middle": [
                        "M."
                    ],
                    "last": "Buchan",
                    "suffix": ""
                }
            ],
            "year": 2006,
            "venue": "Brain Research",
            "volume": "1121",
            "issn": "1",
            "pages": "231-237",
            "other_ids": {
                "DOI": [
                    "10.1016/j.brainres.2006.08.107"
                ]
            }
        },
        "BIBREF11": {
            "title": "Protective effects of Shexiang Xingnaonin on focal cerebral ischemia/reperfusion injury and mechanism",
            "authors": [
                {
                    "first": "W.",
                    "middle": [],
                    "last": "Li",
                    "suffix": ""
                },
                {
                    "first": "Y.",
                    "middle": [],
                    "last": "Yin",
                    "suffix": ""
                },
                {
                    "first": "X.",
                    "middle": [],
                    "last": "Cao",
                    "suffix": ""
                },
                {
                    "first": "W.",
                    "middle": [],
                    "last": "Li",
                    "suffix": ""
                }
            ],
            "year": 2008,
            "venue": "Zhongguo Zhong Yao Za Zhi= Zhongguo Zhongyao Zazhi= China Journal of Chinese Materia Medica",
            "volume": "33",
            "issn": "10",
            "pages": "1195-1199",
            "other_ids": {
                "DOI": []
            }
        },
        "BIBREF12": {
            "title": "TTC, Fluoro-Jade B and NeuN staining confirm evolving phases of infarction induced by middle cerebral artery occlusion",
            "authors": [
                {
                    "first": "F.",
                    "middle": [],
                    "last": "Liu",
                    "suffix": ""
                },
                {
                    "first": "D.",
                    "middle": [
                        "P."
                    ],
                    "last": "Schafer",
                    "suffix": ""
                },
                {
                    "first": "L.",
                    "middle": [
                        "D."
                    ],
                    "last": "McCullough",
                    "suffix": ""
                }
            ],
            "year": 2009,
            "venue": "Journal of Neuroscience Methods",
            "volume": "179",
            "issn": "1",
            "pages": "1-8",
            "other_ids": {
                "DOI": [
                    "10.1016/j.jneumeth.2008.12.028"
                ]
            }
        },
        "BIBREF13": {
            "title": "Focal Cerebral Ischaemia in the Rat: 1. Description of Technique and Early Neuropathological Consequences following Middle Cerebral Artery Occlusion",
            "authors": [
                {
                    "first": "A.",
                    "middle": [],
                    "last": "Tamura",
                    "suffix": ""
                },
                {
                    "first": "D.",
                    "middle": [
                        "I."
                    ],
                    "last": "Graham",
                    "suffix": ""
                },
                {
                    "first": "J.",
                    "middle": [],
                    "last": "McCulloch",
                    "suffix": ""
                },
                {
                    "first": "G.",
                    "middle": [
                        "M."
                    ],
                    "last": "Teasdale",
                    "suffix": ""
                }
            ],
            "year": 2016,
            "venue": "Journal of Cerebral Blood Flow & Metabolism",
            "volume": "1",
            "issn": "1",
            "pages": "53-60",
            "other_ids": {
                "DOI": [
                    "10.1038/jcbfm.1981.6"
                ]
            }
        },
        "BIBREF14": {
            "title": "Cognitive and behavioral assessment in experimental stroke research: will it prove useful?",
            "authors": [
                {
                    "first": "A.",
                    "middle": [],
                    "last": "DeVries",
                    "suffix": ""
                },
                {
                    "first": "R.",
                    "middle": [
                        "J."
                    ],
                    "last": "Nelson",
                    "suffix": ""
                },
                {
                    "first": "R.",
                    "middle": [
                        "J."
                    ],
                    "last": "Traystman",
                    "suffix": ""
                },
                {
                    "first": "P.",
                    "middle": [
                        "D."
                    ],
                    "last": "Hurn",
                    "suffix": ""
                }
            ],
            "year": 2001,
            "venue": "Neuroscience & Biobehavioral Reviews",
            "volume": "25",
            "issn": "4",
            "pages": "325-342",
            "other_ids": {
                "DOI": [
                    "10.1016/S0149-7634(01)00017-3"
                ]
            }
        },
        "BIBREF15": {
            "title": "Assessment of Motor Balance and Coordination in Mice using the Balance Beam",
            "authors": [
                {
                    "first": "T.",
                    "middle": [
                        "N."
                    ],
                    "last": "Luong",
                    "suffix": ""
                },
                {
                    "first": "H.",
                    "middle": [
                        "J."
                    ],
                    "last": "Carlisle",
                    "suffix": ""
                },
                {
                    "first": "A.",
                    "middle": [],
                    "last": "Southwell",
                    "suffix": ""
                },
                {
                    "first": "P.",
                    "middle": [
                        "H."
                    ],
                    "last": "Patterson",
                    "suffix": ""
                }
            ],
            "year": 2011,
            "venue": "Journal of Visualized Experiments",
            "volume": "",
            "issn": "49",
            "pages": null,
            "other_ids": {
                "DOI": []
            }
        },
        "BIBREF16": {
            "title": "Recovery from ischemic brain injury in the rat following a 10 h delayed injection with MLN519",
            "authors": [
                {
                    "first": "A.",
                    "middle": [],
                    "last": "Williams",
                    "suffix": ""
                },
                {
                    "first": "T.",
                    "middle": [],
                    "last": "Myers",
                    "suffix": ""
                },
                {
                    "first": "S.",
                    "middle": [],
                    "last": "Cohn",
                    "suffix": ""
                }
            ],
            "year": 2005,
            "venue": "Pharmacology Biochemistry & Behavior",
            "volume": "81",
            "issn": "1",
            "pages": "182-189",
            "other_ids": {
                "DOI": [
                    "10.1016/j.pbb.2005.03.011"
                ]
            }
        },
        "BIBREF17": {
            "title": "Inflammation in stroke: the good, the bad, and the unknown",
            "authors": [
                {
                    "first": "U.",
                    "middle": [],
                    "last": "Dirnagl",
                    "suffix": ""
                }
            ],
            "year": 2004,
            "venue": "ErnstScheringResFoundWorkshop",
            "volume": "",
            "issn": "47",
            "pages": "87-99",
            "other_ids": {
                "DOI": []
            }
        },
        "BIBREF18": {
            "title": "The immunology of stroke: from mechanisms to translation",
            "authors": [
                {
                    "first": "C.",
                    "middle": [],
                    "last": "Iadecola",
                    "suffix": ""
                },
                {
                    "first": "J.",
                    "middle": [],
                    "last": "Anrather",
                    "suffix": ""
                }
            ],
            "year": 2011,
            "venue": "Nature Medicine",
            "volume": "17",
            "issn": "7",
            "pages": "796-808",
            "other_ids": {
                "DOI": [
                    "10.1038/nm.2399"
                ]
            }
        },
        "BIBREF19": {
            "title": "Cyclooxygenases 1 and 2",
            "authors": [
                {
                    "first": "J.",
                    "middle": [
                        "R."
                    ],
                    "last": "Vane",
                    "suffix": ""
                },
                {
                    "first": "Y.",
                    "middle": [
                        "S."
                    ],
                    "last": "Bakhle",
                    "suffix": ""
                },
                {
                    "first": "R.",
                    "middle": [
                        "M."
                    ],
                    "last": "Botting",
                    "suffix": ""
                }
            ],
            "year": 1998,
            "venue": "AnnuRevPharmacolToxicol",
            "volume": "38",
            "issn": "",
            "pages": "97-120",
            "other_ids": {
                "DOI": []
            }
        },
        "BIBREF20": {
            "title": "Spreading depression-induced cyclooxygenase-2 expression in the cortex",
            "authors": [
                {
                    "first": "J.",
                    "middle": [],
                    "last": "Koistinaho",
                    "suffix": ""
                },
                {
                    "first": "P.",
                    "middle": [
                        "H."
                    ],
                    "last": "Chan",
                    "suffix": ""
                }
            ],
            "year": 2000,
            "venue": "NeurochemRes",
            "volume": "25",
            "issn": "5",
            "pages": "645-651",
            "other_ids": {
                "DOI": []
            }
        },
        "BIBREF21": {
            "title": "Cyclooxygenases: structural, cellular, and molecular biology",
            "authors": [
                {
                    "first": "W.",
                    "middle": [
                        "L."
                    ],
                    "last": "Smith",
                    "suffix": ""
                },
                {
                    "first": "D.",
                    "middle": [
                        "L."
                    ],
                    "last": "DeWitt",
                    "suffix": ""
                },
                {
                    "first": "R.",
                    "middle": [
                        "M."
                    ],
                    "last": "Garavito",
                    "suffix": ""
                }
            ],
            "year": 2000,
            "venue": "Annual Review of Biochemistry",
            "volume": "69",
            "issn": "",
            "pages": "145-182",
            "other_ids": {
                "DOI": [
                    "10.1146/annurev.biochem.69.1.145"
                ]
            }
        },
        "BIBREF22": {
            "title": "Effect of musk with borneol on brain water content and blood-brain barrier permeability in the rat model of cerebral focal ischemia with reperfusion",
            "authors": [
                {
                    "first": "X.",
                    "middle": [],
                    "last": "Xin-hua",
                    "suffix": ""
                }
            ],
            "year": 2009,
            "venue": "Chinese Journal of Experimental Traditional Medical Formulae",
            "volume": "2",
            "issn": "",
            "pages": null,
            "other_ids": {
                "DOI": []
            }
        },
        "BIBREF23": {
            "title": "Cyclooxygenase-2 Inhibitor NS-398 Protects Neuronal Cultures From Lipopolysaccharide-Induced Neurotoxicity",
            "authors": [
                {
                    "first": "E.",
                    "middle": [],
                    "last": "Araki",
                    "suffix": ""
                },
                {
                    "first": "C.",
                    "middle": [],
                    "last": "Forster",
                    "suffix": ""
                },
                {
                    "first": "J.",
                    "middle": [
                        "M."
                    ],
                    "last": "Dubinsky",
                    "suffix": ""
                },
                {
                    "first": "M.",
                    "middle": [
                        "E."
                    ],
                    "last": "Ross",
                    "suffix": ""
                },
                {
                    "first": "C.",
                    "middle": [],
                    "last": "Iadecola",
                    "suffix": ""
                }
            ],
            "year": 2001,
            "venue": "Stroke",
            "volume": "32",
            "issn": "10",
            "pages": "2370-2375",
            "other_ids": {
                "DOI": [
                    "10.1161/hs1001.096057"
                ]
            }
        },
        "BIBREF24": {
            "title": "Nimesulide as a promising neuroprotectant in brain ischemia: New experimental evidences",
            "authors": [
                {
                    "first": "E.",
                    "middle": [],
                    "last": "Candelario-Jalil",
                    "suffix": ""
                }
            ],
            "year": 2008,
            "venue": "Pharmacological Research",
            "volume": "57",
            "issn": "4",
            "pages": "266-273",
            "other_ids": {
                "DOI": [
                    "10.1016/j.phrs.2008.03.003"
                ]
            }
        },
        "BIBREF25": {
            "title": "Reduced susceptibility to ischemic brain injury and N-methyl-D-aspartate-mediated neurotoxicity in cyclooxygenase-2-deficient mice",
            "authors": [
                {
                    "first": "C.",
                    "middle": [],
                    "last": "Iadecola",
                    "suffix": ""
                },
                {
                    "first": "K.",
                    "middle": [],
                    "last": "Niwa",
                    "suffix": ""
                },
                {
                    "first": "S.",
                    "middle": [],
                    "last": "Nogawa",
                    "suffix": ""
                }
            ],
            "year": 2001,
            "venue": "Proceedings of the National Acadamy of Sciences of the United States of America",
            "volume": "98",
            "issn": "3",
            "pages": "1294-1299",
            "other_ids": {
                "DOI": [
                    "10.1073/pnas.98.3.1294"
                ]
            }
        },
        "BIBREF26": {
            "title": "Cyclo-oxygenase-2 gene expression in neurons contributes to ischemic brain damage",
            "authors": [
                {
                    "first": "S.",
                    "middle": [],
                    "last": "Nogawa",
                    "suffix": ""
                },
                {
                    "first": "F.",
                    "middle": [],
                    "last": "Zhang",
                    "suffix": ""
                },
                {
                    "first": "M.",
                    "middle": [],
                    "last": "Elizabeth Ross",
                    "suffix": ""
                },
                {
                    "first": "C.",
                    "middle": [],
                    "last": "Iadecola",
                    "suffix": ""
                }
            ],
            "year": 1997,
            "venue": "The Journal of Neuroscience",
            "volume": "17",
            "issn": "8",
            "pages": "2746-2755",
            "other_ids": {
                "DOI": [
                    "10.1523/JNEUROSCI.17-08-02746.1997"
                ]
            }
        },
        "BIBREF27": {
            "title": "The comparative effects of civet-containing and musk-containig woohwangchungsimwon on the central nervous system",
            "authors": [
                {
                    "first": "E.",
                    "middle": [],
                    "last": "Choi",
                    "suffix": ""
                },
                {
                    "first": "K.",
                    "middle": [],
                    "last": "Kim",
                    "suffix": ""
                },
                {
                    "first": "S.",
                    "middle": [],
                    "last": "Shin",
                    "suffix": ""
                },
                {
                    "first": "M.",
                    "middle": [],
                    "last": "Cho",
                    "suffix": ""
                },
                {
                    "first": "W.",
                    "middle": [],
                    "last": "Mar",
                    "suffix": ""
                }
            ],
            "year": 2000,
            "venue": "Yakhak Hoeji",
            "volume": "44",
            "issn": "5",
            "pages": "470-477",
            "other_ids": {
                "DOI": []
            }
        },
        "BIBREF28": {
            "title": "Analysis of volatile components of the musk of Ondatra zibethicus by gas chromatography-mass spectrometry",
            "authors": [
                {
                    "first": "Y.-X.",
                    "middle": [],
                    "last": "Jin",
                    "suffix": ""
                },
                {
                    "first": "S.",
                    "middle": [
                        "J."
                    ],
                    "last": "Choi",
                    "suffix": ""
                },
                {
                    "first": "E.-J.",
                    "middle": [],
                    "last": "Jung",
                    "suffix": ""
                }
            ],
            "year": 2009,
            "venue": "Korean Journal of Pharmacognosy",
            "volume": "",
            "issn": "",
            "pages": null,
            "other_ids": {
                "DOI": []
            }
        },
        "BIBREF29": {
            "title": "Comparison of anti-inflammation and analgesia between muskrat and moschus",
            "authors": [
                {
                    "first": "X.-Z.",
                    "middle": [],
                    "last": "Chen",
                    "suffix": ""
                },
                {
                    "first": "Z.-D.",
                    "middle": [],
                    "last": "Qiu",
                    "suffix": ""
                },
                {
                    "first": "Y.-H.",
                    "middle": [],
                    "last": "Zhang",
                    "suffix": ""
                },
                {
                    "first": "H.",
                    "middle": [],
                    "last": "Zhang",
                    "suffix": ""
                }
            ],
            "year": 2005,
            "venue": "Journal of Jilin University Medicine Edition",
            "volume": "31",
            "issn": "3",
            "pages": "414-416",
            "other_ids": {
                "DOI": []
            }
        },
        "BIBREF30": {
            "title": "New macrocyclic compounds from the secretions of the civet cat and the musk rat",
            "authors": [
                {
                    "first": "D.",
                    "middle": [
                        "A."
                    ],
                    "last": "van Dorp",
                    "suffix": ""
                },
                {
                    "first": "R.",
                    "middle": [],
                    "last": "Klok",
                    "suffix": ""
                },
                {
                    "first": "D.",
                    "middle": [
                        "H."
                    ],
                    "last": "Nugteren",
                    "suffix": ""
                }
            ],
            "year": 1973,
            "venue": "Recueil des Travaux Chimiques des Pays\u2010Bas",
            "volume": "92",
            "issn": "8",
            "pages": "915-928",
            "other_ids": {
                "DOI": []
            }
        },
        "BIBREF31": {
            "title": "Determination of chemical composition of muskrat musk",
            "authors": [
                {
                    "first": "B.",
                    "middle": [],
                    "last": "Li",
                    "suffix": ""
                },
                {
                    "first": "C.",
                    "middle": [],
                    "last": "Li",
                    "suffix": ""
                },
                {
                    "first": "F.",
                    "middle": [],
                    "last": "Sun",
                    "suffix": ""
                },
                {
                    "first": "L.",
                    "middle": [],
                    "last": "Zhang",
                    "suffix": ""
                },
                {
                    "first": "F.",
                    "middle": [],
                    "last": "Song",
                    "suffix": ""
                }
            ],
            "year": 1994,
            "venue": "Chinese Pharmaceutical Journal-Beijing",
            "volume": "29",
            "issn": "",
            "pages": "396-396",
            "other_ids": {
                "DOI": []
            }
        },
        "BIBREF32": {
            "title": "Anti-inflammation and anti-coagulation effects of the muskrat musk",
            "authors": [
                {
                    "first": "G.",
                    "middle": [],
                    "last": "Jingtai",
                    "suffix": ""
                }
            ],
            "year": 2000,
            "venue": "Heilongjiang Medicine and Pharmacy",
            "volume": "6",
            "issn": "",
            "pages": null,
            "other_ids": {
                "DOI": []
            }
        }
    }
}