{
    "paper_id": "PMC4565032",
    "metadata": {
        "title": "Bayesian mixture analysis for metagenomic community profiling",
        "authors": [
            {
                "first": "Sofia",
                "middle": [],
                "last": "Morfopoulou",
                "suffix": "",
                "email": null,
                "affiliation": {}
            },
            {
                "first": "Vincent",
                "middle": [],
                "last": "Plagnol",
                "suffix": "",
                "email": null,
                "affiliation": {}
            }
        ]
    },
    "body_text": [
        {
            "text": "Metagenomics can be defined as the study of DNA sequences from environmental or community\nsamples, while metatranscriptomics is the analysis of RNA sequence data from such samples.\nThe scope of metagenomics/metatranscriptomics is broad and includes the analysis of a\ndiverse set of samples such as gut microbiome (Minot\net al., 2011; Qin\netal., 2010), environmental (Mizuno etal.,\n2013) or clinical (McMullan\netal., 2012; Negredo etal., 2011; Willner etal.,\n2009) samples. Among these applications, the discovery of viral pathogens is\nclearly relevant for clinical practice (Chiu,\n2013; Fancello\netal., 2012). The traditional process of\ncharacterizing a virus through potentially difficult and time consuming culture techniques\nis being revolutionized by advances in high throughput sequencing. Potential benefits of\nsequence driven methodologies include a more rapid turnaround time (Quail etal., 2012), combined\nwith a largely unbiased approach in species detection, including the opportunity for\nunexpected discoveries.",
            "cite_spans": [
                {
                    "start": 314,
                    "end": 332,
                    "mention": "Minot\net al., 2011",
                    "ref_id": "BIBREF13"
                },
                {
                    "start": 334,
                    "end": 349,
                    "mention": "Qin\netal., 2010",
                    "ref_id": "BIBREF16"
                },
                {
                    "start": 367,
                    "end": 385,
                    "mention": "Mizuno etal.,\n2013",
                    "ref_id": "BIBREF14"
                },
                {
                    "start": 400,
                    "end": 420,
                    "mention": "McMullan\netal., 2012",
                    "ref_id": "BIBREF12"
                },
                {
                    "start": 422,
                    "end": 441,
                    "mention": "Negredo etal., 2011",
                    "ref_id": "BIBREF15"
                },
                {
                    "start": 443,
                    "end": 462,
                    "mention": "Willner etal.,\n2009",
                    "ref_id": "BIBREF20"
                },
                {
                    "start": 575,
                    "end": 585,
                    "mention": "Chiu,\n2013",
                    "ref_id": "BIBREF25"
                },
                {
                    "start": 587,
                    "end": 607,
                    "mention": "Fancello\netal., 2012",
                    "ref_id": "BIBREF1"
                },
                {
                    "start": 885,
                    "end": 902,
                    "mention": "Quail etal., 2012",
                    "ref_id": "BIBREF17"
                }
            ],
            "section": "1 Introduction",
            "ref_spans": []
        },
        {
            "text": "The analysis of shotgun sequencing data from metagenomic mixtures raises complex\ncomputational challenges. Part of the difficulty stems from the read length limitation of\nexisting deep DNA-sequencing technologies, an issue compounded by the extensive level of\nhomology across viral and bacterial species. Another complication is the divergence of the\nmicrobial DNA sequences from the publicly available references. As a consequence, the\nassignment of a sequencing read to a database organism is often unclear. Last, the number of\nreads originating from a disease causing pathogen can be low (Barzon etal., 2013). The pathogen\ncontribution to the mixture depends on the biological context, the timing of sample\nextraction and the type of pathogen considered. Therefore, highly sensitive computational\napproaches are required.",
            "cite_spans": [
                {
                    "start": 592,
                    "end": 610,
                    "mention": "Barzon etal., 2013",
                    "ref_id": "BIBREF11"
                }
            ],
            "section": "1 Introduction",
            "ref_spans": []
        },
        {
            "text": "A first analytical problem is read classification that is the assignment of a given\nsequencing read to a species. Several tools have been developed and these belong to two\nbroadly defined classes: composition-based and similarity-based approaches. The read\nclassification based on sequence composition relies on the intrinsic features of the reads.\nMethods include PhyloPythia (McHardy\netal., 2007) and Phymm (Brady and Salzberg, 2009). These tend to focus on major classes in\na dataset and may not perform well on low-abundance populations (Kunin etal., 2008).\nAdditionally, results are usually reliable for longer reads only (Dr\u00f6ge and McHardy, 2012).",
            "cite_spans": [
                {
                    "start": 378,
                    "end": 397,
                    "mention": "McHardy\netal., 2007",
                    "ref_id": "BIBREF10"
                },
                {
                    "start": 410,
                    "end": 434,
                    "mention": "Brady and Salzberg, 2009",
                    "ref_id": "BIBREF22"
                },
                {
                    "start": 542,
                    "end": 559,
                    "mention": "Kunin etal., 2008",
                    "ref_id": "BIBREF7"
                },
                {
                    "start": 628,
                    "end": 651,
                    "mention": "Dr\u00f6ge and McHardy, 2012",
                    "ref_id": "BIBREF28"
                }
            ],
            "section": "1 Introduction",
            "ref_spans": []
        },
        {
            "text": "Similarity-based methods, using homology search algorithms such as BLAST (Altschul etal.,\n1990), are considered the most sensitive methods for read classification (Brady and Salzberg, 2009). One of the most popular\ntools using the output of a similarity search algorithm is MEGAN (Huson etal., 2007). MEGAN\naddresses ambiguous matches by assigning reads that have multiple possible assignments to\nseveral species, to the taxonomic group containing all these species, or else their lowest\ncommon ancestor (LCA). This approach is accurate on a higher taxonomic level. However, it is\nlacking a formal solution to resolving ambiguous matches.",
            "cite_spans": [
                {
                    "start": 74,
                    "end": 94,
                    "mention": "Altschul etal.,\n1990",
                    "ref_id": "BIBREF0"
                },
                {
                    "start": 164,
                    "end": 188,
                    "mention": "Brady and Salzberg, 2009",
                    "ref_id": "BIBREF22"
                },
                {
                    "start": 281,
                    "end": 298,
                    "mention": "Huson etal., 2007",
                    "ref_id": "BIBREF5"
                }
            ],
            "section": "1 Introduction",
            "ref_spans": []
        },
        {
            "text": "A weakness of the similarity-based methods is that a long tail of species, each supported\nonly by few reads can appear in the results. This results from the classification being\ndecided one read at a time, in contrast to considering all reads simultaneously. Hybrid\nmethods combining composition and similarity information such as PhymmBL (Brady and Salzberg, 2009) and RITA (MacDonald etal.,\n2012) also work read by read.",
            "cite_spans": [
                {
                    "start": 340,
                    "end": 364,
                    "mention": "Brady and Salzberg, 2009",
                    "ref_id": "BIBREF22"
                },
                {
                    "start": 376,
                    "end": 397,
                    "mention": "MacDonald etal.,\n2012",
                    "ref_id": "BIBREF8"
                }
            ],
            "section": "1 Introduction",
            "ref_spans": []
        },
        {
            "text": "Methods focused on the statistical inference of the set of present species as well as the\nestimation of their relative proportions, incorporate knowledge from all reads to assign\neach individual read to a species. From a statistical standpoint, this identification and\nquantification question can be thought of as an application of mixture models. These ideas\nhave been applied in the metagenomics context in frequentist [GRAMMy (Xia etal., 2011)] and Bayesian\n[Pathoscope (Francis\netal., 2013)] settings. GRAMMy formulates the\nproblem as a finite mixture model, using the Expectation-Maximization (EM) algorithm to\nestimate the relative genome abundances. Pathoscope refines this process by penalizing reads\nwith ambiguous matches in the presence of reads with unique matches and enforcing parsimony\nwithin a Bayesian context.",
            "cite_spans": [
                {
                    "start": 430,
                    "end": 445,
                    "mention": "Xia etal., 2011",
                    "ref_id": "BIBREF21"
                },
                {
                    "start": 474,
                    "end": 493,
                    "mention": "Francis\netal., 2013",
                    "ref_id": "BIBREF2"
                }
            ],
            "section": "1 Introduction",
            "ref_spans": []
        },
        {
            "text": "Fitting a mixture model is useful for the species relative abundance estimation, as well as\nthe read to species assignment. A related but distinct question concerns the set of species\nwhich should be included in the mixture model. This question is closely related to the\nbiological question of asking what species are present in the mixture. Including all species\nflagged as potential matches by the read classification can introduce a large number of\nspecies, often in the low thousands. Mixture models will then identify a large number of\nspecies at low levels. This interpretation is appropriate in some applications. In many\nother cases, the expectation is that the underlying species set should be parsimonious and\nthat some divergence with database species or sequencing errors can explain a large fraction\nof the non matching reads.",
            "cite_spans": [],
            "section": "1 Introduction",
            "ref_spans": []
        },
        {
            "text": "Hence, a better statistical formulation of the community profiling problem is the\nexploration of the candidate organisms state-space. In this context, non nested models can\nbe compared based on their marginal likelihood. Within this Bayesian framework, readily\ninterpretable probabilities, such as the posterior probabilities of species sets can be used\nto quantify the support for a species in the mixture. Finally, more complex hypotheses\ntesting for example the number of viral species or the joint presence of two distinct\norganisms can be investigated.",
            "cite_spans": [],
            "section": "1 Introduction",
            "ref_spans": []
        },
        {
            "text": "The main challenge behind such a formulation is computational. Even with a relatively small\nnumber of species to consider, the number of subsets of this space that could explain the\nmixture grows exponentially. Efficient computational strategies are required to make this\nproblem tractable. Here we show that this inference can be achieved for modern scale\nmetagenomics datasets. Our strategy is based on parallel tempering, a Monte Carlo Markov\nChain (MCMC) technique, using parallel computing to speed up the inference. We implemented\nthese ideas in a user friendly R package called metaMix. metaMix produces posterior\nprobabilities for various models as well as the relative abundances under each model. We\ndemonstrate its potential using datasets from clinical samples as well as benchmark\nmetagenomic datasets.",
            "cite_spans": [],
            "section": "1 Introduction",
            "ref_spans": []
        },
        {
            "text": "Prior to running the mixture model for metagenomic profiling, several steps are required\nto process the short read sequence data. The pipeline uses publicly available\nbioinformatics tools for each preprocessing step.",
            "cite_spans": [],
            "section": "2.1 Bioinformatics preprocessing ::: 2 Methods",
            "ref_spans": []
        },
        {
            "text": "The first step is the removal of clonal reads using an in house C++ script. We then use\nPRINSEQ (Schmieder and Edwards, 2011) for\nread-based quality control, removing low quality and complexity reads and performing 3\u2032end\ntrimming. For metagenomic analysis of human samples, reads originating from the human host\nare not relevant for our research question. We therefore remove human host reads, using a\ntwo-step approach to limit computation time: initially a short read aligner (novoalign,\nwww.novocraft.com), followed by BLASTn.\nThe next step is only applicable when the focus is on virus discovery using transcriptome\nreads. We remove ribosomal RNA sequences, using BLASTn against the Silva rRNA\ndatabase.",
            "cite_spans": [
                {
                    "start": 97,
                    "end": 124,
                    "mention": "Schmieder and Edwards, 2011",
                    "ref_id": "BIBREF19"
                }
            ],
            "section": "2.1 Bioinformatics preprocessing ::: 2 Methods",
            "ref_spans": []
        },
        {
            "text": "The remaining reads are assembled into contigs using the Velvet short read assembler\n(Zerbino and Birney, 2008). For each\ncontig we record the number of reads required for its assembly, using this information at\nthe stage of species abundance estimation. A Velvet tuning parameter is the user defined\nk-mer length that specifies the extent of overlap required to assemble\nread pairs. Metagenomic assembly is not a straightforward task, as short k-mers work best\nwith the low abundance organisms, while long k-mers with the highly abundance ones. The\nshorter the k-mer the greater the chance of spurious overlaps, hence we choose relatively\nhigh k-mer length, in order to avoid chimeric contigs.",
            "cite_spans": [
                {
                    "start": 86,
                    "end": 110,
                    "mention": "Zerbino and Birney, 2008",
                    "ref_id": "BIBREF23"
                }
            ],
            "section": "2.1 Bioinformatics preprocessing ::: 2 Methods",
            "ref_spans": []
        },
        {
            "text": "For each contig and unassembled read we record the potentially originating species, using\nthe nucleotide to protein homology matching tool BLASTx. We use BLASTx due to the higher\nlevel of conservation expected at the protein level compared with nucleotides. This choice\nis guided by our focus in viral pathogens\u2014viruses having high genetic diversity and\ndivergence (Fancello\netal., 2012). If taxonomic information is not\nincluded in the BLAST output, we obtain it by using the NCBI taxonomy files that map\nproteins to taxons. For simplicity we subsequently drop the protein information and only\nkeep a record of mismatches between the read and the species. If a read matches multiple\nproteins from the same species, we keep only the best match. This step generates a sparse\nsimilarity matrix between the read sequences and the protein sequences, with species as\ncolumns, reads and contigs as rows.",
            "cite_spans": [
                {
                    "start": 366,
                    "end": 386,
                    "mention": "Fancello\netal., 2012",
                    "ref_id": "BIBREF1"
                }
            ],
            "section": "2.1 Bioinformatics preprocessing ::: 2 Methods",
            "ref_spans": []
        },
        {
            "text": "The statistical method described in the remainder of this section considers the competing\nmodels that could accommodate our observed data i.e. the BLASTx results and compares them.\nThe different models represent different sets of species being present in the sample. The\nmethod works on two levels of inference: in the first instance we assume a set of species\nto be present in the sample and we estimate this model\u2019s parameters given the data. The\nother level of inference is the model comparison so as to assess the more plausible model.\nThe process is iterated in order to explore the model state space.",
            "cite_spans": [],
            "section": "2.1 Bioinformatics preprocessing ::: 2 Methods",
            "ref_spans": []
        },
        {
            "text": "Assuming a given set of K species from which the reads can originate,\nthe metagenomic problem can be summarized as a mixture problem, for which the assignment\nof the sequencing reads to species is unknown and must be determined. The data consist of\nN sequencing reads X=(x1,\u2026,xN), and for a given read xi the\nlikelihood is written as: (1)p(xi|w,K)=p(xi|w)=\u2211j=1Kwjfj(xi) where w=(w1,...,wK) represent the proportion of each of the K\nspecies in the mixture. These mixture weights are constrained such that\n0\u2264wj\u22641 and \u2211jwj=1. In practice, we also add a category (species\nK + 1) which we refer to as the \u2018unknown\u2019 category, and captures the\nfact that some reads cannot be assigned to any species.",
            "cite_spans": [],
            "section": "2.2 Model specification assuming a fixed set of species ::: 2 Methods",
            "ref_spans": []
        },
        {
            "text": "Additionally fj(xi) = P(xi|xi from species j) = pij is the probability of\nobserving the read xi conditional on the assumption that it\noriginated from species j. We model this probability using the number of\nmismatches m between the translated read sequence and the reference\nsequence and a Poisson distribution with parameter \u03bb for that number of\nmismatches pij=Pois(m;\u03bb)/lg, where lg is the length of the\nreference genome, when short reads are matched to a nucleotide database. For nucleotide\nmatching, lg has a large impact on the probability\ncomputation. However, when matching against protein databases, the more limited\nheterogeneity of protein lengths results in a much smaller impact of the length parameter.\nIn addition, incomplete annotation can potentially make the inclusion of protein length\nproblematic for the pij computation. Consequently, for protein\nmatched sequences, we simply defined our pij as:\npij=Pois(m;\u03bb).",
            "cite_spans": [],
            "section": "2.2 Model specification assuming a fixed set of species ::: 2 Methods",
            "ref_spans": []
        },
        {
            "text": "Therefore for a given set of K species, the\npij probabilities are regarded as known and the mixture\nweights must be estimated. Combining the above we see that when we know the set of species\nK, the mixture distribution gives the probability of observing read\nxi: \u2211j=1KWjpij, i.e Equation (1).",
            "cite_spans": [],
            "section": "2.2 Model specification assuming a fixed set of species ::: 2 Methods",
            "ref_spans": []
        },
        {
            "text": "We therefore write the likelihood of the dataset X as a sum\nof Kn terms: (2)P(X|w)=\u220fi=1n[\u2211j=1Kwjpij]",
            "cite_spans": [],
            "section": "2.2 Model specification assuming a fixed set of species ::: 2 Methods",
            "ref_spans": []
        },
        {
            "text": "Assuming a fixed set of species, the posterior probability distribution of the weights\nw given the read data X is:\n(3)P(w|X)=P(X|w)\u03c0(w)P(X)=(2)\u220fi[\u2211iwjpij]\u03c0(w)\u222b\u220fi[\u2211iwjpij]\u03c0(w)dw A practical prior for the mixing parameters\nw is the Dirichlet distribution owing to its conjugate\nstatus to the multinomial distribution. Despite the use of conjugate priors, the\nprobabilistic assignment of reads to species involves the expansion of the likelihood into\nKn terms which is computationally infeasible through direct\ncomputation. An efficient estimation can be performed by the introduction of unobserved\nlatent variables that code for the read assignments. In this framework, either the Gibbs\nsampler (Diebolt and Robert, 1994; Marin et al., 2005) a MCM\ntechnique, or the EM (Dempster and Laird,\n1977) algorithm can be used to estimate the mixture weights\nw. EM returns a point estimate for\nw while the Gibbs sampler the distribution of\nw (Supplementary Methods). Both methods were implemented and provided comparable\nresults.",
            "cite_spans": [
                {
                    "start": 694,
                    "end": 718,
                    "mention": "Diebolt and Robert, 1994",
                    "ref_id": "BIBREF27"
                },
                {
                    "start": 720,
                    "end": 738,
                    "mention": "Marin et al., 2005",
                    "ref_id": "BIBREF9"
                },
                {
                    "start": 768,
                    "end": 792,
                    "mention": "Dempster and Laird,\n1977",
                    "ref_id": "BIBREF26"
                }
            ],
            "section": "2.3 Estimation of mixture weights ::: 2 Methods",
            "ref_spans": []
        },
        {
            "text": "Each combination of species corresponds to a finite mixture model for which the marginal\nlikelihood can be estimated. Marginal likelihood comparison has a central role in\ncomparing different models {M1,\u2026,Mm}. To compute the marginal likelihood\nP(X|Mk) for the mixture model Mk one\nhas to average over the parameters with respect to the prior distribution\n\u03c0(\u03b8k|Mk), where \u03b8k are the model parameters: (4)P(X|Mk)=\u222b\u03b8kP(X|\u03b8k,Mk)\u03c0(\u03b8k|Mk)d\u03b8k The posterior probability of the model\nMk is: (5)P(Mk|X)\u221dP(X|Mk)P(Mk) where P(Mk) is the prior belief we hold for each model. The prior can\nbe specified depending on the context but the basis of our interpretation is that\nparsimonious models with a limited number of species are more likely. Thus, in this\nBayesian framework, our default prior uses a penalty limiting the number of species in the\nmodel, i.e P(Mk)=penalty(number of species in Mk). We approximate this penalty factor based on a user-defined\nparameter r that represents the species read support required by the user to believe in\nthe presence of this species. We compute the logarithimic penalty value as the\nlog-likelihood difference between two models: model Munknown which is our starting point when we have no knowledge about\nwhich species are present and therefore all N reads come from the\n\u2018unknown\u2019 category (pij=10\u22126) and model Mr where r reads have a perfect match to a species\n(pij = 1) and the remaining N\u2212r reads belong to the \u2018unknown\u2019 category:\nlog\u2061penalty=log\u2061P(Munknown|X)\u2212log\u2061P(Mr|X). For DNA sequence analysis, the\npij probabilities for the r reads originating from this\nunspecified species are approximated by 1/(median genome length in the reference\ndatabase). This read support parameter reflects, in our probabilistic framework, the\nnumber of unique reads required to support the hypothesis that a species is present.",
            "cite_spans": [],
            "section": "2.4 Marginal likelihood estimation ::: 2 Methods",
            "ref_spans": []
        },
        {
            "text": "From now on, when we refer to the marginal likelihood, we mean the marginal likelihood\nfor a specific model and we forego conditioning on the model\nMk in the notation. Additionally, in our mixture model\npij are always regarded as known, therefore the model\nparameters \u03b8k are the mixture weights w.\nHence (4) becomes: (6)P(X)=\u222bwP(X|w)\u03c0(w)dw=(2)\u222bw\u220fi[\u2211iwjpij]\u03c0(w)dw Approximating the marginal likelihood is a task both\ndifficult and time-consuming. We chose the Defensive Importance Sampling technique (Hesterberg, 1995) for the relative simple\nimplementation compared with other approaches (Supplementary Methods for details of implementation). This is crucial\nas we perform this approximation numerous times, for every species combination we\nconsider.",
            "cite_spans": [
                {
                    "start": 500,
                    "end": 516,
                    "mention": "Hesterberg, 1995",
                    "ref_id": "BIBREF3"
                }
            ],
            "section": "2.4 Marginal likelihood estimation ::: 2 Methods",
            "ref_spans": []
        },
        {
            "text": "However the goal of this work is to deliver results in a clinical setting within an\nactionable time-frame. We wish to speed up the computation without compromising the\naccuracy and the sensitivity of the results. For that reason, we use a point estimate of\nthe marginal likelihood by means of the EM algorithm. The different approaches were used\non the benchmark dataset. The resulting taxonomic assignment as well as the species\nrelative abundance estimates were similar between them, with the EM approach resulting in\na 13-fold speed increase (Supplementary\nMethods).",
            "cite_spans": [],
            "section": "2.4 Marginal likelihood estimation ::: 2 Methods",
            "ref_spans": []
        },
        {
            "text": "We observed that simple MCMC does not efficiently explore the complex model state\nspace, as evidenced by the poor mixing of the chain (Fig. 1). In order to overcome this and take advantage of\nparallel computing, we run multiple chains and allow exchange moves between them. This\nmethod is called parallel tempering MCMC (Earl and\nDeem, 2005). ",
            "cite_spans": [
                {
                    "start": 321,
                    "end": 340,
                    "mention": "Earl and\nDeem, 2005",
                    "ref_id": "BIBREF29"
                }
            ],
            "section": "2.6 Optimized implementation: parallel tempering ::: 2.5 Model comparison: exploring the set of present species ::: 2 Methods",
            "ref_spans": [
                {
                    "start": 135,
                    "end": 141,
                    "mention": "Fig. 1",
                    "ref_id": "FIGREF0"
                }
            ]
        },
        {
            "text": "Within the parallel setting, each chain simulates from the posterior distribution\nP(Mk|X) = g(Mk) raised to a temperature t\u2208(0,1], where model Mk comes from a\ncollection of models {M1,\u2026,Mm} and represents a set of species being present. The\ndifferent temperature levels result in tempered versions of the posterior distribution\nP(Mk|X)t=1/T. When T = 1 the draws are from the\nposterior distribution. On the other hand, at higher temperatures the posterior spreads\nout its mass and becomes flatter. In practice that means that distributions at higher\ntemperatures are easily sampled, improving the mixing. We are interested in studying the\noriginal posterior distribution with T = 1.",
            "cite_spans": [],
            "section": "2.6 Optimized implementation: parallel tempering ::: 2.5 Model comparison: exploring the set of present species ::: 2 Methods",
            "ref_spans": []
        },
        {
            "text": "We implemented two types of moves. The first is the mutation step, which simply is the\nwithin chain move we described in the previous section. This is accepted with\nprobability given by (7). The other\nis the exchange step, a between chains move. This Metropolis-Hastings move proposes to\nswap the value of two chains k and k + 1, adjacent in\nterms of T, with respective temperatures\n1/T1 and 1/T2 where\nT1<T2. Suppose that the values of the two chains are\nMk and Mk+1, respectively, corresponding to two different sets of\nspecies. The move is accepted with probability (Jasra etal., 2007): (8)A=min{1,gk(Mk+1)gk(Mk)gk+1(Mk)gk+1(Mk+1)} Because gk(Mk) = P(Mk|X)1/T1 and gk+1(Mk+1) = P(Mk+1|X)1/T2, it follows that when Mk+1 represents a set of species of higher probability than\nthe one Mk represents, the exchange will always be accepted\n(Supplementary Methods, Fig.\n1). This allows moves between separate modes, ensuring a global exploration of\nthe model state space. Eventually \u2018hot\u2019 and \u2018cold\u2019 chains will progress towards a global\nmode.",
            "cite_spans": [
                {
                    "start": 570,
                    "end": 587,
                    "mention": "Jasra etal., 2007",
                    "ref_id": "BIBREF6"
                }
            ],
            "section": "2.6 Optimized implementation: parallel tempering ::: 2.5 Model comparison: exploring the set of present species ::: 2 Methods",
            "ref_spans": []
        },
        {
            "text": "To limit the complexity of the fit, we used the two step procedure described in the\nMethods and fully implemented in metaMix. We first fitted the mixture model with the\ncomplete set of 2500 species and a limited run length of 500 iterations. Based on this\nanalysis, we identified 1312 species supported by at least one read and explored this\nstate space. To limit the computational time, we also considered a stronger\napproximation, including only the 374 potential species supported by at least 10\nsequencing reads. Both approaches generated similar results, albeit the more complex one\nwith 1312 potential species required the quadruple of the computation time (12 h instead\nof 3 h). metaMix identified 116 species, detecting successfully all the members of the\nmetagenomic community. These were detected on the strain level except in four instances\nwhere a different strain of the same species, or different species within the same genus\nwas detected. Four species were identified and not in the simulated dataset, hence can\nbe considered as false positives. In order to assess the variability of metaMix results,\nwe ran the analysis 25 times changing the random seed. We report the number of species\ndetected, the sensitivity and specificity as well as relative abundance estimate measure\nerrors, at various posterior probability cutoffs (Table 1). We summarize the resulting community profile based on one of these\nruns in Supplementary Table\nS1. ",
            "cite_spans": [],
            "section": "3.1.1 metaMix ::: 3.1 FAMeS datasets\u2014closely related strains ::: 3 Results",
            "ref_spans": [
                {
                    "start": 1343,
                    "end": 1350,
                    "mention": "Table 1",
                    "ref_id": "TABREF0"
                }
            ]
        },
        {
            "text": "Pathoscope identified 47 species. Of these 45 are members of the metagenomic community.\n42 are the exact same strain, while 3 are either the same species but different strain,\nor same genus but different species. However it fails to detect 68 species that are\nactually present in the mixture. Tuning the parameter that enforces the parsimonious\nresults (any thetaPrior > 10), thereby removing the unique read penalty, Pathoscope\nbehaves as a standard mixture model and identifies 165 species (Table 2). With these settings, it identifies all but one\nmembers of the community. The organisms are identified at the strain level, except in\nthree instances where it identified different species within the same genus. The major\ninterpretation issue is the presence of a long tail of species (54 species) that are\nactually not present in the mixture (Supplementary Table S1). Pathoscope produced the results in 1 min. ",
            "cite_spans": [],
            "section": "3.1.2 Pathoscope ::: 3.1 FAMeS datasets\u2014closely related strains ::: 3 Results",
            "ref_spans": [
                {
                    "start": 493,
                    "end": 500,
                    "mention": "Table 2",
                    "ref_id": "TABREF1"
                }
            ]
        },
        {
            "text": "MEGAN identified 232 taxa (Supplementary Table S1). It discovered all original species of the community\non the strain level, except for nine instances where it identified the LCA. Aside from\nthe lack of strain or species specificity for 8% of the community members, the main\nissue is the long tail of false positives, i.e low specificity (Table 2). In the species summary provided by MEGAN, there are\n119 taxa (species or higher order) which are not actually present, but supported by a\nsufficient number of reads (default value: 50 reads) for MEGAN to include these in the\noutput. Results were produced in less than a minute. To lower the false positive rate,\nwe also filtered the BLAST results prior to MEGAN analysis, imposing stringent E-value\nand similarity cutoffs. An E-value < 1 E-10 removed only 9 entries from the results,\nrequiring similarity > 90% removed only 5, while both filters resulted in 208 taxa in\nthe summary results.",
            "cite_spans": [],
            "section": "3.1.3 MEGAN ::: 3.1 FAMeS datasets\u2014closely related strains ::: 3 Results",
            "ref_spans": [
                {
                    "start": 339,
                    "end": 346,
                    "mention": "Table 2",
                    "ref_id": "TABREF1"
                }
            ]
        },
        {
            "text": "The primary aim for metaMix is to be a diagnostic tool and to answer whether a species\nis present or absent from the mixture we study. As a secondary aim, we are also\ninterested in estimating accurately the relative abundance of the present organisms. We\ncan assess the abundance estimates produced by the methods by using error measures such\nas the relative root mean square error, RRMSE and the average relative error, AVGRE\n(Supplementary Methods for\ndefinition). For metaMix, we use the relative abundance estimates from the 25 runs. For\nall methods, when the exact strain was not identified but the correct species or genus\nwas, we used this abundance. metaMix produces the most accurate abundance estimates and\nthe results are summarized in Table 2.",
            "cite_spans": [],
            "section": "3.1.4 Relative abundances ::: 3.1 FAMeS datasets\u2014closely related strains ::: 3 Results",
            "ref_spans": [
                {
                    "start": 747,
                    "end": 754,
                    "mention": "Table 2",
                    "ref_id": "TABREF1"
                }
            ]
        },
        {
            "text": "We then assessed the importance of the read support parameter r on the output of metaMix. We ran metaMix on the benchmark\nsimHC FAMeS dataset with r = {10, 20, 30, 50} reads, 25 runs for\neach (Table 3. We observe that as\nr decreases, a few more related strains from the reference\ndatabase that are not in the community are retained in the output. As\nr increases two similar strains are merged into one. ",
            "cite_spans": [],
            "section": "3.1.5 Importance of read support parameter ::: 3.1 FAMeS datasets\u2014closely related strains ::: 3 Results",
            "ref_spans": [
                {
                    "start": 193,
                    "end": 200,
                    "mention": "Table 3",
                    "ref_id": "TABREF2"
                }
            ]
        },
        {
            "text": "We compared these results with the output of Pathoscope and MEGAN. None of these\nmethods have a read support parameter serving the same purpose as in metaMix, so we\ntuned the most relevant parameters in these tools. Pathoscope has a thetaPrior parameter\nthat enforces a unique read penalty. This parameter represents the read pseudocounts for\nthe non-unique matches and the default setting is zero which allows for non informative\npriors. Using the default setting Pathoscope identifies 47 taxa. When thetaP\u2019s value is\nin (1,7) it identifies 22 taxa, while with thetaP > 7 it identifies 165. With this\nlatter setting which is the one we chose for the comparison, Pathoscope behaves as a\nstandard mixture model.",
            "cite_spans": [],
            "section": "3.1.5 Importance of read support parameter ::: 3.1 FAMeS datasets\u2014closely related strains ::: 3 Results",
            "ref_spans": []
        },
        {
            "text": "MEGAN has a \u2018Min Support\u2019 parameter which sets a threshold for the number of reads that\nmust be assigned to a taxon so that it appears in the result. Any read assigned to a\ntaxon not having the required support is pushed up the taxonomy until a taxon is found\nthat has sufficient support. We used Min support = {10, 20, 30, 50} reads. The\nrespective number of taxa in the summary files was 250, 243, 236, 232. We then also\napplied a post-run read count threshold to both methods\u2019 output summary. We set the\nthreshold for 10, 20, 30, 50 reads, respectively, disregarding taxa that have less than\nthat number of reads assigned to them. In all instances metaMix produces a community\nprofile closer to the real one, along with a better balance of sensitivity and\nspecificity compared with the other two methods (Table 3). Pathoscope finds \u223c15 more false positives while MEGAN \u223c40 more\ncompared with metaMix at the same read support level, except for the lowest r = 10 where\nmetaMix and Pathoscope achieve the same specificity. We report further results in the\nsupplementaty discussion,\nusing different posterior probability cutoffs for the different r settings.",
            "cite_spans": [],
            "section": "3.1.5 Importance of read support parameter ::: 3.1 FAMeS datasets\u2014closely related strains ::: 3 Results",
            "ref_spans": [
                {
                    "start": 808,
                    "end": 815,
                    "mention": "Table 3",
                    "ref_id": "TABREF2"
                }
            ]
        },
        {
            "text": "The FAMeS project includes two additional mock communities that consist of the same 113\nspecies as simHC, but they differ in their relative abundances setup: in simLC there is\none dominant species or a few more in simMC. We ran metaMix 25 times for both, changing\nthe random seed. These two datasets turned out to be more challenging for all three\nmethods, missing or merging together some similar related strains. metaMix outperforms\nPathoscope and MEGAN in terms of producing a parsimonious community profile and having\nthe best sensitivity and specificity trade-off (Table 2).",
            "cite_spans": [],
            "section": "3.1.6 simMC and simLC communities ::: 3.1 FAMeS datasets\u2014closely related strains ::: 3 Results",
            "ref_spans": [
                {
                    "start": 570,
                    "end": 577,
                    "mention": "Table 2",
                    "ref_id": "TABREF1"
                }
            ]
        },
        {
            "text": "The FAMeS datasets are complex and distinct from typical human clinical samples,\nputting aside gut microbiome analysis. The differences are the large number of\norganisms, the presence of closely related strains of similar abundances, as well as the\nlack of viruses. Nevertheless, they are essential datasets to use as benchmark for\nexamining the performance of the methods in a situation of closely related strains in\nthe sample.",
            "cite_spans": [],
            "section": "3.1.6 simMC and simLC communities ::: 3.1 FAMeS datasets\u2014closely related strains ::: 3 Results",
            "ref_spans": []
        },
        {
            "text": "For the analysis of human clinical samples, we use a custom reference database that\ncombines viral, bacterial, human and mouse RefSeq proteins (Supplementary Methods). To test\nmetaMix in a clinical setting with a low viral load, we used a brain biopsy RNA-Seq\ndataset from an undiagnosed encephalitis patient (UCL Hospital, data provided as part of\na collaboration with Professor Breuer, UCL). Total RNA was purified from the biopsy and\npolyA RNA was separated for sequencing library preparation. The Illumina MiSeq\ninstrument generated 20 million paired-end reads. We processed the raw data using the\nbioinformatics pipeline described in Methods section. The processed dataset consisted of\n\u223c75 000 non-host reads and contigs. Based on the BLASTx output there were 1298 potential\nspecies.",
            "cite_spans": [],
            "section": "3.2.1 Protein reference database ::: 3.2 Human clinical sample\u2014low viral load ::: 3 Results",
            "ref_spans": []
        },
        {
            "text": "Following the initial processing, we used metaMix for species identification and\nabundance estimation. The resulting species profile is shown in Table 4; the 13 metaMix entries correspond to 10 species. The\nmost abundant organism was the \u03d5X174 bacteriophage, which is routinely used for\ndeep-sequencing quality control. More interestingly, we identified an astrovirus. Five\nshort assembled contigs (44 reads) with length ranging between 167 and 471 bp and two\nnon-assembled reads were assigned to the Astrovirus VA1 with a\nprobability score of 1 (Fig. 2). metaMix\nalso identified a number of bacteria supported by a few reads. These are either known\nlaboratory reagent contaminants or human skin associated contaminants (Salter etal.,\n2014). The analysis completed in 29 min. ",
            "cite_spans": [
                {
                    "start": 721,
                    "end": 739,
                    "mention": "Salter etal.,\n2014",
                    "ref_id": "BIBREF18"
                }
            ],
            "section": "3.2.2 metaMix ::: 3.2 Human clinical sample\u2014low viral load ::: 3 Results",
            "ref_spans": [
                {
                    "start": 547,
                    "end": 553,
                    "mention": "Fig. 2",
                    "ref_id": "FIGREF1"
                },
                {
                    "start": 145,
                    "end": 152,
                    "mention": "Table 4",
                    "ref_id": "TABREF3"
                }
            ]
        },
        {
            "text": "The presence of the astrovirus was confirmed with real-time RT-PCR. Genome sequencing\nof the astrovirus in the sample and subsequent study of the consensus sequence showed\nthat we had in fact identified a novel virus, closely related to the VA1 strain (Brown etal.,\n2014).",
            "cite_spans": [
                {
                    "start": 253,
                    "end": 270,
                    "mention": "Brown etal.,\n2014",
                    "ref_id": "BIBREF24"
                }
            ],
            "section": "3.2.2 metaMix ::: 3.2 Human clinical sample\u2014low viral load ::: 3 Results",
            "ref_spans": []
        },
        {
            "text": "Pathoscope identified 22 taxa, corresponding to 15 species and some genera or families\n(Table 4). It also assigned all 46 reads\nto the Astrovirus VA1. Almost all the species identified from metaMix\nwere identified by Pathoscope, with an additional nine taxa supported by few reads. As\nthe method works only with unassembled sequence data, an extra BLASTx step was performed\nfor the 91 516 reads that had contributed to the 679 assembled contigs. Pathoscope\nproduced the results in  < 1 min.",
            "cite_spans": [],
            "section": "3.2.3 Pathoscope ::: 3.2 Human clinical sample\u2014low viral load ::: 3 Results",
            "ref_spans": [
                {
                    "start": 88,
                    "end": 95,
                    "mention": "Table 4",
                    "ref_id": "TABREF3"
                }
            ]
        },
        {
            "text": "MEGAN identified 19 taxa and did not detect the astrovirus signal. We modified the\nminimum read support parameter from 50 reads to 10 to increase sensitivity. MEGAN then\nidentified 25 taxa, including the Astrovirus VA1. The remaining 24 were\nmostly genera, relevant to the species detected by metaMix and Pathoscope. MEGAN\nproduced the results in  < 1 min.",
            "cite_spans": [],
            "section": "3.2.4 MEGAN ::: 3.2 Human clinical sample\u2014low viral load ::: 3 Results",
            "ref_spans": []
        },
        {
            "text": "The resulting species profile consisted of 7 species (Supplementary Table S2). The most\ninteresting finding was the identification of Human coronavirus OC43\n(hcov-oc43) with almost a million reads assigned to it. Additionally there\nwere 67 K reads assigned to Human enteric coronavirus strain 4408. The\npresence of both viruses in the results indicated that even though the virus in the\nsample was mostly similar to hcov-oc 43, there were sequences sharing\nhigher similarity to 4408 at some loci. This is highlighting how the database choice\nimpacts the results: the RefSeq database we used has only one\nhcov-oc43 strain, while in GenBank there are several, capturing the\nhigh mutation rates of this species. We followed up on the sequences assigned to the\n\u2018unknown category\u2019, looking for nucleotide similarity with nr-nt using BLASTn.\nHalf of the reads originated from an untranslated region of the Coronavirus genome,\nwhich is not captured by the protein reference database. The remaining reads matched\nconfidently to either zebrafish or chicken sequences, two organisms whose proteins are\nnot in the human microbiome reference we are using. These matches were explained as\nbarcode leakage resulting from multiplexing on the same flowcell zebrafish and chicken\nRNA-Seq libraries. metaMix appropriately assigned these reads to the \u2018unknown\u2019 category,\nproducing a clean probabilistic summary (Supplementary Table S2). The method ran in 4.7 h. The presence of\nthe coronavirus was confirmed using RT-PCR. In this instance, the metaMix results\nemphasize the importance of being able to deal with missing reference sequences that do\nnot have a closely related strain or species in the same database.",
            "cite_spans": [],
            "section": "3.3.1 metaMix ::: 3.3 Human clinical sample\u2014species not in the database ::: 3 Results",
            "ref_spans": []
        },
        {
            "text": "Pathoscope identified 177 species in this sample. We optimized the value of the unique\nread penalty parameter and we achieved the best results with the thetaPrior parameter\nset within the range 10\u2013100. With these settings, the method identified 52 species\n(Supplementary Table S2).\nOur assessment is that Pathoscope is confused by the lack of completeness of databases\ncombined with the absence of an \u2018unknown\u2019 category, which prevents it from dealing with\nthese unassigned reads sensibly. Pathoscope ran in 10 min.",
            "cite_spans": [],
            "section": "3.3.2 Pathoscope ::: 3.3 Human clinical sample\u2014species not in the database ::: 3 Results",
            "ref_spans": []
        },
        {
            "text": "MEGAN assigned the reads to 30 taxa. These included some species and genera but most\nwere families (Supplementary Table\nS2). Approximately 250 K reads could not be assigned to any taxonomic level.\nMEGAN completed its analysis in 8 min.",
            "cite_spans": [],
            "section": "3.3.3 MEGAN ::: 3.3 Human clinical sample\u2014species not in the database ::: 3 Results",
            "ref_spans": []
        },
        {
            "text": "Here, we present metaMix, a sensitive method for metagenomic species identification and\nabundance estimation. It is implemented as an R package, freely available from CRAN. Using a\nBayesian mixture model framework, we account for model uncertainty by performing model\naveraging and we resolve ambiguous assignments by considering all reads simultaneously. A\nkey feature of the method is that it provides probabilities that answer pertinent biological\nquestions, in particular the posterior probability for the presence of a species in the\nmixture. Additionally it accurately quantifies the relative proportions of the\norganisms.",
            "cite_spans": [],
            "section": "4 Discussion",
            "ref_spans": []
        },
        {
            "text": "This general framework is designed to address interpretation issues associated with closely\nrelated strains in the sample, low abundance organisms and absence of genomes from the\nreference database. We show that metaMix outperforms other methods in the community\nprofiling task, particularly when complex structures with closely related strains are\nstudied. As a consequence, it also produces more accurate relative abundance estimates for\nthe species in the mixture. The method can deal with either unassembled reads or assembled\ncontigs or both, allowing for flexibility of choice for the bioinformatics preprocessing. In\npractice, the choice of bioinformatics processing prior to the application of our Bayesian\nmixture analysis must be optimized for each application, and our processing pipeline has\nbeen designed with viral sequence identification from transcriptome sequencing as a main\ngoal. Nevertheless, as demonstrated by our analysis of the mock bacterial community dataset,\nthe method can be applied in other contexts.",
            "cite_spans": [],
            "section": "4 Discussion",
            "ref_spans": []
        },
        {
            "text": "The sensitivity and general applicability of metaMix comes at an increased computational\ncost, requiring access to a multi-core computer to run efficiently. For the datasets\npresented here, the computation time remained manageable and did not exceed a few hours,\nusing 12 cores to run 12 parallel chains. Nevertheless, a limitation of metaMix is the\nincreased processing time for very large datasets. Speed related improvements can be\nimplemented in scenarios where the species ambiguity concerns only a small proportion of the\nread set. Reads with certain assignments can be flagged prior to the MCMC exploration of the\nstate-space. Their assignment information can then be carried forward, thereby reducing the\nsize of the similarity matrix used as input by the mixture model. Another area of possible\nimprovement is MCMC convergence determination. The current version of metaMix produces\nlog-likelihood traceplots allowing the user to visually inspect the MCMC convergence;\nhowever, additional diagnostic criteria can be implemented in future versions. Finally,\nconsideration of the differences between mismatches, especially on the amino-acid level\ncould lead to more accurate estimation of the pij probabilities.\nSuch information is captured by the BLASTx similarity score. This metric could thus be used\nfor probability estimation, instead of the number of mismatches.",
            "cite_spans": [],
            "section": "4 Discussion",
            "ref_spans": []
        },
        {
            "text": "metaMix is most useful for complex datasets for which the interpretation is challenging. It\nhas been mainly used as a clinical diagnostic tool, helping with the identification of the\ninfecting pathogen while providing an accurate profile of the community in the\nsample.",
            "cite_spans": [],
            "section": "4 Discussion",
            "ref_spans": []
        }
    ],
    "ref_entries": {
        "TABREF0": {
            "text": "Table 1.: simHC community: number of species detected by metaMix as well as sensitivity,\nspecificity, AVGRE, RRMSE for metaMix at various posterior probability cutoffs\n(default in bold font)\n",
            "type": "table"
        },
        "TABREF1": {
            "text": "Table 2.: Number of species identified for the FAMeS simLC and simMC datasets, as well as\nsensitivity, specificity and abundance estimates error measures RRMSE and AVGRE\n",
            "type": "table"
        },
        "TABREF2": {
            "text": "Table 3.: simHC FAMeS dataset\n",
            "type": "table"
        },
        "TABREF3": {
            "text": "Table 4.: Human clinical sample\u2014novel virus\n",
            "type": "table"
        },
        "FIGREF0": {
            "text": "Fig. 1.: \na. Log-likelihood trace plot for single chain MCMC and b.\nfor PT chain at temperature T = 1. c. Schematic of\nparallel tempering. Exchanges are attempted between chains of neighboring\ntemperatures, where Chain1 at T1=1, T1<T2<T3<T4",
            "type": "figure"
        },
        "FIGREF1": {
            "text": "Fig. 2.: Human clinical sample - novel virus. The reads (short lines) assigned by metaMix to\nAstrovirus VA1 are aligned to the genome. The longer lines represent the genes of\nthe virus",
            "type": "figure"
        }
    },
    "back_matter": [],
    "bib_entries": {
        "BIBREF0": {
            "title": "Basic local alignment search\ntool",
            "authors": [
                {
                    "first": "S.F.",
                    "middle": [],
                    "last": "Altschul",
                    "suffix": ""
                }
            ],
            "year": 1990,
            "venue": "J. Mol. Biol.",
            "volume": "215",
            "issn": "",
            "pages": "403-410",
            "other_ids": {
                "DOI": []
            }
        },
        "BIBREF1": {
            "title": "Computational tools for viral\nmetagenomics and their application in clinical research",
            "authors": [
                {
                    "first": "L.",
                    "middle": [],
                    "last": "Fancello",
                    "suffix": ""
                }
            ],
            "year": 2012,
            "venue": "Virology",
            "volume": "434",
            "issn": "",
            "pages": "162-174",
            "other_ids": {
                "DOI": []
            }
        },
        "BIBREF2": {
            "title": "Pathoscope: species identification and\nstrain attribution with unassembled sequencing data",
            "authors": [
                {
                    "first": "O.E.",
                    "middle": [],
                    "last": "Francis",
                    "suffix": ""
                }
            ],
            "year": 2013,
            "venue": "Genome\nResearch",
            "volume": "23",
            "issn": "",
            "pages": "1721-729",
            "other_ids": {
                "DOI": []
            }
        },
        "BIBREF3": {
            "title": "Weighted average importance sampling\nand defensive mixture distributions",
            "authors": [
                {
                    "first": "T.",
                    "middle": [],
                    "last": "Hesterberg",
                    "suffix": ""
                }
            ],
            "year": 1995,
            "venue": "Technometrics",
            "volume": "37",
            "issn": "",
            "pages": "185-194",
            "other_ids": {
                "DOI": []
            }
        },
        "BIBREF4": {
            "title": "Bayesian model averaging: a\ntutorial",
            "authors": [
                {
                    "first": "J.A.",
                    "middle": [],
                    "last": "Hoeting",
                    "suffix": ""
                }
            ],
            "year": 1999,
            "venue": "Stat. Sci.",
            "volume": "14",
            "issn": "",
            "pages": "382-417",
            "other_ids": {
                "DOI": []
            }
        },
        "BIBREF5": {
            "title": "MEGAN analysis of metagenomic\ndata",
            "authors": [
                {
                    "first": "D.H.",
                    "middle": [],
                    "last": "Huson",
                    "suffix": ""
                }
            ],
            "year": 2007,
            "venue": "Genome Res.",
            "volume": "17",
            "issn": "",
            "pages": "377-386",
            "other_ids": {
                "DOI": []
            }
        },
        "BIBREF6": {
            "title": "On population-based simulation for\nstatic inference",
            "authors": [
                {
                    "first": "A.",
                    "middle": [],
                    "last": "Jasra",
                    "suffix": ""
                }
            ],
            "year": 2007,
            "venue": "Stat. Comput.",
            "volume": "17",
            "issn": "",
            "pages": "263-279",
            "other_ids": {
                "DOI": []
            }
        },
        "BIBREF7": {
            "title": "A bioinformatician\u2019s guide to\nmetagenomics",
            "authors": [
                {
                    "first": "V.",
                    "middle": [],
                    "last": "Kunin",
                    "suffix": ""
                }
            ],
            "year": 2008,
            "venue": "Microbiol. Mol. Biol. Rev.",
            "volume": "72",
            "issn": "",
            "pages": "557-578",
            "other_ids": {
                "DOI": []
            }
        },
        "BIBREF8": {
            "title": "Rapid identification of\nhigh-confidence taxonomic assignments for metagenomic data",
            "authors": [
                {
                    "first": "N.J.",
                    "middle": [],
                    "last": "MacDonald",
                    "suffix": ""
                }
            ],
            "year": 2012,
            "venue": "Nucleic Acids Res.",
            "volume": "40",
            "issn": "",
            "pages": null,
            "other_ids": {
                "DOI": []
            }
        },
        "BIBREF9": {
            "title": "Bayesian modelling and inference on\nmixtures of distributions",
            "authors": [
                {
                    "first": "J.M.",
                    "middle": [],
                    "last": "Marin",
                    "suffix": ""
                }
            ],
            "year": 2005,
            "venue": "Handbook of Statistics",
            "volume": "Vol.\n25",
            "issn": "",
            "pages": "223-228",
            "other_ids": {
                "DOI": []
            }
        },
        "BIBREF10": {
            "title": "Accurate phylogenetic classification\nof variable-length DNA fragments",
            "authors": [
                {
                    "first": "A.C.",
                    "middle": [],
                    "last": "McHardy",
                    "suffix": ""
                }
            ],
            "year": 2007,
            "venue": "Nat. Methods",
            "volume": "4",
            "issn": "",
            "pages": "63-72",
            "other_ids": {
                "DOI": []
            }
        },
        "BIBREF11": {
            "title": "Next-generation sequencing\ntechnologies in diagnostic virology",
            "authors": [
                {
                    "first": "L.",
                    "middle": [],
                    "last": "Barzon",
                    "suffix": ""
                }
            ],
            "year": 2013,
            "venue": "J. Clin. Virol.",
            "volume": "58",
            "issn": "",
            "pages": "346-350",
            "other_ids": {
                "DOI": []
            }
        },
        "BIBREF12": {
            "title": "A new phlebovirus associated with\nsevere febrile illness in Missouri",
            "authors": [
                {
                    "first": "L.K.",
                    "middle": [],
                    "last": "McMullan",
                    "suffix": ""
                }
            ],
            "year": 2012,
            "venue": "N. Engl. J. Med.",
            "volume": "367",
            "issn": "",
            "pages": "834-841",
            "other_ids": {
                "DOI": []
            }
        },
        "BIBREF13": {
            "title": "The human gut virome: inter-individual\nvariation and dynamic response to diet",
            "authors": [
                {
                    "first": "S.",
                    "middle": [],
                    "last": "Minot",
                    "suffix": ""
                }
            ],
            "year": 2011,
            "venue": "Genome Res.",
            "volume": "21",
            "issn": "",
            "pages": "1616-1625",
            "other_ids": {
                "DOI": []
            }
        },
        "BIBREF14": {
            "title": "Expanding the marine virosphere using\nmetagenomics",
            "authors": [
                {
                    "first": "C.M.",
                    "middle": [],
                    "last": "Mizuno",
                    "suffix": ""
                }
            ],
            "year": 2013,
            "venue": "PLoS Genet.",
            "volume": "9",
            "issn": "",
            "pages": null,
            "other_ids": {
                "DOI": []
            }
        },
        "BIBREF15": {
            "title": "Discovery of an ebolavirus-like\nfilovirus in europe",
            "authors": [
                {
                    "first": "A.",
                    "middle": [],
                    "last": "Negredo",
                    "suffix": ""
                }
            ],
            "year": 2011,
            "venue": "PLoS Pathogens",
            "volume": "7",
            "issn": "",
            "pages": null,
            "other_ids": {
                "DOI": []
            }
        },
        "BIBREF16": {
            "title": "A human gut microbial gene catalogue\nestablished by metagenomic sequencing",
            "authors": [
                {
                    "first": "J.",
                    "middle": [],
                    "last": "Qin",
                    "suffix": ""
                }
            ],
            "year": 2010,
            "venue": "Nature",
            "volume": "464",
            "issn": "",
            "pages": "59-65",
            "other_ids": {
                "DOI": []
            }
        },
        "BIBREF17": {
            "title": "A tale of three next generation\nsequencing platforms: comparison of Ion Torrent, Pacific Biosciences and Illumina MiSeq\nsequencers",
            "authors": [
                {
                    "first": "M.A.",
                    "middle": [],
                    "last": "Quail",
                    "suffix": ""
                }
            ],
            "year": 2012,
            "venue": "BMC Genomics",
            "volume": "13",
            "issn": "",
            "pages": null,
            "other_ids": {
                "DOI": []
            }
        },
        "BIBREF18": {
            "title": "Reagent and laboratory contamination\ncan critically impact sequence-based microbiome analyses",
            "authors": [
                {
                    "first": "S.J.",
                    "middle": [],
                    "last": "Salter",
                    "suffix": ""
                }
            ],
            "year": 2014,
            "venue": "BMC\nBiol.",
            "volume": "12",
            "issn": "",
            "pages": null,
            "other_ids": {
                "DOI": []
            }
        },
        "BIBREF19": {
            "title": "Quality control and preprocessing of\nmetagenomic datasets",
            "authors": [
                {
                    "first": "R.",
                    "middle": [],
                    "last": "Schmieder",
                    "suffix": ""
                },
                {
                    "first": "R.",
                    "middle": [],
                    "last": "Edwards",
                    "suffix": ""
                }
            ],
            "year": 2011,
            "venue": "Bioinformatics",
            "volume": "27",
            "issn": "",
            "pages": "863-864",
            "other_ids": {
                "DOI": []
            }
        },
        "BIBREF20": {
            "title": "Metagenomic analysis of respiratory\ntract DNA viral communities in cystic fibrosis and non-cystic fibrosis\nindividuals",
            "authors": [
                {
                    "first": "D.",
                    "middle": [],
                    "last": "Willner",
                    "suffix": ""
                }
            ],
            "year": 2009,
            "venue": "PLoS One",
            "volume": "4",
            "issn": "",
            "pages": null,
            "other_ids": {
                "DOI": []
            }
        },
        "BIBREF21": {
            "title": "Accurate genome relative abundance\nestimation based on shotgun metagenomic reads",
            "authors": [
                {
                    "first": "L.C.",
                    "middle": [],
                    "last": "Xia",
                    "suffix": ""
                }
            ],
            "year": 2011,
            "venue": "PLoS\nOne",
            "volume": "6",
            "issn": "",
            "pages": null,
            "other_ids": {
                "DOI": []
            }
        },
        "BIBREF22": {
            "title": "Phymm and PhymmBL: metagenomic\nphylogenetic classification with interpolated Markov models",
            "authors": [
                {
                    "first": "A.",
                    "middle": [],
                    "last": "Brady",
                    "suffix": ""
                },
                {
                    "first": "S.L.",
                    "middle": [],
                    "last": "Salzberg",
                    "suffix": ""
                }
            ],
            "year": 2009,
            "venue": "Nat. Methods",
            "volume": "6",
            "issn": "",
            "pages": "673-676",
            "other_ids": {
                "DOI": []
            }
        },
        "BIBREF23": {
            "title": "Velvet: algorithms for de novo short\nread assembly using de Bruijn graphs",
            "authors": [
                {
                    "first": "D.R.",
                    "middle": [],
                    "last": "Zerbino",
                    "suffix": ""
                },
                {
                    "first": "E.",
                    "middle": [],
                    "last": "Birney",
                    "suffix": ""
                }
            ],
            "year": 2008,
            "venue": "Genome Res.",
            "volume": "18",
            "issn": "",
            "pages": "821-829",
            "other_ids": {
                "DOI": []
            }
        },
        "BIBREF24": {
            "title": "Astrovirus VA1/HMO-C: an increasingly\nrecognised neurotropic pathogen in immunocompromised patients",
            "authors": [
                {
                    "first": "J.R.",
                    "middle": [],
                    "last": "Brown",
                    "suffix": ""
                }
            ],
            "year": 2014,
            "venue": "Clin. Infect. Dis.",
            "volume": "60",
            "issn": "",
            "pages": "881-888",
            "other_ids": {
                "DOI": []
            }
        },
        "BIBREF25": {
            "title": "Viral pathogen\ndiscovery",
            "authors": [
                {
                    "first": "C.Y.",
                    "middle": [],
                    "last": "Chiu",
                    "suffix": ""
                }
            ],
            "year": 2013,
            "venue": "Curr. Opin. Microbiol.",
            "volume": "16",
            "issn": "",
            "pages": "468-478",
            "other_ids": {
                "DOI": []
            }
        },
        "BIBREF26": {
            "title": "Maximum likelihood from incomplete data\nvia the EM algorithm",
            "authors": [
                {
                    "first": "A.",
                    "middle": [],
                    "last": "Dempster",
                    "suffix": ""
                },
                {
                    "first": "N.",
                    "middle": [],
                    "last": "Laird",
                    "suffix": ""
                }
            ],
            "year": 1977,
            "venue": "J. R. Stat. Soc..",
            "volume": "39",
            "issn": "",
            "pages": "1-38",
            "other_ids": {
                "DOI": []
            }
        },
        "BIBREF27": {
            "title": "Estimation of finite mixture\ndistributions through Bayesian sampling",
            "authors": [
                {
                    "first": "J.",
                    "middle": [],
                    "last": "Diebolt",
                    "suffix": ""
                },
                {
                    "first": "C.P.",
                    "middle": [],
                    "last": "Robert",
                    "suffix": ""
                }
            ],
            "year": 1994,
            "venue": "J. R. Stat. Soc. Ser. B\nMethodol.",
            "volume": "56",
            "issn": "",
            "pages": "363-375",
            "other_ids": {
                "DOI": []
            }
        },
        "BIBREF28": {
            "title": "Taxonomic binning of metagenome samples\ngenerated by next-generation sequencing technologies",
            "authors": [
                {
                    "first": "J.",
                    "middle": [],
                    "last": "Dr\u00f6ge",
                    "suffix": ""
                },
                {
                    "first": "A.C.",
                    "middle": [],
                    "last": "McHardy",
                    "suffix": ""
                }
            ],
            "year": 2012,
            "venue": "Brief.\nBioinform.",
            "volume": "13",
            "issn": "",
            "pages": "646-655",
            "other_ids": {
                "DOI": []
            }
        },
        "BIBREF29": {
            "title": "Parallel tempering: theory,\napplications, and new perspectives",
            "authors": [
                {
                    "first": "D.J.",
                    "middle": [],
                    "last": "Earl",
                    "suffix": ""
                },
                {
                    "first": "M.W.",
                    "middle": [],
                    "last": "Deem",
                    "suffix": ""
                }
            ],
            "year": 2005,
            "venue": "Phys. Chem. Chem.\nPhys.",
            "volume": "7",
            "issn": "",
            "pages": "3910-3916",
            "other_ids": {
                "DOI": []
            }
        }
    }
}