{
    "paper_id": "PMC4236132",
    "metadata": {
        "title": "PTB Binds to the 3\u2019 Untranslated Region of the Human Astrovirus Type 8: A Possible Role in Viral Replication",
        "authors": [
            {
                "first": "Wendy",
                "middle": [],
                "last": "Espinosa-Hern\u00e1ndez",
                "suffix": "",
                "email": null,
                "affiliation": {}
            },
            {
                "first": "Dora",
                "middle": [],
                "last": "Velez-Uriza",
                "suffix": "",
                "email": null,
                "affiliation": {}
            },
            {
                "first": "Jes\u00fas",
                "middle": [],
                "last": "Vald\u00e9s",
                "suffix": "",
                "email": null,
                "affiliation": {}
            },
            {
                "first": "Cristina",
                "middle": [],
                "last": "V\u00e9lez-Del Valle",
                "suffix": "",
                "email": null,
                "affiliation": {}
            },
            {
                "first": "Juan",
                "middle": [],
                "last": "Salas-Benito",
                "suffix": "",
                "email": null,
                "affiliation": {}
            },
            {
                "first": "Rebeca",
                "middle": [],
                "last": "Mart\u00ednez-Contreras",
                "suffix": "",
                "email": null,
                "affiliation": {}
            },
            {
                "first": "Matilde",
                "middle": [],
                "last": "Garc\u00eda-Esp\u00edtia",
                "suffix": "",
                "email": null,
                "affiliation": {}
            },
            {
                "first": "Mariana",
                "middle": [],
                "last": "Salas-Benito",
                "suffix": "",
                "email": null,
                "affiliation": {}
            },
            {
                "first": "Tania",
                "middle": [],
                "last": "Vega-Almeida",
                "suffix": "",
                "email": null,
                "affiliation": {}
            },
            {
                "first": "M\u00f3nica",
                "middle": [],
                "last": "De Nova-Ocampo",
                "suffix": "",
                "email": null,
                "affiliation": {}
            },
            {
                "first": "Alessandro",
                "middle": [],
                "last": "Marcello",
                "suffix": "",
                "email": null,
                "affiliation": {}
            }
        ]
    },
    "body_text": [
        {
            "text": "Human astroviruses (HAstVs) are a major cause of acute gastroenteritis in children constituting an important public health problem. The astroviruses belong to the Astroviridae family, consisting of non-enveloped viruses whose plus-sense, single-stranded polyadenylated genome of approximately 7 kb, is organized in three open reading frames (ORFs) ORF1a, ORF1b and ORF2 [1], [2], preceded and followed, respectively, by the 5\u2032 and 3\u2032 untranslated regions (UTRs) of 80 to 100 nucleotides (nt) [3]. It has been suggested that RNA viral replication occurs in the endoplasmic reticulum-derived intracellular membrane, and is mediated through interactions between the ORF1A-encoded nsP1a/4 phosphoprotein - which includes residues of the viral genome-linked protein (VPg) - and the RNA-dependent RNA polymerase (RdRp)-encoding ORF1b [4]\u2013[7].",
            "cite_spans": [
                {
                    "start": 370,
                    "end": 373,
                    "mention": "[1]",
                    "ref_id": "BIBREF28"
                },
                {
                    "start": 375,
                    "end": 378,
                    "mention": "[2]",
                    "ref_id": "BIBREF39"
                },
                {
                    "start": 492,
                    "end": 495,
                    "mention": "[3]",
                    "ref_id": "BIBREF34"
                },
                {
                    "start": 828,
                    "end": 831,
                    "mention": "[4]",
                    "ref_id": "BIBREF20"
                },
                {
                    "start": 832,
                    "end": 835,
                    "mention": "[7]",
                    "ref_id": "BIBREF18"
                }
            ],
            "section": "Introduction",
            "ref_spans": []
        },
        {
            "text": "Viral 3\u2032UTRs participate in the interaction with host-cell and viral proteins, and may interact with other parts of the viral genome [8], thus contributing to host specificity, tropism and pathogenesis. In spite of this, only one report exists regarding the RNA secondary structure of the 3\u2032 end of HAstV-1, which is similar to those of other RNA viruses [9], and little is known about the specific interactions involved in viral 3\u2032UTR recognition and the underlying molecular mechanisms. The RNA elements within the highly conserved 3\u2032UTR may help recruit the cellular factors that mediate viral translation and replication [10].",
            "cite_spans": [
                {
                    "start": 133,
                    "end": 136,
                    "mention": "[8]",
                    "ref_id": "BIBREF37"
                },
                {
                    "start": 355,
                    "end": 358,
                    "mention": "[9]",
                    "ref_id": "BIBREF49"
                },
                {
                    "start": 625,
                    "end": 629,
                    "mention": "[10]",
                    "ref_id": "BIBREF1"
                }
            ],
            "section": "Introduction",
            "ref_spans": []
        },
        {
            "text": "In other single-stranded positive RNA viruses, the interaction between the UTRs and cellular factors such as Polypyrimidine Tract Binding protein (PTB, also referred as hnRNP1), several heterogeneous nuclear ribonucleoproteins (hnRNPs), La autoantigen (La), poly (A) binding protein (PABP), poly-r (C)-binding proteins (PCBP1/2) also known as hnRNPE2, cellular protein eukaryotic elongation factor 1A (eEF1A) and Nucleolin, might be involved in viral replication [10]\u2013[17]. In addition, some viral proteins are also recruited to the UTRs in order to form a functional viral replication complex (VRC) on subcellular membrane surfaces [18], [19]. The role of these proteins in viral replication has been depicted, but the precise mechanism underlying the function of all viral and cellular proteins involved has not been fully unraveled. For example, some might be involved in membrane remodeling, creating a favorable microenvironment for viral replication, others as chaperones that facilitate proper folding during VRC assembly and function [19].",
            "cite_spans": [
                {
                    "start": 463,
                    "end": 467,
                    "mention": "[10]",
                    "ref_id": "BIBREF1"
                },
                {
                    "start": 468,
                    "end": 472,
                    "mention": "[17]",
                    "ref_id": "BIBREF32"
                },
                {
                    "start": 633,
                    "end": 637,
                    "mention": "[18]",
                    "ref_id": "BIBREF26"
                },
                {
                    "start": 639,
                    "end": 643,
                    "mention": "[19]",
                    "ref_id": "BIBREF40"
                },
                {
                    "start": 1042,
                    "end": 1046,
                    "mention": "[19]",
                    "ref_id": "BIBREF40"
                }
            ],
            "section": "Introduction",
            "ref_spans": []
        },
        {
            "text": "The 3\u2032UTR of all HAstV serotypes is highly conserved. As predicted in silico, the RNA structures these 3\u2032UTRs are conformed by two hairpins joined by a single stranded linker, and a putative PTB binding site located either within or next to the linker. This structural conservation suggests that the 3\u2032UTR might be involved in the regulation of viral activities, such as replication. To explore the role of the HAstV-8 3\u2032UTR RNA in the regulation of viral functions, we studied the interaction of human CaCo2 cellular factors with RNA probes of this region with or without the PTB binding site. Mobility shift assays evidenced the formation of two RNA-protein complexes, CI and CII, and the supershift of complex CII by PTB antibodies. UV cross-linking assays showed that seven proteins of 35, 40/45, 50, 52, 57/60 and 75 kDa were directly bound to this 3\u2032UTR, and immunoprecipitation assays identified PTB in the 57/60-kDa bands. Also, immunofluorescence analysis showed perinuclear PTB signals localized mainly in the cytoplasm of HAstV-8 infected cells. Moreover, recombinant PTB was cross-linked to 3\u2032UTR probes containing intact helix I, and PTB binding sites. As expected, siRNA-mediated PTB knockdown in HAstV-8 infected CaCo2 cells showed reduced RNA viral genome synthesis and viral yield. Our results suggest that PTB binds to the cognate UCUU site, localized in the linker of the 3\u2032UTR of HAstV-8, that helix I is also required for such binding, and that it is required and participates in viral replication.",
            "cite_spans": [],
            "section": "Introduction",
            "ref_spans": []
        },
        {
            "text": "Monolayers of CaCo2 cells (human adenocarcinoma HTB-37, ATCC) were grown at 37\u00b0C, 5% CO2 in Advanced-Dulbecco\u2019s modified Eagle\u2019s medium (DMEM) (Invitrogen) supplemented with 5% fetal calf serum (FCS) (Biowest, France Labs), antibiotics (penicillin and streptomycin) and 2 mM L-Glutamine (Invitrogen). CaCo2 cells were infected with HAstV-8 strain Yuc 8 (kindly provided by E. Mendez, IBT, UNAM, M\u00e9xico). The Infections and the virus were obtained as previously described [20].",
            "cite_spans": [
                {
                    "start": 471,
                    "end": 475,
                    "mention": "[20]",
                    "ref_id": "BIBREF35"
                }
            ],
            "section": "Cells and virus ::: Materials and Methods",
            "ref_spans": []
        },
        {
            "text": "Cytoplasmic S10 fractions or 1% NP-40 cytoplasmic membrane extracts were obtained from uninfected and HAstV-8-infected CaCo2 cells as previously described [21], [16]. The extracts were aliquoted, and proteins were quantitated with the Bradford assay kit (Sigma) following manufacturer\u2019s instructions. Extracts were stored at \u221280\u00b0C until use.",
            "cite_spans": [
                {
                    "start": 155,
                    "end": 159,
                    "mention": "[21]",
                    "ref_id": "BIBREF22"
                },
                {
                    "start": 161,
                    "end": 165,
                    "mention": "[16]",
                    "ref_id": "BIBREF9"
                }
            ],
            "section": "Preparation of cell extracts ::: Materials and Methods",
            "ref_spans": []
        },
        {
            "text": "Thirty or sixty micrograms of cell extracts were monitored by western-blotting. To rule out cross-contamination between cytoplasmic, membrane and nuclear fractions, a monoclonal anti-Actin (Millipore), polyclonal anti-Lamin A and polyclonal anti-hnRNP1 (Santa Cruz Biotechcnology) were used. PTB was monitored with a polyclonal anti-hnRNP1 and monoclonal anti-carboxy-terminus PTB (Invitrogen). The cytoplasmic membrane-associated proteins were monitored with polyclonal anti-PDI (Cell Signall). Proteins were developed by chemiluniscense following the manufacturer\u2019s instructions (SuperSignal, West Pico, Pierce).",
            "cite_spans": [],
            "section": "Western-blotting of cell extracts ::: Materials and Methods",
            "ref_spans": []
        },
        {
            "text": "Oligonucleotides (Invitrogen; all 5\u2032\u21923\u2032) were used amplify by PCR the full-length 3\u2032UTR and mPTB templates, and their short versions HI and HI/mPTB. DNA templates for the full length-3\u2032UTR, mPTB and HI/mPTB were generated by DNA duplexes according to the protocol recommended by Sigma-Aldrich, using the respective primer sets HAstV-8-F/HAstV-8-R (spanning nt 6674 to 6759 from strains Yuc8; accession AF260508), mPTB-fwd/mPTB-rev (UCUU PTB binding site within nt 6700 to 6704 changed to CGAA), and HI/mPTB-fwd (TAATACGACTCACTATAGGG\nGAAGGAGGGTACAGCTTCCTATCCTCGAATTC)/HI/mPTB-rev (GAATTCGAGGATACGAAGTGTACCCTCCTTC). These products were used as templates to amplify the PCR templates RNA synthesis, including the full-length 3\u2032UTR and mPTB (primers HAstV8s-fwd TAATACGACTCACTATAGGG\nGATCGAGGG, and HAstV8s-rev GCATCTGATTAAATC), as well as the 32 bp-long HI (6674\u20136706 nt; primers HAstV8s-fwd and HI-rev: GAAAAGAAGGATAG) oligonucleotides. To maintain the same structure of the wt probe, nucleotides T6676C6677 were substituted for AG in the HI/mPTB template. The T7 RNA polymerase promoter (underlined) was included in all forward oligonucleotides used. DNA duplexes were visualized on 8% native acrylamide gel before use for PCR amplification. PCR reactions were done in presence of 10 \u00b5M of DNA duplex for full-length 3\u2032UTR, HI/mPTB, and mPTB, whereas HI used the full-length 3\u2032UTR as a template. The PCR mix contained 10 \u00b5M of each oligonucleotide, 10 mM dNTPs (Roche), 25 mM MgCl2, and 2 U of Dream Taq polymerase in the appropriate buffer (Fermentas). Incubation times and temperatures were: 2 min at 94\u00b0C, followed by 35 cycles of 1 min at 94\u00b0C denaturation, annealing for 1 min at 52\u00b0C and extension 1 min at 72\u00b0C, and a final extension at 72\u00b0C for 5 min. The same conditions were used for the unrelated RNA (REST) control template with the primers reported elsewhere [22]. Amplification of the expected products was monitored on an ethidium bromide-2% agarose gel.",
            "cite_spans": [
                {
                    "start": 1870,
                    "end": 1874,
                    "mention": "[22]",
                    "ref_id": "BIBREF13"
                }
            ],
            "section": "PCR amplifications ::: Materials and Methods",
            "ref_spans": []
        },
        {
            "text": "DNA templates were used to synthesize UTP-32P (NEN-Dupont)-labeled RNA transcripts with RiboProbe T7 Transcription System (Promega) following the conditions described by the manufacturer. One unit of DNase I- RNase-Free (Promega) was added for 30 min at 37\u00b0C and transcripts were purified with NucAway columns (Ambion) as recommended by the manufacturer. The RNA transcripts were measured in a Beckmann scintillation counter and stored at \u221220\u00b0C until used. The unlabeled probes were synthesized with MegaShort-Script T7 Transcription kit (Ambion), as recommended by the manufacturer.",
            "cite_spans": [],
            "section": "Synthesis of RNA probes ::: Materials and Methods",
            "ref_spans": []
        },
        {
            "text": "Five and ten micrograms of S10 extracts from uninfected and HAstV-8 infected CaCo2 cells were use for mobility shift assays following protocols previously described [15] with modifications. Labeled RNA (5\u00d7104 cpm) was added and the mixture was incubated at 4\u00b0C for 15 min to allow complex formation. Gels were dried and autoradiographed. For the competition assays, unlabeled RNAs were included in the preincubation reaction. For super mobility shift assays, polyclonal antibodies to hnRNP1 and goat-IgG anti-rabbit-HRP (Zymed) non-related antibodies were preincubated for 15 min in the binding reaction after the addition of labeled RNA.",
            "cite_spans": [
                {
                    "start": 165,
                    "end": 169,
                    "mention": "[15]",
                    "ref_id": "BIBREF14"
                }
            ],
            "section": "Mobility shift assays ::: Materials and Methods",
            "ref_spans": []
        },
        {
            "text": "The UV crosslink assays were carried out using protocols previously described [15] with modification. Briefly, each 32P-labeled RNA probe (1\u00d7105 cpm) was incubated at 4\u00b0C in crosslink binding buffer (50 mM HEPES pH 7.9, 80 mM MgCl2, 0.5 mM DTT, 124 mM KCl, 20% Glycerol) with S10 extracts (20 \u00b5g) from the uninfected and HAstV-8 infected CaCo2 cells or purified recombinant PTB (0.50 and 1 \u00b5g). RNA-protein complexes were irradiated with UV light (254 nm) for 20 min on ice and the unbound RNA was digested with RNase A and RNase T1 (20 \u00b5g and 20 U, respectively) for 30 min at 37\u00b0C. Samples were analyzed by 10% SDS-PAGE. Gels were dried and autoradiographed. UV crosslinking- immunoprecipitations were carried out as described previously [23], with some modifications. 2 \u00b5g of anti- hnRNP 1 or 1 \u00b5g of non-related antibodies were immobilized on protein-G Sepharose (Sigma) for 2 h at 4\u00b0C followed by centrifugation at 12,000 rpm for 15 sec. The unbound antibodies were removed by three washes with IPP buffer (10 mM Tris-HCl pH 8, 150 mM NaCl, 0.1% NP40). The UV crosslink samples were incubated overnight at 4\u00b0C with a corresponding immobilized protein-G-antibody. Unbound material was removed as above. Bound proteins were analyzed as described above.",
            "cite_spans": [
                {
                    "start": 78,
                    "end": 82,
                    "mention": "[15]",
                    "ref_id": "BIBREF14"
                },
                {
                    "start": 740,
                    "end": 744,
                    "mention": "[23]",
                    "ref_id": "BIBREF15"
                }
            ],
            "section": "UV crosslinking and immunoprecipitation assays ::: Materials and Methods",
            "ref_spans": []
        },
        {
            "text": "For siRNA-mediated knockdown of PTB expression, CaCo2 cells were transfected using the Nucleofector device and solution T, as recommended by the manufacturer (Amaxa VCA-1002, Lonza). For each siRNA, the optimal concentrations were determined experimentally and all were obtained from Ambion. Mock-transfected cells were treated with transfection reagent only, and a nontarget siScrambled (160 nM) was used as a negative control. The concentrations used for siPTB were 2.5 \u00b5M and 5 \u00b5M. 72 h post- transfection, the cells were infected with HAstV8, and samples were harvested for RNA isolation, western-blotting and virus titer determination at 15 h p.i. For RNA and Proteins were isolated with AllPrepRNA/Protein kit (Qiagen) as recommended by the manufacturer. Proteins were quantitated with 660 nm Protein Assay Reagent (Pierce) following manufacturer\u2019s instructions and cellular and viral protein expressions were determined by western-blotting with anti-hnRNP1, viral RdRp anti-1b-2 (kindly provided by E. Mendez, IBT, UNAM, M\u00e9xico) as previously described [20] and anti-Actin polyclonal antibodies (Santa Cruz, Biotechnology). Densitometry was performed with Gel Quant Express 3.1 software (2005) DNR Ltd and ImageJ1.48a software (National Institute of Health, USA). The relative RNA level of HAstV8 was evaluated by quantitative RT-PCR. The conserved ORF1a region was analyzed (nt 1182\u20131470) and simultaneously expression of the glyceraldehydes-3-phosphate dehydrogenase (GAPDH) gene as a control. Two hundred nanograms of RNA was reverse transcribed using Transcriptor First Strand cDNA Synthesis kit (Roche) according to the manufacturer\u2019s instructions with 25 pmol of Mon348 oligonucleotide in order to mainly detect antigenomic RNA [24], [52]. The cDNA was quantified using the GloMax Multi Detection System device. 500 ng of cDNA was used by the PCR step in a final reaction volume of 20 \u00b5l with 2X KAPA SYBR FAST qPCR Master Mix2 Universal, 25 pmols each Mon 340 and Mon 348 oligonucleotides and for GAPDH-F (CATCTCTGCCCCCTCTGCTGA) and GAPDH-R (GGATGACCTTGCCCACAGCCT). Incubation times and temperatures were: 10 min at 95\u00b0C, followed by 30 cycles at 95\u00b0C for 30 sec, 50\u00b0C for 30 sec and 72\u00b0C for 30 sec. The reaction was performed three times for each sample using a Rotor Gene 6000 (Corbett Research). The data were analyzed with the comparative threshold cycle (2-\u0394\u0394CT) method. The virus titer was reported as focus-forming units/ml [20], [25], [26]. The two- tailed Student t test was used to compare between two treatment groups. The P-values<0.005 were considered as statically significant. All statical analyses were done using GraphPad Prism 6 (GraphPad Software Inc, La Jolla, CA).",
            "cite_spans": [
                {
                    "start": 1060,
                    "end": 1064,
                    "mention": "[20]",
                    "ref_id": "BIBREF35"
                },
                {
                    "start": 1741,
                    "end": 1745,
                    "mention": "[24]",
                    "ref_id": "BIBREF7"
                },
                {
                    "start": 1747,
                    "end": 1751,
                    "mention": "[52]",
                    "ref_id": "BIBREF27"
                },
                {
                    "start": 2446,
                    "end": 2450,
                    "mention": "[20]",
                    "ref_id": "BIBREF35"
                },
                {
                    "start": 2452,
                    "end": 2456,
                    "mention": "[25]",
                    "ref_id": "BIBREF6"
                },
                {
                    "start": 2458,
                    "end": 2462,
                    "mention": "[26]",
                    "ref_id": "BIBREF46"
                }
            ],
            "section": "siRNA-mediated knockdown of PTB, qRT-PCR and viral titration ::: Materials and Methods",
            "ref_spans": []
        },
        {
            "text": "Immunofluorescence assays were carried out as previously described [26] with modifications. CaCo2 cells (0.4\u00d7105) were seeded in an 8-well chamber slide plate (Chamber-Slide System, Nunc) and grown at 37\u00b0C, 5% CO2, 72 h. The anti-CQFG antibody, which recognizes the VP34 capsid protein (a generous gift of E. Mendez, IBT, UNAM, M\u00e9xico), was used (1\u2236100 dilution) to monitor HAstV8 infection of CaCo2 cells. PTB silencing was monitored with the anti-hnRNP1 antibody. For immunofluorescence, cells were washed in PBS- 50 mM NH4Cl, incubated with secondary antibodies anti-rabbit coupled to Alexa-Fluor 594 at 1\u2236700 dilution (Invitrogen), Fluorescein (FITC)-conjugated donkey anti-goat IgG at 1\u223675 dilution (Jackson ImmunoResearch), respectively 1 h at room temperature. Finally, the cells were incubated with Vectashield with DAPI mounting media (Vector Laboratories, Inc.), and visualized under lasser confocal microscopes LSM710 (Carl Zeiss) and Olympus Fv300.",
            "cite_spans": [
                {
                    "start": 67,
                    "end": 71,
                    "mention": "[26]",
                    "ref_id": "BIBREF46"
                }
            ],
            "section": "Immunofluorescence ::: Materials and Methods",
            "ref_spans": []
        },
        {
            "text": "The secondary structure modeling of the full-length 3\u2032UTR sequences of HAstV-1 to \u22128 (Accession Nos. Z25771, AF141381, AY720891, DQ028633, Y08632, and AF260508) were carried out with the RNA Mfold software release (version 3.2) [27]. The targets for the putative binding sites for cell factors were predicted utilizing the ESEfinder 3.0 [28], [29], the ESRsearch [30], [31], and the EBI-EMBL ASD-Alternative splicing search engines.",
            "cite_spans": [
                {
                    "start": 228,
                    "end": 232,
                    "mention": "[27]",
                    "ref_id": "BIBREF51"
                },
                {
                    "start": 337,
                    "end": 341,
                    "mention": "[28]",
                    "ref_id": "BIBREF10"
                },
                {
                    "start": 343,
                    "end": 347,
                    "mention": "[29]",
                    "ref_id": "BIBREF44"
                },
                {
                    "start": 363,
                    "end": 367,
                    "mention": "[30]",
                    "ref_id": "BIBREF16"
                },
                {
                    "start": 369,
                    "end": 373,
                    "mention": "[31]",
                    "ref_id": "BIBREF19"
                }
            ],
            "section": "Secondary structure predictions of HAstV 3\u2032UTRs ::: Materials and Methods",
            "ref_spans": []
        },
        {
            "text": "The integrity of the secondary structure of the 3\u2032UTR facilitates the recruitment of cellular and viral factors to the VRC and is also involved in viral viability, RNA stability, translation initiation, or intracellular localization [32]\u2013[35]. Thus far, only the structure of HAstV-1 3\u2032UTR RNA has been described only [9], [8], therefore we analyzed the predicted structures of as many HAstV sequences available (Fig. 1A). Due to its prevalence in M\u00e9xico, we focused on HAstV-8 3\u2032UTR structure. It is arranged in two helixes (I and II) connected through a linker (Fig. 1A); splitting the 3\u2032UTR facilitated comparisons between strains. Between serotypes, linker lengths are the source of variation in the helix I-linker regions, albeit in helix II nucleotide variations were found (Fig. 1B; nucleotide changes are shown for each strain). Putative PTB/hnRNP1 binding sites UCUU are found in the single-stranded (or partly) linkers of HAstV-3, -5, and -7, whereas in HAstV-1 and -4 these elements are localized nearby. At the beginning of helixes II (Fig. 1A), all but HAstV-4 contain the previously reported PTB/hnRNP1 binding element CUCUCU [36]. This structural arrangement could partially explain the prevalence of serotypes in the world [8], probably as a consequence of the interaction with cellular and viral factors that may impact viral functions [37].",
            "cite_spans": [
                {
                    "start": 233,
                    "end": 237,
                    "mention": "[32]",
                    "ref_id": "BIBREF11"
                },
                {
                    "start": 238,
                    "end": 242,
                    "mention": "[35]",
                    "ref_id": "BIBREF47"
                },
                {
                    "start": 318,
                    "end": 321,
                    "mention": "[9]",
                    "ref_id": "BIBREF49"
                },
                {
                    "start": 323,
                    "end": 326,
                    "mention": "[8]",
                    "ref_id": "BIBREF37"
                },
                {
                    "start": 1140,
                    "end": 1144,
                    "mention": "[36]",
                    "ref_id": "BIBREF41"
                },
                {
                    "start": 1239,
                    "end": 1242,
                    "mention": "[8]",
                    "ref_id": "BIBREF37"
                },
                {
                    "start": 1353,
                    "end": 1357,
                    "mention": "[37]",
                    "ref_id": "BIBREF36"
                }
            ],
            "section": "Several cellular proteins bind to the 3\u2032UTR of HAstV-8 RNA ::: Results and Discussion",
            "ref_spans": [
                {
                    "start": 413,
                    "end": 420,
                    "mention": "Fig. 1A",
                    "ref_id": "FIGREF0"
                },
                {
                    "start": 564,
                    "end": 571,
                    "mention": "Fig. 1A",
                    "ref_id": "FIGREF0"
                },
                {
                    "start": 781,
                    "end": 788,
                    "mention": "Fig. 1B",
                    "ref_id": "FIGREF0"
                },
                {
                    "start": 1048,
                    "end": 1055,
                    "mention": "Fig. 1A",
                    "ref_id": "FIGREF0"
                }
            ]
        },
        {
            "text": "Cellular proteins bound to the 3\u2032UTR in positive-strand RNA viruses, play important roles in assembling the viral RNA replication complex, selecting and recruiting viral RNA replication templates to perform the synthesis of the minus-strand RNA [10], [19]; among them are PTB, EF-1\u03b1 , La, Nucleolin, Sam68, PABP, PCBP1/2 and TIA-1/TIAR [38]\u2013[40], [15], [41]\u2013[43], [19], [17]. Mobility shift assays showed that two protein complexes (CI and CII) were recruited on the HAstV-8 3\u2032UTR RNA, with two different amounts of uninfected and infected CaCo2 cells extracts (data no shown). The specificity of the interactions between the HAstV-8 3\u2032UTR and infected cells extracts was analyzed in a competition assays using 20-fold and 60-fold molar excess of unlabeled homologous RNA 3\u2032UTR as a competitor. The cellular proteins-viral RNA Complex CII was competed with cold homologous RNA (Fig. 2B), indicating that RNA binding of these proteins was specific and probably through PTB/hRNP1 binding sites. In contrast, in complex CI the binding of cellular proteins to the 3\u2032UTR RNA sequences seems to be non-specific, since it was competed both by homologous and heterologous RNAs, without PTB/hnRNP1 binding sites. Therefore, RNA-protein interactions in CI are likely mediated by motifs other than the PTB/hnRNP1 binding site.",
            "cite_spans": [
                {
                    "start": 245,
                    "end": 249,
                    "mention": "[10]",
                    "ref_id": "BIBREF1"
                },
                {
                    "start": 251,
                    "end": 255,
                    "mention": "[19]",
                    "ref_id": "BIBREF40"
                },
                {
                    "start": 336,
                    "end": 340,
                    "mention": "[38]",
                    "ref_id": "BIBREF33"
                },
                {
                    "start": 341,
                    "end": 345,
                    "mention": "[40]",
                    "ref_id": "BIBREF48"
                },
                {
                    "start": 347,
                    "end": 351,
                    "mention": "[15]",
                    "ref_id": "BIBREF14"
                },
                {
                    "start": 353,
                    "end": 357,
                    "mention": "[41]",
                    "ref_id": "BIBREF31"
                },
                {
                    "start": 358,
                    "end": 362,
                    "mention": "[43]",
                    "ref_id": "BIBREF50"
                },
                {
                    "start": 364,
                    "end": 368,
                    "mention": "[19]",
                    "ref_id": "BIBREF40"
                },
                {
                    "start": 370,
                    "end": 374,
                    "mention": "[17]",
                    "ref_id": "BIBREF32"
                }
            ],
            "section": "Several cellular proteins bind to the 3\u2032UTR of HAstV-8 RNA ::: Results and Discussion",
            "ref_spans": [
                {
                    "start": 878,
                    "end": 885,
                    "mention": "Fig. 2B",
                    "ref_id": "FIGREF1"
                }
            ]
        },
        {
            "text": "When labeled HAstV-8 3\u2032UTR (nt 6674 to 6759) was UV cross-linked to uninfected and infected CaCo2 cell extracts we detected that seven proteins of 35, 40, 45, 50, 52, 57/60 and 75 kDa from both cell extracts were bound to the probe. However, stronger signals of individual proteins of infected cell extracts were observed (Fig. 2C, lanes 2 and 3, respectively), reflecting the presence of infection-specific factors resulting in more efficient binding of proteins to the 3\u2032UTR. Except for the 75 kDa protein, proteins of similar molecular weight were previously reported. To exclude cross-contamination between cytoplasmic and nuclear fractions, western blots were carried out with anti-Actin and anti-Lamin A antibodies (Fig. 2D). As expected, the cytoplasmic fractions were free of nuclear proteins contamination (compare lanes 1, 3, 5 and 7).",
            "cite_spans": [],
            "section": "Several cellular proteins bind to the 3\u2032UTR of HAstV-8 RNA ::: Results and Discussion",
            "ref_spans": [
                {
                    "start": 323,
                    "end": 330,
                    "mention": "Fig. 2C",
                    "ref_id": "FIGREF1"
                },
                {
                    "start": 722,
                    "end": 729,
                    "mention": "Fig. 2D",
                    "ref_id": "FIGREF1"
                }
            ]
        },
        {
            "text": "Supershift assays were conducted to confirm the identity of the 57/60 kDa UV cross-linked protein (Fig. 2C). Incubation of anti-hnRNP1 antibody with cytoplasmic uninfected and infected cell extracts (Fig. 3A) after the addition of the labeled 3\u2032UTR RNA, resulted in the formation of an additional supershifted CIII complex. Complex CIII was absent in the control reactions without antibody and with an unrelated antibody (lanes 2, 4, 6 and 8 in Figs. 3A). Apparently complex CIII is slightly enriched in infected cells suggesting that PTB/hnRNP1 is present in the complexes recruited in the 3\u2032UTR RNA. To exert its role in viral processes, upon viral infections, nuclear PTB/hnRNP1 shuttles rapidly to the cytoplasm, retaining its predominant nuclear localization [44]. For example, during dengue and feline calicivirus infections, PTB/hnRNP1 shuttles to the cytoplasm and participates in viral replicative cycles of both viruses [45], [46]. PTB/hnRNP1 is maintained in the cytoplasm upon cellular stress, such as viral infections [44], [50]. In steady state cells, PTB/hnRNP1 also functions in mRNA transport and stability as well as IRES-mediated translation. Cytoplasmic localization is achieved mainly by PKA-mediated phosphorylation of Ser-16 within the nuclear localization signal. To further confirm the sub-cellular distributions of PTB/hnRNP1 during HAstV-8 infection, western blot and co-localization assays were carried out with anti-hnRNP1 and anti-PTB antibodies (Fig. 3B and C). Monoclonal antibodies against the RNA binding domain (C-terminus) of PTB showed that in HAstV8 infected cells, nuclear PTB/hnRNP1 moves out to the cytoplasm (Fig. 3B). Similarly, the polyclonal anti-hnRNP1 antibody, against the nuclear localization and export signals \u2013 NLS and NES \u2013 (N-terminus) of PTB/hnRNP1, also shows the same nuclear-cytoplasm shuttling of PTB/hnRNP1. Due to the difference of epitope recognition this antibody was also useful in detecting the nuclear and cytoplasmic localizations of PTB/hnRNP1, regardless of infection. Then, the localization by confocal microscopy of PTB/hnRNP1 in mock-infected cells was observed mainly in the nucleus (Fig. 3Cb), and upon HAstV-8 infection PTB/hnRNP1 was distributed to the cytoplasm (Fig. 3Cf). This redistribution of PTB/hnRNP1 is due to PTB/hnRNP1 phosphorylation at Ser-16 which modulates the nucleo-cytoplasmic distribution [44], in an analogous fashion of nsp1a/4 phosphorylation that capacitates nsp1a/4-RNA polymerase interaction for the establishment a productive infection by HAstV-8 [6]. Positive HAstV-8 infected cells were monitored by the typical fluorescence signal of the VP34 capsid protein distributed throughout the cytoplasm as prominent accumulation of bright punctate granules around the nuclear membrane (Fig. 3Cg) as previously described [4]. As expected, VP34 HAstV-8 capsid protein was not detected in mock infected CaCo cells (Fig. 3Cc).",
            "cite_spans": [
                {
                    "start": 764,
                    "end": 768,
                    "mention": "[44]",
                    "ref_id": "BIBREF42"
                },
                {
                    "start": 930,
                    "end": 934,
                    "mention": "[45]",
                    "ref_id": "BIBREF0"
                },
                {
                    "start": 936,
                    "end": 940,
                    "mention": "[46]",
                    "ref_id": "BIBREF29"
                },
                {
                    "start": 1031,
                    "end": 1035,
                    "mention": "[44]",
                    "ref_id": "BIBREF42"
                },
                {
                    "start": 1037,
                    "end": 1041,
                    "mention": "[50]",
                    "ref_id": "BIBREF5"
                },
                {
                    "start": 2384,
                    "end": 2388,
                    "mention": "[44]",
                    "ref_id": "BIBREF42"
                },
                {
                    "start": 2549,
                    "end": 2552,
                    "mention": "[6]",
                    "ref_id": "BIBREF17"
                },
                {
                    "start": 2817,
                    "end": 2820,
                    "mention": "[4]",
                    "ref_id": "BIBREF20"
                }
            ],
            "section": "PTB/hnRNP1 is a component of the HAstV-8 3\u2032UTR RNA-protein complexes ::: Results and Discussion",
            "ref_spans": [
                {
                    "start": 99,
                    "end": 106,
                    "mention": "Fig. 2C",
                    "ref_id": "FIGREF1"
                },
                {
                    "start": 200,
                    "end": 207,
                    "mention": "Fig. 3A",
                    "ref_id": "FIGREF2"
                },
                {
                    "start": 445,
                    "end": 453,
                    "mention": "Figs. 3A",
                    "ref_id": "FIGREF2"
                },
                {
                    "start": 1477,
                    "end": 1490,
                    "mention": "Fig. 3B and C",
                    "ref_id": "FIGREF2"
                },
                {
                    "start": 1651,
                    "end": 1658,
                    "mention": "Fig. 3B",
                    "ref_id": "FIGREF2"
                },
                {
                    "start": 2157,
                    "end": 2164,
                    "mention": "Fig. 3C",
                    "ref_id": "FIGREF2"
                },
                {
                    "start": 2240,
                    "end": 2247,
                    "mention": "Fig. 3C",
                    "ref_id": "FIGREF2"
                },
                {
                    "start": 2783,
                    "end": 2790,
                    "mention": "Fig. 3C",
                    "ref_id": "FIGREF2"
                },
                {
                    "start": 2909,
                    "end": 2916,
                    "mention": "Fig. 3C",
                    "ref_id": "FIGREF2"
                }
            ]
        },
        {
            "text": "To confirm that PTB/hnRNP1 binds to HAstV8 3\u2032UTR, UV cross-linking immunoprecipitation experiments were carried out using infected S10 CaCo2 extracts and labeled RNA. A 57/60 kDa polypeptide was precipitated with protein G-Sepharose and hnRNP1 antibody (Fig. 3D, compare to the input lane 2 with lane 8), suggesting the presence of PTB/hnRNP1 in the RNA-protein complex formed by astrovirus 3\u2032UTR. No proteins were detected in the precipitation controls (anti-hnRNP1 antibody only, lane 3; non-related antibody, lane 4; protein G-Sepharose only, lane 6; or non-related antibody coupled to protein G-Sepharose, lane 5) and the mutant probe control, mPTB \u2013 an RNA carrying a CGAA sequence mutation in the PTB-binding linker site (Fig. 3, lane 7). Again, these results suggest that RNA-protein complex formation appears to require the presence of an intact PTB/hnRNP1binding site.",
            "cite_spans": [],
            "section": "PTB/hnRNP1 is a component of the HAstV-8 3\u2032UTR RNA-protein complexes ::: Results and Discussion",
            "ref_spans": [
                {
                    "start": 254,
                    "end": 261,
                    "mention": "Fig. 3D",
                    "ref_id": "FIGREF2"
                },
                {
                    "start": 728,
                    "end": 734,
                    "mention": "Fig. 3",
                    "ref_id": "FIGREF2"
                }
            ]
        },
        {
            "text": "Many positive-strand RNA viruses replicate and translate in the cytoplasm, which take place in association with intracellular membranes. For example, viral replicase complexes from other positive-strand RNA viruses assemble on intracellular membrane surfaces [10], [19], around the viral RNA comprising viral replication proteins and coopted host proteins, including PTB/hnRNP1. Therefore, we explored the presence of PTB/hnRNP1 in cytoplasmic membrane-associated proteins from uninfected and HAstV-8 infected cells by western-blot assays carried out with hnRNP1 antibodies and NP40 membrane extracts obtained at different hours post infection (h p.i.). In both extracts, PTB/hnRNP1 was detected in all p.i. time points (Fig. 4A). Positive membrane fractionation and cytoplasmic and nuclear markers were assessed with anti-PDI, anti-Actin and anti-Lamin A antibodies, respectively. Additional supershifts were carried out with cytoplasmic membrane fractions as described above. The results showed a similar pattern than the S10 cytoplasmic preparation. Interestingly the intensity of all complexes signal was stronger (Fig. 4B). These results suggested that PTB/hnRNP1, cellular proteins and probably viral proteins, from membrane fractions were sufficient for 3\u2032UTR HAstV-8 RNA-protein complex formation.",
            "cite_spans": [
                {
                    "start": 259,
                    "end": 263,
                    "mention": "[10]",
                    "ref_id": "BIBREF1"
                },
                {
                    "start": 265,
                    "end": 269,
                    "mention": "[19]",
                    "ref_id": "BIBREF40"
                }
            ],
            "section": "PTB/hnRNP1 is a component of the HAstV-8 3\u2032UTR RNA-protein complexes ::: Results and Discussion",
            "ref_spans": [
                {
                    "start": 721,
                    "end": 728,
                    "mention": "Fig. 4A",
                    "ref_id": "FIGREF3"
                },
                {
                    "start": 1119,
                    "end": 1126,
                    "mention": "Fig. 4B",
                    "ref_id": "FIGREF3"
                }
            ]
        },
        {
            "text": "PTB/hnRNP1 is one of the most frequently IRES-specific cellular trans-acting factors implicated in RNA stability, translation and replication of several human viruses as poliovirus, dengue, hepatitis C (HCV) and other positive-strand RNA viruses [47], [48]. For example, in picornavirus, HCV and Feline calicivirus, PTB/hnRNP1 may act as an RNA chaperone facilitating the replication-translation switch [49], [50]. To delineate the minimal protein-interacting region of the HAstV-8 3\u2032UTR and to explore whether Helix I or Helix II are required in this interaction, radiolabeled wt and mutant 3\u2032UTR probes (shown in Fig. 2A) were used in UV cross-linking experiments with recombinant His-PTB. The wt 3\u2032UTR probe rendered strong 60 and 62 kDa bands (Fig. 5A) that disappeared when the UCUU PTB binding site was mutated to CGAA (Fig. 5B). Whereas rPTB was able to bind to HI probe lacking Helix II, rendering the same two 60 and 62 kDa bands (Fig. 5C), rPTB signals were barely apparent when probe H1/mPTB was used (Fig. 5D). Since probe HI rendered almost the same results as the wt probe, we suggest that the additional CUCU PTB binding localized on Helix II does not contribute to PTB binding. Therefore a PTB dimer binds face-to-face to the wt UCUU site, as suggested by Auweter and Allain [50]. Although we cannot rule out that the CUUCCU element could be recognized by PTB in all probes (except mPTB in which the spatial configuration of Helix II might sterically hinder its recognition), we interpret the two PTB signals as a result from distinct RNA-protein cross-link products after RNase treatment. As seen before, no cross-linking was observed with different amounts of BSA however with the unrelated RNA probe a band about 35 kDa was observed (Fig. S1). These results strongly suggest that maintaining an intact PTB site (and probably an intact Helix I as well) is important for protein recognition around position 6700, whereas the second PTB/hnRNP1 binding element is not sufficient for binding.",
            "cite_spans": [
                {
                    "start": 246,
                    "end": 250,
                    "mention": "[47]",
                    "ref_id": "BIBREF24"
                },
                {
                    "start": 252,
                    "end": 256,
                    "mention": "[48]",
                    "ref_id": "BIBREF4"
                },
                {
                    "start": 403,
                    "end": 407,
                    "mention": "[49]",
                    "ref_id": "BIBREF45"
                },
                {
                    "start": 409,
                    "end": 413,
                    "mention": "[50]",
                    "ref_id": "BIBREF5"
                },
                {
                    "start": 1291,
                    "end": 1295,
                    "mention": "[50]",
                    "ref_id": "BIBREF5"
                }
            ],
            "section": "PTB/hnRNP1 is a component of the HAstV-8 3\u2032UTR RNA-protein complexes ::: Results and Discussion",
            "ref_spans": [
                {
                    "start": 615,
                    "end": 622,
                    "mention": "Fig. 2A",
                    "ref_id": "FIGREF1"
                },
                {
                    "start": 748,
                    "end": 755,
                    "mention": "Fig. 5A",
                    "ref_id": "FIGREF4"
                },
                {
                    "start": 826,
                    "end": 833,
                    "mention": "Fig. 5B",
                    "ref_id": "FIGREF4"
                },
                {
                    "start": 940,
                    "end": 947,
                    "mention": "Fig. 5C",
                    "ref_id": "FIGREF4"
                },
                {
                    "start": 1013,
                    "end": 1020,
                    "mention": "Fig. 5D",
                    "ref_id": "FIGREF4"
                }
            ]
        },
        {
            "text": "As mentioned above, human astrovirus replication occurs within the replication complexes formed in the cytoplasm. Also, PTB/hnRNP1 is mainly located in the nucleus, although it can shuttle to the cytoplasm upon viral infections. In order to analyze a possible role of PTB/hnRNP1 in HAstV-8 replication, uninfected CaCo2 cells were first transfected with siRNAs against PTB, and the levels of PTB/hnRNP1 expression were monitored by western-blot and immunofluorescence analysis. PTB/hnRNP1 was detected as a 57/60 kDa doublet, suggesting that at least two PTB/hnRNP1 isoforms are present in CaCo2 cells (Fig. S2A), and depending on the siRNA concentration used, the expression of both PTB/hnRNP1 isoforms was reduced at least 10-fold, respectively, whereas PTB/hnRNP1 expression was unaffected in mock and scrambled-siRNA transfections (Fig. S2B). PTB/hnRNP1 knockdown was confirmed by IF also. As expected, PTB was observed in the nuclei of transfected CaCo2 cells with the scrambled siRNA. In contrast, PTB was absent from the nuclei of siPTB treated cells (Fig. S2C). PTB knockdown-cells and control-cells were then infected with HAstV-8; the samples were harvested following the protocol depicted in Fig. 6A. We first showed that siPTB-treatment for 72 h was sufficient for sustained PTB silencing without apparent cell morphological perturbance (Fig. S2). Then, compared to the scrambled siRNA (land Sc), a 77% reduction of PTB protein expression was achieved with 2.5 \u00b5M of siPTB (Fig. 6B). To understand whether PTB/hnRNP1 knockdown expression affects HAstV-8 RNA replication, the viral RNA polymerase (nsP1b) protein expression and viral RNA were determined by Western blotting and qRT-PCR, respectively (Fig. 6C and D). As expected, viral nsP1b expression was lower in 2.5 \u00b5M siPTB-treated than siScrambled-treated cells (Fig. 6C). The level of viral negative strand RNA in cells transfected with siPTB was reduced dramatically (\u223d90%), in comparison with siScrambled (Fig. 6D, bars Infec Sc and Infec siPTB), indicating that silencing of PTB induced a reduction in viral replication. The transfected uninfected cells were used as negative control (bars Uninf siSc and Uninf siPTB). Furthermore, reduced viral production in the culture supernatants (monitored as in references [20], [25], [26]) was observed upon PTB knockdown (Fig. 6E). The siRNA treated cells resulted in a 42% (2.35-fold/2.5 \u00b5M) reduction of viral production (7\u00d7106 ffu/ml) with siPTB in comparison with siScrambled-transfected cells (1.8\u00d7107 ffu/ml) (monitored as reported in reference [52]). This result is consistent with the knockdown of host cell proteases, which result in less than one log viral release reduction reported previously [51]; however our system allowed more reproducible results. A possible explanation for this modest viral particle reduction relies in the fact that the astroviral RNA negative strand synthesis appears 12 hours post-infection, coincident with the detection of the positive strand RNA and the ORF2 subgenomic RNA (sgRNA, encoding the capsid proteins). Notably at this time point, the amount of plus-sense sgRNA is tenfold greater than the minus-sense replicative intermediary RNA [52], which is translated into capsid proteins used for packaging of new viral particles [37]. It is possible that in the time frame used in our experiments, which overlap the HAstVs viral particles release (12 to 24 hpi), we were able to detect newly packaged viral particles whose RNA molecules escaped or were synthesized before PTB knockdown.",
            "cite_spans": [
                {
                    "start": 2284,
                    "end": 2288,
                    "mention": "[20]",
                    "ref_id": "BIBREF35"
                },
                {
                    "start": 2290,
                    "end": 2294,
                    "mention": "[25]",
                    "ref_id": "BIBREF6"
                },
                {
                    "start": 2296,
                    "end": 2300,
                    "mention": "[26]",
                    "ref_id": "BIBREF46"
                },
                {
                    "start": 2564,
                    "end": 2568,
                    "mention": "[52]",
                    "ref_id": "BIBREF27"
                },
                {
                    "start": 2718,
                    "end": 2722,
                    "mention": "[51]",
                    "ref_id": "BIBREF8"
                },
                {
                    "start": 3196,
                    "end": 3200,
                    "mention": "[52]",
                    "ref_id": "BIBREF27"
                },
                {
                    "start": 3285,
                    "end": 3289,
                    "mention": "[37]",
                    "ref_id": "BIBREF36"
                }
            ],
            "section": "PTB/hnRNP1 is required for HAstV-8 replication ::: Results and Discussion",
            "ref_spans": [
                {
                    "start": 1203,
                    "end": 1210,
                    "mention": "Fig. 6A",
                    "ref_id": "FIGREF5"
                },
                {
                    "start": 1486,
                    "end": 1493,
                    "mention": "Fig. 6B",
                    "ref_id": "FIGREF5"
                },
                {
                    "start": 1712,
                    "end": 1725,
                    "mention": "Fig. 6C and D",
                    "ref_id": "FIGREF5"
                },
                {
                    "start": 1830,
                    "end": 1837,
                    "mention": "Fig. 6C",
                    "ref_id": "FIGREF5"
                },
                {
                    "start": 1976,
                    "end": 1983,
                    "mention": "Fig. 6D",
                    "ref_id": "FIGREF5"
                },
                {
                    "start": 2335,
                    "end": 2342,
                    "mention": "Fig. 6E",
                    "ref_id": "FIGREF5"
                }
            ]
        },
        {
            "text": "In conclusion we have shown that PTB/hnRNP1 binds to the 3\u2032UTR of HAstV-8, recognizing the cognate binding site UCUU (localized in the linker) and helix I of the 3\u2032UTR structure. PTB/hnRNP1 is redistributed to the cytoplasm during HAstV-8 infection in membrane-associated fractions, and it is required, directly or indirectly, for HAstV-8 replication. We are currently investigating other factors involved in such process.",
            "cite_spans": [],
            "section": "PTB/hnRNP1 is required for HAstV-8 replication ::: Results and Discussion",
            "ref_spans": []
        }
    ],
    "ref_entries": {
        "FIGREF0": {
            "text": "Figure 1: \nA) Diagram of the HAstV-8 genome. The blowout represents the 3\u2032UTR, showing the minimal energy model of its secondary structure. The 3\u2032UTRs of all astrovirus contain one consensus UCUU PTB binding site (light gray) and a second UCUC element PTB (dark gray). Hyphens indicate gaps in the sequence. B) The RNA structures of the viral 3\u2032UTR of all HAstVs were predicted with the MFold software. Comparisons of Helix I-linker structures and of Helix II structures are shown in the upper and lower panels, respectively. Residues within the single stranded regions of the putative PTB binding sites appear underlined.",
            "type": "figure"
        },
        "FIGREF1": {
            "text": "Figure 2: \nA) Schematic representation of the 3\u2032UTR from HAstV-8 and their short versions used to produce RNAs. The complete 3\u2032UTR and mPTB version consisting of nt 6,674 to 6,759, H1 and HI/mPTB shorts versions consisting of nt 6,674 to 6,706. The versions HI/mPTB and mPTB has a UCUU PTB binding site within nt 6700 to 6704 changed to CGAA. The amplicons were used for RNA probe synthesis. B) Competition gel mobility shift assay. Different amounts of non-radiolabeled competitor RNA were incubated with 5 \u00b5g of S10 extracts from HAstV-8-infected CaCo2 cells before addition of the labeled 3\u2032UTR RNA. Free probe (lane 1); (lane 2) no competitor; 20-fold (lanes 3 and 5) or 60-fold molar excess (lanes 4 and 6); (lanes 3 and 4) cold homologous RNA or heterologous RNA (lanes 5 and 6). Complex CI and specific complex CII are indicated. C) Labeled 3\u2032UTR RNA (nt 6674 to 6759) was incubated without extract (lane 1) or with 20 \u00b5g of S10 from uninfected (lane 2) or HAstV-8-infected CaCo2 cells (lane 3). After UV crosslinking, the proteins were separated by SDS-10%PAGE and detected by autoradiography. Arrows indicate cross-linked proteins with the molecular masses in kilo daltons. D) Thirty micrograms of uninfected (U) and infected CaCo2 cells cytoplasmic and nuclear cell extracts were analyzed by western blotting with monoclonal anti- Actin and polyclonal anti-Lamin A antibodies.",
            "type": "figure"
        },
        "FIGREF2": {
            "text": "Figure 3: \nA) Supermobility shift assay from uninfected or HAstV-8 infected CaCo2 S10 extracts were incubated without (lane 2) or with anti-hnRNP1 (lane 3) or with a non-related antibody (lane 4) after of the 3\u2032UTR labeled RNA (lane 1). Supershifted complexes are indicated as CIII. B) Uninfected (U) and infected CaCo2 cells cytoplasmic and nuclear cell extracts (8 h p.i.) prepared as described in Figure 2D were probed with monoclonal anti-PTB and polyclonal anti-hnRNP1 antibodies by western blotting. C) Colocalization of hnRNP1 (green) in Mock infected (upper panel) or infected CaCo2 cells (lower panel). Cells were fixed at 12 h p.i. and were subjected to indirect immunofluorescence. The HAstV-8 infected positive cells were labeled with anti-HAstV CQFG sera (red). Nuclei are shown by DAPI (blue) staining. The images of cell were acquired with a confocal lasser scanning microscope LSM 710 (Carl Zeiss). D) 3\u2032UTR RNA was cross-linked with 60 \u00b5g of HAstV-8-infected CaCo2 cells extracts (lanes 2 to 6 and 8) or mutant mPTB RNA labeled (lane 7) and immunoprecipitated with anti-hnRNP1 antibody (lanes 7 and 8) or with a non-related antibody (lane 5). The lanes 4 and 6 are internal controls. Probes are indicated with asterisks and the arrow indicates the position of the immunoprecipitated labeled PTB/hnRNP1.",
            "type": "figure"
        },
        "FIGREF3": {
            "text": "Figure 4: \nA) Western blot were probed with polyclonal anti-hnRNP1, anti-Actin, anti-PDI and anti-Lamin A antibodies. Sixty micrograms of uninfected (U) and infected CaCo2 cells NP-40 extracts (from 2 up to 12 hours post infection, h.p.i.) were run on SDS-PAGE and blotted onto nitrocellulose. B) Supermobility shift assay from uninfected or HAstV-8 infected CaCo2 NP-40 cell extracts were incubated without (lane 2) or with anti-hnRNP1 (lane 3) or with a non-related antibody (lane 4) after of the 3\u2032UTR labeled RNA (lane 1). Supershifted complexes are indicated as CIII.",
            "type": "figure"
        },
        "FIGREF4": {
            "text": "Figure 5: UV crosslinking assay carried out with radiolabeled HAstV-8 3\u2032UTR (A), mPTB (B), HI (C) and HI/mPTB (D) were incubated with 0.50 and 1 \u00b5g of recombinant His-PTB or 1 \u00b5g of BSA (C). Free probes are shown in lanes 1 and F, respectively. The arrow and asterisk indicate the His-PTB protein cross-linked to the viral RNA. The molecular mass markers (MWM) are shown. The secondary structures of the RNA probes are shown below. Consensus PTB site is indicated as continuous line in HI, PTB sequence changes appear undelined in probes HI/mPTB and mPTB.",
            "type": "figure"
        },
        "FIGREF5": {
            "text": "Figure 6: \nA) CaCo-2 cells were transfected with the indicated siRNA and infected with HAstV-8 following the schedule. B) Total protein was harvesting to demonstrate PTB knockdown by western blot, Actin was used as loading control. PTB signal intensity was quantified by densitometry. C) The nsP1b protein level was monitored by western-blotting in transfected and infected CaCo2 cells 15 hp.i. with polyclonal 1b-2 and actin antibodies. nsP1b signal intensity was quantified by densitometry as describe above. Signal intensity is expressed as percent of expression reduction with respect to actin signals. D) Relative RNA level of HAstV-8 in transfected and an infected cell were determined by qRT-PCR. The results shown are from triplicate assays; error bars represent standard deviations (P<0.0001, two-tailed Student t test). E) The viral yield was determined by focus forming units per ml (ffu/ml) from supernatants recovered 72 h post-transfection of CaCo-2 cells, with the indicated siRNA and HAstV-8 infection (15 hp.i.). The Y axis represents the virus release percentage of 15 hours post infection after 72 hours post-transfection time. Duplicate experiments rendered identical results.",
            "type": "figure"
        }
    },
    "back_matter": [],
    "bib_entries": {
        "BIBREF0": {
            "title": "Polypyrimidine tract-binding protein is relocated to the cytoplasm and is required during dengue virus infection in Vero cells",
            "authors": [],
            "year": 2009,
            "venue": "J Gen Virol",
            "volume": "90",
            "issn": "",
            "pages": "2893-2901",
            "other_ids": {
                "DOI": []
            }
        },
        "BIBREF1": {
            "title": "Host factors in positive-strand RNA virus genome replication",
            "authors": [],
            "year": 2003,
            "venue": "J Virol",
            "volume": "77",
            "issn": "",
            "pages": "8181-8186",
            "other_ids": {
                "DOI": []
            }
        },
        "BIBREF2": {
            "title": "Role of RNA structures present at the 3\u2032UTR of dengue virus on translation, RNA synthesis, and viral replication",
            "authors": [],
            "year": null,
            "venue": "Virology",
            "volume": "339",
            "issn": "",
            "pages": "200-212",
            "other_ids": {
                "DOI": []
            }
        },
        "BIBREF3": {
            "title": "Long-range RNA-RNA interactions circularize the dengue virus genome",
            "authors": [],
            "year": null,
            "venue": "J Virol",
            "volume": "79",
            "issn": "",
            "pages": "6631-6643",
            "other_ids": {
                "DOI": []
            }
        },
        "BIBREF4": {
            "title": "The polypirimidine tract-binding protein is required for efficient dengue virus propagation and associates with the viral replication machinery",
            "authors": [],
            "year": 2009,
            "venue": "J Biol Chem",
            "volume": "285",
            "issn": "",
            "pages": "17021-17029",
            "other_ids": {
                "DOI": []
            }
        },
        "BIBREF5": {
            "title": "Structure -function relationships of the polypyrimidine tract binding protein. Cell Mol Life Sci",
            "authors": [],
            "year": 2008,
            "venue": "",
            "volume": "65",
            "issn": "",
            "pages": "516-527",
            "other_ids": {
                "DOI": []
            }
        },
        "BIBREF6": {
            "title": "Role of individual caspases induced by astrovirus on the processing of its structural protein and its release from the cell through a non-lytic mechanism",
            "authors": [],
            "year": 2010,
            "venue": "Virology",
            "volume": "401",
            "issn": "",
            "pages": "322-332",
            "other_ids": {
                "DOI": []
            }
        },
        "BIBREF7": {
            "title": "Detection and genetic differentiation of human astroviruses: phylogenetic grouping varies by coding region",
            "authors": [],
            "year": 1997,
            "venue": "Arch Virol",
            "volume": "142",
            "issn": "",
            "pages": "1323-1334",
            "other_ids": {
                "DOI": []
            }
        },
        "BIBREF8": {
            "title": "TMPRSS2 and TMPRSS4 Facilitate Trypsin-Independent Spread of Influenza Virus in Caco-2 Cells",
            "authors": [],
            "year": 2010,
            "venue": "J Virol",
            "volume": "84",
            "issn": "",
            "pages": "10016-10025",
            "other_ids": {
                "DOI": []
            }
        },
        "BIBREF9": {
            "title": "Nucleolin Interacts with the Feline Calicivirus 3\u2032 Untranslated Region and the Protease-Polymerase NS6 and NS7 Proteins, Playing a Role in Virus Replications",
            "authors": [],
            "year": 2011,
            "venue": "J Virol",
            "volume": "85",
            "issn": "",
            "pages": "8056-8068",
            "other_ids": {
                "DOI": []
            }
        },
        "BIBREF10": {
            "title": "ESEfinder: A web resource to identify exonic splicing enhancers",
            "authors": [],
            "year": 2003,
            "venue": "Nucleic Acids Res",
            "volume": "31",
            "issn": "",
            "pages": "3568-3571",
            "other_ids": {
                "DOI": []
            }
        },
        "BIBREF11": {
            "title": "RNA secondary structure in the coding region of dengue virus type 2 directs translation start codon selection and is required for viral replication",
            "authors": [],
            "year": 2006,
            "venue": "J Virol",
            "volume": "80",
            "issn": "",
            "pages": "2170-2182",
            "other_ids": {
                "DOI": []
            }
        },
        "BIBREF12": {
            "title": "Recent advances in deciphering viral and host determinants of dengue virus replication and pathogenesis",
            "authors": [],
            "year": 2006,
            "venue": "J Virol",
            "volume": "80",
            "issn": "",
            "pages": "11418-11431",
            "other_ids": {
                "DOI": []
            }
        },
        "BIBREF13": {
            "title": "A splice variant of the neuron-restrictive silencer factor repressor Is expressed in small cell lung cancer: A potential role in derepression of neuroendocrine genes and a useful clinical marker",
            "authors": [],
            "year": 2000,
            "venue": "Cancer Res",
            "volume": "60",
            "issn": "",
            "pages": "1840-1844",
            "other_ids": {
                "DOI": []
            }
        },
        "BIBREF14": {
            "title": "Translation elongation factor-1 alpha, La, and PTB interact with the 3 ' untranslated region of dengue 4 virus RNA",
            "authors": [],
            "year": 2002,
            "venue": "Virology",
            "volume": "295",
            "issn": "",
            "pages": "337-347",
            "other_ids": {
                "DOI": []
            }
        },
        "BIBREF15": {
            "title": "The RNA-binding protein TIA-1 is a novel mammalian splicing regulator acting trough intron sequence adjacent to a 5\u2032 splice site. Mol Cell Biol",
            "authors": [],
            "year": 2000,
            "venue": "",
            "volume": "20",
            "issn": "",
            "pages": "6287-6299",
            "other_ids": {
                "DOI": []
            }
        },
        "BIBREF16": {
            "title": "Predictive identification of exonic splicing enhancers in human genes",
            "authors": [],
            "year": 2002,
            "venue": "Science",
            "volume": "297",
            "issn": "",
            "pages": "1007-1013",
            "other_ids": {
                "DOI": []
            }
        },
        "BIBREF17": {
            "title": "The C- terminal nsP1a protein of human astrovirus is a phosphoprotein that interacts with the viral polymerase",
            "authors": [],
            "year": 2011,
            "venue": "J Virol",
            "volume": "85",
            "issn": "",
            "pages": "4470-4479",
            "other_ids": {
                "DOI": []
            }
        },
        "BIBREF18": {
            "title": "Identification of Human Astrovirus Genome-Linked Protein (VPg) essential for virus infectivity",
            "authors": [],
            "year": 2012,
            "venue": "J Virol",
            "volume": "86",
            "issn": "",
            "pages": "10070-10078",
            "other_ids": {
                "DOI": []
            }
        },
        "BIBREF19": {
            "title": "Comparative analysis identifies exonic splicing regulatory sequences - the complex definition of enhancers and silencers",
            "authors": [],
            "year": 2006,
            "venue": "Mol Cell",
            "volume": "22",
            "issn": "",
            "pages": "769-781",
            "other_ids": {
                "DOI": []
            }
        },
        "BIBREF20": {
            "title": "C-terminal nsP1a protein of human astrovirus colocalizes with the endoplasmic reticulum and viral RNA",
            "authors": [],
            "year": 2004,
            "venue": "J Virol",
            "volume": "78",
            "issn": "",
            "pages": "13627-13636",
            "other_ids": {
                "DOI": []
            }
        },
        "BIBREF21": {
            "title": "Human astrovirus C-terminal nsP1a protein is involved in RNA replication",
            "authors": [],
            "year": 2005,
            "venue": "Virology",
            "volume": "333",
            "issn": "",
            "pages": "124-131",
            "other_ids": {
                "DOI": []
            }
        },
        "BIBREF22": {
            "title": "La, PTB, and PAB proteins bind to the 3\u2032 untranslated region of Norwalk virus genomic RNA",
            "authors": [],
            "year": 2003,
            "venue": "Biochem Biophys Res Commun",
            "volume": "311",
            "issn": "",
            "pages": "759-766",
            "other_ids": {
                "DOI": []
            }
        },
        "BIBREF23": {
            "title": "Interaction of cellular proteins with the 5\u2032 end of Norwalk virus genomic RNA",
            "authors": [],
            "year": 2000,
            "venue": "J Virol",
            "volume": "74",
            "issn": "",
            "pages": "8558-8562",
            "other_ids": {
                "DOI": []
            }
        },
        "BIBREF24": {
            "title": "The cellular polypeptide p57 (pyrimidine tract-binding protein) binds to multiple sites in the poliovirus 5\u2032 nontranslated region",
            "authors": [],
            "year": 1994,
            "venue": "J Virol",
            "volume": "68",
            "issn": "",
            "pages": "941-950",
            "other_ids": {
                "DOI": []
            }
        },
        "BIBREF25": {
            "title": "Poliovirus RNA replication requires genome circularization through a protein-protein bridge",
            "authors": [],
            "year": 2001,
            "venue": "Mol Cell",
            "volume": "7",
            "issn": "",
            "pages": "581-591",
            "other_ids": {
                "DOI": []
            }
        },
        "BIBREF26": {
            "title": "Complex signals in the genomic 3\u2032 nontranslated region of bovine viral diarrhea virus coordinate translation and replication of the viral RNA",
            "authors": [],
            "year": 2004,
            "venue": "RNA",
            "volume": "10",
            "issn": "",
            "pages": "1637-1652",
            "other_ids": {
                "DOI": []
            }
        },
        "BIBREF27": {
            "title": "Detection of replicating negative-sense RNAs in CaCo-2 cells infected with human astrovirus",
            "authors": [],
            "year": 2010,
            "venue": "Arch Virol",
            "volume": "155",
            "issn": "",
            "pages": "1383-1389",
            "other_ids": {
                "DOI": []
            }
        },
        "BIBREF28": {
            "title": "RNA sequence of astrovirus: distinctive genomic organization and a putative retrovirus-like ribosomal frameshifting signal that directs the viral replicase synthesis",
            "authors": [],
            "year": 1993,
            "venue": "Proc Natl Acad Sci USA",
            "volume": "90",
            "issn": "",
            "pages": "10539-10543",
            "other_ids": {
                "DOI": []
            }
        },
        "BIBREF29": {
            "title": "Polypirimidine tract binding protein functions as a negative regulator of feline calicivirus translation",
            "authors": [],
            "year": 2010,
            "venue": "PLoS One 5",
            "volume": "(3)",
            "issn": "",
            "pages": null,
            "other_ids": {
                "DOI": []
            }
        },
        "BIBREF30": {
            "title": "Cellular factors in the transcription and replication of viral RNA genomes: a parallel to DNA-dependent RNA transcription",
            "authors": [],
            "year": 1998,
            "venue": "Virology",
            "volume": "244",
            "issn": "",
            "pages": "1-12",
            "other_ids": {
                "DOI": []
            }
        },
        "BIBREF31": {
            "title": "Cell proteins TIA-1 and TIAR interact with the 3\u2032 stem-loop of the west-nile virus complementary minus-strand RNA and facilitate virus replication",
            "authors": [],
            "year": 2002,
            "venue": "J Virol",
            "volume": "76",
            "issn": "",
            "pages": "11989-12000",
            "other_ids": {
                "DOI": []
            }
        },
        "BIBREF32": {
            "title": "",
            "authors": [],
            "year": null,
            "venue": "",
            "volume": "",
            "issn": "",
            "pages": null,
            "other_ids": {
                "DOI": []
            }
        },
        "BIBREF33": {
            "title": "Human protein Sam68 relocalization and interaction with poliovirus RNA polymerase in infected cells",
            "authors": [],
            "year": 1996,
            "venue": "Proc Natl Acad Sci USA",
            "volume": "93",
            "issn": "",
            "pages": "2296-2301",
            "other_ids": {
                "DOI": []
            }
        },
        "BIBREF34": {
            "title": "",
            "authors": [],
            "year": null,
            "venue": "",
            "volume": "",
            "issn": "",
            "pages": null,
            "other_ids": {
                "DOI": []
            }
        },
        "BIBREF35": {
            "title": "Protein products of the Open Reading Frames Encoding Nonstructural Protein of Human Astrovirus Serotype 8",
            "authors": [],
            "year": 2003,
            "venue": "J Virol",
            "volume": "77",
            "issn": "",
            "pages": "11384-11384",
            "other_ids": {
                "DOI": []
            }
        },
        "BIBREF36": {
            "title": "",
            "authors": [],
            "year": null,
            "venue": "",
            "volume": "",
            "issn": "",
            "pages": null,
            "other_ids": {
                "DOI": []
            }
        },
        "BIBREF37": {
            "title": "Molecular characterisation of the 3\u2032-end of the astrovirus genome",
            "authors": [],
            "year": 1997,
            "venue": "Arch Virol",
            "volume": "142",
            "issn": "",
            "pages": "699-706",
            "other_ids": {
                "DOI": []
            }
        },
        "BIBREF38": {
            "title": "Molecular characterisation of the 3\u2032-end of the astrovirus genome",
            "authors": [],
            "year": 1997,
            "venue": "Arch Virol",
            "volume": "142",
            "issn": "",
            "pages": "699-706",
            "other_ids": {
                "DOI": []
            }
        },
        "BIBREF39": {
            "title": "Subgenomic RNA sequence of human astrovirus supports classification of Astroviridae as a new family of RNA viruses",
            "authors": [],
            "year": 1993,
            "venue": "J Virol",
            "volume": "67",
            "issn": "",
            "pages": "3611-3614",
            "other_ids": {
                "DOI": []
            }
        },
        "BIBREF40": {
            "title": "The dependence of viral RNA replication on co-opted host factors",
            "authors": [],
            "year": 2012,
            "venue": "Nature Review",
            "volume": "10",
            "issn": "",
            "pages": "137-149",
            "other_ids": {
                "DOI": []
            }
        },
        "BIBREF41": {
            "title": "Structure of PTB bound to RNA: Specific binding and implications for splicing regulation",
            "authors": [],
            "year": 2005,
            "venue": "Science",
            "volume": "309",
            "issn": "",
            "pages": "2054-2057",
            "other_ids": {
                "DOI": []
            }
        },
        "BIBREF42": {
            "title": "Polypirimidine-tract-binding protein:a multifuctional RNA-binding protein",
            "authors": [],
            "year": 2008,
            "venue": "Biochem SocTrans",
            "volume": "36",
            "issn": "",
            "pages": "641-647",
            "other_ids": {
                "DOI": []
            }
        },
        "BIBREF43": {
            "title": "Viral and cellular proteins involved in coronavirus replication",
            "authors": [],
            "year": 2005,
            "venue": "Curr Top Microbiol Immunol",
            "volume": "287",
            "issn": "",
            "pages": "95-131",
            "other_ids": {
                "DOI": []
            }
        },
        "BIBREF44": {
            "title": "An increased specificity score matrix for the prediction of SF2/ASF-specific exonic splicing enhancers",
            "authors": [],
            "year": 2006,
            "venue": "Hum Mol Genet",
            "volume": "15",
            "issn": "",
            "pages": "2490-2508",
            "other_ids": {
                "DOI": []
            }
        },
        "BIBREF45": {
            "title": "Evidence for an RNA chaperone function of polypirimidine tract-binding protein in picornavirus translation",
            "authors": [],
            "year": 2005,
            "venue": "RNA",
            "volume": "11",
            "issn": "",
            "pages": "1809-1824",
            "other_ids": {
                "DOI": []
            }
        },
        "BIBREF46": {
            "title": "Alternative cell lines to improve the rescue of infectious human astrovirus from a cDNA clone",
            "authors": [],
            "year": 2012,
            "venue": "J Virol Meth",
            "volume": "179",
            "issn": "",
            "pages": "295-302",
            "other_ids": {
                "DOI": []
            }
        },
        "BIBREF47": {
            "title": "Genome cyclization as strategy for flavivirus RNA replication",
            "authors": [],
            "year": 2009,
            "venue": "Virus Res",
            "volume": "139",
            "issn": "",
            "pages": "230-239",
            "other_ids": {
                "DOI": []
            }
        },
        "BIBREF48": {
            "title": "Viral ribonucleoprotein complex formation and nucleolar-cytoplasmic relocalization of nucleolin in poliovirus-infected cells",
            "authors": [],
            "year": 1998,
            "venue": "J Virol",
            "volume": "72",
            "issn": "",
            "pages": "6699-6709",
            "other_ids": {
                "DOI": []
            }
        },
        "BIBREF49": {
            "title": "The 3\u2032 terminal sequence of a human astrovirus",
            "authors": [],
            "year": 1992,
            "venue": "Arch Virol",
            "volume": "124",
            "issn": "",
            "pages": "279-289",
            "other_ids": {
                "DOI": []
            }
        },
        "BIBREF50": {
            "title": "The structure-function relationship of the enterovirus 3\u2032-UTR",
            "authors": [],
            "year": 2009,
            "venue": "Virus Res",
            "volume": "139",
            "issn": "",
            "pages": "209-216",
            "other_ids": {
                "DOI": []
            }
        },
        "BIBREF51": {
            "title": "Mfold web server for nucleic acid folding and hybridization prediction",
            "authors": [],
            "year": 2003,
            "venue": "Nucleic Acids Res",
            "volume": "31",
            "issn": "",
            "pages": "3406-3415",
            "other_ids": {
                "DOI": []
            }
        }
    }
}