{
    "paper_id": "PMC4692990",
    "metadata": {
        "title": "Evolutionary Insights into IL17A in Lagomorphs",
        "authors": [
            {
                "first": "Fabiana",
                "middle": [],
                "last": "Neves",
                "suffix": "",
                "email": null,
                "affiliation": {}
            },
            {
                "first": "Joana",
                "middle": [],
                "last": "Abrantes",
                "suffix": "",
                "email": null,
                "affiliation": {}
            },
            {
                "first": "Tereza",
                "middle": [],
                "last": "Almeida",
                "suffix": "",
                "email": null,
                "affiliation": {}
            },
            {
                "first": "Paulo",
                "middle": [
                    "P."
                ],
                "last": "Costa",
                "suffix": "",
                "email": null,
                "affiliation": {}
            },
            {
                "first": "Pedro",
                "middle": [
                    "J."
                ],
                "last": "Esteves",
                "suffix": "",
                "email": null,
                "affiliation": {}
            }
        ]
    },
    "body_text": [
        {
            "text": "Interleukin 17, first known as cytotoxic T lymphocyte associated antigen (CTLA) 8, is originated from a T-cell derived factor with cytokine-like activity [1, 2]. With a ubiquitous expression in different tissues, this protein, nowadays known as IL17A, has a sequence composition different from all the other cytokine families [1, 3]. IL17A, along with five functional homodimers (IL17B-F), one heterodimer (IL17A/F), and 5 receptors (IL17RA-RE), composes the IL17 family, which is important to adaptive immunity responses, namely, as mediator of chronic inflammation and autoimmune diseases [3\u20136]. There is a wide range of genes that are targeted by IL17, such as proinflammatory and hematopoietic cytokines, genes associated with acute phase response, and antimicrobial substances [3, 7]. This protein is also part of a subset of CD4 T helper (Th) cells known as Th17 which are able to establish a connection between innate and adaptive immune responses, being a complement to Th1 and Th2 defense mechanisms [8]. Furthermore, the production of IL17A is important for host defense against extracellular pathogens (fungi, viruses, bacteria, and parasites) assisting in neutrophils recruitment and activation and also promoting antimicrobial peptides [8\u201312]. Studies in mice [12\u201315] and humans [16\u201318] highlighted the importance of IL17 expressing cells for immunity against several diseases, and low expression levels of IL17 and IL17RA make organisms more susceptible to disease, including those caused by extracellular pathogens such as Francisella tularensis.\n",
            "cite_spans": [
                {
                    "start": 155,
                    "end": 156,
                    "mention": "1",
                    "ref_id": "BIBREF0"
                },
                {
                    "start": 158,
                    "end": 159,
                    "mention": "2",
                    "ref_id": "BIBREF10"
                },
                {
                    "start": 327,
                    "end": 328,
                    "mention": "1",
                    "ref_id": "BIBREF0"
                },
                {
                    "start": 330,
                    "end": 331,
                    "mention": "3",
                    "ref_id": "BIBREF21"
                },
                {
                    "start": 592,
                    "end": 593,
                    "mention": "3",
                    "ref_id": "BIBREF21"
                },
                {
                    "start": 594,
                    "end": 595,
                    "mention": "6",
                    "ref_id": "BIBREF53"
                },
                {
                    "start": 783,
                    "end": 784,
                    "mention": "3",
                    "ref_id": "BIBREF21"
                },
                {
                    "start": 786,
                    "end": 787,
                    "mention": "7",
                    "ref_id": "BIBREF54"
                },
                {
                    "start": 1010,
                    "end": 1011,
                    "mention": "8",
                    "ref_id": "BIBREF55"
                },
                {
                    "start": 1250,
                    "end": 1251,
                    "mention": "8",
                    "ref_id": "BIBREF55"
                },
                {
                    "start": 1252,
                    "end": 1254,
                    "mention": "12",
                    "ref_id": "BIBREF3"
                },
                {
                    "start": 1274,
                    "end": 1276,
                    "mention": "12",
                    "ref_id": "BIBREF3"
                },
                {
                    "start": 1277,
                    "end": 1279,
                    "mention": "15",
                    "ref_id": "BIBREF6"
                },
                {
                    "start": 1293,
                    "end": 1295,
                    "mention": "16",
                    "ref_id": "BIBREF7"
                },
                {
                    "start": 1296,
                    "end": 1298,
                    "mention": "18",
                    "ref_id": "BIBREF9"
                }
            ],
            "section": "1. Introduction",
            "ref_spans": []
        },
        {
            "text": "\nF. tularensis is highly pathogenic Gram negative intracellular bacteria included by the Center of Disease Control and Prevention (CDC) in category A of bioterrorism (http://emergency.cdc.gov/agent/agentlist.asp). Able to cause the zoonotic disease tularemia, this microorganism has several known hosts, from mammals to protozoans; however transmission to humans is normally associated with direct contact with lagomorphs, rodents, and some arthropods [15, 20\u201322]. In lagomorphs and rodents, F. tularensis has the ability to cause septicemia while in humans the outcome of infection is a multisystem organ failure [23]. There are several reports of F. tularensis infections in leporids, mainly in rabbits (European rabbit and cottontails) [24\u201326] and hares [24, 26, 27] and despite an apparent period of stasis (2006\u20132010) there were some recently documented outbreaks of tularemia in Europe [22, 28].",
            "cite_spans": [
                {
                    "start": 453,
                    "end": 455,
                    "mention": "15",
                    "ref_id": "BIBREF6"
                },
                {
                    "start": 457,
                    "end": 459,
                    "mention": "20",
                    "ref_id": "BIBREF11"
                },
                {
                    "start": 460,
                    "end": 462,
                    "mention": "22",
                    "ref_id": "BIBREF13"
                },
                {
                    "start": 615,
                    "end": 617,
                    "mention": "23",
                    "ref_id": "BIBREF14"
                },
                {
                    "start": 740,
                    "end": 742,
                    "mention": "24",
                    "ref_id": "BIBREF15"
                },
                {
                    "start": 743,
                    "end": 745,
                    "mention": "26",
                    "ref_id": "BIBREF17"
                },
                {
                    "start": 758,
                    "end": 760,
                    "mention": "24",
                    "ref_id": "BIBREF15"
                },
                {
                    "start": 762,
                    "end": 764,
                    "mention": "26",
                    "ref_id": "BIBREF17"
                },
                {
                    "start": 766,
                    "end": 768,
                    "mention": "27",
                    "ref_id": "BIBREF18"
                },
                {
                    "start": 893,
                    "end": 895,
                    "mention": "22",
                    "ref_id": "BIBREF13"
                },
                {
                    "start": 897,
                    "end": 899,
                    "mention": "28",
                    "ref_id": "BIBREF19"
                }
            ],
            "section": "1. Introduction",
            "ref_spans": []
        },
        {
            "text": "The order Lagomorpha includes two families, Leporidae (rabbits and hares) with eleven genera and Ochotonidae (pikas) with only one genus, Ochotona [29]. Together with rodents, lagomorphs form the clade Glires, a sister group of Euarchonta that includes primates [30, 31]. Along with mouse, the European rabbit had been used as a research model for several human diseases, development of therapeutics and vaccines [32]. Several studies have suggested that the European rabbit may be a better research model than mouse [33\u201337]. With the exception of humans and mouse, there is a big gap of information on IL17A in other mammalian groups, including leporids. Thus, considering the important biological role of the European rabbit immune response against several diseases, including tularemia, we performed a genetic characterization of IL17A in four leporid genera (Oryctolagus, Brachylagus, Sylvilagus, and Lepus).",
            "cite_spans": [
                {
                    "start": 148,
                    "end": 150,
                    "mention": "29",
                    "ref_id": "BIBREF20"
                },
                {
                    "start": 263,
                    "end": 265,
                    "mention": "30",
                    "ref_id": "BIBREF22"
                },
                {
                    "start": 267,
                    "end": 269,
                    "mention": "31",
                    "ref_id": "BIBREF23"
                },
                {
                    "start": 414,
                    "end": 416,
                    "mention": "32",
                    "ref_id": "BIBREF24"
                },
                {
                    "start": 518,
                    "end": 520,
                    "mention": "33",
                    "ref_id": "BIBREF25"
                },
                {
                    "start": 521,
                    "end": 523,
                    "mention": "37",
                    "ref_id": "BIBREF29"
                }
            ],
            "section": "1. Introduction",
            "ref_spans": []
        },
        {
            "text": "Samples of European rabbit (Oryctolagus cuniculus cuniculus and Oryctolagus cuniculus algirus), pygmy rabbit (Brachylagus idahoensis), brush rabbit (Sylvilagus bachmani), and European brown hare (Lepus europaeus) were provided by the CIBIO Lagomorpha tissue collection. Genomic DNA (gDNA) was extracted using the EasySpin Genomic DNA Minipreps Tissue Kit (Citomed, Torun, Poland) according to the manufacturer's instructions. Total RNA was extracted by using the RNeasy Mini Kit also according to the manufacturer's instructions (Qiagen, Hilden, Germany) from one specimen of European rabbit and one of European brown hares. Complementary DNA (cDNA) was synthesized using oligo(dT) as primers and SuperScript III reverse transcriptase (Invitrogen, Carlsbad, CA, USA). The European rabbit and American pika IL17A sequences were retrieved from public databases (accession numbers are given in bold in Figure 1). PCR amplification was performed with the Multiplex PCR Kit (Qiagen) by using two pairs of primers designed according to the retrieved sequences (for genomic DNA F1-CGTCCAACCTCAGTTGATC + R1-CACTGTACCATCTATCCTGC and F2-CCTTCATTTACTCCCATTCG + R2-CATCCATCACATGGCCTAA; for cDNA the combination of primers F1 + R2 was used). Sequencing was performed on an ABI PRISM 310 Genetic Analyzer (PE Applied Biosystems, Foster City, CA, USA) and PCR products were sequenced in both directions. The sequences obtained were submitted to GenBank with the following accession numbers: KU163611\u2013KU163619.",
            "cite_spans": [],
            "section": "2. Material and Methods",
            "ref_spans": [
                {
                    "start": 899,
                    "end": 907,
                    "mention": "Figure 1",
                    "ref_id": "FIGREF0"
                }
            ]
        },
        {
            "text": "Haplotype phases of the sequences obtained were reconstructed with the program PHASE, built into the software DnaSP [38]. Multiple Sequence Comparison by Log-Expectation (MUSCLE; http://www.ebi.ac.uk/) [39] was used for sequence alignment. The putative N-glycosylation sites were predicted using NetNGlyc 1.0 (http://www.cbs.dtu.dk/services/NetNGlyc/) [40].",
            "cite_spans": [
                {
                    "start": 117,
                    "end": 119,
                    "mention": "38",
                    "ref_id": "BIBREF30"
                },
                {
                    "start": 203,
                    "end": 205,
                    "mention": "39",
                    "ref_id": "BIBREF31"
                },
                {
                    "start": 353,
                    "end": 355,
                    "mention": "40",
                    "ref_id": "BIBREF33"
                }
            ],
            "section": "2. Material and Methods",
            "ref_spans": []
        },
        {
            "text": "The number of nucleotide differences per site between sequences was estimated in MEGA6 [41] with the following options: bootstrap method (1000 replicates), p-distance as model, and pairwise deletion for gaps/missing data treatment. A Maximum Likelihood approach was used to estimate the phylogenetic relationships between the IL17A nucleotide sequences by using MEGA6; the best-fit nucleotide substitution model was predicted by the same software and 1000 bootstrap replicates were used.",
            "cite_spans": [
                {
                    "start": 88,
                    "end": 90,
                    "mention": "41",
                    "ref_id": "BIBREF34"
                }
            ],
            "section": "2. Material and Methods",
            "ref_spans": []
        },
        {
            "text": "The secondary structure of IL17A was predicted using PsiPred (http://bioinf.cs.ucl.ac.uk/psipred/) [42, 43] and DiAminoacid Neural Network Application (DiANNA) (http://clavius.bc.edu/~clotelab/DiANNA/) [44]. Both methods predict protein cysteines that create disulfide bonds, but while PsiPred uses Position Specific Iterated-BLAST (PSI-BLAST) to obtain evolutionary information used to predict the secondary structure of the query protein, DiANNA is a neural network that recognizes cysteines in an oxidized state (sulfur covalently bonded) distinguishing them from those in a reduced state.",
            "cite_spans": [
                {
                    "start": 100,
                    "end": 102,
                    "mention": "42",
                    "ref_id": "BIBREF35"
                },
                {
                    "start": 104,
                    "end": 106,
                    "mention": "43",
                    "ref_id": "BIBREF36"
                },
                {
                    "start": 203,
                    "end": 205,
                    "mention": "44",
                    "ref_id": "BIBREF37"
                }
            ],
            "section": "2. Material and Methods",
            "ref_spans": []
        },
        {
            "text": "In this study we amplified and sequenced the IL17A gene for four leporids species (European rabbit, European brown hare, brush rabbit, and pygmy rabbit). For European rabbit (O. c. cuniculus) and European brown hare, both genomic and cDNA sequences were identical and only one of the sequences is presented; however both sequences have been assigned different accession numbers. These sequences were further compared to sequences of IL17A from another lagomorph, American pika (Ochotona princeps), and from representatives of the most relevant mammalian groups (e.g., Artiodactyla, carnivores, Chiroptera, Primates, rodents, etc.) available in online databases. In the European rabbit, IL17A is located in the forward strand of chromosome 12 and has a similar structure to other mammals with three coding exons. The IL17A cDNA sequence obtained in this work for Lepus europaeus showed a similar structure.",
            "cite_spans": [],
            "section": "3. Results and Discussion",
            "ref_spans": []
        },
        {
            "text": "In humans, IL17A codes for a protein with 155 amino acids (aa) and has the ability to bind with high affinity to IL17RA and IL17RC [6, 45, 46]. The interaction between interleukins and their receptors is crucial for their function and signaling and any changes in the amino acid composition may induce alterations in the protein conformation. In humans and rodents these interactions sites are described [6, 45] and include Leu52, Ile54, Ser61, Ser70-Tyr72, Arg75, Arg84, Arg88-Val94, Trp96, Leu103, His114, His115, Asn117, Ser118, Gln122-Glu124, Leu128, Arg130, Phe139, and Pro155-Met160 (Figure 1). In leporids, IL17A codes for a protein with 153 aa and we observed that the sites that likely interact with the receptors are quite conserved. Indeed, from the thirty-three amino acids involved in the linkage between IL17A and IL17RA, eighteen are conserved: twelve are maintained between mammals and the other six, despite being different, do not alter the charge or the polarity. For the remaining fifteen amino acids, only three are differently charged, seven have distinct polarity, and five have both different charge and polarity (Table 1). Between leporids these sites are highly conserved, but a mutation was observed that is located in the external coil of the IL17A in a site where this protein interacts with IL17RA (Figure 2). This mutation, 88Arg>Pro, occurs in the European rabbit and in the European brown hare, while in brush rabbit and the American pika the amino acid present is a proline as in most mammals. Some studies showed that Arg>Pro mutations have crucial effects in the protein function [47\u201349]. Indeed, the 332Arg>Pro mutation in human Trim5\u03b1 restricts infection by HIV-1 (Human Immunodeficiency Virus-1) [49] while the 132Arg>Pro mutation in the helicase protein of coronavirus infectious bronchitis virus was lethal to infectivity in vitro [48]. Additionally, this mutation alters the physiochemical properties of the amino acid by changing from a basic polar and positively charged arginine to a nonpolar and neutral proline.",
            "cite_spans": [
                {
                    "start": 132,
                    "end": 133,
                    "mention": "6",
                    "ref_id": "BIBREF53"
                },
                {
                    "start": 135,
                    "end": 137,
                    "mention": "45",
                    "ref_id": "BIBREF38"
                },
                {
                    "start": 139,
                    "end": 141,
                    "mention": "46",
                    "ref_id": "BIBREF39"
                },
                {
                    "start": 405,
                    "end": 406,
                    "mention": "6",
                    "ref_id": "BIBREF53"
                },
                {
                    "start": 408,
                    "end": 410,
                    "mention": "45",
                    "ref_id": "BIBREF38"
                },
                {
                    "start": 1617,
                    "end": 1619,
                    "mention": "47",
                    "ref_id": "BIBREF40"
                },
                {
                    "start": 1620,
                    "end": 1622,
                    "mention": "49",
                    "ref_id": "BIBREF42"
                },
                {
                    "start": 1736,
                    "end": 1738,
                    "mention": "49",
                    "ref_id": "BIBREF42"
                },
                {
                    "start": 1873,
                    "end": 1875,
                    "mention": "48",
                    "ref_id": "BIBREF41"
                }
            ],
            "section": "3. Results and Discussion",
            "ref_spans": [
                {
                    "start": 590,
                    "end": 598,
                    "mention": "Figure 1",
                    "ref_id": "FIGREF0"
                },
                {
                    "start": 1329,
                    "end": 1337,
                    "mention": "Figure 2",
                    "ref_id": "FIGREF1"
                },
                {
                    "start": 1138,
                    "end": 1145,
                    "mention": "Table 1",
                    "ref_id": "TABREF0"
                }
            ]
        },
        {
            "text": "Disulfide bounds and N-glycosylation sites (Asn-X-Ser/Thr/Cys motifs where X can be any amino acid except proline) are important for the protein structure, stability, and function [50\u201352]. Disulphide bounds occur between cysteines side chains and these linkages are also important for protein protection [53]. In human and rodents, IL17A has a cysteine knot fold characterized by two sets of paired \u03b2-strands (1/2 and 3/4) interconnected by two disulfide bounds between strands 2 and 4 linked between four conserved cysteines (Cys100\u2013Cys150 and Cys105\u2013Cys152) [45, 54, 55]. In addition to these cysteines two other cysteines are common to all mammals, Cys36 and Cys135. For the European rabbit, the PsiPred predicted secondary structure and the DiANNA predicted disulfide bonds results are in agreement with those obtained and described for human and rodents [45, 54]. An extra linkage is also predicted between Cys31 and Cys135. When compared to other mammals, there is an extra cysteine (Cys19) in leporids located in the signal peptide. The rat and the European hedgehog also have an extra cysteine located in different sites of the signal peptide (Cys11 and Cys3, resp.). Given that the signal peptide is cleaved in order for the protein to become active, this extra cysteine should not have an impact on the IL17A structure.",
            "cite_spans": [
                {
                    "start": 181,
                    "end": 183,
                    "mention": "50",
                    "ref_id": "BIBREF44"
                },
                {
                    "start": 184,
                    "end": 186,
                    "mention": "52",
                    "ref_id": "BIBREF46"
                },
                {
                    "start": 305,
                    "end": 307,
                    "mention": "53",
                    "ref_id": "BIBREF47"
                },
                {
                    "start": 561,
                    "end": 563,
                    "mention": "45",
                    "ref_id": "BIBREF38"
                },
                {
                    "start": 565,
                    "end": 567,
                    "mention": "54",
                    "ref_id": "BIBREF48"
                },
                {
                    "start": 569,
                    "end": 571,
                    "mention": "55",
                    "ref_id": "BIBREF49"
                },
                {
                    "start": 860,
                    "end": 862,
                    "mention": "45",
                    "ref_id": "BIBREF38"
                },
                {
                    "start": 864,
                    "end": 866,
                    "mention": "54",
                    "ref_id": "BIBREF48"
                }
            ],
            "section": "3. Results and Discussion",
            "ref_spans": []
        },
        {
            "text": "N-glycosylation is a crucial factor for the modulation of protein activity; therefore, alteration on these sites may interfere with recognition of targets, including receptors, and consequently affects the biological activity of the proteins and also their ability to diffuse through the organism [56, 57]. Human IL17A is N-glycosylated at Asn68. Detection of putative N-glycosylation sites indicated that this N-glycosylation site is present in the majority of mammals, including rodents and lagomorphs. Other putative N-glycosylation sites were detected and include Asn56 in lagomorphs, pig, and cattle, Asn51 in American pika and armadillo, and Asn49 in the lesser hedgehog tenrec. The killer whale and the African bush elephant have no putative N-glycosylation sites. The implications of the absence/presence of N-glycosylation sites in IL17A are unknown; however some studies indicate that presence/removal of glycans in some proteins do not alter their folding or function, although a decrease in the protein dynamics is observed [50, 52, 57].",
            "cite_spans": [
                {
                    "start": 298,
                    "end": 300,
                    "mention": "56",
                    "ref_id": "BIBREF50"
                },
                {
                    "start": 302,
                    "end": 304,
                    "mention": "57",
                    "ref_id": "BIBREF51"
                },
                {
                    "start": 1037,
                    "end": 1039,
                    "mention": "50",
                    "ref_id": "BIBREF44"
                },
                {
                    "start": 1041,
                    "end": 1043,
                    "mention": "52",
                    "ref_id": "BIBREF46"
                },
                {
                    "start": 1045,
                    "end": 1047,
                    "mention": "57",
                    "ref_id": "BIBREF51"
                }
            ],
            "section": "3. Results and Discussion",
            "ref_spans": []
        },
        {
            "text": "Comparison of the nucleotide sequences (Table 2) indicated that, in leporids, the European rabbit and the European brown hare IL17A sequences are the least divergent (0.011) while the European rabbit and the pygmy rabbit IL17 sequences are the most divergent (0.026). Between the European rabbit and American pika, the genetic diversity obtained was 0.112\u20130.115. For the remaining mammals the highest divergence occurs for the lesser hedgehog tenrec (0.312) and the lowest divergence for the flying lemur (0.145). The comparison of the nucleotide diversity of several interleukins in the European rabbit suggested that it could represent a better animal model for research [34]. For IL17A, similar results were obtained, with the human sequence being more closely related to the European rabbit (0.169) than to mouse or rat IL17A sequences (0.236). This is further supported by a Maximum Likelihood tree inferred for IL17A mammalian sequences (Figure 3).",
            "cite_spans": [
                {
                    "start": 674,
                    "end": 676,
                    "mention": "34",
                    "ref_id": "BIBREF26"
                }
            ],
            "section": "3. Results and Discussion",
            "ref_spans": [
                {
                    "start": 944,
                    "end": 952,
                    "mention": "Figure 3",
                    "ref_id": "FIGREF2"
                },
                {
                    "start": 40,
                    "end": 47,
                    "mention": "Table 2",
                    "ref_id": "TABREF1"
                }
            ]
        },
        {
            "text": "In the present study we sequenced and characterized IL17A for four leporids. Overall, the genomic organization, the location of the cysteine residues, and the presence of N-glycosylation sites are highly conserved in leporids. Nevertheless, a single mutation was detected within the interaction site with IL17RA which may induce crucial changes in IL17A structure, function, stability, signaling, and conformation. Further functional and structural studies should be performed to fully understand the impact of this specific mutation. The lowest divergence between the European rabbit and human IL17A sequences reinforces the hypothesis that the European rabbit might be a more suitable animal model for studies in the human innate immunity.",
            "cite_spans": [],
            "section": "4. Conclusions",
            "ref_spans": []
        }
    ],
    "ref_entries": {
        "TABREF0": {
            "text": "Table 1: Characterization of the IL17A amino acids differences in the sites important for binding to IL17RA.\n",
            "type": "table"
        },
        "TABREF1": {
            "text": "Table 2: IL17A nucleotide distances (the lowest values are in bold and the highest values are underlined).\n",
            "type": "table"
        },
        "FIGREF0": {
            "text": "Figure 1: Alignment of IL17A for several mammalian species. GenBank and Ensembl accession numbers are indicated in bold for the retrieved sequences. Positively selected amino acids are boxed (according to [19]). N-glycosylation sites are shaded in light grey and cysteine residues are shaded in dark grey. A black dashed box represents the Agr>Pro mutation between leporids. \u2217 represents stop codons; \u2212 represents indels; \u25aa above the numbering represents the sites important for IL17A-IL17Ra interaction. \u22171 and \u22172 represent different alleles. Numbering is according to the European rabbit sequence (GenBank accession number XM_002714498.2) and the signal peptide and indels were included in the numbering. Disulfide bonds between side chain cysteines are represented by a light grey dashed line.",
            "type": "figure"
        },
        "FIGREF1": {
            "text": "Figure 2: 3D structures of the IL17A-IL17RA complex. IL17A appears in blue while IL17RA appears in grey. Marked in yellow is the 88Arg>Pro mutation described for leporids.",
            "type": "figure"
        },
        "FIGREF2": {
            "text": "Figure 3: Maximum Likelihood (ML) tree of the IL17A nucleotide sequences. Only bootstrap values \u2265 94% are shown. In order to facilitate visualization, only one sequence/allele of each species was used.",
            "type": "figure"
        }
    },
    "back_matter": [],
    "bib_entries": {
        "BIBREF0": {
            "title": "Human IL-17: a novel cytokine derived from T cells",
            "authors": [
                {
                    "first": "Z.",
                    "middle": [],
                    "last": "Yao",
                    "suffix": ""
                },
                {
                    "first": "S.",
                    "middle": [
                        "L."
                    ],
                    "last": "Painter",
                    "suffix": ""
                },
                {
                    "first": "W.",
                    "middle": [
                        "C."
                    ],
                    "last": "Fanslow",
                    "suffix": ""
                }
            ],
            "year": 1995,
            "venue": "Journal of Immunology",
            "volume": "155",
            "issn": "12",
            "pages": "5483-5486",
            "other_ids": {
                "DOI": []
            }
        },
        "BIBREF1": {
            "title": "Th17: the third member of the effector T cell trilogy",
            "authors": [
                {
                    "first": "E.",
                    "middle": [],
                    "last": "Bettelli",
                    "suffix": ""
                },
                {
                    "first": "T.",
                    "middle": [],
                    "last": "Korn",
                    "suffix": ""
                },
                {
                    "first": "V.",
                    "middle": [
                        "K."
                    ],
                    "last": "Kuchroo",
                    "suffix": ""
                }
            ],
            "year": 2007,
            "venue": "Current Opinion in Immunology",
            "volume": "19",
            "issn": "6",
            "pages": "652-657",
            "other_ids": {
                "DOI": [
                    "10.1016/j.coi.2007.07.020"
                ]
            }
        },
        "BIBREF2": {
            "title": "Functional specialization of interleukin-17 family members",
            "authors": [
                {
                    "first": "Y.",
                    "middle": [],
                    "last": "Iwakura",
                    "suffix": ""
                },
                {
                    "first": "H.",
                    "middle": [],
                    "last": "Ishigame",
                    "suffix": ""
                },
                {
                    "first": "S.",
                    "middle": [],
                    "last": "Saijo",
                    "suffix": ""
                },
                {
                    "first": "S.",
                    "middle": [],
                    "last": "Nakae",
                    "suffix": ""
                }
            ],
            "year": 2011,
            "venue": "Immunity",
            "volume": "34",
            "issn": "2",
            "pages": "149-162",
            "other_ids": {
                "DOI": [
                    "10.1016/j.immuni.2011.02.012"
                ]
            }
        },
        "BIBREF3": {
            "title": "Differential roles of interleukin-17A and -17F in host defense against mucoepithelial bacterial infection and allergic responses",
            "authors": [
                {
                    "first": "H.",
                    "middle": [],
                    "last": "Ishigame",
                    "suffix": ""
                },
                {
                    "first": "S.",
                    "middle": [],
                    "last": "Kakuta",
                    "suffix": ""
                },
                {
                    "first": "T.",
                    "middle": [],
                    "last": "Nagai",
                    "suffix": ""
                }
            ],
            "year": 2009,
            "venue": "Immunity",
            "volume": "30",
            "issn": "1",
            "pages": "108-119",
            "other_ids": {
                "DOI": [
                    "10.1016/j.immuni.2008.11.009"
                ]
            }
        },
        "BIBREF4": {
            "title": "Requirement of interleukin-17A for systemic anti-Candida albicans host defense in mice",
            "authors": [
                {
                    "first": "W.",
                    "middle": [],
                    "last": "Huang",
                    "suffix": ""
                },
                {
                    "first": "L.",
                    "middle": [],
                    "last": "Na",
                    "suffix": ""
                },
                {
                    "first": "P.",
                    "middle": [
                        "L."
                    ],
                    "last": "Fidel",
                    "suffix": ""
                },
                {
                    "first": "P.",
                    "middle": [],
                    "last": "Schwarzenberger",
                    "suffix": ""
                }
            ],
            "year": 2004,
            "venue": "The Journal of Infectious Diseases",
            "volume": "190",
            "issn": "3",
            "pages": "624-631",
            "other_ids": {
                "DOI": [
                    "10.1086/422329"
                ]
            }
        },
        "BIBREF5": {
            "title": "IL-17 in protective immunity to intracellular pathogens",
            "authors": [
                {
                    "first": "S.",
                    "middle": [
                        "A."
                    ],
                    "last": "Khader",
                    "suffix": ""
                },
                {
                    "first": "R.",
                    "middle": [],
                    "last": "Gopal",
                    "suffix": ""
                }
            ],
            "year": 2010,
            "venue": "Virulence",
            "volume": "1",
            "issn": "5",
            "pages": "423-427",
            "other_ids": {
                "DOI": [
                    "10.4161/viru.1.5.12862"
                ]
            }
        },
        "BIBREF6": {
            "title": "Interleukin-17 protects against the francisella tularensis live vaccine strain but not against a virulent F. tularensis type A strain",
            "authors": [
                {
                    "first": "J.",
                    "middle": [
                        "A."
                    ],
                    "last": "Skyberg",
                    "suffix": ""
                },
                {
                    "first": "M.",
                    "middle": [
                        "F."
                    ],
                    "last": "Rollins",
                    "suffix": ""
                },
                {
                    "first": "J.",
                    "middle": [
                        "W."
                    ],
                    "last": "Samuel",
                    "suffix": ""
                },
                {
                    "first": "M.",
                    "middle": [
                        "D."
                    ],
                    "last": "Sutherland",
                    "suffix": ""
                },
                {
                    "first": "J.",
                    "middle": [
                        "T."
                    ],
                    "last": "Belisle",
                    "suffix": ""
                },
                {
                    "first": "D.",
                    "middle": [
                        "W."
                    ],
                    "last": "Pascual",
                    "suffix": ""
                }
            ],
            "year": 2013,
            "venue": "Infection and Immunity",
            "volume": "81",
            "issn": "9",
            "pages": "3099-3105",
            "other_ids": {
                "DOI": [
                    "10.1128/iai.00203-13"
                ]
            }
        },
        "BIBREF7": {
            "title": "Th17 cytokines in recall responses against francisella tularensis in Humans",
            "authors": [
                {
                    "first": "C.",
                    "middle": [],
                    "last": "Paranavitana",
                    "suffix": ""
                },
                {
                    "first": "E.",
                    "middle": [],
                    "last": "Zelazowska",
                    "suffix": ""
                },
                {
                    "first": "L.",
                    "middle": [],
                    "last": "Dasilva",
                    "suffix": ""
                },
                {
                    "first": "P.",
                    "middle": [
                        "R."
                    ],
                    "last": "Pittman",
                    "suffix": ""
                },
                {
                    "first": "M.",
                    "middle": [],
                    "last": "Nikolich",
                    "suffix": ""
                }
            ],
            "year": 2010,
            "venue": "Journal of Interferon & Cytokine Research",
            "volume": "30",
            "issn": "7",
            "pages": "471-476",
            "other_ids": {
                "DOI": [
                    "10.1089/jir.2009.0108"
                ]
            }
        },
        "BIBREF8": {
            "title": "Th17 cells in human disease",
            "authors": [
                {
                    "first": "L.",
                    "middle": [
                        "A."
                    ],
                    "last": "Tesmer",
                    "suffix": ""
                },
                {
                    "first": "S.",
                    "middle": [
                        "K."
                    ],
                    "last": "Lundy",
                    "suffix": ""
                },
                {
                    "first": "S.",
                    "middle": [],
                    "last": "Sarkar",
                    "suffix": ""
                },
                {
                    "first": "D.",
                    "middle": [
                        "A."
                    ],
                    "last": "Fox",
                    "suffix": ""
                }
            ],
            "year": 2008,
            "venue": "Immunological Reviews",
            "volume": "223",
            "issn": "1",
            "pages": "87-113",
            "other_ids": {
                "DOI": [
                    "10.1111/j.1600-065X.2008.00628.x"
                ]
            }
        },
        "BIBREF9": {
            "title": "IL-17/IL-17 receptor system in autoimmune disease: mechanisms and therapeutic potential",
            "authors": [
                {
                    "first": "S.",
                    "middle": [],
                    "last": "Zhu",
                    "suffix": ""
                },
                {
                    "first": "Y.",
                    "middle": [],
                    "last": "Qian",
                    "suffix": ""
                }
            ],
            "year": 2012,
            "venue": "Clinical Science",
            "volume": "122",
            "issn": "11",
            "pages": "487-511",
            "other_ids": {
                "DOI": [
                    "10.1042/cs20110496"
                ]
            }
        },
        "BIBREF10": {
            "title": "CTLA-8, cloned from an activated T cell, bearing AU-rich messenger RNA instability sequences, and homologous to a herpesvirus Saimiri gene",
            "authors": [
                {
                    "first": "E.",
                    "middle": [],
                    "last": "Rouvier",
                    "suffix": ""
                },
                {
                    "first": "M.-F.",
                    "middle": [],
                    "last": "Luciani",
                    "suffix": ""
                },
                {
                    "first": "M.-G.",
                    "middle": [],
                    "last": "Mattei",
                    "suffix": ""
                },
                {
                    "first": "F.",
                    "middle": [],
                    "last": "Denizot",
                    "suffix": ""
                },
                {
                    "first": "P.",
                    "middle": [],
                    "last": "Golstein",
                    "suffix": ""
                }
            ],
            "year": 1993,
            "venue": "Journal of Immunology",
            "volume": "150",
            "issn": "12",
            "pages": "5445-5456",
            "other_ids": {
                "DOI": []
            }
        },
        "BIBREF11": {
            "title": "Putting the jigsaw together\u2014a brief insight into the tularemia",
            "authors": [
                {
                    "first": "K.",
                    "middle": [],
                    "last": "Kubelkova",
                    "suffix": ""
                },
                {
                    "first": "A.",
                    "middle": [],
                    "last": "Macela",
                    "suffix": ""
                }
            ],
            "year": 2015,
            "venue": "Open Life Sciences",
            "volume": "10",
            "issn": "1",
            "pages": "195-216",
            "other_ids": {
                "DOI": [
                    "10.1515/biol-2015-0013"
                ]
            }
        },
        "BIBREF12": {
            "title": "Identification of T-cell epitopes in Francisella tularensis using an ordered protein array of serological targets",
            "authors": [
                {
                    "first": "M.",
                    "middle": [
                        "D."
                    ],
                    "last": "Valentino",
                    "suffix": ""
                },
                {
                    "first": "Z.",
                    "middle": [
                        "J."
                    ],
                    "last": "Maben",
                    "suffix": ""
                },
                {
                    "first": "L.",
                    "middle": [
                        "L."
                    ],
                    "last": "Hensley",
                    "suffix": ""
                }
            ],
            "year": 2011,
            "venue": "Immunology",
            "volume": "132",
            "issn": "3",
            "pages": "348-360",
            "other_ids": {
                "DOI": [
                    "10.1111/j.1365-2567.2010.03387.x"
                ]
            }
        },
        "BIBREF13": {
            "title": "Tularaemia: a challenging zoonosis",
            "authors": [
                {
                    "first": "C.",
                    "middle": [
                        "L."
                    ],
                    "last": "Carvalho",
                    "suffix": ""
                },
                {
                    "first": "I.",
                    "middle": [],
                    "last": "Lopes de Carvalho",
                    "suffix": ""
                },
                {
                    "first": "L.",
                    "middle": [],
                    "last": "Z\u00e9-Z\u00e9",
                    "suffix": ""
                },
                {
                    "first": "M.",
                    "middle": [
                        "S."
                    ],
                    "last": "N\u00fancio",
                    "suffix": ""
                },
                {
                    "first": "E.",
                    "middle": [
                        "L."
                    ],
                    "last": "Duarte",
                    "suffix": ""
                }
            ],
            "year": 2014,
            "venue": "Comparative Immunology, Microbiology and Infectious Diseases",
            "volume": "37",
            "issn": "2",
            "pages": "85-96",
            "other_ids": {
                "DOI": [
                    "10.1016/j.cimid.2014.01.002"
                ]
            }
        },
        "BIBREF14": {
            "title": "Rabbit tularemia and hepatic coccidiosis in wild rabbit",
            "authors": [
                {
                    "first": "D.",
                    "middle": [
                        "Y."
                    ],
                    "last": "Kim",
                    "suffix": ""
                },
                {
                    "first": "T.",
                    "middle": [
                        "J."
                    ],
                    "last": "Reilly",
                    "suffix": ""
                },
                {
                    "first": "S.",
                    "middle": [
                        "K."
                    ],
                    "last": "Schommer",
                    "suffix": ""
                },
                {
                    "first": "S.",
                    "middle": [
                        "T."
                    ],
                    "last": "Spagnoli",
                    "suffix": ""
                }
            ],
            "year": 2010,
            "venue": "Emerging Infectious Diseases",
            "volume": "16",
            "issn": "12",
            "pages": "2016-2017",
            "other_ids": {
                "DOI": [
                    "10.3201/eid1612.101013"
                ]
            }
        },
        "BIBREF15": {
            "title": "10 years of surveillance of human tularaemia in France",
            "authors": [
                {
                    "first": "A.",
                    "middle": [],
                    "last": "Mailles",
                    "suffix": ""
                },
                {
                    "first": "V.",
                    "middle": [],
                    "last": "Vaillant",
                    "suffix": ""
                }
            ],
            "year": 2014,
            "venue": "Eurosurveillance",
            "volume": "19",
            "issn": "45",
            "pages": null,
            "other_ids": {
                "DOI": [
                    "10.2807/1560-7917.ES2014.19.45.20956"
                ]
            }
        },
        "BIBREF16": {
            "title": "Serological prevalence of tularemia in cottontail rabbits of southern Illinois",
            "authors": [
                {
                    "first": "D.",
                    "middle": [
                        "A."
                    ],
                    "last": "Lepitzki",
                    "suffix": ""
                },
                {
                    "first": "A.",
                    "middle": [],
                    "last": "Woolf",
                    "suffix": ""
                },
                {
                    "first": "M.",
                    "middle": [],
                    "last": "Cooper",
                    "suffix": ""
                }
            ],
            "year": 1990,
            "venue": "Journal of Wildlife Diseases",
            "volume": "26",
            "issn": "2",
            "pages": "279-282",
            "other_ids": {
                "DOI": [
                    "10.7589/0090-3558-26.2.279"
                ]
            }
        },
        "BIBREF17": {
            "title": "Tularemia, plague, yersiniosis, and Tyzzer's disease in wild rodents and lagomorphs in Canada: a review",
            "authors": [
                {
                    "first": "G.",
                    "middle": [],
                    "last": "Wobeser",
                    "suffix": ""
                },
                {
                    "first": "G.",
                    "middle": [
                        "D."
                    ],
                    "last": "Campbell",
                    "suffix": ""
                },
                {
                    "first": "A.",
                    "middle": [],
                    "last": "Dallaire",
                    "suffix": ""
                },
                {
                    "first": "S.",
                    "middle": [],
                    "last": "McBurney",
                    "suffix": ""
                }
            ],
            "year": 2009,
            "venue": "Canadian Veterinary Journal",
            "volume": "50",
            "issn": "12",
            "pages": "1251-1256",
            "other_ids": {
                "DOI": []
            }
        },
        "BIBREF18": {
            "title": "Tularaemia in a brown hare (Lepus europaeus) in 2013: first case in the Netherlands in 60 years",
            "authors": [
                {
                    "first": "J.",
                    "middle": [
                        "M."
                    ],
                    "last": "Rijks",
                    "suffix": ""
                },
                {
                    "first": "M.",
                    "middle": [],
                    "last": "Kik",
                    "suffix": ""
                },
                {
                    "first": "M.",
                    "middle": [
                        "G."
                    ],
                    "last": "Koene",
                    "suffix": ""
                }
            ],
            "year": 2013,
            "venue": "Eurosurveillance",
            "volume": "18",
            "issn": "49",
            "pages": null,
            "other_ids": {
                "DOI": []
            }
        },
        "BIBREF19": {
            "title": "The status of tularemia in Europe in a one-health context: a review",
            "authors": [
                {
                    "first": "G.",
                    "middle": [],
                    "last": "Hestvik",
                    "suffix": ""
                },
                {
                    "first": "E.",
                    "middle": [],
                    "last": "Warns-Petit",
                    "suffix": ""
                },
                {
                    "first": "L.",
                    "middle": [
                        "A."
                    ],
                    "last": "Smith",
                    "suffix": ""
                }
            ],
            "year": 2015,
            "venue": "Epidemiology and Infection",
            "volume": "143",
            "issn": "10",
            "pages": "2137-2160",
            "other_ids": {
                "DOI": [
                    "10.1017/s0950268814002398"
                ]
            }
        },
        "BIBREF20": {
            "title": "A molecular supermatrix of the rabbits and hares (Leporidae) allows for the identification of five intercontinental exchanges during the Miocene",
            "authors": [
                {
                    "first": "C.",
                    "middle": [
                        "A."
                    ],
                    "last": "Matthee",
                    "suffix": ""
                },
                {
                    "first": "B.",
                    "middle": [
                        "J."
                    ],
                    "last": "van Vuuren",
                    "suffix": ""
                },
                {
                    "first": "D.",
                    "middle": [],
                    "last": "Bell",
                    "suffix": ""
                },
                {
                    "first": "T.",
                    "middle": [
                        "J."
                    ],
                    "last": "Robinson",
                    "suffix": ""
                }
            ],
            "year": 2004,
            "venue": "Systematic Biology",
            "volume": "53",
            "issn": "3",
            "pages": "433-447",
            "other_ids": {
                "DOI": [
                    "10.1080/10635150490445715"
                ]
            }
        },
        "BIBREF21": {
            "title": "An overview of IL-17 function and signaling",
            "authors": [
                {
                    "first": "S.",
                    "middle": [
                        "L."
                    ],
                    "last": "Gaffen",
                    "suffix": ""
                }
            ],
            "year": 2008,
            "venue": "Cytokine",
            "volume": "43",
            "issn": "3",
            "pages": "402-407",
            "other_ids": {
                "DOI": [
                    "10.1016/j.cyto.2008.07.017"
                ]
            }
        },
        "BIBREF22": {
            "title": "Phylogenetic analyses of complete mitochondrial genome sequences suggest a basal divergence of the enigmatic rodent Anomalurus\n",
            "authors": [
                {
                    "first": "D.",
                    "middle": [
                        "S."
                    ],
                    "last": "Horner",
                    "suffix": ""
                },
                {
                    "first": "K.",
                    "middle": [],
                    "last": "Lefkimmiatis",
                    "suffix": ""
                },
                {
                    "first": "A.",
                    "middle": [],
                    "last": "Reyes",
                    "suffix": ""
                },
                {
                    "first": "C.",
                    "middle": [],
                    "last": "Gissi",
                    "suffix": ""
                },
                {
                    "first": "C.",
                    "middle": [],
                    "last": "Saccone",
                    "suffix": ""
                },
                {
                    "first": "G.",
                    "middle": [],
                    "last": "Pesole",
                    "suffix": ""
                }
            ],
            "year": 2007,
            "venue": "BMC Evolutionary Biology",
            "volume": "7, article 16",
            "issn": "",
            "pages": null,
            "other_ids": {
                "DOI": [
                    "10.1186/1471-2148-7-16"
                ]
            }
        },
        "BIBREF23": {
            "title": "Molecular phylogenetics and the origins of placental mammals",
            "authors": [
                {
                    "first": "W.",
                    "middle": [
                        "J."
                    ],
                    "last": "Murphy",
                    "suffix": ""
                },
                {
                    "first": "E.",
                    "middle": [],
                    "last": "Eizirik",
                    "suffix": ""
                },
                {
                    "first": "W.",
                    "middle": [
                        "E."
                    ],
                    "last": "Johnson",
                    "suffix": ""
                },
                {
                    "first": "Y.",
                    "middle": [
                        "P."
                    ],
                    "last": "Zhang",
                    "suffix": ""
                },
                {
                    "first": "O.",
                    "middle": [
                        "A."
                    ],
                    "last": "Ryder",
                    "suffix": ""
                },
                {
                    "first": "S.",
                    "middle": [
                        "J."
                    ],
                    "last": "O'Brien",
                    "suffix": ""
                }
            ],
            "year": 2001,
            "venue": "Nature",
            "volume": "409",
            "issn": "6820",
            "pages": "614-618",
            "other_ids": {
                "DOI": [
                    "10.1038/35054550"
                ]
            }
        },
        "BIBREF24": {
            "title": "Quantitative RT-PCR profiling of the rabbit immune response: assessment of acute Shigella flexneri infection",
            "authors": [
                {
                    "first": "P.",
                    "middle": [],
                    "last": "Schnupf",
                    "suffix": ""
                },
                {
                    "first": "P.",
                    "middle": [
                        "J."
                    ],
                    "last": "Sansonetti",
                    "suffix": ""
                }
            ],
            "year": 2012,
            "venue": "PLoS ONE",
            "volume": "7",
            "issn": "6",
            "pages": null,
            "other_ids": {
                "DOI": [
                    "10.1371/journal.pone.0036446"
                ]
            }
        },
        "BIBREF25": {
            "title": "Rabbit as a reproductive model for human health",
            "authors": [
                {
                    "first": "B.",
                    "middle": [],
                    "last": "Fischer",
                    "suffix": ""
                },
                {
                    "first": "P.",
                    "middle": [],
                    "last": "Chavatte-Palmer",
                    "suffix": ""
                },
                {
                    "first": "C.",
                    "middle": [],
                    "last": "Viebahn",
                    "suffix": ""
                },
                {
                    "first": "A.",
                    "middle": [],
                    "last": "Santos",
                    "suffix": ""
                },
                {
                    "first": "V.",
                    "middle": [],
                    "last": "Duranthon",
                    "suffix": ""
                }
            ],
            "year": 2012,
            "venue": "Reproduction",
            "volume": "144",
            "issn": "1",
            "pages": "1-10",
            "other_ids": {
                "DOI": [
                    "10.1530/rep-12-0091"
                ]
            }
        },
        "BIBREF26": {
            "title": "Genetic characterization of interleukins (IL-1\u03b1, IL-1\u03b2, IL-2, IL-4, IL-8, IL-10, IL-12A, IL-12B, IL-15 and IL-18) with relevant biological roles in lagomorphs",
            "authors": [
                {
                    "first": "F.",
                    "middle": [],
                    "last": "Neves",
                    "suffix": ""
                },
                {
                    "first": "J.",
                    "middle": [],
                    "last": "Abrantes",
                    "suffix": ""
                },
                {
                    "first": "T.",
                    "middle": [],
                    "last": "Almeida",
                    "suffix": ""
                },
                {
                    "first": "A.",
                    "middle": [
                        "L."
                    ],
                    "last": "de Matos",
                    "suffix": ""
                },
                {
                    "first": "P.",
                    "middle": [
                        "P."
                    ],
                    "last": "Costa",
                    "suffix": ""
                },
                {
                    "first": "P.",
                    "middle": [
                        "J."
                    ],
                    "last": "Esteves",
                    "suffix": ""
                }
            ],
            "year": 2015,
            "venue": "Innate Immunity",
            "volume": "21",
            "issn": "8",
            "pages": "787-801",
            "other_ids": {
                "DOI": [
                    "10.1177/1753425915606209"
                ]
            }
        },
        "BIBREF27": {
            "title": "A comparative review of toll-like receptor 4 expression and functionality in different animal species",
            "authors": [
                {
                    "first": "C.",
                    "middle": [],
                    "last": "Vaure",
                    "suffix": ""
                },
                {
                    "first": "Y.",
                    "middle": [],
                    "last": "Liu",
                    "suffix": ""
                }
            ],
            "year": 2014,
            "venue": "Frontiers in Immunology",
            "volume": "5, article 316",
            "issn": "",
            "pages": null,
            "other_ids": {
                "DOI": [
                    "10.3389/fimmu.2014.00316"
                ]
            }
        },
        "BIBREF28": {
            "title": "Phylogenetic analysis of cystic fibrosis transmembrane conductance regulator gene in mammalian species argues for the development of a rabbit model for cystic fibrosis",
            "authors": [
                {
                    "first": "S.",
                    "middle": [],
                    "last": "Vuillaumier",
                    "suffix": ""
                },
                {
                    "first": "B.",
                    "middle": [],
                    "last": "Kaltenboeck",
                    "suffix": ""
                },
                {
                    "first": "G.",
                    "middle": [],
                    "last": "Lecointre",
                    "suffix": ""
                },
                {
                    "first": "P.",
                    "middle": [],
                    "last": "Lehn",
                    "suffix": ""
                },
                {
                    "first": "E.",
                    "middle": [],
                    "last": "Denamur",
                    "suffix": ""
                }
            ],
            "year": 1997,
            "venue": "Molecular Biology and Evolution",
            "volume": "14",
            "issn": "4",
            "pages": "372-380",
            "other_ids": {
                "DOI": [
                    "10.1093/oxfordjournals.molbev.a025773"
                ]
            }
        },
        "BIBREF29": {
            "title": "An overview of the lagomorph immune system and its genetic diversity",
            "authors": [
                {
                    "first": "A.",
                    "middle": [],
                    "last": "Pinheiro",
                    "suffix": ""
                },
                {
                    "first": "F.",
                    "middle": [],
                    "last": "Neves",
                    "suffix": ""
                },
                {
                    "first": "A.",
                    "middle": [],
                    "last": "Lemos de Matos",
                    "suffix": ""
                }
            ],
            "year": null,
            "venue": "Immunogenetics",
            "volume": "",
            "issn": "",
            "pages": null,
            "other_ids": {
                "DOI": [
                    "10.1007/s00251-015-0868-8"
                ]
            }
        },
        "BIBREF30": {
            "title": "DnaSP v5: a software for comprehensive analysis of DNA polymorphism data",
            "authors": [
                {
                    "first": "P.",
                    "middle": [],
                    "last": "Librado",
                    "suffix": ""
                },
                {
                    "first": "J.",
                    "middle": [],
                    "last": "Rozas",
                    "suffix": ""
                }
            ],
            "year": 2009,
            "venue": "Bioinformatics",
            "volume": "25",
            "issn": "11",
            "pages": "1451-1452",
            "other_ids": {
                "DOI": [
                    "10.1093/bioinformatics/btp187"
                ]
            }
        },
        "BIBREF31": {
            "title": "MUSCLE: multiple sequence alignment with high accuracy and high throughput",
            "authors": [
                {
                    "first": "R.",
                    "middle": [
                        "C."
                    ],
                    "last": "Edgar",
                    "suffix": ""
                }
            ],
            "year": 2004,
            "venue": "Nucleic Acids Research",
            "volume": "32",
            "issn": "5",
            "pages": "1792-1797",
            "other_ids": {
                "DOI": [
                    "10.1093/nar/gkh340"
                ]
            }
        },
        "BIBREF32": {
            "title": "The biological functions of T helper 17 cell effector cytokines in inflammation",
            "authors": [
                {
                    "first": "W.",
                    "middle": [],
                    "last": "Ouyang",
                    "suffix": ""
                },
                {
                    "first": "J.",
                    "middle": [
                        "K."
                    ],
                    "last": "Kolls",
                    "suffix": ""
                },
                {
                    "first": "Y.",
                    "middle": [],
                    "last": "Zheng",
                    "suffix": ""
                }
            ],
            "year": 2008,
            "venue": "Immunity",
            "volume": "28",
            "issn": "4",
            "pages": "454-467",
            "other_ids": {
                "DOI": [
                    "10.1016/j.immuni.2008.03.004"
                ]
            }
        },
        "BIBREF33": {
            "title": "",
            "authors": [
                {
                    "first": "R.",
                    "middle": [],
                    "last": "Gupta",
                    "suffix": ""
                },
                {
                    "first": "E.",
                    "middle": [],
                    "last": "Jung",
                    "suffix": ""
                },
                {
                    "first": "S.",
                    "middle": [],
                    "last": "Brunak",
                    "suffix": ""
                }
            ],
            "year": 2004,
            "venue": "Prediction of N-Glycosylation Sites in Human Proteins",
            "volume": "",
            "issn": "",
            "pages": null,
            "other_ids": {
                "DOI": []
            }
        },
        "BIBREF34": {
            "title": "MEGA6: molecular evolutionary genetics analysis version 6.0",
            "authors": [
                {
                    "first": "K.",
                    "middle": [],
                    "last": "Tamura",
                    "suffix": ""
                },
                {
                    "first": "G.",
                    "middle": [],
                    "last": "Stecher",
                    "suffix": ""
                },
                {
                    "first": "D.",
                    "middle": [],
                    "last": "Peterson",
                    "suffix": ""
                },
                {
                    "first": "A.",
                    "middle": [],
                    "last": "Filipski",
                    "suffix": ""
                },
                {
                    "first": "S.",
                    "middle": [],
                    "last": "Kumar",
                    "suffix": ""
                }
            ],
            "year": 2013,
            "venue": "Molecular Biology and Evolution",
            "volume": "30",
            "issn": "12",
            "pages": "2725-2729",
            "other_ids": {
                "DOI": [
                    "10.1093/molbev/mst197"
                ]
            }
        },
        "BIBREF35": {
            "title": "Scalable web services for the PSIPRED Protein Analysis Workbench",
            "authors": [
                {
                    "first": "D.",
                    "middle": [
                        "W.",
                        "A."
                    ],
                    "last": "Buchan",
                    "suffix": ""
                },
                {
                    "first": "F.",
                    "middle": [],
                    "last": "Minneci",
                    "suffix": ""
                },
                {
                    "first": "T.",
                    "middle": [
                        "C.",
                        "O."
                    ],
                    "last": "Nugent",
                    "suffix": ""
                },
                {
                    "first": "K.",
                    "middle": [],
                    "last": "Bryson",
                    "suffix": ""
                },
                {
                    "first": "D.",
                    "middle": [
                        "T."
                    ],
                    "last": "Jones",
                    "suffix": ""
                }
            ],
            "year": 2013,
            "venue": "Nucleic Acids Research",
            "volume": "41",
            "issn": "",
            "pages": "W349-W357",
            "other_ids": {
                "DOI": [
                    "10.1093/nar/gkt381"
                ]
            }
        },
        "BIBREF36": {
            "title": "Protein secondary structure prediction based on position-specific scoring matrices",
            "authors": [
                {
                    "first": "D.",
                    "middle": [
                        "T."
                    ],
                    "last": "Jones",
                    "suffix": ""
                }
            ],
            "year": 1999,
            "venue": "Journal of Molecular Biology",
            "volume": "292",
            "issn": "2",
            "pages": "195-202",
            "other_ids": {
                "DOI": [
                    "10.1006/jmbi.1999.3091"
                ]
            }
        },
        "BIBREF37": {
            "title": "DiANNA 1.1: an extension of the DiANNA web server for ternary cysteine classification",
            "authors": [
                {
                    "first": "F.",
                    "middle": [],
                    "last": "Ferr\u00e8",
                    "suffix": ""
                },
                {
                    "first": "P.",
                    "middle": [],
                    "last": "Clote",
                    "suffix": ""
                }
            ],
            "year": 2006,
            "venue": "Nucleic Acids Research",
            "volume": "34",
            "issn": "",
            "pages": "W182-W185",
            "other_ids": {
                "DOI": [
                    "10.1093/nar/gkl189"
                ]
            }
        },
        "BIBREF38": {
            "title": "Crystal structures of interleukin 17A and its complex with IL-17 receptor A",
            "authors": [
                {
                    "first": "S.",
                    "middle": [],
                    "last": "Liu",
                    "suffix": ""
                },
                {
                    "first": "X.",
                    "middle": [],
                    "last": "Song",
                    "suffix": ""
                },
                {
                    "first": "B.",
                    "middle": [
                        "A."
                    ],
                    "last": "Chrunyk",
                    "suffix": ""
                }
            ],
            "year": 2013,
            "venue": "Nature Communications",
            "volume": "4, article 188",
            "issn": "",
            "pages": null,
            "other_ids": {
                "DOI": [
                    "10.1038/ncomms2880"
                ]
            }
        },
        "BIBREF39": {
            "title": "IL-22 and IL-17: an overview",
            "authors": [
                {
                    "first": "R.",
                    "middle": [],
                    "last": "Sabat",
                    "suffix": ""
                },
                {
                    "first": "E.",
                    "middle": [],
                    "last": "Witte",
                    "suffix": ""
                },
                {
                    "first": "K.",
                    "middle": [],
                    "last": "Witte",
                    "suffix": ""
                },
                {
                    "first": "K.",
                    "middle": [],
                    "last": "Wolk",
                    "suffix": ""
                }
            ],
            "year": 2013,
            "venue": "IL-17, IL-22 and Their Producing Cells: Role in Inflammation and Autoimmunity",
            "volume": "",
            "issn": "",
            "pages": null,
            "other_ids": {
                "DOI": []
            }
        },
        "BIBREF40": {
            "title": "Characterization of disease-associated single amino acid polymorphisms in terms of sequence and structure properties",
            "authors": [
                {
                    "first": "C.",
                    "middle": [],
                    "last": "Ferrer-Costa",
                    "suffix": ""
                },
                {
                    "first": "M.",
                    "middle": [],
                    "last": "Orozco",
                    "suffix": ""
                },
                {
                    "first": "X.",
                    "middle": [],
                    "last": "de la Cruz",
                    "suffix": ""
                }
            ],
            "year": 2002,
            "venue": "Journal of Molecular Biology",
            "volume": "315",
            "issn": "4",
            "pages": "771-786",
            "other_ids": {
                "DOI": [
                    "10.1006/jmbi.2001.5255"
                ]
            }
        },
        "BIBREF41": {
            "title": "An arginine-to-proline mutation in a domain with undefined functions within the helicase protein (Nsp13) is lethal to the coronavirus infectious bronchitis virus in cultured cells",
            "authors": [
                {
                    "first": "S.",
                    "middle": [],
                    "last": "Fang",
                    "suffix": ""
                },
                {
                    "first": "B.",
                    "middle": [],
                    "last": "Chen",
                    "suffix": ""
                },
                {
                    "first": "F.",
                    "middle": [
                        "P.",
                        "L."
                    ],
                    "last": "Tay",
                    "suffix": ""
                },
                {
                    "first": "B.",
                    "middle": [
                        "S."
                    ],
                    "last": "Ng",
                    "suffix": ""
                },
                {
                    "first": "D.",
                    "middle": [
                        "X."
                    ],
                    "last": "Liu",
                    "suffix": ""
                }
            ],
            "year": 2007,
            "venue": "Virology",
            "volume": "358",
            "issn": "1",
            "pages": "136-147",
            "other_ids": {
                "DOI": [
                    "10.1016/j.virol.2006.08.020"
                ]
            }
        },
        "BIBREF42": {
            "title": "A single amino acid change in the SPRY domain of human Trim5\u03b1 leads to HIV-1 restriction",
            "authors": [
                {
                    "first": "M.",
                    "middle": [
                        "W."
                    ],
                    "last": "Yap",
                    "suffix": ""
                },
                {
                    "first": "S.",
                    "middle": [],
                    "last": "Nisole",
                    "suffix": ""
                },
                {
                    "first": "J.",
                    "middle": [
                        "P."
                    ],
                    "last": "Stoye",
                    "suffix": ""
                }
            ],
            "year": 2005,
            "venue": "Current Biology",
            "volume": "15",
            "issn": "1",
            "pages": "73-78",
            "other_ids": {
                "DOI": [
                    "10.1016/j.cub.2004.12.042"
                ]
            }
        },
        "BIBREF43": {
            "title": "Structure of IL-17A in complex with a potent, fully human neutralizing antibody",
            "authors": [
                {
                    "first": "S.",
                    "middle": [],
                    "last": "Gerhardt",
                    "suffix": ""
                },
                {
                    "first": "W.",
                    "middle": [
                        "M."
                    ],
                    "last": "Abbott",
                    "suffix": ""
                },
                {
                    "first": "D.",
                    "middle": [],
                    "last": "Hargreaves",
                    "suffix": ""
                }
            ],
            "year": 2009,
            "venue": "Journal of Molecular Biology",
            "volume": "394",
            "issn": "5",
            "pages": "905-921",
            "other_ids": {
                "DOI": [
                    "10.1016/j.jmb.2009.10.008"
                ]
            }
        },
        "BIBREF44": {
            "title": "Roles of N-linked glycans in the endoplasmic reticulum",
            "authors": [
                {
                    "first": "A.",
                    "middle": [],
                    "last": "Helenius",
                    "suffix": ""
                },
                {
                    "first": "M.",
                    "middle": [],
                    "last": "Aebi",
                    "suffix": ""
                }
            ],
            "year": 2004,
            "venue": "Annual Review of Biochemistry",
            "volume": "73",
            "issn": "",
            "pages": "1019-1049",
            "other_ids": {
                "DOI": [
                    "10.1146/annurev.biochem.73.011303.073752"
                ]
            }
        },
        "BIBREF45": {
            "title": "Glycosylation and the immune system",
            "authors": [
                {
                    "first": "P.",
                    "middle": [
                        "M."
                    ],
                    "last": "Rudd",
                    "suffix": ""
                },
                {
                    "first": "T.",
                    "middle": [],
                    "last": "Elliott",
                    "suffix": ""
                },
                {
                    "first": "P.",
                    "middle": [],
                    "last": "Cresswell",
                    "suffix": ""
                },
                {
                    "first": "I.",
                    "middle": [
                        "A."
                    ],
                    "last": "Wilson",
                    "suffix": ""
                },
                {
                    "first": "R.",
                    "middle": [
                        "A."
                    ],
                    "last": "Dwek",
                    "suffix": ""
                }
            ],
            "year": 2001,
            "venue": "Science",
            "volume": "291",
            "issn": "5512",
            "pages": "2370-2376",
            "other_ids": {
                "DOI": [
                    "10.1126/science.291.5512.2370"
                ]
            }
        },
        "BIBREF46": {
            "title": "Effects of N-glycosylation on protein conformation and dynamics: Protein Data Bank analysis and molecular dynamics simulation study",
            "authors": [
                {
                    "first": "H.",
                    "middle": [
                        "S."
                    ],
                    "last": "Lee",
                    "suffix": ""
                },
                {
                    "first": "Y.",
                    "middle": [],
                    "last": "Qi",
                    "suffix": ""
                },
                {
                    "first": "W.",
                    "middle": [],
                    "last": "Im",
                    "suffix": ""
                }
            ],
            "year": 2015,
            "venue": "Scientific Reports",
            "volume": "5, article 8926",
            "issn": "",
            "pages": null,
            "other_ids": {
                "DOI": [
                    "10.1038/srep08926"
                ]
            }
        },
        "BIBREF47": {
            "title": "Disulfide bonding in protein biophysics",
            "authors": [
                {
                    "first": "D.",
                    "middle": [],
                    "last": "Fass",
                    "suffix": ""
                }
            ],
            "year": 2012,
            "venue": "Annual Review of Biophysics",
            "volume": "41",
            "issn": "1",
            "pages": "63-79",
            "other_ids": {
                "DOI": [
                    "10.1146/annurev-biophys-050511-102321"
                ]
            }
        },
        "BIBREF48": {
            "title": "IL-17s adopt a cystine knot fold: structure and activity of a novel cytokine, IL-17F, and implications for receptor binding",
            "authors": [
                {
                    "first": "S.",
                    "middle": [
                        "G."
                    ],
                    "last": "Hymowitz",
                    "suffix": ""
                },
                {
                    "first": "E.",
                    "middle": [
                        "H."
                    ],
                    "last": "Filvaroff",
                    "suffix": ""
                },
                {
                    "first": "J.",
                    "middle": [],
                    "last": "Yin",
                    "suffix": ""
                }
            ],
            "year": 2001,
            "venue": "The EMBO Journal",
            "volume": "20",
            "issn": "19",
            "pages": "5332-5341",
            "other_ids": {
                "DOI": [
                    "10.1093/emboj/20.19.5332"
                ]
            }
        },
        "BIBREF49": {
            "title": "The human IL-17F/IL-17A heterodimeric cytokine signals through the IL-17RA/IL-17RC receptor complex",
            "authors": [
                {
                    "first": "J.",
                    "middle": [
                        "F."
                    ],
                    "last": "Wright",
                    "suffix": ""
                },
                {
                    "first": "F.",
                    "middle": [],
                    "last": "Bennett",
                    "suffix": ""
                },
                {
                    "first": "B.",
                    "middle": [],
                    "last": "Li",
                    "suffix": ""
                }
            ],
            "year": 2008,
            "venue": "The Journal of Immunology",
            "volume": "181",
            "issn": "4",
            "pages": "2799-2805",
            "other_ids": {
                "DOI": [
                    "10.4049/jimmunol.181.4.2799"
                ]
            }
        },
        "BIBREF50": {
            "title": "Impact of glycosylation on the effect of cytokines. A special focus on oncology",
            "authors": [
                {
                    "first": "A.-L.",
                    "middle": [],
                    "last": "Chamorey",
                    "suffix": ""
                },
                {
                    "first": "N.",
                    "middle": [],
                    "last": "Magn\u00e9",
                    "suffix": ""
                },
                {
                    "first": "X.",
                    "middle": [],
                    "last": "Pivot",
                    "suffix": ""
                },
                {
                    "first": "G.",
                    "middle": [],
                    "last": "Milano",
                    "suffix": ""
                }
            ],
            "year": 2002,
            "venue": "European Cytokine Network",
            "volume": "13",
            "issn": "2",
            "pages": "154-160",
            "other_ids": {
                "DOI": []
            }
        },
        "BIBREF51": {
            "title": "Effect of glycosylation on protein folding: a close look at thermodynamic stabilization",
            "authors": [
                {
                    "first": "D.",
                    "middle": [],
                    "last": "Shental-Bechor",
                    "suffix": ""
                },
                {
                    "first": "Y.",
                    "middle": [],
                    "last": "Levy",
                    "suffix": ""
                }
            ],
            "year": 2008,
            "venue": "Proceedings of the National Academy of Sciences of the United States of America",
            "volume": "105",
            "issn": "24",
            "pages": "8256-8261",
            "other_ids": {
                "DOI": [
                    "10.1073/pnas.0801340105"
                ]
            }
        },
        "BIBREF52": {
            "title": "Maximum-likelihood approaches reveal signatures of positive selection in IL genes in mammals",
            "authors": [
                {
                    "first": "F.",
                    "middle": [],
                    "last": "Neves",
                    "suffix": ""
                },
                {
                    "first": "J.",
                    "middle": [],
                    "last": "Abrantes",
                    "suffix": ""
                },
                {
                    "first": "J.",
                    "middle": [
                        "W."
                    ],
                    "last": "Steinke",
                    "suffix": ""
                },
                {
                    "first": "P.",
                    "middle": [
                        "J."
                    ],
                    "last": "Esteves",
                    "suffix": ""
                }
            ],
            "year": 2014,
            "venue": "Innate Immunity",
            "volume": "20",
            "issn": "2",
            "pages": "184-191",
            "other_ids": {
                "DOI": [
                    "10.1177/1753425913486687"
                ]
            }
        },
        "BIBREF53": {
            "title": "Structural basis of receptor sharing by interleukin 17 cytokines",
            "authors": [
                {
                    "first": "L.",
                    "middle": [
                        "K."
                    ],
                    "last": "Ely",
                    "suffix": ""
                },
                {
                    "first": "S.",
                    "middle": [],
                    "last": "Fischer",
                    "suffix": ""
                },
                {
                    "first": "K.",
                    "middle": [
                        "C."
                    ],
                    "last": "Garcia",
                    "suffix": ""
                }
            ],
            "year": 2009,
            "venue": "Nature Immunology",
            "volume": "10",
            "issn": "12",
            "pages": "1245-1251",
            "other_ids": {
                "DOI": [
                    "10.1038/ni.1813"
                ]
            }
        },
        "BIBREF54": {
            "title": "Structure-function relationships in the IL-17 receptor: implications for signal transduction and therapy",
            "authors": [
                {
                    "first": "F.",
                    "middle": [],
                    "last": "Shen",
                    "suffix": ""
                },
                {
                    "first": "S.",
                    "middle": [
                        "L."
                    ],
                    "last": "Gaffen",
                    "suffix": ""
                }
            ],
            "year": 2008,
            "venue": "Cytokine",
            "volume": "41",
            "issn": "2",
            "pages": "92-104",
            "other_ids": {
                "DOI": [
                    "10.1016/j.cyto.2007.11.013"
                ]
            }
        },
        "BIBREF55": {
            "title": "Interleukin-17-producing T helper cells in autoimmunity",
            "authors": [
                {
                    "first": "N.",
                    "middle": [
                        "Y."
                    ],
                    "last": "Hemdan",
                    "suffix": ""
                },
                {
                    "first": "G.",
                    "middle": [],
                    "last": "Birkenmeier",
                    "suffix": ""
                },
                {
                    "first": "G.",
                    "middle": [],
                    "last": "Wichmann",
                    "suffix": ""
                }
            ],
            "year": 2010,
            "venue": "Autoimmunity Reviews",
            "volume": "9",
            "issn": "11",
            "pages": "785-792",
            "other_ids": {
                "DOI": [
                    "10.1016/j.autrev.2010.07.003"
                ]
            }
        },
        "BIBREF56": {
            "title": "Th17 responses and host defense against microorganisms: an overview",
            "authors": [
                {
                    "first": "F.",
                    "middle": [
                        "L."
                    ],
                    "last": "van de Veerdonk",
                    "suffix": ""
                },
                {
                    "first": "M.",
                    "middle": [
                        "S."
                    ],
                    "last": "Gresnigt",
                    "suffix": ""
                },
                {
                    "first": "B.",
                    "middle": [
                        "J."
                    ],
                    "last": "Kullberg",
                    "suffix": ""
                },
                {
                    "first": "J.",
                    "middle": [
                        "W.",
                        "M."
                    ],
                    "last": "van der Meer",
                    "suffix": ""
                },
                {
                    "first": "L.",
                    "middle": [
                        "A.",
                        "B."
                    ],
                    "last": "Joosten",
                    "suffix": ""
                },
                {
                    "first": "M.",
                    "middle": [
                        "G."
                    ],
                    "last": "Netea",
                    "suffix": ""
                }
            ],
            "year": 2009,
            "venue": "BMB Reports",
            "volume": "42",
            "issn": "12",
            "pages": "776-787",
            "other_ids": {
                "DOI": [
                    "10.5483/bmbrep.2009.42.12.776"
                ]
            }
        }
    }
}