{
    "paper_id": "PMC7126750",
    "metadata": {
        "title": "Arch-shaped multiple-target sensing for rapid diagnosis and identification of emerging infectious pathogens",
        "authors": [
            {
                "first": "Bonhan",
                "middle": [],
                "last": "Koo",
                "suffix": "",
                "email": null,
                "affiliation": {}
            },
            {
                "first": "Ki",
                "middle": [
                    "Ho"
                ],
                "last": "Hong",
                "suffix": "",
                "email": null,
                "affiliation": {}
            },
            {
                "first": "Choong",
                "middle": [
                    "Eun"
                ],
                "last": "Jin",
                "suffix": "",
                "email": null,
                "affiliation": {}
            },
            {
                "first": "Ji",
                "middle": [
                    "Yeun"
                ],
                "last": "Kim",
                "suffix": "",
                "email": null,
                "affiliation": {}
            },
            {
                "first": "Sung-Han",
                "middle": [],
                "last": "Kim",
                "suffix": "",
                "email": "kimsunghanmd@hotmail.com",
                "affiliation": {}
            },
            {
                "first": "Yong",
                "middle": [],
                "last": "Shin",
                "suffix": "",
                "email": "shinyongno1@gmail.com",
                "affiliation": {}
            }
        ]
    },
    "body_text": [
        {
            "text": "An increasing number of pathogens that cause unexpected illnesses and epidemics among humans and animals has led to the loss of life and economic problems (Sands et al., 2016, Allegranzi et al., 2011). Recently, emerging infectious diseases, such as Middle East respiratory syndrome-coronavirus (MERS-CoV) (Zaki et al., 2012), Ebola virus (EBOV) (Biava et al., 2018), and Zika virus (ZIKV) (Munoz-Jordan, 2017) outbreaks, have revealed that disease control systems require more effective and coordinated responses, including vaccine development, diagnostic tools, and therapeutics (Sands et al., 2016). According to the World Health Organization (WHO), an outbreak of MERS-CoV resulted in 1782 infections and 634 deaths in June 2016 (WHO, 2016). In 2015, MERS-CoV infiltrated South Korea, resulting in 186 infections and 39 deaths with high mortality rates of over 30% (World Health Organization, 2015a, Rao and Nyquist, 2014). For more effective prevention of emerging infectious disease threats, rapid diagnostics are needed to identify new pathogens for which vaccines and effective therapeutics are not available.",
            "cite_spans": [
                {
                    "start": 156,
                    "end": 174,
                    "mention": "Sands et al., 2016",
                    "ref_id": "BIBREF8"
                },
                {
                    "start": 176,
                    "end": 199,
                    "mention": "Allegranzi et al., 2011",
                    "ref_id": "BIBREF11"
                },
                {
                    "start": 307,
                    "end": 324,
                    "mention": "Zaki et al., 2012",
                    "ref_id": "BIBREF16"
                },
                {
                    "start": 347,
                    "end": 365,
                    "mention": "Biava et al., 2018",
                    "ref_id": "BIBREF19"
                },
                {
                    "start": 391,
                    "end": 409,
                    "mention": "Munoz-Jordan, 2017",
                    "ref_id": "BIBREF5"
                },
                {
                    "start": 582,
                    "end": 600,
                    "mention": "Sands et al., 2016",
                    "ref_id": "BIBREF8"
                },
                {
                    "start": 734,
                    "end": 743,
                    "mention": "WHO, 2016",
                    "ref_id": "BIBREF14"
                },
                {
                    "start": 870,
                    "end": 902,
                    "mention": "World Health Organization, 2015a",
                    "ref_id": "BIBREF12"
                },
                {
                    "start": 904,
                    "end": 925,
                    "mention": "Rao and Nyquist, 2014",
                    "ref_id": "BIBREF7"
                }
            ],
            "section": "Introduction",
            "ref_spans": []
        },
        {
            "text": "Rapid diagnostics to identify and diagnose pathogens have been performed using nucleic acid-based detection techniques, such as end-point polymerase chain reaction (PCR) and real-time RT-PCR, as gold standard methods (Zumla et al., 2015, World Health Organization, 2015b, CDC, 2016). While these methods are relatively sensitive and specific for pathogen detection, they have several limitations, including the long time to acquire results, high technicality, and costly equipment such as a thermal cycler (Yang and Rothman, 2004, Barken et al., 2007, Mori and Notomi, 2009, Huang et al., 2006). Additionally, multiplex detection techniques, which detect two or more targets simultaneously in a single reaction, are required to distinguish the target pathogen from similar family members and offers reduced time and reagent costs (Brinkmann et al., 2017, Chung et al., 2013). Multiplex detection techniques are critical for rapid diagnostics; however, self-inhibition and false-positive results caused by primer dimerization (from a primer-target template mismatch or primer itself) can reduce detection sensitivity and specificity in clinical applications. To overcome the limitations of multiplex detection, a solid-phase DNA amplification technique was developed by grafting both forward and reverse primers. However, the amplification efficiency of the grafting primer assay was approximately 90% lower than that of conventional PCR in solution (Adessi et al., 2000, Fedurco et al., 2006, Shendure and Ji, 2008). Thus, the solid-phase DNA amplification technique has not been widely explored for applications in pathogen diagnostics. These limitations have made it difficult to apply diagnostic methods in hospitals. Resolving these limitations will require the development of diagnostic methods that are easy-to-use, accurate, and rapid for use in hospitals.",
            "cite_spans": [
                {
                    "start": 218,
                    "end": 236,
                    "mention": "Zumla et al., 2015",
                    "ref_id": "BIBREF17"
                },
                {
                    "start": 238,
                    "end": 270,
                    "mention": "World Health Organization, 2015b",
                    "ref_id": "BIBREF13"
                },
                {
                    "start": 272,
                    "end": 281,
                    "mention": "CDC, 2016",
                    "ref_id": "BIBREF3"
                },
                {
                    "start": 507,
                    "end": 529,
                    "mention": "Yang and Rothman, 2004",
                    "ref_id": "BIBREF15"
                },
                {
                    "start": 531,
                    "end": 550,
                    "mention": "Barken et al., 2007",
                    "ref_id": "BIBREF18"
                },
                {
                    "start": 552,
                    "end": 573,
                    "mention": "Mori and Notomi, 2009",
                    "ref_id": "BIBREF4"
                },
                {
                    "start": 575,
                    "end": 593,
                    "mention": "Huang et al., 2006",
                    "ref_id": "BIBREF24"
                },
                {
                    "start": 831,
                    "end": 853,
                    "mention": "Brinkmann et al., 2017",
                    "ref_id": "BIBREF20"
                },
                {
                    "start": 855,
                    "end": 873,
                    "mention": "Chung et al., 2013",
                    "ref_id": "BIBREF21"
                },
                {
                    "start": 1450,
                    "end": 1469,
                    "mention": "Adessi et al., 2000",
                    "ref_id": "BIBREF0"
                },
                {
                    "start": 1471,
                    "end": 1491,
                    "mention": "Fedurco et al., 2006",
                    "ref_id": "BIBREF22"
                },
                {
                    "start": 1493,
                    "end": 1514,
                    "mention": "Shendure and Ji, 2008",
                    "ref_id": "BIBREF9"
                }
            ],
            "section": "Introduction",
            "ref_spans": []
        },
        {
            "text": "Here, we report a novel arch-shaped multiple-target sensing platform for rapid diagnosis and identification of emerging infectious pathogens. An isothermal amplification enzyme and oligonucleotide primers were immobilized on a silicon microring resonator (SMR) for specific detection of target nucleic acids from emerging infectious pathogens, such as MERS-CoV, Zika, and Ebola. In this study, rather than applying the amplified target and probe hybridization assay, we established long (> 50 base pair, bp) oligonucleotide primers at a high concentration (5 \u03bcM) to create an arch shape on the sensor surface for solid-phase amplification, thus overcoming primer dimerization. The SMR sensor allows for sensitive, label-free, and real-time sensing (Kim et al., 2018, Koo et al., 2017), and the long primers at a high concentration greatly increased the rate and detection sensitivity of this method. For nucleic acid amplification, we used a recombinase polymerase amplification (RPA) enzyme, which requires a small instrument for isothermal amplification (Piepenburg et al., 2006). Using the arch-shaped sensing platform, we detected RNA from human coronavirus (HCoV), MERS-CoV, ZIKA, and EBOV with high sensitivity and specificity. The detection limit was 10-fold more sensitive than that of real-time reverse transcription-PCR. Furthermore, this multiple-target sensing platform rapidly (< 20 min) detected MERS-CoV in 20 clinical specimens, including MERS-CoV and HCoV infections. Therefore, the arch-shaped multiple-target sensing platform can be used to rapidly identify pathogens in various clinical applications.",
            "cite_spans": [
                {
                    "start": 749,
                    "end": 765,
                    "mention": "Kim et al., 2018",
                    "ref_id": "BIBREF1"
                },
                {
                    "start": 767,
                    "end": 783,
                    "mention": "Koo et al., 2017",
                    "ref_id": "BIBREF2"
                },
                {
                    "start": 1057,
                    "end": 1080,
                    "mention": "Piepenburg et al., 2006",
                    "ref_id": "BIBREF6"
                }
            ],
            "section": "Introduction",
            "ref_spans": []
        },
        {
            "text": "To use the arch-shaped multiple-target sensing platform as a multiple detection system, we structured the SMR sensor as previously described (Kim et al., 2018, Koo et al., 2017). For arch-shaped amplification and detection with specific primers immobilized on the sensor, a three-step primer modification was required on the surface of the sensing chip. First, amine group modification using 3-aminopropyltriethoxysiane (APTES, Sigma-Aldrich, St. Louis, MO, USA) was performed on the sensing surface. Subsequently, the sensors were treated with oxygenated plasma and soaked in a solution of 2% APTES in a mixture of ethanol\u2013H2O (95:5, v/v) for 2 h, followed by thorough rinsing with ethanol and deionized (DI) water. Second, carboxyl group modification was conducted using glutaraldehyde (GAD, Sigma-Aldrich) as a linker. The sensors were cured by heating to 120 \u00b0C for 15 min. Next, the sensors were incubated with 2.5% GAD in DI water containing 5 mM sodium cyanoborohydride (Sigma-Aldrich) for 1 h, rinsed with DI water, and dried under a nitrogen stream. Third, both forward and reverse primers were immobilized to target specific primers containing the 5\u2032 amino-modifier C12. The pretreated sensor was prepared by overnight incubation at room temperature in a 5 or 10 \u03bcM solution of forward and reverse primers containing 5 mM sodium cyanoborohydride. After incubation, unbound target specific primers were removed by washing with phosphate-buffed saline and the sensors were dried using nitrogen. The prepared sensor chip was stored at room temperature until further use. To test the target amplification and detection in the primer immobilized sensor chip, recombinase polymerase amplification-reverse transcription (RPA-RT, TwistDx, Cambridge, UK) containing 29.5 \u03bcL of rehydration buffer, 15 \u03bcL of RNase inhibitor and water, 2 \u03bcM of DTT, recombinase, polymerase enzyme, and 2.5 \u03bcL of magnesium acetate solution. To start the reaction, 10 \u03bcL of RPA-RT solution and 5 \u03bcL of target RNA were mixed. Next, 15 \u03bcL of this mixture was added to the sensor chip with an acrylic well surrounding the microring sensor area. Additionally, mineral oil was added to prevent evaporation of the mixture during amplification. The arch-shaped multiple-target sensor assay was operated at a constant temperature (43 \u00b0C). The sensor consists of four rings connected to a common input and separate dedicated output waveguides. One of the four microrings was used as a reference sensor to monitor temperature-induced drift. The 3 remaining microrings were used for sensing three targets (MERS, EBOV, ZIKV) with a vertical grating coupler. For multiple target monitoring, each dedicated output waveguide corresponding to the microring immobilized different target specific primer was measured sequentially by moving the optical fiber. The tunable laser emits light at wavelengths of 1550\u20131580 nm (EXFO IQS- 2600B, Quebec, Canada). To obtain a baseline as a reference, the resonance wavelength was immediately measured. The resonance wavelength shift for multiple target detection was then measured every 5 min for up to 30 min to monitor the arch-shaped amplification of MERS, ZIKV, EBOV, and HCoV RNAs in a label-free and real-time manner.",
            "cite_spans": [
                {
                    "start": 142,
                    "end": 158,
                    "mention": "Kim et al., 2018",
                    "ref_id": "BIBREF1"
                },
                {
                    "start": 160,
                    "end": 176,
                    "mention": "Koo et al., 2017",
                    "ref_id": "BIBREF2"
                }
            ],
            "section": "Development and operation of the arch-shaped multiple-target sensor ::: Material and methods",
            "ref_spans": []
        },
        {
            "text": "We designed the Arch-RT-PCR primer based on genome sequence information for MERS, ZIKV, EBOV, and HCoV (Supplementary Table S1). The non-specific poly dT spacer sequence at the 5\u2032 end of the primer allowed for the amplification product to warp to an arch shape in solid-phase amplification (Guo et al., 1994). As such, primers were designed that were 10, 20, and 30 bp longer than the conventional primers. Different lengths of MERS primers for detecting MERS and HCoV were immobilized to the microring on the SMR sensor. Subsequently, primers of suitable length for detecting MERS, ZIKV, EBOV, and HCoV were immobilized on the microring resonance sensors. For multiplexing experiments, we used an ultra-small dosage dispensing system with sciFLEXARRAYER SX (SCIENION AG, Monmouth Junction, NJ, USA) to avoid cross-contamination. Subsequently, droplets of other target specific primers solutions were dispensed to the microring at desired locations. Because a smaller amount of primer volume was used than in the previous method, a higher concentration of primer solution was used. Finally, the resonance wavelength shift by products of arch-shaped amplification was measured on the microring.",
            "cite_spans": [
                {
                    "start": 291,
                    "end": 307,
                    "mention": "Guo et al., 1994",
                    "ref_id": "BIBREF23"
                }
            ],
            "section": "Primer length and concentration for arch-shaped multiple-target sensing ::: Material and methods",
            "ref_spans": []
        },
        {
            "text": "The utility of end-point and real-time reverse transcription PCR were compared to that of the arch-shaped multiple-target assay. We designed RT-PCR primers of standard lengths (approximately 24 bp) based on genome sequence information for MERS, ZIKV, EBOV, and HCoV (Table S1). End-point RT-PCR consist of an initial reverse transcription step at 50 \u00b0C for 30 min, followed by at 95 \u00b0C for 15 min and 45 cycles at 95 \u00b0C for 30 s, 60 \u00b0C for 30 s, and 72 \u00b0C for 30 s and final elongation step 72 \u00b0C for 10 min. The reaction mixtures containing 25 \u03bcL of end-point RT-PCR reagent mixtures, 5x one-step RT-PCR buffer (Qiagen One-step RT-PCR kit), 0.25 mM deoxynucleotide triphosphate, 25 pmol of each primer, 1 \u03bcL of one-step RT-PCR Enzyme Mix (Qiagen), and 5 \u03bcL of RNA template. Gel electrophoresis was used to separate RT-PCR products on a 2% agarose gel containing ethidium bromide (EtBr). The gel was visualized using a GenoSens 1500 gel documentation system (Clinx Science Instruments, Shanghai, China). Real-time RT-PCR consisted of an initial reverse transcription step at 50 \u00b0C for 20 min, followed by at 95 \u00b0C for 15 min and 45 cycles at 95 \u00b0C for 15 s, 60 \u00b0C for 20 s, and 72 \u00b0C for 20 s, followed by a cooling step at 40 \u00b0C for 30 s. The real-time RT-PCR assay was conducted using the manufacturer's protocol (AriaMx, Agilent Technologies, Santa Clara, CA, USA). Additionally, reaction mixtures containing 20 \u03bcL of real-time RT-PCR reagent mixtures, 2x brilliant SYBR green RT-qPCR master mix, 25 pmol of each primer, and 5 \u03bcL of RNA template were prepared. The amplified products were detected by SYBR Green signals using an AriaMx Real-Time PCR System (AriaMx, Agilent Technologies).",
            "cite_spans": [],
            "section": "End-point and real-time RT-PCR assays ::: Material and methods",
            "ref_spans": []
        },
        {
            "text": "We generate the T7 in vitro transcribed RNAs of MERS, ZIKV, EBOV, and HCoV to assess the detection ability of the Arch-shaped multiple-target assay using the MEGAscript T7 kit (Ambion, Thermo Fisher Scientific, Waltham, MA, USA). For ZIKV, we used the QIAamp viral RNA mini kit (Qiagen, Hilden, Germany) to extract RNA from the medium of the NATtrol Zika Virus, External Run Control containing strain of MR766 (Zeptometrix Corporation, Franklin, MA, USA), which was formulated with purified, intact virus particles chemically modified to render them non-infectious and refrigerator-stable. For EBOV, we used an EBOV Positive Control from the Ebola Virus (EBOV) Real-Time RT-PCR kit containing EBOV NP gene RNA (Liferiver Bio-Tech Corp., San Diego, CA, USA). The amplicons of MERS, ZIKV, EBOV, and HCoV generated in the end-point RT-PCR assay were used to create the T7 in vitro transcribed RNA. Synthetic RNA transcripts were purified with a MEGAclear Kit (Ambion, Thermo Fisher Scientific) and quantified using a Nanodrop spectrophotometer (Thermo Fisher Scientific). The purified T7 RNA of MERS, ZIKV, EBOV, and HCoV were stored at \u221280 \u00b0C until use.",
            "cite_spans": [],
            "section": "T7 in vitro transcribed RNA preparation ::: Material and methods",
            "ref_spans": []
        },
        {
            "text": "To determine the utility of the arch-shaped multiple-target sensor, we used the QIAamp viral RNA mini kit (Qiagen) to extract RNA from 20 nasopharyngeal samples of MERS and HCoV patients. The nasopharyngeal samples were collected from patients at the Asan Medical Center. The Institutional Review Board of Asan Medical Center approved the study protocol, and informed consent was obtained from all participants. We used samples at a starting volume of 200 \u03bcL each which were eluted to approximately 60 \u03bcL using viral elution buffer. The extracted RNA was screened using the real-time RT-PCR assay for confirmation and stored at \u221280 \u00b0C until further use.",
            "cite_spans": [],
            "section": "Clinical specimen ::: Material and methods",
            "ref_spans": []
        },
        {
            "text": "\nFig. 1 shows the design of the arch-shaped multiple-target sensing platform for rapid diagnosis of emerging infectious pathogens, such as MERS-CoV, HCoV, ZIKV, and EBOV, using a SMR sensor. We established a series of primers for target amplification and simultaneous detection of specific multiple-targets rather than asymmetric amplification on a SMR sensor lacking multiple target detection (Kim et al., 2018, Koo et al., 2017). For multiple-target sensing, the SMR surface was first amine-modified with APTES and linked to the NH2-modified 5\u2032-end of both primers. Second, both primers (forward and reverse) of a target were immobilized on the SMR sensor surface. Immobilization of both primers reduces non-specific target binding and false-positives due to primer-dimerization, which leads to the production of non-specific amplicons in the solution. To form an arch-shaped template on the surface, we used longer primers containing non-specific poly dT spacers (Shin et al., 2014). The pair of primers for a single target was immobilized on an individual sensor using a spotting system (Supplementary Fig. S1). Third, either RPA or RPA-RT was added for isothermal nucleic acid amplification. During the amplification reaction, both primers were covalently bound to the SMR sensor and target templates were hybridized to both primers. To produce a copy of the hybridized template, RPA enzyme (including Taq polymerase) was activated to amplify the target template on the sensor surface. The attached forward primer bound the template, which could also bind to the attached reverse primer and form additional arch-shaped copies near the initial copies. Finally, we used an SMR sensor, which is a rapid and highly sensitive system for evaluation in a real-time and label-free manner, for the signal readout from multiple sensors. We monitored the resonance wavelength shift changes for up to 30 min. The resonance wavelength shift was obtained by individual sensors using the immobilized specific primers (Fig. 1).",
            "cite_spans": [
                {
                    "start": 395,
                    "end": 411,
                    "mention": "Kim et al., 2018",
                    "ref_id": "BIBREF1"
                },
                {
                    "start": 413,
                    "end": 429,
                    "mention": "Koo et al., 2017",
                    "ref_id": "BIBREF2"
                },
                {
                    "start": 967,
                    "end": 984,
                    "mention": "Shin et al., 2014",
                    "ref_id": "BIBREF10"
                }
            ],
            "section": "Design of arch-shaped multiple-target sensing platform ::: Results and discussion",
            "ref_spans": [
                {
                    "start": 1,
                    "end": 7,
                    "mention": "Fig. 1",
                    "ref_id": "FIGREF0"
                },
                {
                    "start": 2008,
                    "end": 2014,
                    "mention": "Fig. 1",
                    "ref_id": "FIGREF0"
                }
            ]
        },
        {
            "text": "We first determined the optimized protocol for arch-shaped multiple-target sensing. Asymmetric amplification (one primer immobilized on a solid surface) generated one of the strands from the target template, and thus the detection sensitivity was less than that of symmetric amplification (Fedurco et al., 2006). Therefore, to overcome the limitations of solid surface amplification methods, the size and concentration of the attached primers should exceed the critical value for efficient amplification on the solid surface. To optimize the primer protocol for multiple-targets, T7 RNA transcripts from a MERS-CoV sample were prepared for the model pathogen. We examined different primer lengths, including a nonspecific oligo-dT sequence, to determine the optimal primer length. The resonance wavelength of 54-bp primers was found to have shifted significantly compared to other primer sizes (Fig. 2 A). Moreover, we determined the concentration of the attached primers (5 \u03bcM) (\nFig. 2B). A primer concentration of 1 pM resulted in asymmetric amplification, indicating that this concentration was not suitable for the arch-shaped multiple-target sensing platform. Even high concentrations (10 \u03bcM) of attached primers could not discriminate between target and non-target templates (Fig. 2B). Therefore, the size and concentration of the attached primers were determined to establish arch-shaped surface amplification on the sensing surface.",
            "cite_spans": [
                {
                    "start": 290,
                    "end": 310,
                    "mention": "Fedurco et al., 2006",
                    "ref_id": "BIBREF22"
                }
            ],
            "section": "Optimization of arch-shaped multiple-target sensing platform ::: Results and discussion",
            "ref_spans": [
                {
                    "start": 895,
                    "end": 901,
                    "mention": "Fig. 2",
                    "ref_id": "FIGREF1"
                },
                {
                    "start": 981,
                    "end": 987,
                    "mention": "Fig. 2",
                    "ref_id": "FIGREF1"
                },
                {
                    "start": 1283,
                    "end": 1289,
                    "mention": "Fig. 2",
                    "ref_id": "FIGREF1"
                }
            ]
        },
        {
            "text": "We next determined the detection sensitivity of the arch-shaped multiple-target sensing platform using MERS-CoV, HCoV, ZIKV, and EBOV as emerging infectious pathogens. T7 RNA transcripts of these pathogens, RNA of MERS-CoV or HCoV from clinical samples, or RNA of ZIKV and EBOV from commercialized kits (positive controls at 105 copies/reaction, Fig. 2C) were prepared at varying concentrations of 10\u2013105 copies/reaction (Fig. 2C-E). Using the platform, the target RNA (at 105 copies/reaction) from the pathogens was clearly identified compared to non-targets within 30 min. The resonance wavelengths were shifted up to 681.48 \u00b1 30.43, 500.75 \u00b1 14.35, 660.55 \u00b1 21.22, and 480.45 \u00b1 28.55 pm for MERS-CoV, HCoV, ZIKV, and EBOV, respectively (Fig. 2D). Interestingly, the resonance wavelength results clearly revealed the target RNA in 5\u201310 min. Furthermore, we detected as few as 10\u2013100 copies of RNA when serial dilutions of pathogen RNA were used with the platform (Fig. 2E). The wavelength change results showed good linearity with different concentrations (R\n2 = 0.9863, 0.9943, 0.9992, and 0.9971 for MERS-CoV, HCoV, ZIKV, and EBOV, respectively) in 30 min. We compared the RPA and SMR assay using this multiple-target sensor assay (Supplementary Fig. S2). After confirming the detection of the amplified EBOV target in the RPA assay, the target band was clearly distinguished down to 5 \u00d7 103 copies/reaction (Supplementary Fig. S2A). Additionally, after confirming the detection of the amplified MERS target in the SMR assay, the target was clearly distinguished down to 2.5 \u00d7 102 copies/reaction (Supplementary Fig. S2B). Notably, the sensitivity of the multiple-target sensing platform was 10\u2013100-fold higher than that (103 copies/reaction) of the quantitative real-time reverse transcription PCR, RPA, and SMR assays (\nTable 1, Supplementary Fig. S2 and Fig. S3).",
            "cite_spans": [],
            "section": "Detection sensitivity and specificity of the arch-shaped multiple-target sensing platform ::: Results and discussion",
            "ref_spans": [
                {
                    "start": 346,
                    "end": 352,
                    "mention": "Fig. 2",
                    "ref_id": "FIGREF1"
                },
                {
                    "start": 422,
                    "end": 428,
                    "mention": "Fig. 2",
                    "ref_id": "FIGREF1"
                },
                {
                    "start": 740,
                    "end": 746,
                    "mention": "Fig. 2",
                    "ref_id": "FIGREF1"
                },
                {
                    "start": 966,
                    "end": 972,
                    "mention": "Fig. 2",
                    "ref_id": "FIGREF1"
                },
                {
                    "start": 1826,
                    "end": 1833,
                    "mention": "Table 1",
                    "ref_id": "TABREF0"
                }
            ]
        },
        {
            "text": "Subsequently, we used the multiple-target sensing platform to identify different targets. A series of target primers from three pathogens, specifically MERS-CoV, ZIKV, and EBOV, was immobilized to the individual sensor with the spotting machine, which can immobilize the primer in a specific area (\nFig. 3A). Using the specific attached primers for MERS-CoV, the amplified MERS-CoV RNA was detected with low background signals from other pathogens (Fig. 3B). Similarly, primers for other pathogens showed high specificity with low non-target binding (Fig. 3B). Additionally, when mixed virus (MERS and HCoV) samples were used, the resonance wavelength shift of the MERS-specific primer immobilized on the platform was 560.71 \u00b1 28.51 pm when only MERS (2.5 \u00d7 104 copies/reaction) virus was present and was 572.98 \u00b1 11.05 pm when both MERS (2.5 \u00d7 104 copies/reaction) and HCoV (1.5 \u00d7 104 copies/reaction) viruses were present. The resonance wavelength analysis clearly detected the target RNA in the mixed virus samples, which showed similar results to the use of the single virus sample (Supplementary Fig. S4). Indeed, a rapid, high-sensitivity, and high-specificity platform for multiple-target detection is needed for emerging pathogen diagnosis. The arch-shaped multiple-target sensing platform enables rapid and accurate pathogen genotyping.",
            "cite_spans": [],
            "section": "Detection sensitivity and specificity of the arch-shaped multiple-target sensing platform ::: Results and discussion",
            "ref_spans": [
                {
                    "start": 299,
                    "end": 305,
                    "mention": "Fig. 3",
                    "ref_id": "FIGREF2"
                },
                {
                    "start": 449,
                    "end": 455,
                    "mention": "Fig. 3",
                    "ref_id": "FIGREF2"
                },
                {
                    "start": 551,
                    "end": 557,
                    "mention": "Fig. 3",
                    "ref_id": "FIGREF2"
                }
            ]
        },
        {
            "text": "We evaluated the clinical utility of the arch-shaped multiple-target sensing platform using clinical specimens (Supplementary Fig. S5). Particularly, methods for differentiating emerging infectious pathogens from similar pathogens are needed. In 2015, there was a MERS-CoV outbreak in Korea. During this outbreak, diagnostic platforms were urgently needed to differentiate between MERS-CoV and HCoV to ensure specific treatment. To optimize the multiple-target sensing for MERS-CoV prior to use in clinical samples, T7 of in vitro-transcribed MERS-CoV and HCoV-OC43 RNA was prepared. Two sensing microrings for the MERS-CoV and HCoV primers were in the same waveguide. Subsequently, the RNA template of either MERS-CoV or HCoV was added onto the platform (\nFig. 4A-B). To eliminate the background signal from non-target binding, we used the following equation:",
            "cite_spans": [],
            "section": "Clinical testing of arch-shaped multiple-target sensing platform in clinical specimens ::: Results and discussion",
            "ref_spans": [
                {
                    "start": 757,
                    "end": 763,
                    "mention": "Fig. 4",
                    "ref_id": "FIGREF3"
                }
            ]
        },
        {
            "text": "\n\u0394\u0394RWS=Individual resonant wavelength shift value of targetHighest resonant wavelength shift value of non target\n",
            "cite_spans": [],
            "section": "Clinical testing of arch-shaped multiple-target sensing platform in clinical specimens ::: Results and discussion",
            "ref_spans": []
        },
        {
            "text": "Using the MERS-CoV primers with the equation, amplified RNA from MERS-CoV was detected with no signal from HCoV from 5 to 30 min. Additionally, using the HCoV primers, amplified RNA from HCoV was detected, while MERS-CoV was not (Fig. 4A\u2013B). Further, the relative resonance wavelength shifts clearly distinguished positive and negative results when detecting multiple targets.",
            "cite_spans": [],
            "section": "Clinical testing of arch-shaped multiple-target sensing platform in clinical specimens ::: Results and discussion",
            "ref_spans": [
                {
                    "start": 230,
                    "end": 236,
                    "mention": "Fig. 4",
                    "ref_id": "FIGREF3"
                }
            ]
        },
        {
            "text": "Finally, we analyzed RNAs from 20 clinical nasopharyngeal samples, including those of 11 MERS-CoV infected patients collected from July 2015 in South Korea and 9 HCoV-OC43 infected patients (Fig. 4C\u2013D). Patient samples were analyzed by quantitative real-time reverse transcription PCR (procedural time, 2\u20133 h) and the arch-shaped multiple-target sensing platform (procedural time, 20 min). For clinical testing (sensitivity and specificity) of the multiple-target sensing platform, we added RNA from MERS-CoV patients into the platform, which included immobilized primers with either MERS-CoV or HCoV on an individual sensing ring. The wavelength shifted to higher than 220.83 pm in the MERS-CoV sensing ring; however, the wavelength shifted to lower than 146.24 pm in the HCoV-OC43 sensing ring. In contrast, when the RNA of HCoV-OC43 patients was added, the wavelength shifted to higher than 220.29 pm in the HCoV-OC43 sensing ring and shifted to lower than 143.55 pm in the MERS-CoV sensing ring. These results confirm that the arch-shaped multiple-target sensing platform can accurately identify MERS-CoV or HCoV in clinical samples (Fig. 4, Supplementary Fig. S5, and\nTable 2).",
            "cite_spans": [],
            "section": "Clinical testing of arch-shaped multiple-target sensing platform in clinical specimens ::: Results and discussion",
            "ref_spans": [
                {
                    "start": 191,
                    "end": 197,
                    "mention": "Fig. 4",
                    "ref_id": "FIGREF3"
                },
                {
                    "start": 1138,
                    "end": 1144,
                    "mention": "Fig. 4",
                    "ref_id": "FIGREF3"
                },
                {
                    "start": 1173,
                    "end": 1180,
                    "mention": "Table 2",
                    "ref_id": "TABREF1"
                }
            ]
        },
        {
            "text": "Since the advent of solid-phase amplification technologies, asymmetric and bridge-based amplification approaches have been established. However, the amplification efficiency of these methods is too low for clinical use (Adessi et al., 2000, Fedurco et al., 2006, Shendure and Ji, 2008). In this study, we developed a method for enhancing the sensitivity of solid-phase amplification approaches by using an optimal length (about 50 bp) and concentration (5 \u03bcM) of oligonucleotide primers within the SMR sensor. Using this platform, inhibition due to primer-dimerization can be prevented during multiple-target detection. Further, we performed diagnostic and identification testing on the platform using several emerging infectious pathogens, such as MERS-CoV, HCoV, ZIKV, and EBOV. We compared the arch-shaped multiple-target sensing platform results to those obtained by PCR (Table 2). Based on the results, the platform showed high accuracy for detecting all pathogen types identified by PCR. Additionally, the detection limit of the platform was superior to that of the conventional method. Therefore, this method can be used for early diagnosis and identification of pathogens in low-level pathogen samples. This platform has advantages over the isothermal, PCR, and bio-optical sensing systems, particularly in terms of time (<20 min) and label-free detection. Furthermore, the clinical utility of the platform for identifying multiple pathogens in clinical samples is useful for overcoming the limitations of conventional approaches. Further in-depth studies to maximize the clinical ability of the platform in larger prospective clinical trials are needed. Therefore, the arch-shaped multiple-target sensing platform can be used for rapid diagnosis and identification of pathogens in various clinical applications.",
            "cite_spans": [
                {
                    "start": 220,
                    "end": 239,
                    "mention": "Adessi et al., 2000",
                    "ref_id": "BIBREF0"
                },
                {
                    "start": 241,
                    "end": 261,
                    "mention": "Fedurco et al., 2006",
                    "ref_id": "BIBREF22"
                },
                {
                    "start": 263,
                    "end": 284,
                    "mention": "Shendure and Ji, 2008",
                    "ref_id": "BIBREF9"
                }
            ],
            "section": "Conclusions",
            "ref_spans": [
                {
                    "start": 876,
                    "end": 883,
                    "mention": "Table 2",
                    "ref_id": "TABREF1"
                }
            ]
        }
    ],
    "ref_entries": {
        "TABREF0": {
            "text": "Table 1: Results of arch shaped multiple-target sensing and concentration conversion of clinical specimens.\n",
            "type": "table"
        },
        "TABREF1": {
            "text": "Table 2: Comparison of the arch-shaped multiple-target sensor, previous single-target sensor and real-time RT-PCR assay.\n",
            "type": "table"
        },
        "FIGREF0": {
            "text": "Fig. 1: Scheme of arch-shaped multiple-target sensing platform for diagnosis and identification of emerging infectious pathogens. (A) Array of silicon microring resonator (SMR) sensors for multiple-target detection. Each microring was modified with specific primers (forward and reverse) of MERS-CoV (blue), ZIKV (red), and EBOV (purple) recognizable target sequences. (B) Scheme representation of the principle of arch-shaped amplification and detection assay. First, SMR sensors with specific primers immobilized to detect target RNA were prepared. Next, a mixture containing recombinase polymerase amplification-reverse transcription (RPA-RT) reagent and target extracted RNA was added to the platform (#1). During the reaction, RNA was synthesized by the RPA-RT enzyme mixture in an isothermal state (43 \u00b0C) as cDNA and either recombinase/forward (red arrow) primer or recombinase/reverse (blue arrow) primer complexes bound to double-stranded target cDNA and facilitated strand exchange at a constant temperature. After the displaced strand formed a D-loop by gp32 (sky blue), the immobilized primers were extended by polymerase (green) on the sensor surface (#2). The extended primers formed an arch-shaped amplification complex in the same microring and continued amplification (#3). Target detection was monitored in real-time by measuring the resonant wavelength shift by arch-shaped amplified products on the solid surface.",
            "type": "figure"
        },
        "FIGREF1": {
            "text": "Fig. 2: Detection sensitivity of the arch-shaped multiple-target sensing. (A) Primer length testing for formation of the arch-shape. Monitoring of resonance wavelength shift by different oligonucleotide lengths of the MERS-specific primer immobilized on the sensor. (B) Primer concentration testing. Monitoring of resonance wavelength shift by different concentrations (5 and 10 \u03bcM) of the MERS (blue) and HCoV (green)-specific primer immobilized on the sensor for multiple-target detection. (C) Gel electrophoresis data for end-point RT-PCR products from MERS, ZIKV, EBOV, and HCoV (L: 50-bp DNA marker, M: MERS RNA template, Z: ZIKV RNA template, E: EBOV RNA template, H: HCoV RNA template, N: Negative control). (D) Resonance wavelength shift using the arch-shaped multiple-target sensing platform showing results of amplification and detection of MERS (blue diamond), ZIKV (red triangle), EBOV (purple circle), HCoV (green square), and negative control (non-target RNA, black asterisk) in a label-free and real-time manner. (E) Linear relationship between resonance wavelength shift by arch-shaped sensing platform and the concentration of targets in 30 min. Error bars indicate standard deviation of the mean based on at least 3 independent experiments.",
            "type": "figure"
        },
        "FIGREF2": {
            "text": "Fig. 3: Cross-reactivity testing of the arch-shaped multiple-target sensing. (A) Scheme of the arch-shaped amplification and detection using different target RNAs and different target specific primers of MERS, ZIKV, and EBOV on the individual sensing platform. (B) Resonance wavelength shift by target RNA and target specific primers for MERS, ZIKV, and EBOV detection on the sensor. Error bars indicate standard deviation of the mean based on at least 3 independent experiments.",
            "type": "figure"
        },
        "FIGREF3": {
            "text": "Fig. 4: Clinical utility of the arch-shaped multiple-target sensing platform in clinical specimens. (A\u2013B) Multiple-target testing for detection of MERS-CoV and HCoV on different target specific primers immobilized on individual sensor microrings on an array. (A) Resonance wavelength value of HCoV into the platform. (B) Resonance wavelength value of MERS-CoV into the platform. (C) Analysis of 11 RNAs from clinical samples of MERS patients in 30 min. The red line represents the cut-off (criterion) for reporting a sample as virus (positive/negative). (D) Clinical diagnostic testing using 20 clinical samples, including 11 MERS patients (No. 1\u201311) and 9 HCoV patients (No. 12\u201320). Error bars indicate standard deviation of the mean based on at least 3 independent experiments.",
            "type": "figure"
        }
    },
    "back_matter": [],
    "bib_entries": {
        "BIBREF0": {
            "title": "Solid phase DNA amplification: characterisation of primer attachment and amplification mechanisms",
            "authors": [
                {
                    "first": "C.",
                    "middle": [],
                    "last": "Adessi",
                    "suffix": ""
                },
                {
                    "first": "G.",
                    "middle": [],
                    "last": "Matton",
                    "suffix": ""
                },
                {
                    "first": "G.",
                    "middle": [],
                    "last": "Ayala",
                    "suffix": ""
                },
                {
                    "first": "G.",
                    "middle": [],
                    "last": "Turcatti",
                    "suffix": ""
                },
                {
                    "first": "J.J.",
                    "middle": [],
                    "last": "Mermod",
                    "suffix": ""
                },
                {
                    "first": "P.",
                    "middle": [],
                    "last": "Mayer",
                    "suffix": ""
                },
                {
                    "first": "E.",
                    "middle": [],
                    "last": "Kawashima",
                    "suffix": ""
                }
            ],
            "year": 2000,
            "venue": "Nucleic Acids Res.",
            "volume": "28",
            "issn": "20",
            "pages": null,
            "other_ids": {
                "DOI": []
            }
        },
        "BIBREF1": {
            "title": "Rapid diagnosis of tick-borne illnesses by use of one-step isothermal nucleic acid amplification and bio-optical sensor detection",
            "authors": [
                {
                    "first": "J.Y.",
                    "middle": [],
                    "last": "Kim",
                    "suffix": ""
                },
                {
                    "first": "B.",
                    "middle": [],
                    "last": "Koo",
                    "suffix": ""
                },
                {
                    "first": "C.E.",
                    "middle": [],
                    "last": "Jin",
                    "suffix": ""
                },
                {
                    "first": "M.C.",
                    "middle": [],
                    "last": "Kim",
                    "suffix": ""
                },
                {
                    "first": "Y.P.",
                    "middle": [],
                    "last": "Chong",
                    "suffix": ""
                },
                {
                    "first": "S.O.",
                    "middle": [],
                    "last": "Lee",
                    "suffix": ""
                },
                {
                    "first": "S.H.",
                    "middle": [],
                    "last": "Choi",
                    "suffix": ""
                },
                {
                    "first": "Y.S.",
                    "middle": [],
                    "last": "Kim",
                    "suffix": ""
                },
                {
                    "first": "J.H.",
                    "middle": [],
                    "last": "Woo",
                    "suffix": ""
                },
                {
                    "first": "Y.",
                    "middle": [],
                    "last": "Shin",
                    "suffix": ""
                },
                {
                    "first": "S.H.",
                    "middle": [],
                    "last": "Kim",
                    "suffix": ""
                }
            ],
            "year": 2018,
            "venue": "Clin. Chem.",
            "volume": "64",
            "issn": "3",
            "pages": "556-565",
            "other_ids": {
                "DOI": []
            }
        },
        "BIBREF2": {
            "title": "An isothermal, label-free, and rapid one-step RNA amplification/detection assay for diagnosis of respiratory viral infections",
            "authors": [
                {
                    "first": "B.",
                    "middle": [],
                    "last": "Koo",
                    "suffix": ""
                },
                {
                    "first": "C.E.",
                    "middle": [],
                    "last": "Jin",
                    "suffix": ""
                },
                {
                    "first": "T.Y.",
                    "middle": [],
                    "last": "Lee",
                    "suffix": ""
                },
                {
                    "first": "J.H.",
                    "middle": [],
                    "last": "Lee",
                    "suffix": ""
                },
                {
                    "first": "M.K.",
                    "middle": [],
                    "last": "Park",
                    "suffix": ""
                },
                {
                    "first": "H.",
                    "middle": [],
                    "last": "Sung",
                    "suffix": ""
                },
                {
                    "first": "S.Y.",
                    "middle": [],
                    "last": "Park",
                    "suffix": ""
                },
                {
                    "first": "H.J.",
                    "middle": [],
                    "last": "Lee",
                    "suffix": ""
                },
                {
                    "first": "S.M.",
                    "middle": [],
                    "last": "Kim",
                    "suffix": ""
                },
                {
                    "first": "J.Y.",
                    "middle": [],
                    "last": "Kim",
                    "suffix": ""
                },
                {
                    "first": "S.H.",
                    "middle": [],
                    "last": "Kim",
                    "suffix": ""
                },
                {
                    "first": "Y.",
                    "middle": [],
                    "last": "Shin",
                    "suffix": ""
                }
            ],
            "year": 2017,
            "venue": "Biosens. Bioelectron.",
            "volume": "90",
            "issn": "",
            "pages": "187-194",
            "other_ids": {
                "DOI": []
            }
        },
        "BIBREF3": {
            "title": "",
            "authors": [],
            "year": null,
            "venue": "",
            "volume": "",
            "issn": "",
            "pages": null,
            "other_ids": {
                "DOI": []
            }
        },
        "BIBREF4": {
            "title": "Loop-mediated isothermal amplification (LAMP): a rapid, accurate, and cost-effective diagnostic method for infectious diseases",
            "authors": [
                {
                    "first": "Y.",
                    "middle": [],
                    "last": "Mori",
                    "suffix": ""
                },
                {
                    "first": "T.",
                    "middle": [],
                    "last": "Notomi",
                    "suffix": ""
                }
            ],
            "year": 2009,
            "venue": "J. Infect. Chemother.",
            "volume": "15",
            "issn": "2",
            "pages": "62-69",
            "other_ids": {
                "DOI": []
            }
        },
        "BIBREF5": {
            "title": "Diagnosis of Zika virus infections: challenges and opportunities",
            "authors": [
                {
                    "first": "J.L.",
                    "middle": [],
                    "last": "Munoz-Jordan",
                    "suffix": ""
                }
            ],
            "year": 2017,
            "venue": "J. Infect. Dis.",
            "volume": "216",
            "issn": "suppl_10",
            "pages": "S951-S956",
            "other_ids": {
                "DOI": []
            }
        },
        "BIBREF6": {
            "title": "DNA detection using recombination proteins",
            "authors": [
                {
                    "first": "O.",
                    "middle": [],
                    "last": "Piepenburg",
                    "suffix": ""
                },
                {
                    "first": "C.H.",
                    "middle": [],
                    "last": "Williams",
                    "suffix": ""
                },
                {
                    "first": "D.L.",
                    "middle": [],
                    "last": "Stemple",
                    "suffix": ""
                },
                {
                    "first": "N.A.",
                    "middle": [],
                    "last": "Armes",
                    "suffix": ""
                }
            ],
            "year": 2006,
            "venue": "PLoS Biol.",
            "volume": "4",
            "issn": "7",
            "pages": null,
            "other_ids": {
                "DOI": []
            }
        },
        "BIBREF7": {
            "title": "Respiratory viruses and their impact in healthcare",
            "authors": [
                {
                    "first": "S.",
                    "middle": [],
                    "last": "Rao",
                    "suffix": ""
                },
                {
                    "first": "A.C.",
                    "middle": [],
                    "last": "Nyquist",
                    "suffix": ""
                }
            ],
            "year": 2014,
            "venue": "Curr. Opin. Infect. Dis.",
            "volume": "27",
            "issn": "4",
            "pages": "342-347",
            "other_ids": {
                "DOI": []
            }
        },
        "BIBREF8": {
            "title": "The neglected dimension of global security\u2014a framework for countering infectious-disease crises",
            "authors": [
                {
                    "first": "P.",
                    "middle": [],
                    "last": "Sands",
                    "suffix": ""
                },
                {
                    "first": "C.",
                    "middle": [],
                    "last": "Mundaca-Shah",
                    "suffix": ""
                },
                {
                    "first": "V.J.",
                    "middle": [],
                    "last": "Dzau",
                    "suffix": ""
                }
            ],
            "year": 2016,
            "venue": "N. Engl. J. Med.",
            "volume": "374",
            "issn": "13",
            "pages": "1281-1287",
            "other_ids": {
                "DOI": []
            }
        },
        "BIBREF9": {
            "title": "Next-generation DNA sequencing",
            "authors": [
                {
                    "first": "J.",
                    "middle": [],
                    "last": "Shendure",
                    "suffix": ""
                },
                {
                    "first": "H.",
                    "middle": [],
                    "last": "Ji",
                    "suffix": ""
                }
            ],
            "year": 2008,
            "venue": "Nat. Biotechnol.",
            "volume": "26",
            "issn": "10",
            "pages": null,
            "other_ids": {
                "DOI": []
            }
        },
        "BIBREF10": {
            "title": "A solid phase-bridge based DNA amplification technique with fluorescence signal enhancement for detection of cancer biomarkers",
            "authors": [
                {
                    "first": "Y.",
                    "middle": [],
                    "last": "Shin",
                    "suffix": ""
                },
                {
                    "first": "J.",
                    "middle": [],
                    "last": "Kim",
                    "suffix": ""
                },
                {
                    "first": "T.Y.",
                    "middle": [],
                    "last": "Lee",
                    "suffix": ""
                }
            ],
            "year": 2014,
            "venue": "Sens. Actuators B: Chem.",
            "volume": "199",
            "issn": "",
            "pages": "220-225",
            "other_ids": {
                "DOI": []
            }
        },
        "BIBREF11": {
            "title": "Burden of endemic health-care-associated infection in developing countries: systematic review and meta-analysis",
            "authors": [
                {
                    "first": "B.",
                    "middle": [],
                    "last": "Allegranzi",
                    "suffix": ""
                },
                {
                    "first": "S.B.",
                    "middle": [],
                    "last": "Nejad",
                    "suffix": ""
                },
                {
                    "first": "C.",
                    "middle": [],
                    "last": "Combescure",
                    "suffix": ""
                },
                {
                    "first": "W.",
                    "middle": [],
                    "last": "Graafmans",
                    "suffix": ""
                },
                {
                    "first": "H.",
                    "middle": [],
                    "last": "Attar",
                    "suffix": ""
                },
                {
                    "first": "L.",
                    "middle": [],
                    "last": "Donaldson",
                    "suffix": ""
                },
                {
                    "first": "D.",
                    "middle": [],
                    "last": "Pittet",
                    "suffix": ""
                }
            ],
            "year": 2011,
            "venue": "Lancet",
            "volume": "377",
            "issn": "9761",
            "pages": "228-241",
            "other_ids": {
                "DOI": []
            }
        },
        "BIBREF12": {
            "title": "",
            "authors": [
                {
                    "first": "",
                    "middle": [],
                    "last": "World Health Organization",
                    "suffix": ""
                }
            ],
            "year": 2015,
            "venue": "",
            "volume": "",
            "issn": "",
            "pages": null,
            "other_ids": {
                "DOI": []
            }
        },
        "BIBREF13": {
            "title": "",
            "authors": [
                {
                    "first": "",
                    "middle": [],
                    "last": "World Health Organization",
                    "suffix": ""
                }
            ],
            "year": 2015,
            "venue": "",
            "volume": "",
            "issn": "",
            "pages": null,
            "other_ids": {
                "DOI": []
            }
        },
        "BIBREF14": {
            "title": "",
            "authors": [
                {
                    "first": "",
                    "middle": [],
                    "last": "World Health Organization",
                    "suffix": ""
                }
            ],
            "year": 2016,
            "venue": "",
            "volume": "",
            "issn": "",
            "pages": null,
            "other_ids": {
                "DOI": []
            }
        },
        "BIBREF15": {
            "title": "PCR-based diagnostics for infectious diseases: uses, limitations, and future applications in acute-care settings",
            "authors": [
                {
                    "first": "S.",
                    "middle": [],
                    "last": "Yang",
                    "suffix": ""
                },
                {
                    "first": "R.E.",
                    "middle": [],
                    "last": "Rothman",
                    "suffix": ""
                }
            ],
            "year": 2004,
            "venue": "Lancet Infect. Dis.",
            "volume": "4",
            "issn": "6",
            "pages": "337-348",
            "other_ids": {
                "DOI": []
            }
        },
        "BIBREF16": {
            "title": "Isolation of a novel coronavirus from a man with pneumonia in Saudi Arabia",
            "authors": [
                {
                    "first": "A.M.",
                    "middle": [],
                    "last": "Zaki",
                    "suffix": ""
                },
                {
                    "first": "S.",
                    "middle": [],
                    "last": "Van Boheemen",
                    "suffix": ""
                },
                {
                    "first": "T.M.",
                    "middle": [],
                    "last": "Bestebroer",
                    "suffix": ""
                },
                {
                    "first": "A.D.",
                    "middle": [],
                    "last": "Osterhaus",
                    "suffix": ""
                },
                {
                    "first": "R.A.",
                    "middle": [],
                    "last": "Fouchier",
                    "suffix": ""
                }
            ],
            "year": 2012,
            "venue": "N. Engl. J. Med.",
            "volume": "367",
            "issn": "19",
            "pages": "1814-1820",
            "other_ids": {
                "DOI": []
            }
        },
        "BIBREF17": {
            "title": "Middle East respiratory syndrome",
            "authors": [
                {
                    "first": "A.",
                    "middle": [],
                    "last": "Zumla",
                    "suffix": ""
                },
                {
                    "first": "D.S.",
                    "middle": [],
                    "last": "Hui",
                    "suffix": ""
                },
                {
                    "first": "S.",
                    "middle": [],
                    "last": "Perlman",
                    "suffix": ""
                }
            ],
            "year": 2015,
            "venue": "Lancet",
            "volume": "386",
            "issn": "9997",
            "pages": "995-1007",
            "other_ids": {
                "DOI": []
            }
        },
        "BIBREF18": {
            "title": "Advances in nucleic acid-based diagnostics of bacterial infections",
            "authors": [
                {
                    "first": "K.B.",
                    "middle": [],
                    "last": "Barken",
                    "suffix": ""
                },
                {
                    "first": "J.A.",
                    "middle": [],
                    "last": "Haagensen",
                    "suffix": ""
                },
                {
                    "first": "T.",
                    "middle": [],
                    "last": "Tolker-Nielsen",
                    "suffix": ""
                }
            ],
            "year": 2007,
            "venue": "Clin. Chim. Acta",
            "volume": "384",
            "issn": "1\u20132",
            "pages": "1-11",
            "other_ids": {
                "DOI": []
            }
        },
        "BIBREF19": {
            "title": "Evaluation of a rapid and sensitive RT-qPCR assay for the detection of Ebola Virus",
            "authors": [
                {
                    "first": "M.",
                    "middle": [],
                    "last": "Biava",
                    "suffix": ""
                },
                {
                    "first": "F.",
                    "middle": [],
                    "last": "Colavita",
                    "suffix": ""
                },
                {
                    "first": "A.",
                    "middle": [],
                    "last": "Marzorati",
                    "suffix": ""
                },
                {
                    "first": "D.",
                    "middle": [],
                    "last": "Russo",
                    "suffix": ""
                },
                {
                    "first": "D.",
                    "middle": [],
                    "last": "Pirola",
                    "suffix": ""
                },
                {
                    "first": "A.",
                    "middle": [],
                    "last": "Cocci",
                    "suffix": ""
                },
                {
                    "first": "A.",
                    "middle": [],
                    "last": "Petrocelli",
                    "suffix": ""
                },
                {
                    "first": "M.",
                    "middle": [],
                    "last": "Delli Guanti",
                    "suffix": ""
                },
                {
                    "first": "G.",
                    "middle": [],
                    "last": "Cataldi",
                    "suffix": ""
                },
                {
                    "first": "T.A.",
                    "middle": [],
                    "last": "Kamarad",
                    "suffix": ""
                },
                {
                    "first": "A.S.",
                    "middle": [],
                    "last": "Kamarad",
                    "suffix": ""
                },
                {
                    "first": "K.",
                    "middle": [],
                    "last": "Konnehd",
                    "suffix": ""
                },
                {
                    "first": "A.",
                    "middle": [],
                    "last": "Cannas",
                    "suffix": ""
                },
                {
                    "first": "S.",
                    "middle": [],
                    "last": "Coen",
                    "suffix": ""
                },
                {
                    "first": "S.",
                    "middle": [],
                    "last": "Quartu",
                    "suffix": ""
                },
                {
                    "first": "S.",
                    "middle": [],
                    "last": "Meschi",
                    "suffix": ""
                },
                {
                    "first": "M.B.",
                    "middle": [],
                    "last": "Valli",
                    "suffix": ""
                },
                {
                    "first": "A.",
                    "middle": [],
                    "last": "Mazzarelli",
                    "suffix": ""
                },
                {
                    "first": "C.",
                    "middle": [],
                    "last": "Venditti",
                    "suffix": ""
                },
                {
                    "first": "G.",
                    "middle": [],
                    "last": "Grassi",
                    "suffix": ""
                },
                {
                    "first": "G.",
                    "middle": [],
                    "last": "Rozera",
                    "suffix": ""
                },
                {
                    "first": "C.",
                    "middle": [],
                    "last": "Castilletti",
                    "suffix": ""
                },
                {
                    "first": "A.",
                    "middle": [],
                    "last": "Mirazimi",
                    "suffix": ""
                },
                {
                    "first": "M.R.",
                    "middle": [],
                    "last": "Capobianchi",
                    "suffix": ""
                },
                {
                    "first": "G.",
                    "middle": [],
                    "last": "Ippolito",
                    "suffix": ""
                },
                {
                    "first": "R.",
                    "middle": [],
                    "last": "Miccio",
                    "suffix": ""
                },
                {
                    "first": "A.",
                    "middle": [],
                    "last": "Di Caro",
                    "suffix": ""
                }
            ],
            "year": 2018,
            "venue": "J. Virol. Methods",
            "volume": "252",
            "issn": "",
            "pages": "70-74",
            "other_ids": {
                "DOI": []
            }
        },
        "BIBREF20": {
            "title": "Development and preliminary evaluation of a multiplexed amplification and next generation sequencing method for viral hemorrhagic fever diagnostics",
            "authors": [
                {
                    "first": "A.",
                    "middle": [],
                    "last": "Brinkmann",
                    "suffix": ""
                },
                {
                    "first": "K.",
                    "middle": [],
                    "last": "Erg\u00fcnay",
                    "suffix": ""
                },
                {
                    "first": "A.",
                    "middle": [],
                    "last": "Radoni\u0107",
                    "suffix": ""
                },
                {
                    "first": "Z.K.",
                    "middle": [],
                    "last": "Tufan",
                    "suffix": ""
                },
                {
                    "first": "C.",
                    "middle": [],
                    "last": "Domingo",
                    "suffix": ""
                },
                {
                    "first": "A.",
                    "middle": [],
                    "last": "Nitsche",
                    "suffix": ""
                }
            ],
            "year": 2017,
            "venue": "PLoS Negl. Trop. Dis.",
            "volume": "11",
            "issn": "11",
            "pages": null,
            "other_ids": {
                "DOI": []
            }
        },
        "BIBREF21": {
            "title": "A magneto-DNA nanoparticle system for rapid detection and phenotyping of bacteria",
            "authors": [
                {
                    "first": "H.J.",
                    "middle": [],
                    "last": "Chung",
                    "suffix": ""
                },
                {
                    "first": "C.M.",
                    "middle": [],
                    "last": "Castro",
                    "suffix": ""
                },
                {
                    "first": "H.",
                    "middle": [],
                    "last": "Im",
                    "suffix": ""
                },
                {
                    "first": "H.",
                    "middle": [],
                    "last": "Lee",
                    "suffix": ""
                },
                {
                    "first": "R.",
                    "middle": [],
                    "last": "Weissleder",
                    "suffix": ""
                }
            ],
            "year": 2013,
            "venue": "Nat. Nanotechnol.",
            "volume": "8",
            "issn": "5",
            "pages": null,
            "other_ids": {
                "DOI": []
            }
        },
        "BIBREF22": {
            "title": "BTA, a novel reagent for DNA attachment on glass and efficient generation of solid-phase amplified DNA colonies",
            "authors": [
                {
                    "first": "M.",
                    "middle": [],
                    "last": "Fedurco",
                    "suffix": ""
                },
                {
                    "first": "A.",
                    "middle": [],
                    "last": "Romieu",
                    "suffix": ""
                },
                {
                    "first": "S.",
                    "middle": [],
                    "last": "Williams",
                    "suffix": ""
                },
                {
                    "first": "I.",
                    "middle": [],
                    "last": "Lawrence",
                    "suffix": ""
                },
                {
                    "first": "G.",
                    "middle": [],
                    "last": "Turcatti",
                    "suffix": ""
                }
            ],
            "year": 2006,
            "venue": "Nucleic Acids Res.",
            "volume": "34",
            "issn": "3",
            "pages": null,
            "other_ids": {
                "DOI": []
            }
        },
        "BIBREF23": {
            "title": "Direct fluorescence analysis of genetic polymorphisms by hybridization with oligonucleotide arrays on glass supports",
            "authors": [
                {
                    "first": "Z.",
                    "middle": [],
                    "last": "Guo",
                    "suffix": ""
                },
                {
                    "first": "R.A.",
                    "middle": [],
                    "last": "Guilfoyle",
                    "suffix": ""
                },
                {
                    "first": "A.J.",
                    "middle": [],
                    "last": "Thiel",
                    "suffix": ""
                },
                {
                    "first": "R.",
                    "middle": [],
                    "last": "Wang",
                    "suffix": ""
                },
                {
                    "first": "L.M.",
                    "middle": [],
                    "last": "Smith",
                    "suffix": ""
                }
            ],
            "year": 1994,
            "venue": "Nucleic Acids Res.",
            "volume": "22",
            "issn": "24",
            "pages": "5456-5465",
            "other_ids": {
                "DOI": []
            }
        },
        "BIBREF24": {
            "title": "An integrated microfluidic chip for DNA/RNA amplification, electrophoresis separation and on\u2010line optical detection",
            "authors": [
                {
                    "first": "F.C.",
                    "middle": [],
                    "last": "Huang",
                    "suffix": ""
                },
                {
                    "first": "C.S.",
                    "middle": [],
                    "last": "Liao",
                    "suffix": ""
                },
                {
                    "first": "G.B.",
                    "middle": [],
                    "last": "Lee",
                    "suffix": ""
                }
            ],
            "year": 2006,
            "venue": "Electrophoresis",
            "volume": "27",
            "issn": "16",
            "pages": "3297-3305",
            "other_ids": {
                "DOI": []
            }
        }
    }
}