{
    "paper_id": "PMC2729981",
    "metadata": {
        "title": "Long-term performance and microbial community analysis of a full-scale synthesis gas fed reactor treating sulfate- and zinc-rich wastewater",
        "authors": [
            {
                "first": "Bernd",
                "middle": [
                    "H.",
                    "G.",
                    "W."
                ],
                "last": "van Houten",
                "suffix": "",
                "email": null,
                "affiliation": {}
            },
            {
                "first": "Wim",
                "middle": [],
                "last": "van Doesburg",
                "suffix": "",
                "email": null,
                "affiliation": {}
            },
            {
                "first": "Henk",
                "middle": [],
                "last": "Dijkman",
                "suffix": "",
                "email": null,
                "affiliation": {}
            },
            {
                "first": "Cris",
                "middle": [],
                "last": "Copini",
                "suffix": "",
                "email": null,
                "affiliation": {}
            },
            {
                "first": "Hauke",
                "middle": [],
                "last": "Smidt",
                "suffix": "",
                "email": null,
                "affiliation": {}
            },
            {
                "first": "Alfons",
                "middle": [
                    "J.",
                    "M."
                ],
                "last": "Stams",
                "suffix": "",
                "email": "Fons.stams@wur.nl",
                "affiliation": {}
            }
        ]
    },
    "body_text": [
        {
            "text": "Sulfate- and metal-rich wastewaters that are low in organic carbon are produced as a result of several industrial activities, such as metal smelting, flue gas scrubbing, and mining. Sulfate-reducing bioreactors have been shown to be suitable systems to remediate these types of wastewater (Boonstra et al. 1999). These bioreactors utilize the sulfidogenic activity of sulfate-reducing bacteria (SRB) to simultaneously remove sulfate and metals in the form of metal sulfides (Muyzer and Stams 2008).",
            "cite_spans": [
                {
                    "start": 306,
                    "end": 310,
                    "mention": "1999",
                    "ref_id": "BIBREF19"
                },
                {
                    "start": 492,
                    "end": 496,
                    "mention": "2008",
                    "ref_id": "BIBREF2"
                }
            ],
            "section": "Introduction",
            "ref_spans": []
        },
        {
            "text": "Paques B.V. (Balk, The Netherlands) has developed a sulfidogenic SULFATEQ\u00ae system, which is based on a gas-lift reactor fed with hydrogen gas as the electron donor for sulfate reduction. For large-scale applications, synthesis gas is an attractive source of hydrogen (van Houten and Lettinga 1994). Synthesis gas composition varies depending on the organic carbon source used for its production, but it contains mainly H2, CO2, and CO with minor levels of other components, such as methane and nitrogen. After tests conducted at pilot-scale, the first full-scale synthesis gas fed reactor was constructed to treat wastewater from the Nyrstar Budel Zink zinc smelting plant (Budel-Dorplein, The Netherlands). The full-scale sulfidogenic bioreactor was chosen over the original lime stone neutralization process because the zinc sulfide produced in the bioreactor is suitable to be re-used as a zinc ore in the zinc smelting process. As a consequence, no solid waste is produced. Furthermore, since the solubilities of most metal sulfides are much lower than those of their respective hydroxides, considerably lower effluent metal concentrations can be achieved.",
            "cite_spans": [
                {
                    "start": 292,
                    "end": 296,
                    "mention": "1994",
                    "ref_id": "BIBREF17"
                }
            ],
            "section": "Introduction",
            "ref_spans": []
        },
        {
            "text": "During startup the full-scale reactor was fed with purified synthesis gas containing mainly hydrogen (van Houten et al. 2006). While startup of the reactor was successful and the desired rate of sulfate reduction was achieved, hydrogenotrophic methanogenesis was not suppressed despite the predominance of SRB (van Houten et al. 2006). Methanogenesis is an unwanted process, as it increases operational costs. Persistence of methanogenesis was unexpected, as prior research had shown suppression of methanogenesis by sulfate reduction in lab-scale systems (van Houten et al. 1994; Weijma et al. 2002). The suppression of methanogenesis by sulfate reduction in anaerobic bioreactors is often attributed to the fact that SRB can reach much lower hydrogen threshold concentrations compared to methanogens. Based on the hydrogen thresholds of the methanogens and SRB detected within the sludge (van Houten et al. 2006), methanogenesis should have been suppressed rapidly by sulfate reduction. However, because of the relatively short sludge retention time (SRT) of 4\u20137 days employed for the full-scale reactor, hydrogen threshold concentrations cannot be reached. During operation at full scale, process conditions fluctuate and mass transfer of hydrogen to the liquid phase exceeds the requirement for sulfate reduction for the majority of time. Consequently, a continuous state of hydrogen limitation is not reached, and as a result, methanogens are not readily outcompeted by SRB.",
            "cite_spans": [
                {
                    "start": 120,
                    "end": 124,
                    "mention": "2006",
                    "ref_id": "BIBREF15"
                },
                {
                    "start": 329,
                    "end": 333,
                    "mention": "2006",
                    "ref_id": "BIBREF15"
                },
                {
                    "start": 575,
                    "end": 579,
                    "mention": "1994",
                    "ref_id": "BIBREF16"
                },
                {
                    "start": 595,
                    "end": 599,
                    "mention": "2002",
                    "ref_id": "BIBREF18"
                },
                {
                    "start": 909,
                    "end": 913,
                    "mention": "2006",
                    "ref_id": "BIBREF15"
                }
            ],
            "section": "Introduction",
            "ref_spans": []
        },
        {
            "text": "A potential strategy to suppress methanogenesis would be to limit the carbon dioxide feed to the reactor. As hydrogenotrophic methanogens require carbon dioxide as their terminal electron acceptor, limiting the carbon dioxide feed should lower their activity. SRB also require carbon dioxide for growth but only as source of carbon. Heterotrophic SRB were found to be the predominant microorganisms in the reactor (van Houten et al. 2006). These SRB utilize carbon dioxide as a carbon source but only to a minor extent, as they obtain most of their carbon (Sorokin 1966a,b; Badziong and Thauer 1979) from the organic carbon source provided.",
            "cite_spans": [
                {
                    "start": 433,
                    "end": 437,
                    "mention": "2006",
                    "ref_id": "BIBREF15"
                },
                {
                    "start": 565,
                    "end": 570,
                    "mention": "1966a",
                    "ref_id": "BIBREF10"
                },
                {
                    "start": 571,
                    "end": 572,
                    "mention": "b",
                    "ref_id": "BIBREF12"
                },
                {
                    "start": 594,
                    "end": 598,
                    "mention": "1979",
                    "ref_id": "BIBREF11"
                }
            ],
            "section": "Introduction",
            "ref_spans": []
        },
        {
            "text": "Information on the long-term performance and the microbial community composition and dynamics is still very limited for this type of bioreactor, especially at full scale. Additional information, especially on community dynamics in relation to operational changes, may provide information that can be used to understand how to consequently control the performance of synthesis gas fed bioreactors. Therefore, we have studied the performance based on sulfate reduction rates and monitored methane production over a prolonged period of 128 weeks. During this period, the carbon dioxide feed to the reactor was lowered. For the same period the composition and dynamics of the dominant bacterial and archaeal species was studied. Temporal community changes were assessed using denaturing gradient gel electrophoresis (DGGE), while the relative abundance and identity of dominant bacterial species in the sludge were estimated using restriction fragment length polymorphism (RFLP) and sequence analysis of 16S rRNA gene clone libraries.",
            "cite_spans": [],
            "section": "Introduction",
            "ref_spans": []
        },
        {
            "text": "The reactor was a 500-m3 full-scale gas-lift reactor treating sulfate and heavy metal-rich wastewater from a zinc smelter in Budel-Dorplein, The Netherlands. A schematic flow diagram and operating conditions have been presented previously (van Houten et al. 2006). A waste stream consisting of a mix of sulfate-rich waste acid neutralized with zinc oxide produced during the zinc production process was fed to the reactor. The main pollutants in the reactor feed were sulfate (5\u201330 g/L), zinc (3\u201315 g/L), and magnesium (30\u2013500 mg/L). Hydrogen was supplied as the electron donor for sulfate reduction in the form of purified synthesis gas. Additionally small amounts of urea, phosphoric acid, and acetate were added as nitrogen, phosphate, and carbon source. The reactor was operated between 30\u00b0C and 35\u00b0C and pH 7.0 and 7.5. The SRT varied between 4 and 7 days. The hydraulic retention time varied between 1 and 3 days.",
            "cite_spans": [
                {
                    "start": 258,
                    "end": 262,
                    "mention": "2006",
                    "ref_id": "BIBREF15"
                }
            ],
            "section": "Reactor operating conditions ::: Materials and methods",
            "ref_spans": []
        },
        {
            "text": "Sulfate concentrations of the influent and effluent were measured using ion chromatography and hydrogen, methane, and carbon dioxide concentrations of the reactor feed, bleed, and recycle gas were measured by gas chromatography as previously described (van Houten et al. 2006).",
            "cite_spans": [
                {
                    "start": 271,
                    "end": 275,
                    "mention": "2006",
                    "ref_id": "BIBREF15"
                }
            ],
            "section": "Reactor performance monitoring and chemical analyses ::: Materials and methods",
            "ref_spans": []
        },
        {
            "text": "Sludge samples for nucleic acid isolation were taken from the sludge recycle. Samples (6 ml) were fixed with 9.5 ml ethanol and 0.5 ml 0.8 M sodium chloride prior to storage at \u221220\u00b0C.",
            "cite_spans": [],
            "section": "Nucleic acids isolation and PCR ::: Materials and methods",
            "ref_spans": []
        },
        {
            "text": "Total DNA was extracted as previously described (Oude Elferink et al. 1997). 16S rRNA genes were polymerase chain reaction (PCR) amplified from the sludge DNA extract using a Taq DNA polymerase kit (Life Technologies, Gaithersburg, MD, USA). All primers were purchased from MWG-Biotech (Ebersberg, Germany). Bacterial 16S rRNA genes were selectively amplified for clone library construction and sequence analysis using 7-f and 1510-r primers (Lane 1991) with the following thermocycler program: 94\u00b0C for 5 min; 25 cycles of 94\u00b0C for 30 s, 52\u00b0C for 20 s, and 68\u00b0C for 40 s; and 68\u00b0C for 7 min. For DGGE, partial bacterial 16S rRNA gene fragments were amplified using 968-GC-f and 1401-r primers (N\u00fcbel et al. 1996) with the same thermocycler program, but an increased number of 35 cycles and an annealing temperature of 56\u00b0C were used. For archaeal DGGE analyses, A109(T)-f (original; Gro\u00dfkopf et al. 1998), third base pair changed into (T), and 515-GC-r (Lane 1991) were used for amplification. Reactions were performed with the following thermocycler program: 94\u00b0C for 5 min; 35 cycles of 94\u00b0C for 30 s, 52\u00b0C for 40 s, 68\u00b0C for 1 min, and 68\u00b0C for 7 min. Amplification and size of PCR products were verified by 1% (w/v) agarose gel electrophoresis with ethidium bromide staining and comparison of amplification products to a 100-bp DNA ladder (MBI Fermentas, Vilnius, Lithuania).",
            "cite_spans": [
                {
                    "start": 70,
                    "end": 74,
                    "mention": "1997",
                    "ref_id": "BIBREF5"
                },
                {
                    "start": 448,
                    "end": 452,
                    "mention": "1991",
                    "ref_id": "BIBREF24"
                },
                {
                    "start": 708,
                    "end": 712,
                    "mention": "1996",
                    "ref_id": "BIBREF3"
                },
                {
                    "start": 900,
                    "end": 904,
                    "mention": "1998",
                    "ref_id": "BIBREF20"
                },
                {
                    "start": 960,
                    "end": 964,
                    "mention": "1991",
                    "ref_id": "BIBREF24"
                }
            ],
            "section": "Nucleic acids isolation and PCR ::: Materials and methods",
            "ref_spans": []
        },
        {
            "text": "DGGE analysis was performed on 8% (w/v) polyacrylamide gels containing a denaturing gradient of 35\u201360% for bacterial amplicons and 30\u201345% for archaeal amplicons. One hundred percent denaturant corresponded to 7 M urea and 40% (v/v) formamide. Electrophoresis was performed in 0.5\u00d7 TAE buffer (20 mM Tris, 10 mM acetic acid, and 0.5 mM EDTA, pH 8) at 85 V and 60\u00b0C for 16 h (after 10 min at 200 V) using a DCode System (BioRad, Hercules, CA, USA). Gels were silver stained as described previously (Sanguinetti et al. 1994).",
            "cite_spans": [
                {
                    "start": 516,
                    "end": 520,
                    "mention": "1994",
                    "ref_id": "BIBREF8"
                }
            ],
            "section": "DGGE and RFLP analysis ::: Materials and methods",
            "ref_spans": []
        },
        {
            "text": "For the generation of bacterial clone libraries, amplified full-length 16S rRNA genes were purified using a QIAquick Kit (Qiagen GmbH, Hilden, Germany) and cloned into Escherichia coli JM109 by using the pGEM\u00ae-T Easy vector system (Promega, Leiden, The Netherlands). Clone libraries (96 clones for weeks 10 and 50 and 48 clones for week 128) were screened for number and relative abundance of unique clone types by RFLP analysis (digestion with MspI, CfoI, and AluI, Invitrogen) and DGGE. Plasmids of selected transformants were then purified using the QIAprep spin miniprep kit (Qiagen GmbH, Hilden, Germany).",
            "cite_spans": [],
            "section": "DGGE and RFLP analysis ::: Materials and methods",
            "ref_spans": []
        },
        {
            "text": "16S rRNA gene-targeted sequence determination was carried out with the Sequenase sequencing kit (Amersham, Slough, UK) using pGEM\u00ae-T vector-targeted sequencing primers Sp6 (5\u2032-GATTTAGGTGACACTATAG-3\u2032) and T7 (5\u2032-TAATACGACTCACTATAGGG-3\u2032) and internal primers Uni-533-forw (5\u2032-GTGCCAGC(A/C)GCCGCGGTAA-3\u2032), Bact-1100-rev (5\u2032-GGGTTGCGCTCGTTG-3\u2032). All primers were labeled with IRD800 (MWG-Biotech, Ebersberg, Germany). The sequences were automatically analyzed on a LI-COR (Lincoln, NE, USA) DNA sequencer 4000L. Sequences were checked for chimera using PINTAIL software (Ashelford et al. 2005) searched against the NCBI database using BLAST (http://www.ncbi.nlm.nih.gov/blast/) (McGinnis and Madden 2004). Alignment and phylogenetic analysis of 16S rRNA gene sequences were performed using the ARB software package and the latest release of the ARB-SILVA reference database (Ludwig et al. 2004; Pruesse et al. 2007). Phylogenetic analysis was performed using the neighbor joining method with Felsenstein correction as implemented in the ARB software package (Saitou and Nei 1987). The tree was constructed using E. coli positions 37\u20131461, using a general bacterial 50% conservation filter provided with the latest release of the ARB-SILVA database. Sequences generated from this work are deposited at GenBank under accession numbers DQ447163\u2013DQ447176.",
            "cite_spans": [
                {
                    "start": 584,
                    "end": 588,
                    "mention": "2005",
                    "ref_id": "BIBREF0"
                },
                {
                    "start": 695,
                    "end": 699,
                    "mention": "2004",
                    "ref_id": "BIBREF1"
                },
                {
                    "start": 885,
                    "end": 889,
                    "mention": "2004",
                    "ref_id": "BIBREF25"
                },
                {
                    "start": 906,
                    "end": 910,
                    "mention": "2007",
                    "ref_id": "BIBREF6"
                },
                {
                    "start": 1070,
                    "end": 1074,
                    "mention": "1987",
                    "ref_id": "BIBREF7"
                }
            ],
            "section": "Sequence determination and analysis ::: Materials and methods",
            "ref_spans": []
        },
        {
            "text": "The sulfate input and output rates of the 500 m3 full-scale reactor were monitored for 128 weeks (Fig. 1). During operation, the sulfate input rate fluctuated as a result of the rates at which the influents were produced. Other causes for periods with lower or no sulfate reduction include a calamity in week 4 where the reactor was exposed to an unknown free zinc concentration, which affected the sulfate conversion rate. The reactor was taken offline in weeks 76, 85, and 99 for inspection and maintenance.\n\n",
            "cite_spans": [],
            "section": "Reactor performance ::: Results",
            "ref_spans": [
                {
                    "start": 103,
                    "end": 104,
                    "mention": "1",
                    "ref_id": "FIGREF0"
                }
            ]
        },
        {
            "text": "For the first 75 weeks, the weekly sulfate conversion rate was on average 201 kg\u00b7h\u22121 (SD \u00b1 68). After 92 weeks, the average sulfate input rate increased due to changes in the composition of the wastewater. The reactor was able to accommodate this increased sulfate input rate, and from week 94 to 128, the average weekly sulfate conversion rate was 295 kg\u00b7h\u22121 (SD \u00b1 87). Even higher sulfate conversion rates of up to 400 kg h\u22121 could be sustained for weeks 120\u2013128 weeks (Fig. 1).",
            "cite_spans": [],
            "section": "Reactor performance ::: Results",
            "ref_spans": [
                {
                    "start": 477,
                    "end": 478,
                    "mention": "1",
                    "ref_id": "FIGREF0"
                }
            ]
        },
        {
            "text": "The methane production rate and carbon dioxide feed rate were also monitored intermittently for 128 weeks (Fig. 2). Before the carbon dioxide feed rate was lowered, the reactor had a high methanogenic activity of 46 Nm3\u00b7h\u22121 (normal cubic meter, T = 293 K, p = 101.325 Pa). The carbon dioxide concentration in the feed gas was gradually lowered from 20\u201322% to 3\u20136% (v/v) during the first 4 weeks, resulting in a lowered carbon dioxide feed rate of 15\u201320 Nm3\u00b7h\u22121. From week 6 onwards, the carbon dioxide feed rate was kept below 15 Nm3\u00b7h\u22121, and by week 8, the methanogenic activity had decreased to 3 Nm3 methane per hour. Between weeks 8 and 93, at an average hydrogen consumption rate of 2 Nm3\u00b7h\u22121, less than 1% of the hydrogen supply was used for methanogenesis. From week 88, the feed gas carbon dioxide concentration varied between 3.4% and 10.2%, due to a problem with the gas absorber used for carbon dioxide removal from the feed gas. This caused an increased feed of carbon dioxide to the reactor (Fig. 2). After a period of little methane production, an increase in methane production was detected from week 93 onwards. Methane production gradually increased, and based on an average hydrogen consumption rate of 132 Nm3\u00b7h\u22121 in week 103, approximately 25% of the supplied hydrogen was used for methanogenesis.\n\n",
            "cite_spans": [],
            "section": "Reactor performance ::: Results",
            "ref_spans": [
                {
                    "start": 112,
                    "end": 113,
                    "mention": "2",
                    "ref_id": "FIGREF1"
                },
                {
                    "start": 1010,
                    "end": 1011,
                    "mention": "2",
                    "ref_id": "FIGREF1"
                }
            ]
        },
        {
            "text": "To assess the influence of the changes in operating conditions on the archaeal community structure, 16S rRNA gene-targeted DGGE profiles were generated (Fig. 3). After the carbon dioxide feed rate had been lowered initially, the archaeal profiles gradually changed to a consistent profile consisting of two bands up to week 128. These results indicate that the lowered carbon dioxide feed decreased the archaeal diversity as observed by DGGE. Nevertheless, archaea were not completely removed from the system, as PCR amplification of archaeal 16S rRNA gene fragments was achieved for all samples. After the rate of methanogenesis increased again in week 93, no change in diversity was detected. The migration pattern of the archaeal clones obtained in our previous study (van Houten et al. 2006) was compared to the profiles obtained here. The migration pattern of the lower band matched that of clone BKV25 (GenBank accession number AY831647) and the top band that of clone BKV18 (AY831642). Both of these clones represent populations belonging to the genus Methanobacterium based on partial 16S rRNA gene analysis.\n\n",
            "cite_spans": [
                {
                    "start": 790,
                    "end": 794,
                    "mention": "2006",
                    "ref_id": "BIBREF15"
                }
            ],
            "section": "Archaeal community dynamics ::: Results",
            "ref_spans": [
                {
                    "start": 158,
                    "end": 159,
                    "mention": "3",
                    "ref_id": "FIGREF2"
                }
            ]
        },
        {
            "text": "The temporal dynamics of the bacterial community were also monitored for the complete period of 128 weeks using DGGE (Fig. 4). After consecutive changes up to week 41, the community structure became relatively stable between week 41 and 101 with four pre-dominant bands. This period was characterized by a stable operation of the reactor with only minor fluctuations in the sulfate input rate, the hydrogen concentration in the gas recycle (Fig. 1), and the feed gas rate and composition (data not shown). After week 101, a shift in the bacterial community to one dominant band (A) was observed.\n\n",
            "cite_spans": [],
            "section": "Bacterial community dynamics ::: Results",
            "ref_spans": [
                {
                    "start": 123,
                    "end": 124,
                    "mention": "4",
                    "ref_id": "FIGREF3"
                },
                {
                    "start": 446,
                    "end": 447,
                    "mention": "1",
                    "ref_id": "FIGREF0"
                }
            ]
        },
        {
            "text": "16S rRNA gene clone libraries were constructed for the bacterial community from samples taken in weeks 10, 50, and 128 (Table 1). Only abundant operational taxonomic units with unique RFLP and DGGE migration patterns and represented by two or more clones were further characterized by sequence analysis of representative clones. The dominance (82.6%) of two clones belonging to the genus Desulfomicrobium found previously (van Houten et al. 2006) was not found in week 10, even though there were only 6 weeks between these time points. The RFLP data for week 10 showed a relative abundance of only 6% for clone BUD03 that belonged to the genus Desulfomicrobium. A large number of abundant clones from week 10 and also week 50 did not belong to known genera of SRB. For instance, phylogenetic analysis (Fig. 5) showed that clone BUD01 and BUD07 belonged to the phylum Bacteroidetes. Clone BUD04 from week 10 and clones BUD13, BUD09, and BUD14 from later time points, cluster within the Chloroflexi subphylum I (Fig. 5), as defined by Hugenholtz et al. (1998).\n\n\n",
            "cite_spans": [
                {
                    "start": 441,
                    "end": 445,
                    "mention": "2006",
                    "ref_id": "BIBREF15"
                },
                {
                    "start": 1052,
                    "end": 1056,
                    "mention": "1998",
                    "ref_id": "BIBREF21"
                }
            ],
            "section": "Bacterial community dynamics ::: Results",
            "ref_spans": [
                {
                    "start": 807,
                    "end": 808,
                    "mention": "5",
                    "ref_id": "FIGREF4"
                },
                {
                    "start": 1015,
                    "end": 1016,
                    "mention": "5",
                    "ref_id": "FIGREF4"
                },
                {
                    "start": 126,
                    "end": 127,
                    "mention": "1",
                    "ref_id": "TABREF0"
                }
            ]
        },
        {
            "text": "The low bacterial diversity observed in the clone library of week 128 is in agreement with the reduction in diversity observed by DGGE after week 101. In week 128, the microorganisms represented by clone BUD16 appear to be predominant as indicated by RFLP abundance (27.7%). Clone BUD16 showed the highest level of sequence identity (95%) to the sulfate reducer Desulfovibrio giganteus. The highly related clone BUD15 (Fig. 5) also showed a high relative abundance (21.3%). The migration pattern of clone BUD15 on DGGE was the same as predominant band A observed in the DGGE profiles from weeks 111, 121, and 128. The migration pattern of BUD 16 did not match any of the dominant bands in the community profile. However, sequence analysis showed one base pair difference in the amplification range of primer 968-GC-f and 1401-r between BUD15 and BUD16. This may have prevented clone BUD16 to come up as a clear band in the community profile.",
            "cite_spans": [],
            "section": "Bacterial community dynamics ::: Results",
            "ref_spans": [
                {
                    "start": 424,
                    "end": 425,
                    "mention": "5",
                    "ref_id": "FIGREF4"
                }
            ]
        },
        {
            "text": "A large number of RFLP patterns were found that were represented by single clones: 59.7%, 27%, and 47% for weeks 10, 50, and 128, respectively. An unknown number of these unique clones are likely to be sulfate reducers considering the high rates of sulfate reduction observed. The diversity and abundance of species that did not belong to that of known SRB found within the clone libraries (Table 1) was not completely reflected by the results obtained by DGGE. The universal primer 968-GC-f and 1401-r for DGGE showed two mismatches with clones BUD04, BUD07, BUD09, BUD13, and BUD14 and three mismatches with clones BUD05, BUD10, and BUD12, resulting in a poor or no amplification of the individual clones (data not shown).",
            "cite_spans": [],
            "section": "Bacterial community dynamics ::: Results",
            "ref_spans": [
                {
                    "start": 397,
                    "end": 398,
                    "mention": "1",
                    "ref_id": "TABREF0"
                }
            ]
        },
        {
            "text": "The community analysis results clearly show that even a mainly hydrogen fed sulfate-reducing bioreactor can sustain a diverse bacterial community not restricted to just hydrogenotrophic SRB. The notable presence and potential role of Bacteriodetes, Chloroflexi, and even Thermotogales in a mesophilic reactor community, which was fed with limited amounts of acetate as the only organic carbon and hydrogen as the main electron donor is intriguing. Even though these phyla are underrepresented when it comes to cultured and described species, these organisms appear to be generally involved in degradation of carbohydrates and proteins. For instance, the closest physiologically characterized relative to Bacteriodetes clones, Proteiniphilum acetatigenes strain TB107 UNI-1T, has been shown to grow on complex substrates such as sugars and amino acids but not on hydrogen. Okabe et al. (2005) presented data that strongly suggest that members of the Chloroflexi preferentially utilize microbial products derived from biomass decay. As the ingoing wastewater did not contain complex organic compounds, a plausible explanation for their presence would be that these organisms are involved in the degradation of microbial cell material in sludge. Under normal conditions, due to the relatively high growth rate in the reactors (estimated doubling time of 0.14\u20130.25 day\u22121 based on SRT), there will be a continuous production of dead cells allowing these putative scavengers to persist in the system.",
            "cite_spans": [
                {
                    "start": 886,
                    "end": 890,
                    "mention": "2005",
                    "ref_id": "BIBREF4"
                }
            ],
            "section": "Discussion",
            "ref_spans": []
        },
        {
            "text": "Koizumi and co-workers have observed coexistence of SRB and Chloroflexi in the top sediment of a saline meromictic lake (Koizumi et al. 2004). They proposed a syntrophic relationship between SRB and Chloroflexi, where members of subphylum I might be initial degraders of macromolecules, providing fatty acids and hydrogen as electron donors for SRB. If this interaction also takes place in the Budel reactor, these intermediates might enable a more diverse SRB community to be sustained that is not restricted to just hydrogenotrophic sulfate reduction.",
            "cite_spans": [
                {
                    "start": 136,
                    "end": 140,
                    "mention": "2004",
                    "ref_id": "BIBREF23"
                }
            ],
            "section": "Discussion",
            "ref_spans": []
        },
        {
            "text": "The fluctuations in operating conditions that continuously occur during operation at full scale are probably the main reason why multiple SRB are sustained in the reactor. The lack of a continuous prolonged state of one limiting substrate will allow multiple hydrogenotrophic SRB to coexist. This appears to have been the case during the first 101 weeks of operation. Two bands, marked B and C in Fig. 4, were visible throughout this period and became relatively abundant during the stable period with low methane production (weeks 18\u2013101). The DGGE migration patterns of the abundant clones BUD03 and BUD11 coincided with bands B and C. These two taxa, belonging to the sulfate-reducing genera of Desulfomicrobium and Desulfovibrio (Fig. 5), appear to have contributed to the sulfidogenic performance of the reactor. Band B was detectable over the longest period of time (weeks 1\u2013121). By week 128, a dramatic shift has taken place to one predominant band A. Band A coincides with the DGGE migration pattern of clone BUD15 and possibly also represents BUD16. Clones BUD16 and BUD15 were also found to be predominant as indicated by their RFLP abundance, 27.7% and 21.3% respectively. Even though the hydrogen concentration of the recycle gas was low during this period, it is highly unlikely that this shift was caused by hydrogen limitation considering the high methanogenic activity in the same period. If a continuous state of hydrogen limitation had occurred, methanogenesis should have suppressed rapidly by sulfate reduction (Sch\u00f6nheit et al. 1982). A much more plausible explanation would be that growth of BUD15 and BUD16 had been carbon limited, more specifically carbon dioxide limited. Band A was visible throughout the whole monitored period. It was also more predominant in weeks 10\u201326 but gradually became less so following the gradually lowered carbon dioxide feed rate. The increased carbon dioxide feed rate from week 96 would have alleviated this limitation allowing it to become more abundant. This would imply that the microorganisms represented by the D. giganteus like clones BUD16 and BUD15 possess a high growth rate (\u00b5\nmax) on and possibly a higher affinity (K\nm) for hydrogen, giving them a selective advantage over other SRB when carbon dioxide is not growth limiting. This observation of potential carbon dioxide limitation affecting part of the SRB community may also explain in part why the two clones belonging to the genus Desulfomicrobium found to be dominant during startup (van Houten et al. 2006) became less dominant during the first 10 weeks of gradually lowering the carbon dioxide feed to the reactor. In addition, the calamity in week 4, where too much metal-rich waste water was fed to the reactor-causing metal toxicity would also have impacted their relative abundance.",
            "cite_spans": [
                {
                    "start": 1550,
                    "end": 1554,
                    "mention": "1982",
                    "ref_id": "BIBREF9"
                },
                {
                    "start": 2528,
                    "end": 2532,
                    "mention": "2006",
                    "ref_id": "BIBREF15"
                }
            ],
            "section": "Discussion",
            "ref_spans": [
                {
                    "start": 402,
                    "end": 403,
                    "mention": "4",
                    "ref_id": "FIGREF3"
                },
                {
                    "start": 739,
                    "end": 740,
                    "mention": "5",
                    "ref_id": "FIGREF4"
                }
            ]
        },
        {
            "text": "Desulfovibrio paquesii strain SB1 (van Houten et al. 2009) was isolated from the Budel full-scale reactor from a sample taken in week 7. It was found to be one of the dominant SRB at that time based on a MPN dilution counts. The DGGE migration pattern of strain SB1 consisting of the two bands indicating D (Fig. 4) is visible up to week 18. It was found that strain SB1 has a relatively high maximum growth rate of 1.9\u20132.8 day\u22121, which may explain its abundance at the time of isolation (van Houten 2006) shortly after the calamity. Its gradual decline in abundance thereafter based on DGGE analysis may also have been due to carbon dioxide limitation with the SRB community gradually shifting toward populations better adapted to the prevailing low carbon dioxide concentrations.",
            "cite_spans": [
                {
                    "start": 53,
                    "end": 57,
                    "mention": "2009",
                    "ref_id": "BIBREF14"
                },
                {
                    "start": 500,
                    "end": 504,
                    "mention": "2006",
                    "ref_id": "BIBREF13"
                }
            ],
            "section": "Discussion",
            "ref_spans": [
                {
                    "start": 313,
                    "end": 314,
                    "mention": "4",
                    "ref_id": "FIGREF3"
                }
            ]
        },
        {
            "text": "The observed redundancy within the SRB present in the reactor could be an important factor in maintaining a stable prolonged reactor performance under fluctuating process conditions. Based on prevailing conditions, only a limited number of SRB will become abundant and contribute to the reactors performance. In addition, Kaksonen et al. (2004) demonstrated that two lab-scale sulfate-reducing fluidized bed reactor communities, enriched and maintained on a single electron donor treating acidic metal-containing wastewater, were composed of a diverse mixture of bacteria including several SRB. This diversity and flexibility of microbial communities were also suggested to enhance the robustness of the reactor under varying operational conditions.",
            "cite_spans": [
                {
                    "start": 339,
                    "end": 343,
                    "mention": "2004",
                    "ref_id": "BIBREF22"
                }
            ],
            "section": "Discussion",
            "ref_spans": []
        },
        {
            "text": "Lowering the carbon dioxide feed resulted in a clear decrease in methanogenic activity to the extent that less than 1% of the hydrogen supplied was used for methanogenesis between week 8 and 93. Lowering the carbon dioxide feed also decreased the archaeal diversity observed by DGGE. The lowered methanogenic activity suggests that carbon dioxide became the growth-limiting substrate for methanogenic archaea. In addition, the competition for a single growth-limiting substrate could be expected to decrease diversity. The increase in the rate of methanogenesis after the carbon dioxide feed had increased from week 88 onwards confirms that the archaeal community was carbon dioxide limited between week 13 and 95. Hence, limiting the carbon dioxide feed proved to be an effective tool to control the methanogenic activity, but it did not result in a complete washout of methanogens from the reactor. Consequently the reactor remained vulnerable to an increased methanogenic activity after the carbon dioxide feed rate increased. These results demonstrate clearly that it is crucial to tightly control the carbon dioxide feed during operation of synthesis gas fed reactors to minimize methanogenesis.",
            "cite_spans": [],
            "section": "Discussion",
            "ref_spans": []
        },
        {
            "text": "In summary, this study demonstrates that full-scale synthesis gas fed reactors fed with hydrogen as the main electron donor can sustain a relatively diverse microbial community that is not restricted to sulfate-reducing bacteria. During operation at full scale, fluctuations in process conditions enabled multiple populations of hydrogenotropic SRB to co-exist. Lowering the carbon dioxide feed proved to be an effective tool to control the methanogenic activity. It also resulted in lowering the archaeal diversity, but it did not result in a complete washout of methanogens from the reactor. In addition, it appeared to affect part of the sulfate-reducing community, but it did not impact the diversity in the same way or prevented achieving the desired rates of sulfate reduction. This, together with the ability to minimize methanogenesis, demonstrates that synthesis gas fed sulfidogenic bioreactors can be used successfully at full scale to treat metal and sulfate-rich wastewater.",
            "cite_spans": [],
            "section": "Discussion",
            "ref_spans": []
        }
    ],
    "ref_entries": {
        "TABREF0": {
            "text": "Table\u00a01: Relative abundance and closest relatives of cloned bacterial 16S rRNA gene sequences obtained from weeks 10, 50, and 128 based on sequence analysis of the 16S rRNA gene\nClosest relatives were found by comparison of the sequences against those deposited in the GenBank datbase using BLAST (analysis performed January 2009). Relative abundance was calculated based on the number of similar clones found by RFLP analysis for each individual sludge sample",
            "type": "table"
        },
        "FIGREF0": {
            "text": "Fig.\u00a01: Averaged weekly sulfate input and output rate and the hydrogen concentration in gas recycle of the Budel full-scale reactor",
            "type": "figure"
        },
        "FIGREF1": {
            "text": "Fig.\u00a02: Methane production rate and carbon dioxide feed rate of the Budel full-scale reactor, volume is given in normal cubic meter (T = 293 K, p = 101.325 Pa)",
            "type": "figure"
        },
        "FIGREF2": {
            "text": "Fig.\u00a03: Analysis of archaeal community dynamics by 16S rRNA gene-targeted PCR-DGGE. Numbers indicate week of sampling",
            "type": "figure"
        },
        "FIGREF3": {
            "text": "Fig.\u00a04: Analysis of bacterial community dynamics by 16S rRNA gene-targeted PCR-DGGE. Numbers indicate week of sampling. Band positions A, B, and C correspond with library clones BUD16, BUD03, and BUD11, respectively. Band position B corresponds to that of Desulfovibrio paquesii strain SB1",
            "type": "figure"
        },
        "FIGREF4": {
            "text": "Fig.\u00a05: Phylogenetic tree of 16S rRNA gene sequences retrieved from the full-scale reactor at weeks 10, 50, and 128, and reference sequences. Accession numbers are indicated. The scale bar indicates the branch length that represents 10% sequence dissimilarity. The tree was constructed using the neighbor-joining algorithm as implemented in ARB (Ludwig et al. 2004). Bootstrapping was performed with 1,000 replications, and only values above 50% are indicated",
            "type": "figure"
        }
    },
    "back_matter": [],
    "bib_entries": {
        "BIBREF0": {
            "title": "At least 1 in 20 16S rRNA sequence records currently held in public repositories is estimated to contain substantial anomalies",
            "authors": [
                {
                    "first": "KE",
                    "middle": [],
                    "last": "Ashelford",
                    "suffix": ""
                },
                {
                    "first": "NA",
                    "middle": [],
                    "last": "Chuzhanova",
                    "suffix": ""
                },
                {
                    "first": "JC",
                    "middle": [],
                    "last": "Fry",
                    "suffix": ""
                },
                {
                    "first": "AJ",
                    "middle": [],
                    "last": "Jones",
                    "suffix": ""
                },
                {
                    "first": "AJ",
                    "middle": [],
                    "last": "Weightman",
                    "suffix": ""
                }
            ],
            "year": 2005,
            "venue": "Appl Environ Microbiol",
            "volume": "71",
            "issn": "",
            "pages": "7724-7736",
            "other_ids": {
                "DOI": [
                    "10.1128/AEM.71.12.7724-7736.2005"
                ]
            }
        },
        "BIBREF1": {
            "title": "BLAST: at the core of a powerful and diverse set of sequence analysis tools",
            "authors": [
                {
                    "first": "S",
                    "middle": [],
                    "last": "McGinnis",
                    "suffix": ""
                },
                {
                    "first": "TL",
                    "middle": [],
                    "last": "Madden",
                    "suffix": ""
                }
            ],
            "year": 2004,
            "venue": "Nucleic Acids Res",
            "volume": "32",
            "issn": "",
            "pages": "20-25",
            "other_ids": {
                "DOI": [
                    "10.1093/nar/gkh435"
                ]
            }
        },
        "BIBREF2": {
            "title": "The ecology and biotechnology of sulphate-reducing bacteria",
            "authors": [
                {
                    "first": "G",
                    "middle": [],
                    "last": "Muyzer",
                    "suffix": ""
                },
                {
                    "first": "AJM",
                    "middle": [],
                    "last": "Stams",
                    "suffix": ""
                }
            ],
            "year": 2008,
            "venue": "Nat Rev Microbiol",
            "volume": "6",
            "issn": "",
            "pages": "441-454",
            "other_ids": {
                "DOI": [
                    "10.1038/nrmicro1892"
                ]
            }
        },
        "BIBREF3": {
            "title": "Sequence heterogeneities of genes encoding 16S rRNAs in Paenibacillus polymyxa detected by temperature gradient gel electrophoresis",
            "authors": [
                {
                    "first": "U",
                    "middle": [],
                    "last": "N\u00fcbel",
                    "suffix": ""
                },
                {
                    "first": "B",
                    "middle": [],
                    "last": "Engelen",
                    "suffix": ""
                },
                {
                    "first": "A",
                    "middle": [],
                    "last": "Felske",
                    "suffix": ""
                },
                {
                    "first": "J",
                    "middle": [],
                    "last": "Snaidr",
                    "suffix": ""
                },
                {
                    "first": "A",
                    "middle": [],
                    "last": "Wieshuber",
                    "suffix": ""
                },
                {
                    "first": "RI",
                    "middle": [],
                    "last": "Amann",
                    "suffix": ""
                },
                {
                    "first": "W",
                    "middle": [],
                    "last": "Ludwig",
                    "suffix": ""
                },
                {
                    "first": "H",
                    "middle": [],
                    "last": "Backhaus",
                    "suffix": ""
                }
            ],
            "year": 1996,
            "venue": "J Bacteriol",
            "volume": "178",
            "issn": "",
            "pages": "5636-5643",
            "other_ids": {
                "DOI": [
                    "10.1128/JB.178.19.5636-5643.1996"
                ]
            }
        },
        "BIBREF4": {
            "title": "Fate of 14C-labeled microbial products derived from nitrifying bacteria in autotrophic nitrifying biofilms",
            "authors": [
                {
                    "first": "S",
                    "middle": [],
                    "last": "Okabe",
                    "suffix": ""
                },
                {
                    "first": "T",
                    "middle": [],
                    "last": "Kindaichi",
                    "suffix": ""
                },
                {
                    "first": "T",
                    "middle": [],
                    "last": "Ito",
                    "suffix": ""
                }
            ],
            "year": 2005,
            "venue": "Appl Environ Microbiol",
            "volume": "71",
            "issn": "",
            "pages": "3987-3994",
            "other_ids": {
                "DOI": [
                    "10.1128/AEM.71.7.3987-3994.2005"
                ]
            }
        },
        "BIBREF5": {
            "title": "Detection and quantification of Desulforhabdus amnigenus in anaerobic granular sludge by dot blot hybridization and PCR amplification",
            "authors": [
                {
                    "first": "SJWH",
                    "middle": [],
                    "last": "Oude Elferink",
                    "suffix": ""
                },
                {
                    "first": "HA",
                    "middle": [],
                    "last": "Rinia",
                    "suffix": ""
                },
                {
                    "first": "ME",
                    "middle": [],
                    "last": "Bruins",
                    "suffix": ""
                },
                {
                    "first": "WM",
                    "middle": [],
                    "last": "de Vos",
                    "suffix": ""
                },
                {
                    "first": "AJM",
                    "middle": [],
                    "last": "Stams",
                    "suffix": ""
                }
            ],
            "year": 1997,
            "venue": "J Appl Microbiol",
            "volume": "83",
            "issn": "",
            "pages": "102-110",
            "other_ids": {
                "DOI": [
                    "10.1046/j.1365-2672.1997.00197.x"
                ]
            }
        },
        "BIBREF6": {
            "title": "SILVA: a comprehensive online resource for quality checked and aligned ribosomal RNA sequence data compatible with ARB",
            "authors": [
                {
                    "first": "E",
                    "middle": [],
                    "last": "Pruesse",
                    "suffix": ""
                },
                {
                    "first": "C",
                    "middle": [],
                    "last": "Quast",
                    "suffix": ""
                },
                {
                    "first": "K",
                    "middle": [],
                    "last": "Knittel",
                    "suffix": ""
                },
                {
                    "first": "BM",
                    "middle": [],
                    "last": "Fuchs",
                    "suffix": ""
                },
                {
                    "first": "W",
                    "middle": [],
                    "last": "Ludwig",
                    "suffix": ""
                },
                {
                    "first": "J",
                    "middle": [],
                    "last": "Peplies",
                    "suffix": ""
                },
                {
                    "first": "FO",
                    "middle": [],
                    "last": "Gl\u00f6ckner",
                    "suffix": ""
                }
            ],
            "year": 2007,
            "venue": "Nucleic Acids Res",
            "volume": "35",
            "issn": "",
            "pages": "7188-7196",
            "other_ids": {
                "DOI": [
                    "10.1093/nar/gkm864"
                ]
            }
        },
        "BIBREF7": {
            "title": "The neighbor-joining method: a new method for reconstructing phylogenetic trees",
            "authors": [
                {
                    "first": "N",
                    "middle": [],
                    "last": "Saitou",
                    "suffix": ""
                },
                {
                    "first": "M",
                    "middle": [],
                    "last": "Nei",
                    "suffix": ""
                }
            ],
            "year": 1987,
            "venue": "Mol Biol Evol",
            "volume": "4",
            "issn": "",
            "pages": "406-425",
            "other_ids": {
                "DOI": []
            }
        },
        "BIBREF8": {
            "title": "Rapid silver staining and recovery of PCR products separated on polyacrylamide gels",
            "authors": [
                {
                    "first": "CJ",
                    "middle": [],
                    "last": "Sanguinetti",
                    "suffix": ""
                },
                {
                    "first": "E",
                    "middle": [],
                    "last": "Dias Neto",
                    "suffix": ""
                },
                {
                    "first": "AJG",
                    "middle": [],
                    "last": "Simpson",
                    "suffix": ""
                }
            ],
            "year": 1994,
            "venue": "Biotechniques",
            "volume": "17",
            "issn": "",
            "pages": "914-921",
            "other_ids": {
                "DOI": []
            }
        },
        "BIBREF9": {
            "title": "Kinetic mechanism for the ability of sulfate reducers to out-compete methanogens for acetate",
            "authors": [
                {
                    "first": "P",
                    "middle": [],
                    "last": "Sch\u00f6nheit",
                    "suffix": ""
                },
                {
                    "first": "JK",
                    "middle": [],
                    "last": "Kristjansson",
                    "suffix": ""
                },
                {
                    "first": "RK",
                    "middle": [],
                    "last": "Thauer",
                    "suffix": ""
                }
            ],
            "year": 1982,
            "venue": "Arch Microbiol",
            "volume": "132",
            "issn": "",
            "pages": "285-288",
            "other_ids": {
                "DOI": [
                    "10.1007/BF00407967"
                ]
            }
        },
        "BIBREF10": {
            "title": "Investigation of the structural metabolism of sulfate-reducing bacteria with C14",
            "authors": [
                {
                    "first": "YI",
                    "middle": [],
                    "last": "Sorokin",
                    "suffix": ""
                }
            ],
            "year": 1966,
            "venue": "Microbiology",
            "volume": "35",
            "issn": "",
            "pages": "967-977",
            "other_ids": {
                "DOI": []
            }
        },
        "BIBREF11": {
            "title": "Acetate and carbon dioxide assimilation in Desulfovibrio vulgaris (Marburg) growing on hydrogen plus sulfate as sole energy source",
            "authors": [
                {
                    "first": "W",
                    "middle": [],
                    "last": "Badziong",
                    "suffix": ""
                },
                {
                    "first": "RK",
                    "middle": [],
                    "last": "Thauer",
                    "suffix": ""
                }
            ],
            "year": 1979,
            "venue": "Arch Microbiol",
            "volume": "123",
            "issn": "",
            "pages": "167-189",
            "other_ids": {
                "DOI": [
                    "10.1007/BF00406665"
                ]
            }
        },
        "BIBREF12": {
            "title": "Sources of energy and carbon for biosynthesis in sulfate-reducing bacteria",
            "authors": [
                {
                    "first": "YI",
                    "middle": [],
                    "last": "Sorokin",
                    "suffix": ""
                }
            ],
            "year": 1966,
            "venue": "Microbiology",
            "volume": "35",
            "issn": "",
            "pages": "761-766",
            "other_ids": {
                "DOI": []
            }
        },
        "BIBREF13": {
            "title": "",
            "authors": [],
            "year": null,
            "venue": "",
            "volume": "",
            "issn": "",
            "pages": null,
            "other_ids": {
                "DOI": []
            }
        },
        "BIBREF14": {
            "title": "Desulfovibrio paquesii sp. nov., a hydrogenotrophic sulfate-reducing bacterium isolated from a synthesis-gas-fed bioreactor treating zinc- and sulfate-rich wastewater",
            "authors": [
                {
                    "first": "BHGW",
                    "middle": [],
                    "last": "van Houten",
                    "suffix": ""
                },
                {
                    "first": "RJW",
                    "middle": [],
                    "last": "Meulepas",
                    "suffix": ""
                },
                {
                    "first": "W",
                    "middle": [],
                    "last": "van Doesburg",
                    "suffix": ""
                },
                {
                    "first": "H",
                    "middle": [],
                    "last": "Smidt",
                    "suffix": ""
                },
                {
                    "first": "G",
                    "middle": [],
                    "last": "Muyzer",
                    "suffix": ""
                },
                {
                    "first": "AJM",
                    "middle": [],
                    "last": "Stams",
                    "suffix": ""
                }
            ],
            "year": 2009,
            "venue": "Int J Syst Evol Microbiol",
            "volume": "59",
            "issn": "",
            "pages": "229-233",
            "other_ids": {
                "DOI": [
                    "10.1099/ijs.0.65616-0"
                ]
            }
        },
        "BIBREF15": {
            "title": "Occurence of methanogenesis during start-up of a full-scale synthesis gas fed reactor treating sulfate and metal rich wastewater",
            "authors": [
                {
                    "first": "BHGW",
                    "middle": [],
                    "last": "van Houten",
                    "suffix": ""
                },
                {
                    "first": "K",
                    "middle": [],
                    "last": "Roest",
                    "suffix": ""
                },
                {
                    "first": "VA",
                    "middle": [],
                    "last": "Tzeneva",
                    "suffix": ""
                },
                {
                    "first": "H",
                    "middle": [],
                    "last": "Dijkman",
                    "suffix": ""
                },
                {
                    "first": "H",
                    "middle": [],
                    "last": "Smidt",
                    "suffix": ""
                },
                {
                    "first": "AJM",
                    "middle": [],
                    "last": "Stams",
                    "suffix": ""
                }
            ],
            "year": 2006,
            "venue": "Water Res",
            "volume": "40",
            "issn": "",
            "pages": "553-560",
            "other_ids": {
                "DOI": [
                    "10.1016/j.watres.2005.12.004"
                ]
            }
        },
        "BIBREF16": {
            "title": "Biological sulfate reduction using gas-lift reactors fed with hydrogen and carbon dioxide as energy and carbon source",
            "authors": [
                {
                    "first": "RT",
                    "middle": [],
                    "last": "van Houten",
                    "suffix": ""
                },
                {
                    "first": "L",
                    "middle": [],
                    "last": "Hulshoff Pol",
                    "suffix": ""
                },
                {
                    "first": "G",
                    "middle": [],
                    "last": "Lettinga",
                    "suffix": ""
                }
            ],
            "year": 1994,
            "venue": "Biotechnol Bioeng",
            "volume": "44",
            "issn": "",
            "pages": "586-594",
            "other_ids": {
                "DOI": [
                    "10.1002/bit.260440505"
                ]
            }
        },
        "BIBREF17": {
            "title": "Biological sulphate reduction with synthesis gas: microbiology and technology",
            "authors": [
                {
                    "first": "RT",
                    "middle": [],
                    "last": "van Houten",
                    "suffix": ""
                },
                {
                    "first": "G",
                    "middle": [],
                    "last": "Lettinga",
                    "suffix": ""
                }
            ],
            "year": 1994,
            "venue": "Progress in biotechnology",
            "volume": "",
            "issn": "",
            "pages": "793-799",
            "other_ids": {
                "DOI": []
            }
        },
        "BIBREF18": {
            "title": "Competition for H2 between sulfate reducers, methanogens and homoacetogens in a gas-lift reactor",
            "authors": [
                {
                    "first": "J",
                    "middle": [],
                    "last": "Weijma",
                    "suffix": ""
                },
                {
                    "first": "F",
                    "middle": [],
                    "last": "Gubbels",
                    "suffix": ""
                },
                {
                    "first": "L",
                    "middle": [],
                    "last": "Hulshoff Pol",
                    "suffix": ""
                },
                {
                    "first": "AJM",
                    "middle": [],
                    "last": "Stams",
                    "suffix": ""
                },
                {
                    "first": "P",
                    "middle": [],
                    "last": "Lens",
                    "suffix": ""
                },
                {
                    "first": "G",
                    "middle": [],
                    "last": "Lettinga",
                    "suffix": ""
                }
            ],
            "year": 2002,
            "venue": "Water Sci Technol",
            "volume": "45",
            "issn": "",
            "pages": "75-80",
            "other_ids": {
                "DOI": [
                    "10.2166/wst.2002.0294"
                ]
            }
        },
        "BIBREF19": {
            "title": "Biological treatment of acid mine drainage",
            "authors": [
                {
                    "first": "J",
                    "middle": [],
                    "last": "Boonstra",
                    "suffix": ""
                },
                {
                    "first": "J",
                    "middle": [],
                    "last": "van Lier",
                    "suffix": ""
                },
                {
                    "first": "G",
                    "middle": [],
                    "last": "Janssen",
                    "suffix": ""
                },
                {
                    "first": "H",
                    "middle": [],
                    "last": "Dijkman",
                    "suffix": ""
                },
                {
                    "first": "CJN",
                    "middle": [],
                    "last": "Buisman",
                    "suffix": ""
                }
            ],
            "year": 1999,
            "venue": "Biohydrometallurgy and environment toward the 21st century. Process metallurgy 9B",
            "volume": "",
            "issn": "",
            "pages": "559-567",
            "other_ids": {
                "DOI": []
            }
        },
        "BIBREF20": {
            "title": "Diversity and structure of the methanogenic community in anoxic rice paddy soil microcosms as examined by cultivation and direct 16S rRNA gene sequence retrieval",
            "authors": [
                {
                    "first": "R",
                    "middle": [],
                    "last": "Gro\u00dfkopf",
                    "suffix": ""
                },
                {
                    "first": "PH",
                    "middle": [],
                    "last": "Janssen",
                    "suffix": ""
                },
                {
                    "first": "W",
                    "middle": [],
                    "last": "Liesack",
                    "suffix": ""
                }
            ],
            "year": 1998,
            "venue": "Appl Environ Microbiol",
            "volume": "64",
            "issn": "",
            "pages": "960-969",
            "other_ids": {
                "DOI": [
                    "10.1128/AEM.64.3.960-969.1998"
                ]
            }
        },
        "BIBREF21": {
            "title": "Novel division level of bacterial diversity in a Yellowstone hot spring",
            "authors": [
                {
                    "first": "P",
                    "middle": [],
                    "last": "Hugenholtz",
                    "suffix": ""
                },
                {
                    "first": "C",
                    "middle": [],
                    "last": "Pitulle",
                    "suffix": ""
                },
                {
                    "first": "KL",
                    "middle": [],
                    "last": "Hershberger",
                    "suffix": ""
                },
                {
                    "first": "NR",
                    "middle": [],
                    "last": "Pace",
                    "suffix": ""
                }
            ],
            "year": 1998,
            "venue": "J Bacteriol",
            "volume": "180",
            "issn": "",
            "pages": "366-376",
            "other_ids": {
                "DOI": [
                    "10.1128/JB.180.2.366-376.1998"
                ]
            }
        },
        "BIBREF22": {
            "title": "Simple organic electron donors support diverse sulfate-reducing communities in fluidized-bed reactors treating acidic metal- and sulfate-containing wastewater",
            "authors": [
                {
                    "first": "AH",
                    "middle": [],
                    "last": "Kaksonen",
                    "suffix": ""
                },
                {
                    "first": "JJ",
                    "middle": [],
                    "last": "Plumb",
                    "suffix": ""
                },
                {
                    "first": "PD",
                    "middle": [],
                    "last": "Franzmann",
                    "suffix": ""
                },
                {
                    "first": "JA",
                    "middle": [],
                    "last": "Puhakka",
                    "suffix": ""
                }
            ],
            "year": 2004,
            "venue": "FEMS Microbiol Ecol",
            "volume": "47",
            "issn": "",
            "pages": "279-289",
            "other_ids": {
                "DOI": [
                    "10.1016/S0168-6496(03)00284-8"
                ]
            }
        },
        "BIBREF23": {
            "title": "Dominant microbial composition and its vertical distribution in saline meromictic Lake Kaiike (Japan) as revealed by quantitative oligonucleotide probe membrane hybridization",
            "authors": [
                {
                    "first": "Y",
                    "middle": [],
                    "last": "Koizumi",
                    "suffix": ""
                },
                {
                    "first": "H",
                    "middle": [],
                    "last": "Kojima",
                    "suffix": ""
                },
                {
                    "first": "M",
                    "middle": [],
                    "last": "Fukui",
                    "suffix": ""
                }
            ],
            "year": 2004,
            "venue": "Appl Environ Microbiol",
            "volume": "70",
            "issn": "",
            "pages": "4930-4940",
            "other_ids": {
                "DOI": [
                    "10.1128/AEM.70.8.4930-4940.2004"
                ]
            }
        },
        "BIBREF24": {
            "title": "16S/23S rRNA sequencing",
            "authors": [
                {
                    "first": "DJ",
                    "middle": [],
                    "last": "Lane",
                    "suffix": ""
                }
            ],
            "year": 1991,
            "venue": "Nucleic acid techniques in bacterial systematics",
            "volume": "",
            "issn": "",
            "pages": "115-175",
            "other_ids": {
                "DOI": []
            }
        },
        "BIBREF25": {
            "title": "ARB: a software environment for sequence data",
            "authors": [
                {
                    "first": "W",
                    "middle": [],
                    "last": "Ludwig",
                    "suffix": ""
                },
                {
                    "first": "O",
                    "middle": [],
                    "last": "Strunk",
                    "suffix": ""
                },
                {
                    "first": "R",
                    "middle": [],
                    "last": "Westram",
                    "suffix": ""
                },
                {
                    "first": "L",
                    "middle": [],
                    "last": "Richter",
                    "suffix": ""
                },
                {
                    "first": "H",
                    "middle": [],
                    "last": "Meier",
                    "suffix": ""
                },
                {
                    "first": "BA",
                    "middle": [],
                    "last": "Yadhukumar",
                    "suffix": ""
                },
                {
                    "first": "T",
                    "middle": [],
                    "last": "Lai",
                    "suffix": ""
                },
                {
                    "first": "S",
                    "middle": [],
                    "last": "Steppi",
                    "suffix": ""
                },
                {
                    "first": "G",
                    "middle": [],
                    "last": "Jobb",
                    "suffix": ""
                },
                {
                    "first": "W",
                    "middle": [],
                    "last": "Forster",
                    "suffix": ""
                },
                {
                    "first": "I",
                    "middle": [],
                    "last": "Brettske",
                    "suffix": ""
                },
                {
                    "first": "S",
                    "middle": [],
                    "last": "Gerber",
                    "suffix": ""
                },
                {
                    "first": "AW",
                    "middle": [],
                    "last": "Ginhart",
                    "suffix": ""
                },
                {
                    "first": "O",
                    "middle": [],
                    "last": "Gross",
                    "suffix": ""
                },
                {
                    "first": "S",
                    "middle": [],
                    "last": "Grumann",
                    "suffix": ""
                },
                {
                    "first": "S",
                    "middle": [],
                    "last": "Hermann",
                    "suffix": ""
                },
                {
                    "first": "R",
                    "middle": [],
                    "last": "Jost",
                    "suffix": ""
                },
                {
                    "first": "A",
                    "middle": [],
                    "last": "Konig",
                    "suffix": ""
                },
                {
                    "first": "T",
                    "middle": [],
                    "last": "Liss",
                    "suffix": ""
                },
                {
                    "first": "R",
                    "middle": [],
                    "last": "Lussmann",
                    "suffix": ""
                },
                {
                    "first": "M",
                    "middle": [],
                    "last": "May",
                    "suffix": ""
                },
                {
                    "first": "B",
                    "middle": [],
                    "last": "Nonhoff",
                    "suffix": ""
                },
                {
                    "first": "B",
                    "middle": [],
                    "last": "Reichel",
                    "suffix": ""
                },
                {
                    "first": "R",
                    "middle": [],
                    "last": "Strehlow",
                    "suffix": ""
                },
                {
                    "first": "A",
                    "middle": [],
                    "last": "Stamatakis",
                    "suffix": ""
                },
                {
                    "first": "N",
                    "middle": [],
                    "last": "Stuckmann",
                    "suffix": ""
                },
                {
                    "first": "A",
                    "middle": [],
                    "last": "Vilbig",
                    "suffix": ""
                },
                {
                    "first": "M",
                    "middle": [],
                    "last": "Lenke",
                    "suffix": ""
                },
                {
                    "first": "T",
                    "middle": [],
                    "last": "Ludwig",
                    "suffix": ""
                },
                {
                    "first": "A",
                    "middle": [],
                    "last": "Bode",
                    "suffix": ""
                },
                {
                    "first": "K-H",
                    "middle": [],
                    "last": "Schleifer",
                    "suffix": ""
                }
            ],
            "year": 2004,
            "venue": "Nucleic Acids Res",
            "volume": "32",
            "issn": "",
            "pages": "1363-1371",
            "other_ids": {
                "DOI": [
                    "10.1093/nar/gkh293"
                ]
            }
        }
    }
}