{
    "paper_id": "PMC2633111",
    "metadata": {
        "title": "SARS-CoV: Lessons for global health",
        "authors": [
            {
                "first": "Ralph",
                "middle": [
                    "Steven"
                ],
                "last": "Baric",
                "suffix": "",
                "email": "rbaric@email.unc.edu",
                "affiliation": {}
            }
        ]
    },
    "body_text": [
        {
            "text": "On 16 November 2002, a man developed high fever and respiratory symptoms and was hospitalized and treated for pneumonia in Foshan, China (Zhao, 2007). After several weeks in intensive care and subsequent spread of the mysterious respiratory disease to his wife and several relatives, he recovered and was released on the 8th of January 2003. In early December, a restaurant chef in Shenzhen developed a fever with flu like symptoms and while suffering a severe disease course was hospitalized in Heyuan, infecting seven hospital staff and a patient between the 16th and 28th of December. In parallel, multiple cities around Guangzhou in Guangdong Province were reporting sporadic cases of an atypical pneumonia between the end of December 2002 and through early January 2003, oftentimes in chefs or dealers of exotic animals in wet markets and their close contacts.",
            "cite_spans": [
                {
                    "start": 138,
                    "end": 148,
                    "mention": "Zhao, 2007",
                    "ref_id": "BIBREF10"
                }
            ],
            "section": "Living in a global community",
            "ref_spans": []
        },
        {
            "text": "While this scenario may have been repeated in earlier years given the low seroprevelance rates noted in archived serum samples (Zheng et al., 2004), it was the super spreader events that took place in the HZS-2 Hospital in Guangzhou that catalyzed the global severe acute respiratory syndrome (SARS) pandemic. Two brothers, working in restaurants and then a third individual were all hospitalized with severe acute respiratory symptoms (SARS) in HZS2 between the 18th and 30th of January, leading a pneumonia-related hospital outbreak on 31 January 2003. While each transmitted disease to family and health care workers, the third individual infected over 30 hospital members and patients during his 48 h stay in HZS2, 21 hospital staff after transfer to a second hospital HZS3 and about 23 relatives and friends. This key super spreader event allowed the epidemic to gain critical momentum. Another major turn of events occurred in Shanxi Province after a business woman traveled to Guangdong in late February. After returning home, she subsequently became sick. At the time, knowledge regarding the developing outbreak was not common, so she transmitted the disease to eight family members and five hospital staff in Shanxi. After being transfer to a Beijing Hospital on 1 March 2003 she became the index case for the outbreak in Beijing as well (Zhao, 2007).",
            "cite_spans": [
                {
                    "start": 128,
                    "end": 146,
                    "mention": "Zheng et al., 2004",
                    "ref_id": "BIBREF12"
                },
                {
                    "start": 1349,
                    "end": 1359,
                    "mention": "Zhao, 2007",
                    "ref_id": "BIBREF10"
                }
            ],
            "section": "Living in a global community",
            "ref_spans": []
        },
        {
            "text": "Global spread of the outbreak began on the 21st of February 2003, when a physician from the HZS2 Hospital traveled to \u201cHotel M\u201d in Hong Kong. Although he did not attend atypical pneumonia patients in HZS2, his health quickly deteriorated and he was admitted to a hospital in Hong Kong on the 22nd. During his short stay at Hotel M, a super spreader event transmitted the disease to 16 guests who subsequently spread the disease to Toronto, Singapore, Vietnam and then beyond. The indication of a new global emerging virus respiratory threat was first reported by Dr. Carlo Urbani, MD in Vietnam to the WHO on February 28th, resulting in a global alert notification on March 12th. Tragically, Dr. Urbani became infected while treating patients and subsequently died from SARS infection, a fate shared by many other health care professionals who were engaged in treating patients suffering from this new disease. Importantly, Dr. Urbani's sacrifice focused global resources on the new epidemic disease, resulting in the rapid implementation of public health measures, diagnostic criterion, and the scientific research community which undoubtedly saved countless of lives globally (Peiris et al., 2004).",
            "cite_spans": [
                {
                    "start": 1179,
                    "end": 1198,
                    "mention": "Peiris et al., 2004",
                    "ref_id": "BIBREF19"
                }
            ],
            "section": "Living in a global community",
            "ref_spans": []
        },
        {
            "text": "Within a few weeks of the HZS2 super spreader event, atypical pneumonia had spread to 25 countries across five continents, infecting some 8000 people and resulting in 774 deaths before succumbing to aggressive public health measures in early July 2003. In addition to the large outbreaks widely recognized in cities in Singapore, Taiwan, China, and Canada, smaller communities were also affected. An individual visiting a sick relative in Canada contacted the disease during the second wave of the Toronto outbreak, returning to North Carolina in late May 2003. He developed symptomatic disease 1 day after working several days on a rural college campus in central North Carolina. After being confirmed as a SARS case, the University spent \u223c$40\u201350k screening some 42 potentially exposed individuals. Amazingly, a mystery disease whose index case was identified 6 months earlier on the other side of the globe had arrived in rural North America. It is not surprising that the panic caused by the rapid spread of an unknown highly pathogenic, fatal respiratory virus is enormous and no community is exempt. Coupled with the current globalization of the world trade, it was inevitable that the economic impact would be extensive.",
            "cite_spans": [],
            "section": "Living in a global community",
            "ref_spans": []
        },
        {
            "text": "Between March and May of 2003, tourist arrivals in Asia dropped between 30 and 80%, with about half of all flights being canceled depending on the country and region. As word of the mystery illness spread, the Asian Equity Market Indices declined by 15% over a 4-week period. Ultimately, the World Bank reported a \u223c2% loss of East Asian GDP in the second quarter of 2003 during the SARS outbreak. The Asian Development Bank placed the global economic loss at 59 billion USD with the bulk of these losses located from mainland China (17.9 billion) and Hong Kong (12 billion) while Canada suffered losses of more than 1 billion. Most financial losses were associated with disruptions of trade, travel, investment, interruption of product supply chains and behavior changes in consumers, rather than from medical costs or the loss of human life. For comparison sake, the bovine spongiform encephalopathy epidemic in the UK, the sporadic avian influenza virus cases, and the UK foot and mouth disease epidemic caused 10\u201313, 15\u201320 and 25\u201330 billion in economic losses, respectively.",
            "cite_spans": [],
            "section": "Economic impact",
            "ref_spans": []
        },
        {
            "text": "The SARS-CoV has revealed a clear vulnerability in the global economy. As the world economy relies increasingly on manufacturing centered in Asia and elsewhere and the transport of those goods globally, pandemic outbreaks of disease have serious global consequences including the potential collapse of the Asian, European and US equity markets, interruptions of trade and travel, manufacturing stasis and decline and reduced availability of goods, foods and medicines. Given the current interconnection of the global marketplace and the speed of transcontinental travel, significant investments in basic and applied biomedical research are essential for maintaining the health of economies and the overall public health of the global community.",
            "cite_spans": [],
            "section": "Economic impact",
            "ref_spans": []
        },
        {
            "text": "Emerging infectious diseases are clearly recognized as threats to human health and a significant public health problem. New emerging pathogens lists published prior to 2002 included HIV, influenza, the filoiviruses, hantaviruses, and various arboviruses, recognizing that many emerging pathogens were zoonotic in origin. Despite the recognition that new emerging viruses are difficult if not impossible to predict, standardized lists were developed based primarily on epidemiologic trends over the past \u223c50 years. Another consistent theme was the near universal agreement that coronaviruses were not emerging pathogens, but rather were only associated with relatively benign upper respiratory tract infections in humans.",
            "cite_spans": [],
            "section": "SARS-CoV: lessons in disease emergence",
            "ref_spans": []
        },
        {
            "text": "Because coronaviruses have relatively high mutation and RNA recombination rates and rapidly undergo cross species transmission events in vitro and in vivo (Baric et al., 1999, Baric et al., 1997, Treshman et al., 1996), we and others in the field have speculated that coronaviruses might be important emerging pathogens as early as 1996 (Baric et al., 1996). Notably, several major coronavirus pandemics had been recorded over the past 25 years in economically important animal species. In 1978, porcine epidemic coronavirus (PEDV) emerged and has remained among the most important causes of severe gastroenteritis in swine in Europe and Asia. Sequence analysis suggested that PEDV likely evolved from human coronaviruses (Bridgen et al., 1993, Duarte and Laude, 1994). In 1984, the less pathogenic porcine respiratory coronaviruses (PRCV) evolved from the highly virulent enteric strain, transmissible gastroenteritis virus (TGEV) (Pensaert et al., 1986). This was accomplished by either a single nucleotide mutation or deletion in the major surface glycoprotein gene, spike (Sanchez et al., 1999, Wesley et al., 1991). Currently, PRCV affords some level of cross protection against TGEV (van Nieuwstadt et al., 1989, Wesley et al., 1991), although more virulent forms of PRCV have recently emerged (Saif, 1999). A closely related arterivirus, the porcine respiratory and reproductive disease virus (PRRSV), emerged in the late 1980s in Canada and Europe, and is currently the most important swine pathogen worldwide, responsible for economic losses of $200 million/year in the US alone (Blaha, 2000, Rossow, 1998). In 1992, a new respiratory pathogen was recognized that caused \u2018shipping fever\u2019 in cattle, a severe, oftentimes fatal, pneumonia. Sequence analysis suggests that \u201cshipping fever\u201d was caused by a respiratory bovine coronavirus (BCV-R), which likely evolved from an enteric bovine coronavirus by acquiring mutations in S and the replicase gene (Storz et al., 2000). Concordant with this hypothesis, sequence comparisons have now indicated that host shifts, even between distant avian and mammalian species, are common events in coronavirus phylogeny (Rest and Mindell, 2003).",
            "cite_spans": [
                {
                    "start": 156,
                    "end": 174,
                    "mention": "Baric et al., 1999",
                    "ref_id": "BIBREF11"
                },
                {
                    "start": 176,
                    "end": 194,
                    "mention": "Baric et al., 1997",
                    "ref_id": "BIBREF13"
                },
                {
                    "start": 196,
                    "end": 217,
                    "mention": "Treshman et al., 1996",
                    "ref_id": "BIBREF7"
                },
                {
                    "start": 338,
                    "end": 356,
                    "mention": "Baric et al., 1996",
                    "ref_id": "BIBREF0"
                },
                {
                    "start": 723,
                    "end": 743,
                    "mention": "Bridgen et al., 1993",
                    "ref_id": "BIBREF15"
                },
                {
                    "start": 745,
                    "end": 767,
                    "mention": "Duarte and Laude, 1994",
                    "ref_id": "BIBREF17"
                },
                {
                    "start": 933,
                    "end": 954,
                    "mention": "Pensaert et al., 1986",
                    "ref_id": "BIBREF1"
                },
                {
                    "start": 1077,
                    "end": 1097,
                    "mention": "Sanchez et al., 1999",
                    "ref_id": "BIBREF5"
                },
                {
                    "start": 1099,
                    "end": 1118,
                    "mention": "Wesley et al., 1991",
                    "ref_id": "BIBREF9"
                },
                {
                    "start": 1190,
                    "end": 1217,
                    "mention": "van Nieuwstadt et al., 1989",
                    "ref_id": "BIBREF8"
                },
                {
                    "start": 1219,
                    "end": 1238,
                    "mention": "Wesley et al., 1991",
                    "ref_id": "BIBREF9"
                },
                {
                    "start": 1301,
                    "end": 1311,
                    "mention": "Saif, 1999",
                    "ref_id": "BIBREF4"
                },
                {
                    "start": 1589,
                    "end": 1600,
                    "mention": "Blaha, 2000",
                    "ref_id": "BIBREF14"
                },
                {
                    "start": 1602,
                    "end": 1614,
                    "mention": "Rossow, 1998",
                    "ref_id": "BIBREF3"
                },
                {
                    "start": 1960,
                    "end": 1978,
                    "mention": "Storz et al., 2000",
                    "ref_id": "BIBREF6"
                },
                {
                    "start": 2166,
                    "end": 2188,
                    "mention": "Rest and Mindell, 2003",
                    "ref_id": "BIBREF2"
                }
            ],
            "section": "SARS-CoV: lessons in disease emergence",
            "ref_spans": []
        },
        {
            "text": "Coronaviruses have emerged rapidly by mutation or recombination of existing strains altering tissue tropisms and/or species specificity in animals and despite intensive management and vaccine efforts, these \u201cnew\u201d coronaviruses are still major problems worldwide. The emergence of a new human coronavirus from zoonotic reservoirs is not surprising given the widespread activity noted in economically important animals. In reality, epidemiologic trends for many viral pathogens are based on relatively short (<60 years) timelines, with underreporting, of disease surveillance trends in human populations. The emergence of the SARS-CoV underscores the critical need for maintaining active basic science research not only on the medically relevant human pathogens, but also on virus families that are associated with limited or benign disease outcomes in humans. The limited investment in coronavirus research primarily in Europe and the US provided key investments necessary for the rapid identification and sequencing of the SARS-CoV genome, the prompt development of rapid PCR-based detection methods, the identification of the S gene as the likely candidate target for vaccine development, potential problems in vaccines and therapeutics development, and the development of reverse genetic systems; all within a few months of emergence.",
            "cite_spans": [],
            "section": "SARS-CoV: lessons in disease emergence",
            "ref_spans": []
        },
        {
            "text": "The nation hardest hit by SARS was China and the SARS-CoV epidemic underscores the importance of local research infrastructure and governmental support in controlling new emerging diseases. In the end, the successful control of the SARS-CoV is a triumph for the Chinese basic, clinical and public health research infrastructure. The Chinese research community was among the first to successfully culture the virus, sequence the genome and develop rapid RT-PCR based detection strategies (Consortium, 2004). Despite an early belated response by governmental officials, aggressive quarantine and other public health measures demonstrated the effectiveness of classic methods of tracking cases and their contacts as an effective means of curtailing disease spread. The Chinese research community rapidly demonstrated that SARS-CoV originated from animals and that the open markets were likely sources of future disease outbreaks (Guan et al., 2003). The closing of the animal markets has played a key role in tempering the scope and duration of SARS and will likely serve to temper the severity and scope of future outbreaks. Using epidemiology, molecular genetics and genome sequencing strategies, a detailed catalogue of the key genomic changes that contributed to disease emergence and spread have been identified and cataloged for future research (Consortium, 2004). Other key contributions include the development of animal models, vaccines and pathogenic studies. Perhaps most importantly, a local, well-funded basic scientific community is key not only for protecting global public health, but also in protecting the health of global economies.",
            "cite_spans": [
                {
                    "start": 488,
                    "end": 504,
                    "mention": "Consortium, 2004",
                    "ref_id": "BIBREF16"
                },
                {
                    "start": 927,
                    "end": 944,
                    "mention": "Guan et al., 2003",
                    "ref_id": "BIBREF18"
                },
                {
                    "start": 1349,
                    "end": 1365,
                    "mention": "Consortium, 2004",
                    "ref_id": "BIBREF16"
                }
            ],
            "section": "SARS-CoV: a Chinese success story",
            "ref_spans": []
        },
        {
            "text": "In many ways, we were lucky with SARS. Asymptomatic infections were rare and transmissibility was usually inefficient and typically occurred after disease onset, allowing for pubic health intervention strategies to control the outbreak (Peiris et al., 2004). SARS highlighted the importance of rapid reporting, infection control, tracing and quarantine of contacts in controlling new emerging diseases. However, if super spreader events were more common, the story may have been dramatically different. Importantly, the outbreak has underscored critical vulnerabilities in global public health intervention strategies. Highly pathogenic respiratory viruses are clearly capable of near instantaneous global transmission, and as such rapid approaches are needed to rapidly (a) detect, (b) sequence, and (c) develop and test candidate vaccines and therapeutics to protect human populations. Safe, universal, vaccine platforms are needed that can be tailored to new pathogens as they emerge, quickly tested for safety, and then strategically used to control new disease outbreaks in human populations. Basic investment into structure, replication, genetics and pathogenesis in each virus family is justified and among the first line of defense against future emerging threats. It is no longer sufficient that only the developed world be poised and able to protect itself from new emerging diseases threats. Rapid vaccination and therapeutic platforms are needed for the developing world as well, positioned to engage local research and public health communities in controlling local disease outbreaks at the source. If control measures can be implemented rapidly, then the scope, duration and suffering in epidemics will be minimized.",
            "cite_spans": [
                {
                    "start": 237,
                    "end": 256,
                    "mention": "Peiris et al., 2004",
                    "ref_id": "BIBREF19"
                }
            ],
            "section": "Future directions and vulnerabilities",
            "ref_spans": []
        },
        {
            "text": "The number of laboratories engaged in SARS-CoV research was enormous at the height of the epidemic and many laboratories have made significant contributions to our current understanding of SARS epidemiology, replication, cross species transmission and pathogenesis. SARS highlighted the success of the basic research community and Public Health infrastructure as the principle determinants against new emerging diseases. This special issue of Virus Research reviews only a small subset of the enormous number of high quality scientific contributions made by the global research community.",
            "cite_spans": [],
            "section": "Future directions and vulnerabilities",
            "ref_spans": []
        }
    ],
    "ref_entries": {},
    "back_matter": [],
    "bib_entries": {
        "BIBREF0": {
            "title": "High recombination and mutation rates in mouse hepatitis virus suggest that coronaviruses may be potentially important emerging viruses",
            "authors": [
                {
                    "first": "R.S.",
                    "middle": [],
                    "last": "Baric",
                    "suffix": ""
                },
                {
                    "first": "K.",
                    "middle": [],
                    "last": "Fu",
                    "suffix": ""
                },
                {
                    "first": "W.",
                    "middle": [],
                    "last": "Chen",
                    "suffix": ""
                },
                {
                    "first": "B.",
                    "middle": [],
                    "last": "Yount",
                    "suffix": ""
                }
            ],
            "year": 1996,
            "venue": "Adv. Exp. Med. Biol.",
            "volume": "380",
            "issn": "",
            "pages": "571-576",
            "other_ids": {
                "DOI": []
            }
        },
        "BIBREF1": {
            "title": "Isolation of a porcine respiratory, non-enteric coronavirus related to TGEV",
            "authors": [
                {
                    "first": "M.",
                    "middle": [],
                    "last": "Pensaert",
                    "suffix": ""
                },
                {
                    "first": "P.",
                    "middle": [],
                    "last": "Callebaut",
                    "suffix": ""
                },
                {
                    "first": "J.",
                    "middle": [],
                    "last": "Vergote",
                    "suffix": ""
                }
            ],
            "year": 1986,
            "venue": "Vet. Quart.",
            "volume": "8",
            "issn": "",
            "pages": "257-261",
            "other_ids": {
                "DOI": []
            }
        },
        "BIBREF2": {
            "title": "SARS associated coronavirus has a recombinant polymerase and coronaviruses have a history of host-shifting",
            "authors": [
                {
                    "first": "J.S.",
                    "middle": [],
                    "last": "Rest",
                    "suffix": ""
                },
                {
                    "first": "D.P.",
                    "middle": [],
                    "last": "Mindell",
                    "suffix": ""
                }
            ],
            "year": 2003,
            "venue": "Infect. Genet. Evol.",
            "volume": "3",
            "issn": "",
            "pages": "219-225",
            "other_ids": {
                "DOI": []
            }
        },
        "BIBREF3": {
            "title": "Porcine reproductive and respiratory syndrome",
            "authors": [
                {
                    "first": "K.D.",
                    "middle": [],
                    "last": "Rossow",
                    "suffix": ""
                }
            ],
            "year": 1998,
            "venue": "Vet. Pathol.",
            "volume": "35",
            "issn": "",
            "pages": "1-20",
            "other_ids": {
                "DOI": []
            }
        },
        "BIBREF4": {
            "title": "Enteric viral infections of pigs and strategies for induction of mucosal immunity",
            "authors": [
                {
                    "first": "L.J.",
                    "middle": [],
                    "last": "Saif",
                    "suffix": ""
                }
            ],
            "year": 1999,
            "venue": "Adv. Vet. Med.",
            "volume": "41",
            "issn": "",
            "pages": "429-446",
            "other_ids": {
                "DOI": []
            }
        },
        "BIBREF5": {
            "title": "Targeted recombination demonstrates that the spike gene of transmissible gastroenteritis coronavirus is a determinant of its enteric tropism and virulence",
            "authors": [
                {
                    "first": "C.M.",
                    "middle": [],
                    "last": "Sanchez",
                    "suffix": ""
                },
                {
                    "first": "A.",
                    "middle": [],
                    "last": "Izeta",
                    "suffix": ""
                },
                {
                    "first": "J.M.",
                    "middle": [],
                    "last": "Sanchez-Morgado",
                    "suffix": ""
                },
                {
                    "first": "S.",
                    "middle": [],
                    "last": "Alonso",
                    "suffix": ""
                },
                {
                    "first": "I.",
                    "middle": [],
                    "last": "Sola",
                    "suffix": ""
                },
                {
                    "first": "M.",
                    "middle": [],
                    "last": "Balasch",
                    "suffix": ""
                },
                {
                    "first": "J.",
                    "middle": [],
                    "last": "Plana-Duran",
                    "suffix": ""
                },
                {
                    "first": "L.",
                    "middle": [],
                    "last": "Enjuanes",
                    "suffix": ""
                }
            ],
            "year": 1999,
            "venue": "J. Virol.",
            "volume": "73",
            "issn": "9",
            "pages": "7607-7618",
            "other_ids": {
                "DOI": []
            }
        },
        "BIBREF6": {
            "title": "Coronavirus and Pasteurella infections in bovine shipping fever pneumonia and Evans\u2019 criteria for causation",
            "authors": [
                {
                    "first": "J.",
                    "middle": [],
                    "last": "Storz",
                    "suffix": ""
                },
                {
                    "first": "X.",
                    "middle": [],
                    "last": "Lin",
                    "suffix": ""
                },
                {
                    "first": "C.W.",
                    "middle": [],
                    "last": "Purdy",
                    "suffix": ""
                },
                {
                    "first": "V.N.",
                    "middle": [],
                    "last": "Chouljenko",
                    "suffix": ""
                },
                {
                    "first": "K.G.",
                    "middle": [],
                    "last": "Kousoulas",
                    "suffix": ""
                },
                {
                    "first": "F.M.",
                    "middle": [],
                    "last": "Enright",
                    "suffix": ""
                },
                {
                    "first": "W.C.",
                    "middle": [],
                    "last": "Gilmore",
                    "suffix": ""
                },
                {
                    "first": "R.E.",
                    "middle": [],
                    "last": "Briggs",
                    "suffix": ""
                },
                {
                    "first": "R.W.",
                    "middle": [],
                    "last": "Loan",
                    "suffix": ""
                }
            ],
            "year": 2000,
            "venue": "J. Clin. Microbiol.",
            "volume": "38",
            "issn": "9",
            "pages": "3291-3298",
            "other_ids": {
                "DOI": []
            }
        },
        "BIBREF7": {
            "title": "Feline aminopeptidase N serves as a receptor for feline, canine, porcine and human coronaviruses in serogroup I",
            "authors": [
                {
                    "first": "D.",
                    "middle": [],
                    "last": "Treshman",
                    "suffix": ""
                },
                {
                    "first": "R.",
                    "middle": [],
                    "last": "Lewis",
                    "suffix": ""
                },
                {
                    "first": "K.V.",
                    "middle": [],
                    "last": "Holmes",
                    "suffix": ""
                }
            ],
            "year": 1996,
            "venue": "J. Virol.",
            "volume": "70",
            "issn": "",
            "pages": "8669-8674",
            "other_ids": {
                "DOI": []
            }
        },
        "BIBREF8": {
            "title": "Infection with porcine respiratory coronavirus does not fully protect pigs against intestinal transmissible virus",
            "authors": [
                {
                    "first": "A.P.",
                    "middle": [],
                    "last": "van Nieuwstadt",
                    "suffix": ""
                },
                {
                    "first": "T.",
                    "middle": [],
                    "last": "Zetstra",
                    "suffix": ""
                },
                {
                    "first": "J.",
                    "middle": [],
                    "last": "Boonstra",
                    "suffix": ""
                }
            ],
            "year": 1989,
            "venue": "Vec. Rec.",
            "volume": "125",
            "issn": "",
            "pages": "58-60",
            "other_ids": {
                "DOI": []
            }
        },
        "BIBREF9": {
            "title": "Genetic analysis of porcine respiratory coronavirus, an attenuated variant of TGEV",
            "authors": [
                {
                    "first": "R.D.",
                    "middle": [],
                    "last": "Wesley",
                    "suffix": ""
                },
                {
                    "first": "R.D.",
                    "middle": [],
                    "last": "Woods",
                    "suffix": ""
                },
                {
                    "first": "A.K.",
                    "middle": [],
                    "last": "Cheung",
                    "suffix": ""
                }
            ],
            "year": 1991,
            "venue": "J. Virol.",
            "volume": "65",
            "issn": "",
            "pages": "3369-3373",
            "other_ids": {
                "DOI": []
            }
        },
        "BIBREF10": {
            "title": "SARS molecular epidemiology: a Chinese fairy tale of controlling an emerging zoonotic disease in the genomics era",
            "authors": [
                {
                    "first": "G.",
                    "middle": [],
                    "last": "Zhao",
                    "suffix": ""
                }
            ],
            "year": 2007,
            "venue": "Philos. Trans. R. Soc. B",
            "volume": "362",
            "issn": "",
            "pages": "1063-1081",
            "other_ids": {
                "DOI": []
            }
        },
        "BIBREF11": {
            "title": "Persistent infection promotes cross-species transmissibility of mouse hepatitis virus",
            "authors": [
                {
                    "first": "R.S.",
                    "middle": [],
                    "last": "Baric",
                    "suffix": ""
                },
                {
                    "first": "E.",
                    "middle": [],
                    "last": "Sullivan",
                    "suffix": ""
                },
                {
                    "first": "L.",
                    "middle": [],
                    "last": "Hensley",
                    "suffix": ""
                },
                {
                    "first": "B.",
                    "middle": [],
                    "last": "Yount",
                    "suffix": ""
                },
                {
                    "first": "W.",
                    "middle": [],
                    "last": "Chen",
                    "suffix": ""
                }
            ],
            "year": 1999,
            "venue": "J. Virol.",
            "volume": "73",
            "issn": "1",
            "pages": "638-649",
            "other_ids": {
                "DOI": []
            }
        },
        "BIBREF12": {
            "title": "SARS-related virus predating SARS outbreak, Hong Kong",
            "authors": [
                {
                    "first": "B.J.",
                    "middle": [],
                    "last": "Zheng",
                    "suffix": ""
                },
                {
                    "first": "K.H.",
                    "middle": [],
                    "last": "Wong",
                    "suffix": ""
                },
                {
                    "first": "J.",
                    "middle": [],
                    "last": "Zhou",
                    "suffix": ""
                },
                {
                    "first": "K.L.",
                    "middle": [],
                    "last": "Wong",
                    "suffix": ""
                },
                {
                    "first": "B.W.Y.",
                    "middle": [],
                    "last": "Young",
                    "suffix": ""
                },
                {
                    "first": "L.W.",
                    "middle": [],
                    "last": "Lu",
                    "suffix": ""
                },
                {
                    "first": "S.S.",
                    "middle": [],
                    "last": "Lee",
                    "suffix": ""
                }
            ],
            "year": 2004,
            "venue": "Emerg. Infect. Dis.",
            "volume": "10",
            "issn": "",
            "pages": "176-178",
            "other_ids": {
                "DOI": []
            }
        },
        "BIBREF13": {
            "title": "Episodic evolution mediates interspecies transfer of a murine coronavirus",
            "authors": [
                {
                    "first": "R.S.",
                    "middle": [],
                    "last": "Baric",
                    "suffix": ""
                },
                {
                    "first": "B.",
                    "middle": [],
                    "last": "Yount",
                    "suffix": ""
                },
                {
                    "first": "L.",
                    "middle": [],
                    "last": "Hensley",
                    "suffix": ""
                },
                {
                    "first": "S.A.",
                    "middle": [],
                    "last": "Peel",
                    "suffix": ""
                },
                {
                    "first": "W.",
                    "middle": [],
                    "last": "Chen",
                    "suffix": ""
                }
            ],
            "year": 1997,
            "venue": "J. Virol.",
            "volume": "71",
            "issn": "3",
            "pages": "1946-1955",
            "other_ids": {
                "DOI": []
            }
        },
        "BIBREF14": {
            "title": "The colorful epidemiology of PRRSV",
            "authors": [
                {
                    "first": "T.",
                    "middle": [],
                    "last": "Blaha",
                    "suffix": ""
                }
            ],
            "year": 2000,
            "venue": "Vet. Res.",
            "volume": "31",
            "issn": "",
            "pages": "77-83",
            "other_ids": {
                "DOI": []
            }
        },
        "BIBREF15": {
            "title": "Sequence determination of the nucleocapsid gene of the porcine epidemic diarrhoea virus confirms that this virus is a coronavirus related to human coronavirus 229E and porcine transmissible gastroenteritis virus",
            "authors": [
                {
                    "first": "A.",
                    "middle": [],
                    "last": "Bridgen",
                    "suffix": ""
                },
                {
                    "first": "M.",
                    "middle": [],
                    "last": "Duarte",
                    "suffix": ""
                },
                {
                    "first": "K.",
                    "middle": [],
                    "last": "Tobler",
                    "suffix": ""
                },
                {
                    "first": "H.",
                    "middle": [],
                    "last": "Laude",
                    "suffix": ""
                },
                {
                    "first": "M.",
                    "middle": [],
                    "last": "Ackermann",
                    "suffix": ""
                }
            ],
            "year": 1993,
            "venue": "J. Gen. Virol.",
            "volume": "74",
            "issn": "",
            "pages": "1795-1804",
            "other_ids": {
                "DOI": []
            }
        },
        "BIBREF16": {
            "title": "Molecular Evolution of the SARS Coronavirus during the course of the SARS Epidemic in China",
            "authors": [
                {
                    "first": "C.R.",
                    "middle": [],
                    "last": "Consortium",
                    "suffix": ""
                }
            ],
            "year": 2004,
            "venue": "Science",
            "volume": "",
            "issn": "",
            "pages": null,
            "other_ids": {
                "DOI": []
            }
        },
        "BIBREF17": {
            "title": "Sequence of the spike protein of the porcine epidemic diarrhoea virus",
            "authors": [
                {
                    "first": "M.",
                    "middle": [],
                    "last": "Duarte",
                    "suffix": ""
                },
                {
                    "first": "H.",
                    "middle": [],
                    "last": "Laude",
                    "suffix": ""
                }
            ],
            "year": 1994,
            "venue": "J. Gen. Virol.",
            "volume": "75",
            "issn": "",
            "pages": "1195-1200",
            "other_ids": {
                "DOI": []
            }
        },
        "BIBREF18": {
            "title": "Isolation and characterization of viruses related to the SARS coronavirus from animals in southern China",
            "authors": [
                {
                    "first": "Y.",
                    "middle": [],
                    "last": "Guan",
                    "suffix": ""
                },
                {
                    "first": "B.J.",
                    "middle": [],
                    "last": "Zheng",
                    "suffix": ""
                },
                {
                    "first": "Y.Q.",
                    "middle": [],
                    "last": "He",
                    "suffix": ""
                },
                {
                    "first": "X.L.",
                    "middle": [],
                    "last": "Liu",
                    "suffix": ""
                },
                {
                    "first": "Z.X.",
                    "middle": [],
                    "last": "Xhuang",
                    "suffix": ""
                },
                {
                    "first": "C.L.",
                    "middle": [],
                    "last": "Cheung",
                    "suffix": ""
                },
                {
                    "first": "S.W.",
                    "middle": [],
                    "last": "Luo",
                    "suffix": ""
                },
                {
                    "first": "P.H.",
                    "middle": [],
                    "last": "Li",
                    "suffix": ""
                },
                {
                    "first": "L.J.",
                    "middle": [],
                    "last": "Zhang",
                    "suffix": ""
                },
                {
                    "first": "Y.J.",
                    "middle": [],
                    "last": "Guan",
                    "suffix": ""
                },
                {
                    "first": "K.M.",
                    "middle": [],
                    "last": "Butt",
                    "suffix": ""
                },
                {
                    "first": "K.L.",
                    "middle": [],
                    "last": "Wong",
                    "suffix": ""
                },
                {
                    "first": "K.W.",
                    "middle": [],
                    "last": "Chan",
                    "suffix": ""
                },
                {
                    "first": "W.",
                    "middle": [],
                    "last": "Lim",
                    "suffix": ""
                },
                {
                    "first": "K.F.",
                    "middle": [],
                    "last": "Shortridge",
                    "suffix": ""
                },
                {
                    "first": "K.Y.",
                    "middle": [],
                    "last": "Yuen",
                    "suffix": ""
                },
                {
                    "first": "J.S.",
                    "middle": [],
                    "last": "Peiris",
                    "suffix": ""
                },
                {
                    "first": "L.L.",
                    "middle": [],
                    "last": "Poon",
                    "suffix": ""
                }
            ],
            "year": 2003,
            "venue": "Science",
            "volume": "302",
            "issn": "",
            "pages": "276-278",
            "other_ids": {
                "DOI": []
            }
        },
        "BIBREF19": {
            "title": "Severe acute respiratory syndrome",
            "authors": [
                {
                    "first": "J.S.",
                    "middle": [],
                    "last": "Peiris",
                    "suffix": ""
                },
                {
                    "first": "Y.",
                    "middle": [],
                    "last": "Guan",
                    "suffix": ""
                },
                {
                    "first": "K.Y.",
                    "middle": [],
                    "last": "Yuen",
                    "suffix": ""
                }
            ],
            "year": 2004,
            "venue": "Nat. Med.",
            "volume": "10",
            "issn": "12 Suppl",
            "pages": "S88-S97",
            "other_ids": {
                "DOI": []
            }
        }
    }
}