{
    "paper_id": "PMC3119806",
    "metadata": {
        "title": "Acetyl salicylic acid treatment in neonatal Bartter syndrome\u2014a commentary letter",
        "authors": [
            {
                "first": "Martin",
                "middle": [],
                "last": "K\u00f6mhoff",
                "suffix": "",
                "email": "m.komhoff@bkk.umcg.nl",
                "affiliation": {}
            }
        ]
    },
    "body_text": [
        {
            "text": "Antenatal Bartter syndrome is an autosomal recessive disorder caused by loss-of-function mutations in genes encoding for the renal outer medullary potassium channel (RomK) or the sodium\u2013potassium-2-chloride co-transporter (NKCC2) [1]. Given that NKCC2 is sensitive to inhibition by furosemide and requires RomK for proper functioning, defects in either transport protein severely impair salt reabsorption in the thick ascending loop of Henle, thereby mimicking chronic administration of furosemide. Apart from the occurrence of transient hyperkalemia in patients with mutant RomK, which reflects their requirement to secrete potassium into the urine by the distal tubules, the phenotypes of NKCC2- and RomK-deficient patients are undistinguishable: polyuria shortly after birth with isosthenuria, excessive renal prostaglandin E2 production, and hyper-reninism with hypokalemic alkalosis.",
            "cite_spans": [
                {
                    "start": 231,
                    "end": 232,
                    "mention": "1",
                    "ref_id": "BIBREF0"
                }
            ],
            "section": "",
            "ref_spans": []
        },
        {
            "text": "Fluid losses in affected patients can be life-threatening and are managed with compensation of urinary losses of water and electrolytes. This approach may actually aggravate the polyuria, resulting in a total fluid intake of up to 50 ml/kg/h, which equals 1 liter of fluid per day in a 1-kg patient [1]. Because the oral administration of such large quantities of fluids is technically challenging in premature babies, non-steroidal anti-inflammatory drugs (NSAID), such as indomethacin, are routinely administered to reduce diuresis and saluresis [1]. NSAID inhibit prostaglandin production by blocking the enzymatic activity of cyclooxygenase (COX). COX exists as two unique isoforms, namely, COX-1, which is expressed constitutively in the renal vasculature and in principal cells of the collecting duct, and COX-2, which is an inducible enzyme whose renal expression is restricted to a few cells of the macula densa and the vasculature. In states of salt and or volume depletion, COX-2 expression is significantly up-regulated in cells of the macula densa through a mechanism by which low intracellular chloride levels induce COX-2 via p38 MAPK. Consistent with its renal induction, COX-2-selective NSAID have been demonstrated to be as effective as the unselective NSAID indomethacin in reducing polyuria in patients with antenatal Bartter syndrome [2]. These data prove that COX-2 plays a key role in the signaling cascade leading to polyuria in antenatal Bartter syndrome.",
            "cite_spans": [
                {
                    "start": 300,
                    "end": 301,
                    "mention": "1",
                    "ref_id": "BIBREF0"
                },
                {
                    "start": 549,
                    "end": 550,
                    "mention": "1",
                    "ref_id": "BIBREF0"
                },
                {
                    "start": 1355,
                    "end": 1356,
                    "mention": "2",
                    "ref_id": "BIBREF1"
                }
            ],
            "section": "",
            "ref_spans": []
        },
        {
            "text": "Inhibition of COX-2 also reduces hyper-reninism and hypokalemia in patients with antenatal Bartter syndrome. This effect should actually further aggravate salt loss secondary to decreased angiotensin II and aldosterone levels; therefore, other means of salt conservation must exist. First, COX-2-derived prostaglandin E2 production has direct diuretic effects. Various prostaglandin E2 receptors are expressed in the renal tubules, and these have been implicated in this phenomenon; however, their precise contributions remain unclear. Second, both COX-2-selective NSAID and -unselective NSAID reduce the glomerular filtration rate, thereby further reducing renal salt and water losses. Collectively, the salt-retaining tubular and vascular effects of NSAID obviously dominate over the salt loss resulting from the reduced angiotensin II and aldosterone levels.",
            "cite_spans": [],
            "section": "",
            "ref_spans": []
        },
        {
            "text": "Even though robust evidence from animal and human studies proves a key role of COX-2 in the pathophysiology of antenatal Bartter syndrome, only rofecoxib, a highly selective COX-2 inhibitor whose use had to be discontinued because of cardiovascular side effects, has been reported as a therapeutic modality in a single infant with an extreme variant of antenatal Bartter syndrome [3]. The argument that avoidance of COX-2-selective inhibitors might be due to the requirement of COX-2 activity for normal glomerular development up to the 34th week of gestation can readily be discarded by the fact that unselective NSAID, such as indomethacin, also exert their beneficial effects in antenatal Bartter syndrome by inhibiting COX-2. However, avoidance of COX-2-selective NSAID is probably prudent given our lack of experience with these drugs in neonates.",
            "cite_spans": [
                {
                    "start": 381,
                    "end": 382,
                    "mention": "3",
                    "ref_id": "BIBREF2"
                }
            ],
            "section": "",
            "ref_spans": []
        },
        {
            "text": "The best reason in favor of using traditional NSAID, such as indomethacin, as standard drugs in treating antenatal Bartter syndrome is the solid body of clinical experience accumulated in using this drug to treat numerous premature neonates drug to promote closure of an open ductus arteriosus. Although necrotizing enterocolitis has been reported in premature babies treated with indomethacin, it is difficult to conclude that this is causally related to indomethacin given the relatively high incidence of necrotizing enterocolitis in premature babies.",
            "cite_spans": [],
            "section": "",
            "ref_spans": []
        },
        {
            "text": "From a pharmacological point of view, the use of indomethacin instead of aspirin is much more plausible because the relative COX-2 selectivity of indomethacin in vivo is roughly 20-fold higher than that of aspirin [4]. In other words, equal inhibition of COX-2 by aspirin (as compared with indomethacin) will result in a much more profound\u2014but unnecessary\u2014inhibition of COX-1 in platelets and the intestinal mucosa, thereby potentially causing severe bleeding disorders and gastrointestinal side effects.",
            "cite_spans": [
                {
                    "start": 215,
                    "end": 216,
                    "mention": "4",
                    "ref_id": "BIBREF3"
                }
            ],
            "section": "",
            "ref_spans": []
        },
        {
            "text": "Finally, it appears counterintuitive to treat preterm neonates with aspirin while the Federal Drug Administration (as requested by the American Association of Pediatrics) requires manufacturers of aspirin to label their products with a warning that this drug may trigger Reye\u2019s syndrome in children. This warning also applies to the patient described in the case report, especially when considering that treatment with NSAID is continued well beyond infancy, thus placing the child at an avoidable risk for Reye\u2019s syndrome.",
            "cite_spans": [],
            "section": "",
            "ref_spans": []
        },
        {
            "text": "Taken together, it does not come as a surprise that aspirin reduces polyuria and loss of electrolytes in a patient likely to be affected by antenatal Bartter syndrome because aspirin also inhibits COX-2. It is, however, somewhat questionable to base a therapeutic decision solely on an assumption (i.e., the risk of necrotizing enterocolitis is greater with indomethacin than with aspirin) despite a clear warning of the American Association of Pediatrics concerning the use of aspirin in children while reasonably well-studied drugs are available for neonatal patients.",
            "cite_spans": [],
            "section": "",
            "ref_spans": []
        },
        {
            "text": "This case report underscores once more the need for controlled trials or at least registries when it comes to treating rare diseases.",
            "cite_spans": [],
            "section": "",
            "ref_spans": []
        }
    ],
    "ref_entries": {},
    "back_matter": [],
    "bib_entries": {
        "BIBREF0": {
            "title": "",
            "authors": [],
            "year": null,
            "venue": "",
            "volume": "",
            "issn": "",
            "pages": null,
            "other_ids": {
                "DOI": []
            }
        },
        "BIBREF1": {
            "title": "Role of cyclooxygenase-2 in hyperprostaglandin E syndrome/antenatal Bartter syndrome",
            "authors": [
                {
                    "first": "SC",
                    "middle": [],
                    "last": "Reinalter",
                    "suffix": ""
                },
                {
                    "first": "N",
                    "middle": [],
                    "last": "Jeck",
                    "suffix": ""
                },
                {
                    "first": "C",
                    "middle": [],
                    "last": "Brochhausen",
                    "suffix": ""
                },
                {
                    "first": "B",
                    "middle": [],
                    "last": "Watzer",
                    "suffix": ""
                },
                {
                    "first": "RM",
                    "middle": [],
                    "last": "Nusing",
                    "suffix": ""
                },
                {
                    "first": "HW",
                    "middle": [],
                    "last": "Seyberth",
                    "suffix": ""
                },
                {
                    "first": "M",
                    "middle": [],
                    "last": "K\u00f6mhoff",
                    "suffix": ""
                }
            ],
            "year": 2002,
            "venue": "Kidney Int",
            "volume": "62",
            "issn": "",
            "pages": "253-260",
            "other_ids": {
                "DOI": [
                    "10.1046/j.1523-1755.2002.00435.x"
                ]
            }
        },
        "BIBREF2": {
            "title": "Successful management of an extreme example of neonatal hyperprostaglandin-E syndrome (Bartter's syndrome) with the new cyclooxygenase-2 inhibitor rofecoxib",
            "authors": [
                {
                    "first": "NA",
                    "middle": [],
                    "last": "Haas",
                    "suffix": ""
                },
                {
                    "first": "R",
                    "middle": [],
                    "last": "Nossal",
                    "suffix": ""
                },
                {
                    "first": "CH",
                    "middle": [],
                    "last": "Schneider",
                    "suffix": ""
                },
                {
                    "first": "MA",
                    "middle": [],
                    "last": "Lewin",
                    "suffix": ""
                },
                {
                    "first": "V",
                    "middle": [],
                    "last": "Ocker",
                    "suffix": ""
                },
                {
                    "first": "M",
                    "middle": [],
                    "last": "Holder",
                    "suffix": ""
                },
                {
                    "first": "F",
                    "middle": [],
                    "last": "Uhlemann",
                    "suffix": ""
                }
            ],
            "year": 2003,
            "venue": "Pediatr Crit Care Med",
            "volume": "4",
            "issn": "2",
            "pages": "249-251",
            "other_ids": {
                "DOI": [
                    "10.1097/01.PCC.0000059422.26706.64"
                ]
            }
        },
        "BIBREF3": {
            "title": "Anti-inflammatory, analgesic, antipyretic and related properties of meloxicam, a new non-steroidal anti-inflammatory agent with favourable gastrointestinal tolerance",
            "authors": [
                {
                    "first": "G",
                    "middle": [],
                    "last": "Engelhardt",
                    "suffix": ""
                },
                {
                    "first": "D",
                    "middle": [],
                    "last": "Homma",
                    "suffix": ""
                },
                {
                    "first": "K",
                    "middle": [],
                    "last": "Schlegel",
                    "suffix": ""
                },
                {
                    "first": "R",
                    "middle": [],
                    "last": "Utzmann",
                    "suffix": ""
                },
                {
                    "first": "C",
                    "middle": [],
                    "last": "Schnitzler",
                    "suffix": ""
                }
            ],
            "year": 1995,
            "venue": "Inflamm Res",
            "volume": "44",
            "issn": "10",
            "pages": "423-433",
            "other_ids": {
                "DOI": [
                    "10.1007/BF01757699"
                ]
            }
        }
    }
}