{
    "paper_id": "PMC3119807",
    "metadata": {
        "title": "Nephrotic syndrome in The Netherlands: a population-based cohort study and a review of the literature",
        "authors": [
            {
                "first": "Loubna",
                "middle": [],
                "last": "el Bakkali",
                "suffix": "",
                "email": "l.elbakkali@vumc.nl",
                "affiliation": {}
            },
            {
                "first": "Robert",
                "middle": [],
                "last": "Rodrigues Pereira",
                "suffix": "",
                "email": null,
                "affiliation": {}
            },
            {
                "first": "Dirk",
                "middle": [
                    "J."
                ],
                "last": "Kuik",
                "suffix": "",
                "email": null,
                "affiliation": {}
            },
            {
                "first": "Johannes",
                "middle": [
                    "C.",
                    "F."
                ],
                "last": "Ket",
                "suffix": "",
                "email": null,
                "affiliation": {}
            },
            {
                "first": "Joanna",
                "middle": [
                    "A.",
                    "E."
                ],
                "last": "van Wijk",
                "suffix": "",
                "email": null,
                "affiliation": {}
            }
        ]
    },
    "body_text": [
        {
            "text": "Nephrotic syndrome (NS) is the most common glomerular disorder of childhood. It is defined by proteinuria, hypoalbuminaemia, oedema and hyperlipidaemia [1]. Most (80%) children have a minimal-change NS (MCNS). Other diagnoses, which could be the cause of NS, are focal segmental glomerulosclerosis (FSGS), congenital NS (CNS) and NS due to glomerulonephritis or other glomerulopathies. Although NS is relatively rare, it accounts for mortality and considerable morbidity in young children. The prognosis of NS in children correlates with the spectrum of responsiveness to steroid therapy, from steroid-sensitive NS (SSNS) to steroid-resistant NS (SRNS). SRNS is the most common acquired cause of end-stage renal disease (ESRD) in children [2]. The aim of this study was to determine the incidence of NS in The Netherlands. All new cases of NS in The Netherlands of children 0\u201318 years of age were prospectively registered from 1 January 2003 till 1 January 2007. The second aim was to compare these results with the incidences of NS described in the literature.",
            "cite_spans": [
                {
                    "start": 153,
                    "end": 154,
                    "mention": "1",
                    "ref_id": "BIBREF0"
                },
                {
                    "start": 740,
                    "end": 741,
                    "mention": "2",
                    "ref_id": "BIBREF8"
                }
            ],
            "section": "Introduction",
            "ref_spans": []
        },
        {
            "text": "A literature search was done in February 2009. We searched for articles in PubMed and Embase. Relevant thesaurus terms and/or free-text terms for NS, epidemiology, cohort, retrospective and prospective study types were used. The searches were limited to the age group of 0\u201318 years and articles written in English, French, German, Dutch or Arabic. Inclusion criteria were all studies on NS that describe the incidence or epidemiology of NS in children 0\u201318 years in a nationwide or a hospital population.",
            "cite_spans": [],
            "section": "Literature search ::: Methods",
            "ref_spans": []
        },
        {
            "text": "The registry was started by the working group Idiopathic Nephrotic Syndrome, which consists of all paediatric nephrologists in The Netherlands in collaboration with the Dutch Pediatric Surveillance Unit hosted by The Netherlands Institute of Applied Science [Nederlands Signalerings Centrum Kindergeneeskunde (NSCK) at TNO, Leiden]. The NSCK is a voluntary national registry used by paediatricians to report various rare or new paediatric disorders and is one of 13 paediatric surveillance units in the world. Our study includes all children with newly diagnosed NS between 1 January 2003 and 1 January 2007. The case definition was any child <18 years with symptoms of NS defined as oedema, proteinuria (> 3 + on a dipstick), low serum albumin (<25 g/l) and normal renal function (serum creatinine in normal range for age when not volume depleted), without signs of systemic disease or macroscopic haematuria. The study was conducted in The Netherlands. All paediatricians in The Netherlands received a monthly blue card or Web link to an electronic card and were asked to return the card to the NSCK if they had a patient with a newly diagnosed NS. A questionnaire was sent to the registering paediatrician, which had to be returned to the Idiopathic Nephrotic Syndrome Working Group at the VU University Medical Center, where data were analyzed. When the questionnaires were incomplete, secondary phone calls and visits were carried out to try to complete them as far as possible. The coded questionnaires showed only initials, birth date and a part of the postal code. Medical ethical approval was thought not to be necessary due to the anonymous submission of the questionnaires. Informed consent forms were filled in by the parents of the patients. The number of responding paediatricians working in The Netherlands in 2003\u20132006 was 694 (mean) divided over 96 paediatric practices and eight university centres with a paediatric nephrology department.",
            "cite_spans": [],
            "section": "Study design ::: Methods",
            "ref_spans": []
        },
        {
            "text": "The incidence of NS was calculated by relating the number of de novo NS patients to the number of children <18 years who were living during the 4 years of registration in the several provinces separately and in The Netherlands as a whole. The population numbers were extracted from the official statistics organ (Statistics Netherlands). These data can be found on the Web site and are freely available. Male:female ratio and median and mean age of the affected children were calculated from the available data. Pearson\u2019s chi-square test was used to compare the incidences of the years and the provinces. A p value <0.05 was considered to be significant.",
            "cite_spans": [],
            "section": "Statistical analysis ::: Methods",
            "ref_spans": []
        },
        {
            "text": "We found 504 abstracts from PubMed and 214 abstracts from Embase; 669 abstracts were left after removing duplicates. Thirty-one appeared to fulfil the inclusion criteria, but after reading the full articles, only nine fulfilled all inclusion criteria. We found three more abstracts (personal enquiry) that were not found in the systematic search. Hodson et al. [3] published the results of a national registry of children with NS in Australia in the annual report of the Australian Paediatric Surveillance Unit, and Bouissou et al. presented a poster about the epidemiology of NS in two French regions at the European Society of Paediatric Nephrology Congress of 1993. Ultimately, nine retrospective and three prospective studies met all inclusion criteria (Table 1).\n\n",
            "cite_spans": [
                {
                    "start": 362,
                    "end": 363,
                    "mention": "3",
                    "ref_id": "BIBREF9"
                }
            ],
            "section": "Literature review ::: Results",
            "ref_spans": [
                {
                    "start": 764,
                    "end": 765,
                    "mention": "1",
                    "ref_id": "TABREF0"
                }
            ]
        },
        {
            "text": "Between January 2003 and December 2006, 300 children were reported. Initially, the response rate of NSCK was 92.8% (mean of the years 2003\u20132006) [4], but after first and second reminders and active inquiries, the response rate increased to 96.7%. Of the 300 questionnaires, 69 did not meet the inclusion criteria due to the fact that some patients did not have a newly diagnosed NS during the period of registration (7.3%) but had a relapse, and other patients were registered as NS but had another illness (6.0%). There were 4.3% duplicate questionnaires. Seven patients (2.3%) were diagnosed abroad with NS: six in The Netherlands Antilles (one on Saint Martin and five on Cura\u00e7ao), and another in India (this child was later adopted to The Netherlands). These patients were not included in the Dutch incidence for that particular year. During the period of enquiry, five (1.7%) medical charts could not be found. Finally, four patients (1.3%) with CNS were excluded. Ultimately, 231 patients (77.0%) met the inclusion criteria.",
            "cite_spans": [
                {
                    "start": 146,
                    "end": 147,
                    "mention": "4",
                    "ref_id": "BIBREF10"
                }
            ],
            "section": "Registry ::: Results",
            "ref_spans": []
        },
        {
            "text": "The calculated annual incidence of NS in The Netherlands in 2003\u20132006 was 1.52 per 100,000 living children per year. The incidence for each year ranged from 1.32 to 1.77 per 100,000 children per year. The annual incidences did not differ significantly. The distribution of patients in The Netherlands with its 12 provinces is shown in Fig. 1. This is a chart of the place of residence of all registered patients. There was no statistically significant difference in distrubution within the provinces. This was also corrected for population density in each province.\n\n",
            "cite_spans": [],
            "section": "Registry ::: Results",
            "ref_spans": [
                {
                    "start": 340,
                    "end": 341,
                    "mention": "1",
                    "ref_id": "FIGREF0"
                }
            ]
        },
        {
            "text": "The Dutch cohort counted 76 girls and 155 boys with newly diagnosed NS. There was a significant difference between the numbers of boys versus girls (p = 0.0005). Median age was 3.88 years at admission (mean 5.08 years). One child was younger than 12 months and older than 3 months. One patient died within a few weeks after diagnosis as a result of sepsis and disseminated intravascular coagulation. The mortality rate was 1 of 231 patients (0.43%) during the first 5 weeks after presentation.",
            "cite_spans": [],
            "section": "Registry ::: Results",
            "ref_spans": []
        },
        {
            "text": "The articles found in the literature review relate mostly to retrospective studies from around the world (Table 1). They describe different populations, backgrounds and a large variability in genetics. All these factors influence the comparability.",
            "cite_spans": [],
            "section": "Discussion",
            "ref_spans": [
                {
                    "start": 112,
                    "end": 113,
                    "mention": "1",
                    "ref_id": "TABREF0"
                }
            ]
        },
        {
            "text": "Historic retrospective study dates are reported from 1946 onwards (Erie County, OH, USA) till 1998 (Yorkshire, UK) [5\u201313]. From the three prospective studies, one was from France (1985\u20131992) (Bouissou et al. ESPN 1993) and the other two from New Zealand and Australia in 1998\u20132004 (Table 1) [3, 14]. The retrospective articles merely studied a hospital population or part of the population in a city, region, county or several districts. Thus, results from a wide variety of populations make them difficult to compare. A retrospective incidence in different age groups was reported as 1.8\u201311.6:100,000 patients/year [5\u201313]. The two more recent prospective population studies in New Zealand and Australia were quite similar to the one in The Netherlands, and they also used the Paediatric Surveillance Unit to register all new cases of NS [3, 14]. To our knowledge, the Dutch study is the largest and longest prospective study so far.",
            "cite_spans": [
                {
                    "start": 116,
                    "end": 117,
                    "mention": "5",
                    "ref_id": "BIBREF11"
                },
                {
                    "start": 118,
                    "end": 120,
                    "mention": "13",
                    "ref_id": "BIBREF4"
                },
                {
                    "start": 292,
                    "end": 293,
                    "mention": "3",
                    "ref_id": "BIBREF9"
                },
                {
                    "start": 295,
                    "end": 297,
                    "mention": "14",
                    "ref_id": "BIBREF5"
                },
                {
                    "start": 617,
                    "end": 618,
                    "mention": "5",
                    "ref_id": "BIBREF11"
                },
                {
                    "start": 619,
                    "end": 621,
                    "mention": "13",
                    "ref_id": "BIBREF4"
                },
                {
                    "start": 839,
                    "end": 840,
                    "mention": "3",
                    "ref_id": "BIBREF9"
                },
                {
                    "start": 842,
                    "end": 844,
                    "mention": "14",
                    "ref_id": "BIBREF5"
                }
            ],
            "section": "Discussion",
            "ref_spans": [
                {
                    "start": 288,
                    "end": 289,
                    "mention": "1",
                    "ref_id": "TABREF0"
                }
            ]
        },
        {
            "text": "We registered all children with NS in The Netherlands for 4 years. The NSCK shows a response rate of 92.75% [4]. Beyond that, we extensively explored possible nonregistered cases by regular announcements, personal telephone calls and e-mail contacts with nearly all Dutch paediatricians. We believe that we have registered all children with newly diagnosed NS in The Netherlands, so defining a reliable incidence. The three prospective studies revealed an incidence of 1.15\u20132.1 per 100,000 [3, 14] children per year, which was comparable with the Dutch incidence of 1.52 per 100,000 children per year in 2003\u20132006. In contrast to the studies in Australia [3] and France (Bouissou et al, ESPN 1993), our Dutch population showed a higher male preponderance, whereas the study in New Zealand [13] showed an even higher male:female ratio (2.5:1). In comparison with the retrospective studies the male:female ratio of 2.04:1 is similar to the ones found in the study by Schlesinger et al. in Erie County, OH, [8] and Wyatt et al. in the eastern part of Kentucky in the United States [11]. The other studies show a lower male:female ratio [5\u20137, 9, 10, 12, 13]. Even if the older children (>15 years) were left out, compared with the registration in Australia [14], this predominance still existed. In the general population in The Netherlands, the male:female ratio is 1.05:1,\nand in Australia this ratio is also 1.05:1; thus, this does not explain the difference between the two countries. Wong et al. do not explain why they think that the ratio found in their study differs from the rest of the studies [14]. We do not have a thorough explanation for the difference in male:female ratio between the studies. Boyer et al. [15] described that patients with FSGS were older at diagnosis and that the female gender was slightly overrepresented in comparison with children with another aetiology of NS. In our study, the male predominance was present in nearly all age groups.",
            "cite_spans": [
                {
                    "start": 109,
                    "end": 110,
                    "mention": "4",
                    "ref_id": "BIBREF10"
                },
                {
                    "start": 491,
                    "end": 492,
                    "mention": "3",
                    "ref_id": "BIBREF9"
                },
                {
                    "start": 494,
                    "end": 496,
                    "mention": "14",
                    "ref_id": "BIBREF5"
                },
                {
                    "start": 656,
                    "end": 657,
                    "mention": "3",
                    "ref_id": "BIBREF9"
                },
                {
                    "start": 790,
                    "end": 792,
                    "mention": "13",
                    "ref_id": "BIBREF4"
                },
                {
                    "start": 1005,
                    "end": 1006,
                    "mention": "8",
                    "ref_id": "BIBREF14"
                },
                {
                    "start": 1079,
                    "end": 1081,
                    "mention": "11",
                    "ref_id": "BIBREF2"
                },
                {
                    "start": 1134,
                    "end": 1135,
                    "mention": "5",
                    "ref_id": "BIBREF11"
                },
                {
                    "start": 1136,
                    "end": 1137,
                    "mention": "7",
                    "ref_id": "BIBREF13"
                },
                {
                    "start": 1139,
                    "end": 1140,
                    "mention": "9",
                    "ref_id": "BIBREF15"
                },
                {
                    "start": 1142,
                    "end": 1144,
                    "mention": "10",
                    "ref_id": "BIBREF1"
                },
                {
                    "start": 1146,
                    "end": 1148,
                    "mention": "12",
                    "ref_id": "BIBREF3"
                },
                {
                    "start": 1150,
                    "end": 1152,
                    "mention": "13",
                    "ref_id": "BIBREF4"
                },
                {
                    "start": 1254,
                    "end": 1256,
                    "mention": "14",
                    "ref_id": "BIBREF5"
                },
                {
                    "start": 1601,
                    "end": 1603,
                    "mention": "14",
                    "ref_id": "BIBREF5"
                },
                {
                    "start": 1719,
                    "end": 1721,
                    "mention": "15",
                    "ref_id": "BIBREF6"
                }
            ],
            "section": "Discussion",
            "ref_spans": []
        },
        {
            "text": "The definition of NS was similar in all studies in relation to symptoms and laboratory findings. However, the inclusion criteria of ethnic background and age were not comparable. Our registry included all children aged from 0 to 18 years. After we completed the database, children with congenital NS were excluded because of the difference in pathogenesis. During the 4 years of registration, four children with congenital NS were excluded. According to this registration, the incidence of CNS in The Netherlands was one child with CNS per year. Exclusion of CNS is the reason that some studies started registration from 3 months onwards.",
            "cite_spans": [],
            "section": "Discussion",
            "ref_spans": []
        },
        {
            "text": "Wong et al. [13], Srivastata et al. [10] and McKinney et al. [7] reported a median age of, respectively, 4.5, 5.0, 4.5 (SSNS) and 6.0 (SRNS) years; mean age differed from 3.4 to 7.4 years [7, 10, 13]. Some studies did not mention a median or mean age. The median age found in our study was 3.9 years and is lower than the ones found in the reviewed literature, where mean age appeared to be 5.1 years. Due to the fact that some ethnic groups seem to be more prone to developing FSGS (e.g. African American and Indian children) rather than MCNS [16], retrospective studies might be biased, because they are mostly based on medical charts in one centre or region of a country. In our prospective study, a question about the ethnic background was not included. Ethnicity will be explored in a follow-up study planned to begin soon. Some paediatricians spontaneously mentioned the ethnicity of their patient in the questionnaire. For 32 patients, ethnicity is not known (14%). With the gathered information in the questionnaires so far and the informed consent forms, we were able to divide the rest of the patients into Western and non-Western ethnic group. The majority of patients (60.1%) were of Dutch nationality (from western origin). The non-Western patients (25.9%) came from a wide variety of countries divided over all continents.",
            "cite_spans": [
                {
                    "start": 13,
                    "end": 15,
                    "mention": "13",
                    "ref_id": "BIBREF4"
                },
                {
                    "start": 37,
                    "end": 39,
                    "mention": "10",
                    "ref_id": "BIBREF1"
                },
                {
                    "start": 62,
                    "end": 63,
                    "mention": "7",
                    "ref_id": "BIBREF13"
                },
                {
                    "start": 189,
                    "end": 190,
                    "mention": "7",
                    "ref_id": "BIBREF13"
                },
                {
                    "start": 192,
                    "end": 194,
                    "mention": "10",
                    "ref_id": "BIBREF1"
                },
                {
                    "start": 196,
                    "end": 198,
                    "mention": "13",
                    "ref_id": "BIBREF4"
                },
                {
                    "start": 545,
                    "end": 547,
                    "mention": "16",
                    "ref_id": "BIBREF7"
                }
            ],
            "section": "Discussion",
            "ref_spans": []
        },
        {
            "text": "The mortality rate in this study is preliminary because it only shows the number of patients who died at presentation. To our knowledge, other series do not report mortality at presentation. This means that NS is still a serious disease, even at presentation. Two other authors published mortality rates, but all in earlier years, and were not comparable with idiopathic NS as stated in the definition [8, 13].",
            "cite_spans": [
                {
                    "start": 403,
                    "end": 404,
                    "mention": "8",
                    "ref_id": "BIBREF14"
                },
                {
                    "start": 406,
                    "end": 408,
                    "mention": "13",
                    "ref_id": "BIBREF4"
                }
            ],
            "section": "Discussion",
            "ref_spans": []
        },
        {
            "text": "In conclusion, our study showed an incidence in the same range as the few other prospective studies. Idiopathic NS in children in the Dutch population is as much a rare disease as in any other country in the world. We found a statistically significant male:female ratio in this study, which is not fully explained but is in line with one other prospective study that described a similar or even higher male:female ratio in their cohort. Given the rarity of the disease and the lack of understanding of the exact pathogenesis of NS in children, more research is needed, preferably done in international collaboration studies.",
            "cite_spans": [],
            "section": "Discussion",
            "ref_spans": []
        }
    ],
    "ref_entries": {
        "TABREF0": {
            "text": "Table\u00a01: Results of the literature review on incidences of neprhrotic syndrome (NS) in childhood\nSSNS steroid-sensitive NS, SRNS steroid-resistant NS, NA not available, ESPN European Society of Paediatric Nephrology",
            "type": "table"
        },
        "FIGREF0": {
            "text": "Fig.\u00a01: Distribution of patients with a newly diagnosed nephrotic syndrome in The Netherlands during 2003\u20132006",
            "type": "figure"
        }
    },
    "back_matter": [],
    "bib_entries": {
        "BIBREF0": {
            "title": "The idiopathic nephrotic syndrome",
            "authors": [
                {
                    "first": "RW",
                    "middle": [],
                    "last": "Chesney",
                    "suffix": ""
                }
            ],
            "year": 1999,
            "venue": "Curr Opin Pediatr",
            "volume": "11",
            "issn": "2",
            "pages": "158-161",
            "other_ids": {
                "DOI": [
                    "10.1097/00008480-199904000-00010"
                ]
            }
        },
        "BIBREF1": {
            "title": "High incidence of focal segmental glomerulosclerosis in nephrotic syndrome of childhood",
            "authors": [
                {
                    "first": "T",
                    "middle": [],
                    "last": "Srivastava",
                    "suffix": ""
                },
                {
                    "first": "SD",
                    "middle": [],
                    "last": "Simon",
                    "suffix": ""
                },
                {
                    "first": "US",
                    "middle": [],
                    "last": "Alon",
                    "suffix": ""
                }
            ],
            "year": 1999,
            "venue": "Pediatr Nephrol",
            "volume": "13",
            "issn": "1",
            "pages": "13-18",
            "other_ids": {
                "DOI": [
                    "10.1007/s004670050555"
                ]
            }
        },
        "BIBREF2": {
            "title": "Current estimates of the incidence of steroid responsive idiopathic nephrosis in Kentucky children 1\u20139\u00a0years of age",
            "authors": [
                {
                    "first": "RJ",
                    "middle": [],
                    "last": "Wyatt",
                    "suffix": ""
                },
                {
                    "first": "MB",
                    "middle": [],
                    "last": "Marx",
                    "suffix": ""
                },
                {
                    "first": "M",
                    "middle": [],
                    "last": "Kazee",
                    "suffix": ""
                },
                {
                    "first": "NH",
                    "middle": [],
                    "last": "Holland",
                    "suffix": ""
                }
            ],
            "year": 1982,
            "venue": "Int J Pediatr Nephrol",
            "volume": "3",
            "issn": "2",
            "pages": "63-65",
            "other_ids": {
                "DOI": []
            }
        },
        "BIBREF3": {
            "title": "Primary nephrotic syndrome in Arab children in Kuwait",
            "authors": [
                {
                    "first": "M",
                    "middle": [],
                    "last": "Zaki",
                    "suffix": ""
                },
                {
                    "first": "I",
                    "middle": [],
                    "last": "Helin",
                    "suffix": ""
                },
                {
                    "first": "DS",
                    "middle": [],
                    "last": "Manandhar",
                    "suffix": ""
                },
                {
                    "first": "MCJ",
                    "middle": [],
                    "last": "Hunt",
                    "suffix": ""
                },
                {
                    "first": "AF",
                    "middle": [],
                    "last": "Khalil",
                    "suffix": ""
                }
            ],
            "year": 1989,
            "venue": "Pediatr Nephrol",
            "volume": "3",
            "issn": "2",
            "pages": "218-220",
            "other_ids": {
                "DOI": [
                    "10.1007/BF00852914"
                ]
            }
        },
        "BIBREF4": {
            "title": "The incidence of the nephrotic syndrome in children",
            "authors": [
                {
                    "first": "MB",
                    "middle": [],
                    "last": "Rothenberg",
                    "suffix": ""
                },
                {
                    "first": "W",
                    "middle": [],
                    "last": "Heymann",
                    "suffix": ""
                }
            ],
            "year": 1957,
            "venue": "Pediatrics",
            "volume": "19",
            "issn": "3",
            "pages": "446-452",
            "other_ids": {
                "DOI": []
            }
        },
        "BIBREF5": {
            "title": "Idiopathic nephrotic syndrome in New Zealand children, demographic, clinical features, initial management and outcome after twelve-month follow-up: Results of a three-year national surveillance study",
            "authors": [
                {
                    "first": "W",
                    "middle": [],
                    "last": "Wong",
                    "suffix": ""
                }
            ],
            "year": 2007,
            "venue": "J Paediatr Child Health",
            "volume": "43",
            "issn": "5",
            "pages": "337-341",
            "other_ids": {
                "DOI": [
                    "10.1111/j.1440-1754.2007.01077.x"
                ]
            }
        },
        "BIBREF6": {
            "title": "Focal and segmental glomerulosclerosis in children: a longitudinal assessment",
            "authors": [
                {
                    "first": "O",
                    "middle": [],
                    "last": "Boyer",
                    "suffix": ""
                },
                {
                    "first": "JK",
                    "middle": [],
                    "last": "Moulder",
                    "suffix": ""
                },
                {
                    "first": "MJ",
                    "middle": [],
                    "last": "Somers",
                    "suffix": ""
                }
            ],
            "year": 2007,
            "venue": "Pediatr Nephrol",
            "volume": "22",
            "issn": "8",
            "pages": "1159-1166",
            "other_ids": {
                "DOI": [
                    "10.1007/s00467-007-0493-3"
                ]
            }
        },
        "BIBREF7": {
            "title": "Is there really an increase in non-minimal change nephrotic syndrome in children?",
            "authors": [
                {
                    "first": "G",
                    "middle": [],
                    "last": "Filler",
                    "suffix": ""
                },
                {
                    "first": "E",
                    "middle": [],
                    "last": "Young",
                    "suffix": ""
                },
                {
                    "first": "P",
                    "middle": [],
                    "last": "Geier",
                    "suffix": ""
                },
                {
                    "first": "B",
                    "middle": [],
                    "last": "Carpenter",
                    "suffix": ""
                },
                {
                    "first": "A",
                    "middle": [],
                    "last": "Drukker",
                    "suffix": ""
                },
                {
                    "first": "J",
                    "middle": [],
                    "last": "Feber",
                    "suffix": ""
                }
            ],
            "year": 2003,
            "venue": "Am J Kidney Dis",
            "volume": "42",
            "issn": "",
            "pages": "1107-1113",
            "other_ids": {
                "DOI": [
                    "10.1053/j.ajkd.2003.08.010"
                ]
            }
        },
        "BIBREF8": {
            "title": "Treatment of nephrotic syndrome in children and controlled trials",
            "authors": [
                {
                    "first": "G",
                    "middle": [],
                    "last": "Filler",
                    "suffix": ""
                }
            ],
            "year": 2003,
            "venue": "Nephrol Dial Transplant",
            "volume": "18",
            "issn": "Suppl 6",
            "pages": "vi75-vi78",
            "other_ids": {
                "DOI": []
            }
        },
        "BIBREF9": {
            "title": "Congenital and idiopathic nephrotic syndrome",
            "authors": [
                {
                    "first": "E",
                    "middle": [],
                    "last": "Hodson",
                    "suffix": ""
                },
                {
                    "first": "J",
                    "middle": [],
                    "last": "Craig",
                    "suffix": ""
                },
                {
                    "first": "N",
                    "middle": [],
                    "last": "Willis",
                    "suffix": ""
                }
            ],
            "year": 2002,
            "venue": "Ninth Annual Report Australian Paediatric Surveillance Unit",
            "volume": "",
            "issn": "",
            "pages": "6-8",
            "other_ids": {
                "DOI": []
            }
        },
        "BIBREF10": {
            "title": "",
            "authors": [],
            "year": null,
            "venue": "",
            "volume": "",
            "issn": "",
            "pages": null,
            "other_ids": {
                "DOI": []
            }
        },
        "BIBREF11": {
            "title": "Primary nephrotic syndrome in Arab children",
            "authors": [
                {
                    "first": "AY",
                    "middle": [],
                    "last": "Elzouki",
                    "suffix": ""
                },
                {
                    "first": "F",
                    "middle": [],
                    "last": "Amin",
                    "suffix": ""
                },
                {
                    "first": "OP",
                    "middle": [],
                    "last": "Jaiswal",
                    "suffix": ""
                }
            ],
            "year": 1984,
            "venue": "Arch Dis Child",
            "volume": "59",
            "issn": "3",
            "pages": "253-255",
            "other_ids": {
                "DOI": [
                    "10.1136/adc.59.3.253"
                ]
            }
        },
        "BIBREF12": {
            "title": "High incidence of minimal change nephrotic syndrome in Asians",
            "authors": [
                {
                    "first": "J",
                    "middle": [],
                    "last": "Feehally",
                    "suffix": ""
                },
                {
                    "first": "NP",
                    "middle": [],
                    "last": "Kendell",
                    "suffix": ""
                },
                {
                    "first": "PGF",
                    "middle": [],
                    "last": "Swift",
                    "suffix": ""
                },
                {
                    "first": "J",
                    "middle": [],
                    "last": "Walls",
                    "suffix": ""
                }
            ],
            "year": 1985,
            "venue": "Arch Dis Child",
            "volume": "60",
            "issn": "11",
            "pages": "1018-1020",
            "other_ids": {
                "DOI": [
                    "10.1136/adc.60.11.1018"
                ]
            }
        },
        "BIBREF13": {
            "title": "Time trends and ethnic patterns of childhood nephrotic syndrome in Yorkshire, UK",
            "authors": [
                {
                    "first": "PA",
                    "middle": [],
                    "last": "McKinney",
                    "suffix": ""
                },
                {
                    "first": "RG",
                    "middle": [],
                    "last": "Feltbower",
                    "suffix": ""
                },
                {
                    "first": "JT",
                    "middle": [],
                    "last": "Brocklebank",
                    "suffix": ""
                },
                {
                    "first": "MM",
                    "middle": [],
                    "last": "Fitzpatrick",
                    "suffix": ""
                }
            ],
            "year": 2001,
            "venue": "Pediatr Nephrol",
            "volume": "16",
            "issn": "12",
            "pages": "1040-1044",
            "other_ids": {
                "DOI": [
                    "10.1007/s004670100021"
                ]
            }
        },
        "BIBREF14": {
            "title": "The nephrotic syndrome. Its incidence and implications for the community",
            "authors": [
                {
                    "first": "ER",
                    "middle": [],
                    "last": "Schlesinger",
                    "suffix": ""
                },
                {
                    "first": "HA",
                    "middle": [],
                    "last": "Sultz",
                    "suffix": ""
                },
                {
                    "first": "WE",
                    "middle": [],
                    "last": "Mosher",
                    "suffix": ""
                },
                {
                    "first": "JG",
                    "middle": [],
                    "last": "Feldman",
                    "suffix": ""
                }
            ],
            "year": 1968,
            "venue": "Am J Dis Child",
            "volume": "116",
            "issn": "6",
            "pages": "623-632",
            "other_ids": {
                "DOI": [
                    "10.1001/archpedi.1968.02100020627009"
                ]
            }
        },
        "BIBREF15": {
            "title": "Steroid responsive nephrotic syndrome is more common in Asians",
            "authors": [
                {
                    "first": "PM",
                    "middle": [],
                    "last": "Sharples",
                    "suffix": ""
                },
                {
                    "first": "J",
                    "middle": [],
                    "last": "Poulton",
                    "suffix": ""
                },
                {
                    "first": "RH",
                    "middle": [],
                    "last": "White",
                    "suffix": ""
                }
            ],
            "year": 1985,
            "venue": "Arch Dis Child",
            "volume": "60",
            "issn": "11",
            "pages": "1014-1017",
            "other_ids": {
                "DOI": [
                    "10.1136/adc.60.11.1014"
                ]
            }
        }
    }
}