{
    "paper_id": "PMC3285078",
    "metadata": {
        "title": "The role of facemasks and hand hygiene in the prevention of influenza transmission in households: results from a cluster randomised trial; Berlin, Germany, 2009-2011",
        "authors": [
            {
                "first": "Thorsten",
                "middle": [],
                "last": "Suess",
                "suffix": "",
                "email": "SuessT@rki.de",
                "affiliation": {}
            },
            {
                "first": "Cornelius",
                "middle": [],
                "last": "Remschmidt",
                "suffix": "",
                "email": "RemschmidtC@rki.de",
                "affiliation": {}
            },
            {
                "first": "Susanne",
                "middle": [
                    "B"
                ],
                "last": "Schink",
                "suffix": "",
                "email": "SchinkS@rki.de",
                "affiliation": {}
            },
            {
                "first": "Brunhilde",
                "middle": [],
                "last": "Schweiger",
                "suffix": "",
                "email": "SchweigerB@rki.de",
                "affiliation": {}
            },
            {
                "first": "Andreas",
                "middle": [],
                "last": "Nitsche",
                "suffix": "",
                "email": "NitscheA@rki.de",
                "affiliation": {}
            },
            {
                "first": "Kati",
                "middle": [],
                "last": "Schroeder",
                "suffix": "",
                "email": "SchroederK@rki.de",
                "affiliation": {}
            },
            {
                "first": "Joerg",
                "middle": [],
                "last": "Doellinger",
                "suffix": "",
                "email": "DoellingerJ@rki.de",
                "affiliation": {}
            },
            {
                "first": "Jeanette",
                "middle": [],
                "last": "Milde",
                "suffix": "",
                "email": "MildeJ@rki.de",
                "affiliation": {}
            },
            {
                "first": "Walter",
                "middle": [],
                "last": "Haas",
                "suffix": "",
                "email": "HaasW@rki.de",
                "affiliation": {}
            },
            {
                "first": "Irina",
                "middle": [],
                "last": "Koehler",
                "suffix": "",
                "email": "IrinaKoehler@gmx.net",
                "affiliation": {}
            },
            {
                "first": "G\u00e9rard",
                "middle": [],
                "last": "Krause",
                "suffix": "",
                "email": "KrauseG@rki.de",
                "affiliation": {}
            },
            {
                "first": "Udo",
                "middle": [],
                "last": "Buchholz",
                "suffix": "",
                "email": "BuchholzU@rki.de",
                "affiliation": {}
            }
        ]
    },
    "body_text": [
        {
            "text": "Since 2006, the World Health Organisation (WHO) and other organisations have highlighted the need for controlled trials to assist in formulating recommendations on the use of non-pharmaceutical interventions (NPI) - such as facemasks or hand hygiene measures - as options to prevent influenza transmission, particularly in households [1,2]. As these measures are easily applicable and accessible for the general population and do not rely on microbiological data they could be available even in very early stages of a pandemic. Several controlled trials testing NPI have lately been undertaken in different settings and with different designs [3-7] but have not been able to provide conclusive results. Four of these studies were conducted within households [4-7], one among adults living in university residence halls [3]. All but one [7] took place during seasonal influenza epidemics. Regarding interventions, one study compared facemasks to respirators [6], another evaluated facemasks only [4], while three studies assessed facemasks, and/or hand hygiene measures in various combinations [3,5,7].",
            "cite_spans": [
                {
                    "start": 335,
                    "end": 336,
                    "mention": "1",
                    "ref_id": "BIBREF0"
                },
                {
                    "start": 337,
                    "end": 338,
                    "mention": "2",
                    "ref_id": "BIBREF11"
                },
                {
                    "start": 644,
                    "end": 645,
                    "mention": "3",
                    "ref_id": "BIBREF22"
                },
                {
                    "start": 646,
                    "end": 647,
                    "mention": "7",
                    "ref_id": "BIBREF28"
                },
                {
                    "start": 759,
                    "end": 760,
                    "mention": "4",
                    "ref_id": "BIBREF25"
                },
                {
                    "start": 761,
                    "end": 762,
                    "mention": "7",
                    "ref_id": "BIBREF28"
                },
                {
                    "start": 820,
                    "end": 821,
                    "mention": "3",
                    "ref_id": "BIBREF22"
                },
                {
                    "start": 837,
                    "end": 838,
                    "mention": "7",
                    "ref_id": "BIBREF28"
                },
                {
                    "start": 958,
                    "end": 959,
                    "mention": "6",
                    "ref_id": "BIBREF27"
                },
                {
                    "start": 996,
                    "end": 997,
                    "mention": "4",
                    "ref_id": "BIBREF25"
                },
                {
                    "start": 1094,
                    "end": 1095,
                    "mention": "3",
                    "ref_id": "BIBREF22"
                },
                {
                    "start": 1096,
                    "end": 1097,
                    "mention": "5",
                    "ref_id": "BIBREF26"
                },
                {
                    "start": 1098,
                    "end": 1099,
                    "mention": "7",
                    "ref_id": "BIBREF28"
                }
            ],
            "section": "Background",
            "ref_spans": []
        },
        {
            "text": "In intention-to-treat analysis, none of the four household based trials was able to show significant reductions in secondary attack rates (SAR) when comparing intervention to control groups. However, one subgroup-analysis (restricting intervention households to those where intervention started within 36 h of symptom onset) [5] and one per-protocol analysis [6] showed significant effects of the interventions. Similarly, cumulative incidence in the study among university students yielded no significant differences between study arms, but survival analysis identified significant reductions of influenza-like-illness (ILI) in weeks 4-6 after recruitment [3].",
            "cite_spans": [
                {
                    "start": 326,
                    "end": 327,
                    "mention": "5",
                    "ref_id": "BIBREF26"
                },
                {
                    "start": 360,
                    "end": 361,
                    "mention": "6",
                    "ref_id": "BIBREF27"
                },
                {
                    "start": 658,
                    "end": 659,
                    "mention": "3",
                    "ref_id": "BIBREF22"
                }
            ],
            "section": "Background",
            "ref_spans": []
        },
        {
            "text": "In all publications, it was hypothesized that the effect of interventions may be more pronounced in the case of an influenza pandemic, due to higher public anxiety with resulting higher rates of adherence. This was supported by observations made in a comparable crisis, namely the SARS epidemic [8].",
            "cite_spans": [
                {
                    "start": 296,
                    "end": 297,
                    "mention": "8",
                    "ref_id": "BIBREF29"
                }
            ],
            "section": "Background",
            "ref_spans": []
        },
        {
            "text": "During the pandemic of influenza A (H1N1)pdm09 there was a considerable amount of uncertainty among public health officials if or which NPI should be recommended. Germany, in accordance with many other countries, did not encourage the widespread use of facemasks; hand washing had been generally recommended against the transmission of respiratory viruses already before the pandemic. Further evidence based data on NPI from controlled studies are still needed, as they are necessary to inform decision makers on the potential benefit of NPI in influenza pandemics.",
            "cite_spans": [],
            "section": "Background",
            "ref_spans": []
        },
        {
            "text": "Between 2009 and 2011 we conducted a cluster randomised trial on the efficacy, adherence and tolerability of facemasks and intensified hand hygiene to prevent influenza transmission in households. Study results from the 2009/2010 pandemic season concerning data about adherence and tolerability only have already been published [9].",
            "cite_spans": [
                {
                    "start": 329,
                    "end": 330,
                    "mention": "9",
                    "ref_id": "BIBREF30"
                }
            ],
            "section": "Background",
            "ref_spans": []
        },
        {
            "text": "We conducted the study during two consecutive influenza seasons (November 2009-January 2010 and January-April 2011) in Berlin, Germany. Index patients were recruited by general practitioners or pediatricians. We cooperated with 20 study sites in 2009/10 and 12 study sites in 2010/11 evenly distributed in the city of Berlin. We included index patients if they presented at the study sites within 2 days of symptom onset, had a positive rapid antigen test for influenza (later to be confirmed by quantitative Reverse Transcription Polymerase Chain Reaction [qRT-PCR]), and were at least 2 years old. Index cases also had to be the only household member suffering from respiratory disease within 14 days prior to symptom onset. Exclusion criteria were pregnancy, severely reduced health status and HIV infection. One person households were also not eligible for inclusion.",
            "cite_spans": [],
            "section": "Design ::: Methods",
            "ref_spans": []
        },
        {
            "text": "We obtained written informed consent from all study participants. If these were less than 18 years of age we asked their parents or legal guardians to provide proxy written consent, with additional written consent from those participants aged 14 to 18 years of age. Children were defined as persons aged less than 14 years, adults were at least 14 years old.",
            "cite_spans": [],
            "section": "Informed consent ::: Methods",
            "ref_spans": []
        },
        {
            "text": "We used a cluster randomisation with the households serving as clusters. We prepared lists of random numbers with Microsoft Excel 2003 (Mircosoft\u2122 Cooperation, Seattle, USA) which were divided between the three intervention groups. Each participating physician received a list of random numbers with the interventions represented in a 1:1:1 ratio. Eligible index patients were randomly assigned a number, which was then communicated to the study center. The resulting intervention was only communicated to the households with the physicians (as well as laboratory personnel) blinded from the randomisation results. Intervention material was given to the study sites in closed boxes marked only with the randomisation number. Recruiting physicians were not aware of the allocation of the numbers to the interventions and the boxes for the three intervention arms looked identical. After randomisation, participants were given their box by the physician's assistants.",
            "cite_spans": [],
            "section": "Randomisation and blinding ::: Methods",
            "ref_spans": []
        },
        {
            "text": "The following three intervention groups were used: (i) Mask/Hygiene (MH) arm: households were provided with alcohol based hand-rub (Sterilium\u2122, Bode Chemie, Germany) and surgical facemasks in two different sizes, one for children aged younger than 14 years (Child's Face Mask, Kimberly-Clark, USA) and one for adults (A\u00e9rokyn Masques, LCH Medical Products, France). If masks intended for participants younger than 14 years did not fit properly (as assessed by study personnel during the first household visit), we asked them to wear adult masks instead. Household also received information on the proper use of the interventions; (ii) Mask (M) arm: we provided the household with surgical facemasks and information on their correct use; (iii) Control (C) arm: no masks or hand rub was provided. All participating households received general written information on infection prevention [10]. Households received all necessary material (including a digital tympanic thermometer) on the day of recruitment and were called by study personnel immediately after leaving the study sites for instructions on how to use it correctly (provisional implementation of the intervention). Trained study personnel visited the household no later than 2 days after symptom onset of the index case. Using written information, study personnel demonstrated the correct use of the intervention material (full implementation of the intervention). We asked participants of the MH group to always use the provided hand rub after direct contact with the index patient (or other symptomatic household members), after having touched household items being used by the index patients and/or other symptomatic household contacts, as well as after coughing/sneezing, before meals, before preparing meals and when returning home. We asked all participants of the MH and M groups to wear masks at all times when the index patient and/or any other household member with respiratory symptoms were together in one room with healthy household members. Facemasks were to be changed regularly during the day and not to be worn during the night or outside the household.",
            "cite_spans": [
                {
                    "start": 886,
                    "end": 888,
                    "mention": "10",
                    "ref_id": "BIBREF1"
                }
            ],
            "section": "Interventions ::: Methods",
            "ref_spans": []
        },
        {
            "text": "The observation period for each household lasted 8 days, starting on the day of symptom onset of the index patient (day 1). We visited households on days 2, 3, 4, 6, and 8 (five times) or on days 3, 4, 6 and 8 (four times) depending on the day of recruitment. During these visits we obtained nasal wash specimens (or - if these were not possible - nasal swabs) from all participating household members. Antiviral medication was given to index patients and secondary cases by their individual physicians based on their clinical evaluation independent of study procedures. By definition, a \"timely\" antiviral therapy started within 2 days of symptom onset.",
            "cite_spans": [],
            "section": "Follow up ::: Methods",
            "ref_spans": []
        },
        {
            "text": "When household members developed fever (> 38.0\u00b0C), cough, or sore-throat they were asked to adopt the same preventive behaviour as the index patient (i.e. use facemasks or hand hygiene measures as required by index patients to protect other healthy household members) until the end of the observation period. All participants self-recorded symptoms (fever, shivering, measured temperature, cough, sore throat) and daily routines (incl. the time spent at home, and within close range (i.e. < 2 m) of the index patient) in a daily monitoring questionnaire.",
            "cite_spans": [],
            "section": "Follow up ::: Methods",
            "ref_spans": []
        },
        {
            "text": "The primary outcome measure for secondary cases was qRT-PCR confirmed influenza infection. We defined a symptomatic secondary influenza virus infection as a laboratory confirmed influenza infection in a household member who developed fever (> 38.0\u00b0C), cough, or sore-throat during the observation period. We termed all other secondary cases as subclinical. A secondary outcome measure was the occurrence of ILI as defined by WHO [11] as fever plus cough or sore throat.",
            "cite_spans": [
                {
                    "start": 430,
                    "end": 432,
                    "mention": "11",
                    "ref_id": "BIBREF2"
                }
            ],
            "section": "Outcome definitions ::: Methods",
            "ref_spans": []
        },
        {
            "text": "Participants of the M and MH groups also recorded daily adherence with facemasks, i.e. if they wore masks \"always\", \"mostly\", \"sometimes\", or \"never\" in the situation they had been asked to wear them. In the season 2010/11 they also recorded the number of masks used per day. Participants of the MH households additionally noted the number of hand disinfections per day. On day nine, study personnel conducted an exit questionnaire with all participants collecting information on (preventive) behaviour during the past 8 days, general attitudes towards NPI, the actual amount of used intervention materials and - if applicable - problems with wearing facemasks. We did not address potential problems with intensified hand hygiene. Parents answered the questionnaires on behalf of their children.",
            "cite_spans": [],
            "section": "Adherence ::: Methods",
            "ref_spans": []
        },
        {
            "text": "For the final analysis, two definitions of adherence were used, the first based on daily observations, the second on the behaviour of participants during the five consecutive days after implementation.",
            "cite_spans": [],
            "section": "Adherence ::: Methods",
            "ref_spans": []
        },
        {
            "text": "Used intervention material per household member was calculated by dividing the amount used per household by the number of household members.",
            "cite_spans": [],
            "section": "Adherence ::: Methods",
            "ref_spans": []
        },
        {
            "text": "Participants received a reimbursement of \u20ac150 for the large number of respiratory samples obtained.",
            "cite_spans": [],
            "section": "Reimbursement ::: Methods",
            "ref_spans": []
        },
        {
            "text": "For the collection of nasal wash, we used 5 mL of isotonic saline, which were instilled into one nostril with participants heads tilted backwards. Participants were asked to remain in this position for 10-15 s while making hard 'K' sounds without swallowing. Subsequently, the participants were told to tilt their heads forward and the fluid was collected in a sterile cup [12]. Nasal swabs were collected by using virus transport swabs (Mastaswab\u2122; MAST Diagnostica, Reinfeld, Germany). Samples were stored refrigerated (at a temperature of approximately 5\u00b0C) before analysis [13]. Specimens were analysed by qRT-PCR at the Centre for Biological Security, Division of Highly-Pathogenic Viruses (season 2009/10) and the National Reference Centre for Influenza (season 2010/11) both part of the Robert Koch Institute in Berlin, Germany. RNA was extracted using either the MagNA Pure 96 DNA and Viral Nucleic Acid Small Volume Kit (Roche Applied Science, Mannheim, Germany) on MagNA Pure 96 instrument (Roche Applied Science) according to the manufacturer's instructions. Details about the PCR protocol as well as primer and probe sequences have been published elsewhere [14].",
            "cite_spans": [
                {
                    "start": 374,
                    "end": 376,
                    "mention": "12",
                    "ref_id": "BIBREF3"
                },
                {
                    "start": 578,
                    "end": 580,
                    "mention": "13",
                    "ref_id": "BIBREF4"
                },
                {
                    "start": 1170,
                    "end": 1172,
                    "mention": "14",
                    "ref_id": "BIBREF5"
                }
            ],
            "section": "Sample collection and laboratory methods ::: Methods",
            "ref_spans": []
        },
        {
            "text": "We assumed a SAR of laboratory confirmed infection of 20% in household contacts of the control group, based on data from another study of this group (SAR 26% [13]) as well as other published data on seasonal (18.4% [6]) and pandemic influenza (14.5% [15], 30% [16]). Assuming an average of 2 household contacts per household [13] and an intracluster correlation coefficient (ICC) of 0.3 [4-6], we estimated that 114 household members would be needed in each intervention arm to detect a 75% difference in secondary attack rates, i.e. 20% in the control group and 5% in the intervention groups, with 80% power and at a significance level of 5%.",
            "cite_spans": [
                {
                    "start": 159,
                    "end": 161,
                    "mention": "13",
                    "ref_id": "BIBREF4"
                },
                {
                    "start": 216,
                    "end": 217,
                    "mention": "6",
                    "ref_id": "BIBREF27"
                },
                {
                    "start": 251,
                    "end": 253,
                    "mention": "15",
                    "ref_id": "BIBREF6"
                },
                {
                    "start": 261,
                    "end": 263,
                    "mention": "16",
                    "ref_id": "BIBREF7"
                },
                {
                    "start": 326,
                    "end": 328,
                    "mention": "13",
                    "ref_id": "BIBREF4"
                },
                {
                    "start": 388,
                    "end": 389,
                    "mention": "4",
                    "ref_id": "BIBREF25"
                },
                {
                    "start": 390,
                    "end": 391,
                    "mention": "6",
                    "ref_id": "BIBREF27"
                }
            ],
            "section": "Sample size estimation and statistical analysis ::: Methods",
            "ref_spans": []
        },
        {
            "text": "Analysis was done by intention-to-treat. For descriptive analysis we used Student's t-test and Kruskal-Wallis one-way analysis of variance for numerical and chi-square tests for categorical variables. The intention-to-treat analysis was conducted in the following order:",
            "cite_spans": [],
            "section": "Sample size estimation and statistical analysis ::: Methods",
            "ref_spans": []
        },
        {
            "text": "1. Comparison of SAR between intervention groups via adjusted chi-square tests [17] (overall and stratified by virus subtype, season and time of implementation of intervention) to account for the cluster design of the study. We used a cluster bootstrapping technique for the calculation of 95% confidence intervals (95% CI) [18].",
            "cite_spans": [
                {
                    "start": 80,
                    "end": 82,
                    "mention": "17",
                    "ref_id": "BIBREF8"
                },
                {
                    "start": 325,
                    "end": 327,
                    "mention": "18",
                    "ref_id": "BIBREF9"
                }
            ],
            "section": "Sample size estimation and statistical analysis ::: Methods",
            "ref_spans": []
        },
        {
            "text": "2. We used the generalized estimating equations (GEE) approach to fit logistic regression models [19] for evaluation and comparison of SAR between intervention groups. First, we calculated odds ratios (OR) for the outcome \"laboratory confirmed influenza\" with the following independent variables: (i) intervention group, (ii) intervention group (with pooled data of M and MH group), (iii) one separate model for each individual variable that may have influenced household transmission of influenza (i.e. age, sex, timely antiviral therapy of the index, vaccination of household contacts, etc.) adjusted for intervention group. This corresponds to a univariable analysis with the exception of the adjustment for intervention group.",
            "cite_spans": [
                {
                    "start": 98,
                    "end": 100,
                    "mention": "19",
                    "ref_id": "BIBREF10"
                }
            ],
            "section": "Sample size estimation and statistical analysis ::: Methods",
            "ref_spans": []
        },
        {
            "text": "3. Calculation of ORs for the clinical case definition (otherwise as in 2.).",
            "cite_spans": [],
            "section": "Sample size estimation and statistical analysis ::: Methods",
            "ref_spans": []
        },
        {
            "text": "4. Calculation of ORs for the outcome \"laboratory confirmed influenza\" to analyse the effect of the interventions while adjusting for variables with possible influence on influenza transmission. In a further model we used the variable intervention group with pooled data of M and MH group.",
            "cite_spans": [],
            "section": "Sample size estimation and statistical analysis ::: Methods",
            "ref_spans": []
        },
        {
            "text": "5. Calculation of ORs for the outcome \"laboratory confirmed influenza\" adjusting for variables with possible influence on influenza transmission in the following subgroups: (i) only data from season 2009/10, (ii) only data from season 2010/11, (iii) only data from households with full implementation of intervention < 36 h after symptom onset of the index case, (iv) only data from influenza A(H1N1)pdm09 cases.",
            "cite_spans": [],
            "section": "Sample size estimation and statistical analysis ::: Methods",
            "ref_spans": []
        },
        {
            "text": "We used a forced-entry method adjusting for variables potentially associated with risk of secondary infection. Sample sizes for these subgroup analyses were small and sometimes did not allow the inclusion of the full list of variables.",
            "cite_spans": [],
            "section": "Sample size estimation and statistical analysis ::: Methods",
            "ref_spans": []
        },
        {
            "text": "The per-protocol-analysis was conducted in the same way as the intention-to-treat analysis but only with data from participants who had followed the assigned interventions.",
            "cite_spans": [],
            "section": "Sample size estimation and statistical analysis ::: Methods",
            "ref_spans": []
        },
        {
            "text": "For all analyses, we used two-sided tests and considered p-values of < 0.05 as significant. We performed analyses with Stata software version 11 (Stata Corporation, Texas, USA).",
            "cite_spans": [],
            "section": "Sample size estimation and statistical analysis ::: Methods",
            "ref_spans": []
        },
        {
            "text": "Ethics Committee approval was obtained from the institutional review board of Charit\u00e9 Universit\u00e4tsmedizin Berlin. The study was registered with ClinicalTrials.gov (Identifier NCT00833885).",
            "cite_spans": [],
            "section": "Ethics statement and trial registration ::: Methods",
            "ref_spans": []
        },
        {
            "text": "Initially, we recruited 111 households which were randomised into one of the three intervention groups during the two study periods in 2009/10 and 2010/11 (Figure 1). After application of the exclusion criteria 30, 26 and 28 households remained in the Control-, M- and MH-groups for analysis. The total number of study participants was 302, of whom 84 were index patients and 218 household contacts. The study flow according to the CONSORT guidelines is shown in Figure 1.",
            "cite_spans": [],
            "section": "Participants ::: Results",
            "ref_spans": [
                {
                    "start": 163,
                    "end": 164,
                    "mention": "1",
                    "ref_id": "FIGREF0"
                },
                {
                    "start": 470,
                    "end": 471,
                    "mention": "1",
                    "ref_id": "FIGREF0"
                }
            ]
        },
        {
            "text": "Table 1 shows the baseline characteristics of index patients and household contacts of all analyzed households stratified by season of study participation and intervention group. One difference between the two study seasons was that in 2009/10 all viruses belonged to A (H1N1) pdm09, while in 2010/11 both A (H1N1)pdm09 as well as B viruses circulated (p = 0.14 for comparison within season). Another difference is that - compared to 2009/10 - the number of index patients receiving timely antiviral therapy was significantly higher in 2010/11 (p < 0.001). Furthermore, in 2010/11 a significantly larger number of both index patients (p = 0.045) and household contacts (p = 0.003) was vaccinated compared to 2009/10. Finally, in 2009/10 randomisation occurred significantly earlier after symptom onset compared to 2010/11 (p = 0.004) and a higher proportion of households was visited by study personnel within 36 h (p = 0.04). All other variables did not differ significantly between the two study seasons (Table 1).",
            "cite_spans": [],
            "section": "Participants ::: Results",
            "ref_spans": [
                {
                    "start": 6,
                    "end": 7,
                    "mention": "1",
                    "ref_id": "TABREF0"
                },
                {
                    "start": 1013,
                    "end": 1014,
                    "mention": "1",
                    "ref_id": "TABREF0"
                }
            ]
        },
        {
            "text": "Overall, there were 35 (16%) secondary cases of qRT-PCR confirmed influenza and 26 (12%) secondary ILI out of a total of 218 household contacts belonging to 84 households. Secondary laboratory confirmed cases occurred in 26 households, including 18 (69%) households with one secondary case, six (22%) with two secondary cases, and two (8%) with three secondary cases. When stratified by season, overall SAR was 13% (14/106) in 2009/2010 and 19% (21/112) in 2010/2011 (p = 0.3). For laboratory-confirmed cases SAR were not significantly lower in the M (9% (6/69)) and MH group (15% (10/67)) compared to the control group (23% (19/82); Table 2). In all stratified analyses (by influenza type, season, and implementation within 36 h after symptom onset) SAR of the M group was approximately reduced by 50% compared to the control group. In 2010/11 the MH group had markedly different SAR in A (H1N1) pdm09 households compared to B households. In A (H1N1) pdm09 households, SAR was highest in the control group and similarly low in the MH and M groups; but in B households it was highest in the MH group. When considering only households with early \"full implementation\" of the intervention (within 36 h after symptom onset), SAR of the MH group was substantially lower than in the control group.",
            "cite_spans": [],
            "section": "Secondary attack rates (SAR) ::: Results",
            "ref_spans": [
                {
                    "start": 640,
                    "end": 641,
                    "mention": "2",
                    "ref_id": "TABREF1"
                }
            ]
        },
        {
            "text": "SAR measured by the ILI case definition yielded somewhat lower results compared to those using the laboratory case definition, because not all laboratory-confirmed cases were also ILI cases.",
            "cite_spans": [],
            "section": "Secondary attack rates (SAR) ::: Results",
            "ref_spans": []
        },
        {
            "text": "Overall, differences in SAR were not significant, neither for laboratory confirmed secondary cases nor for ILI (Table 2), neither in primary analysis nor after stratification for season, influenza virus (sub)type or timing of the first household visit (Table 2).",
            "cite_spans": [],
            "section": "Secondary attack rates (SAR) ::: Results",
            "ref_spans": [
                {
                    "start": 118,
                    "end": 119,
                    "mention": "2",
                    "ref_id": "TABREF1"
                },
                {
                    "start": 259,
                    "end": 260,
                    "mention": "2",
                    "ref_id": "TABREF1"
                }
            ]
        },
        {
            "text": "In addition to the analysis of all three interventions groups, we also calculated odds ratios (OR) for secondary infection when intervention (i.e. M- and MH-group) groups were combined (Table 3). Although OR suggested a protective effect, this was not statistically significant. Among other individual variables with possible influence on secondary infection (such as sex, age, time spent at home, timely antiviral therapy of the index patient, and vaccination of the household contact) one variable stood out: Household members who spent at least 18 h of the day at home were significantly more likely to develop laboratory confirmed influenza infection (or ILI) compared to those who spent less time at home (Table 3).",
            "cite_spans": [],
            "section": "Multivariable and other analyses ::: Results",
            "ref_spans": [
                {
                    "start": 192,
                    "end": 193,
                    "mention": "3",
                    "ref_id": "TABREF2"
                },
                {
                    "start": 717,
                    "end": 718,
                    "mention": "3",
                    "ref_id": "TABREF2"
                }
            ]
        },
        {
            "text": "In a subgroup analysis, we examined the effect of the interventions only in households with early full implementation, and secondly only in households with (pandemic) A (H1N1) pdm09 infection. The first analysis was carried out in a subset of households where the intervention had been implemented no later than 36 h after symptom onset of the index patient. In this subset of 60 household contacts, we found a borderline significant protective effect of the MH intervention against laboratory confirmed influenza infection compared with the control group after adjustment for potential confounders (adjusted OR = 0.13; 95% CI = 0.01-1.28; p = 0.08; Table 4). After pooling the M and MH group, this effect became statistically significant (adjusted OR = 0.16; 95% CI = 0.03-0.92; p = 0.04). Among households with index cases infected with A (H1N1)pdm09 (162 household contacts) OR for a secondary laboratory confirmed infection were significantly lower in the MH group alone as well as the combined M- & MH-groups. Results of subgroup analyses using ILI as outcome were comparable to those using laboratory confirmed cases, but none were statistically significant.",
            "cite_spans": [],
            "section": "Multivariable and other analyses ::: Results",
            "ref_spans": [
                {
                    "start": 656,
                    "end": 657,
                    "mention": "4",
                    "ref_id": "TABREF3"
                }
            ]
        },
        {
            "text": "Considering that not all study participants followed the intended intervention in the group that they were assigned to, we conducted a (per-protocol) analysis among all participants who fully adhered to the study protocol. Because we implemented two interventions (facemask use and intensified hand hygiene) it was possible that one person adhered to one intervention, but not to the other. We therefore considered only adherence to facemask use for this analysis. We excluded participants of the control group when they wore a facemask during the study period, and we excluded participants from the M and MH group when they reported not wearing masks at all throughout the study. Apart from these exclusions of non-adherent study participants, we conducted the same analyses as for the intention-to-treat analysis. All OR of the M and MH group were below 1, mostly between 0.2 and 0.3 relating to a protective effect of 70%-80% for the interventions (Table 5). Significant results were reached in the M group when analysing the complete data set and in the M as well as the MH group when considering only A(H1N1)pdm09 households.",
            "cite_spans": [],
            "section": "Multivariable and other analyses ::: Results",
            "ref_spans": [
                {
                    "start": 958,
                    "end": 959,
                    "mention": "5",
                    "ref_id": "TABREF4"
                }
            ]
        },
        {
            "text": "We used two definitions to describe adherence to wearing masks. The first evaluated daily adherence and considered a participant as \"adherent\" if they wore a mask \"always\" or \"mostly\" on each day as required by the study protocol (adherence definition 1). The second definition evaluated behaviour of participants during the first 5 days after implementation of the intervention [6]. A participant was termed adherent if they wore a facemask \"always\" or \"mostly\" on each of the first 5 days after full implementation of the intervention (adherence definition 2). Figures 2 and 3 display the data for adherence (according to definition 1) to facemask use in the M and MH group separately for index patients (Figure 2) and household contacts (Figure 3).",
            "cite_spans": [
                {
                    "start": 380,
                    "end": 381,
                    "mention": "6",
                    "ref_id": "BIBREF27"
                }
            ],
            "section": "Facemasks ::: Behaviour and adherence ::: Results",
            "ref_spans": [
                {
                    "start": 571,
                    "end": 572,
                    "mention": "2",
                    "ref_id": "FIGREF1"
                },
                {
                    "start": 577,
                    "end": 578,
                    "mention": "3",
                    "ref_id": "FIGREF2"
                },
                {
                    "start": 714,
                    "end": 715,
                    "mention": "2",
                    "ref_id": "FIGREF1"
                },
                {
                    "start": 748,
                    "end": 749,
                    "mention": "3",
                    "ref_id": "FIGREF2"
                }
            ]
        },
        {
            "text": "In general, daily adherence was good, reaching a plateau of over 50% in nearly all groups (M and MH groups; 2009/10 and 2010/11) from the third day on (by then the intervention had been implemented in all households). A gradual decline towards lower adherence began around the sixth day of the index patient's illness. A further observation was that in 2010/11 MH index patients were less adherent than M index patients (Figure 2, right panel; difference not statistically significant) while the two groups were fairly similar during the 2009/10 pandemic. Similar differences can be observed when only the first 5 days following full study implementation were considered (definition 2) (Table 6). Adherence behaviour of household contacts was similar in both seasons.",
            "cite_spans": [],
            "section": "Facemasks ::: Behaviour and adherence ::: Results",
            "ref_spans": [
                {
                    "start": 428,
                    "end": 429,
                    "mention": "2",
                    "ref_id": "FIGREF1"
                },
                {
                    "start": 693,
                    "end": 694,
                    "mention": "6",
                    "ref_id": "TABREF5"
                }
            ]
        },
        {
            "text": "In both season, the majority of participants (107/172, 62%) did not report any problems with mask wearing. This proportion was significantly higher in the group of adults (71/100, 71%) compared to the group of children (36/72, 50%) (p = 0.005). The main problem stated by participants (adults as well as children) was \"heat/humidity\" (18/34, 53% of children; 10/29, 35% of adults) (p = 0.1), followed by \"pain\" and \"shortness of breath\" when wearing a facemask.",
            "cite_spans": [],
            "section": "Facemasks ::: Behaviour and adherence ::: Results",
            "ref_spans": []
        },
        {
            "text": "For the daily evaluation of adherence to hand hygiene measures we used the number of hand disinfections as indicated by MH participants (adherence definition 1). A MH participant was termed adherent according to definition 2 if they had disinfected their hands at least five times per day on each of the 5 days after full implementation of the intervention. Similar to the low facemask adherence of MH index patients in 2010/11, this group also displayed low hand hygiene adherence compared to the index patients of 2009/10. As in facemask adherence, household contacts kept a relatively stable level of adherence in both seasons (Figure 4). Also the 5-day adherence (adherence definition 2) of index patients of the MH group dropped from 41% in 2009/10 to 18% in 2010/11 (p = 0.2) while it did not drop in household contacts (Table 6).",
            "cite_spans": [],
            "section": "Hand hygiene ::: Behaviour and adherence ::: Results",
            "ref_spans": [
                {
                    "start": 638,
                    "end": 639,
                    "mention": "4",
                    "ref_id": "FIGREF3"
                },
                {
                    "start": 833,
                    "end": 834,
                    "mention": "6",
                    "ref_id": "TABREF5"
                }
            ]
        },
        {
            "text": "We validated reported data on adherence by comparing the indicated number of daily mask use and number of disinfections with the remaining intervention material in each household at the end of the study period. For both interventions, cumulative subjective information by participants correlated well with the objective measurements of the remaining material (facemasks: r = 0.64, p < 0.001 (only possible for season 2010/11 as information on the number of facemasks used per day was only collected in the season 2010/11); hand hygiene: r = 0.53, p < 0.001).",
            "cite_spans": [],
            "section": "Hand hygiene ::: Behaviour and adherence ::: Results",
            "ref_spans": []
        },
        {
            "text": "We observed \"contamination\" between intervention groups in two control households only in the season 2009/10, one reported wearing masks, the other reported wearing masks and using alcohol based hand sanitizer.",
            "cite_spans": [],
            "section": "Hand hygiene ::: Behaviour and adherence ::: Results",
            "ref_spans": []
        },
        {
            "text": "Examination of further potentially relevant behavioural variables, such as daily time spent at home during the study period, time spent at close range of the index patient, sleeping in the same room or taking meals with the index patient, did not result in significant differences between the study groups or between influenza seasons (data not shown).",
            "cite_spans": [],
            "section": "Hand hygiene ::: Behaviour and adherence ::: Results",
            "ref_spans": []
        },
        {
            "text": "We present results of a cluster randomised trial on the effectiveness of facemasks and hand hygiene in preventing household transmission of influenza. The trial was conducted in Berlin during the first two seasons after the onset of the influenza A (H1N1)pdm09 pandemic.",
            "cite_spans": [],
            "section": "Discussion",
            "ref_spans": []
        },
        {
            "text": "In primary intention-to-treat analysis of all data, the interventions did not lead to statistically significant reductions of SAR in household contacts. However, in a secondary analysis among households with full implementation of the intervention within 36 h after symptom onset, the combined participants from M and MH groups had a significantly lower chance of influenza infection compared to controls. With one exception (MH households in 2010/11), we observed a non-significant, but consistent and substantial reduction of the OR for influenza infection in both intervention groups (M, MH) and for both case definitions (laboratory confirmed and clinical).",
            "cite_spans": [],
            "section": "Discussion",
            "ref_spans": []
        },
        {
            "text": "A per-protocol analysis showed comparable results of lowered influenza transmission in the intervention groups which were statistically significant in the M group when analysing the complete dataset, and - among A (H1N1) pdm09 households - in the combined analysis of the M and MH groups. The main drawback of the study was that we did not reach the number of households that we had aimed and planned for, one of the reasons being the at best moderate influenza season 2010/11. Our sample size calculation was based on a 75% reduction of risk due to the interventions. This may seem questionably high in comparison to other studies, however based on experience from our pilot study we felt that adherence would be better than reported in the Hong Kong [5] and Bangkok [7] studies. We therefore expected a larger effect size in our main study.",
            "cite_spans": [
                {
                    "start": 753,
                    "end": 754,
                    "mention": "5",
                    "ref_id": "BIBREF26"
                },
                {
                    "start": 769,
                    "end": 770,
                    "mention": "7",
                    "ref_id": "BIBREF28"
                }
            ],
            "section": "Discussion",
            "ref_spans": []
        },
        {
            "text": "The reason for the high SAR of 25% in MH households from the 2010/11 season (with 35% the SAR was even higher when only households with Influenza-B positive index patients were considered) remains unclear. However, we hypothesize that the particularly low adherence of MH index patients to both interventions during the 2010/11 season might have influenced this observation.",
            "cite_spans": [],
            "section": "Discussion",
            "ref_spans": []
        },
        {
            "text": "The fact that we observed a significant effect of the combined M and MH intervention only after restriction of analysis to households with early (< 36 h after symptom onset) implementation of the interventions is in agreement with Cowling et al. who had investigated a hand hygiene intervention as well as hand hygiene plus facemask use [5]. The importance of early implementation of any intervention is plausible given high levels of viral shedding during the initial period of influenza infection [20] as well as the short incubation period [21]. Recently, Donnelly et al. quantified the probability of a transmission event by an infectious person relative to the onset of symptoms [22] and showed that peak transmission occurred on days 1, 2 and 3 of the infectious patient's illness. Merely 18% of transmission events took place more than two days after symptom onset of the index patient.",
            "cite_spans": [
                {
                    "start": 338,
                    "end": 339,
                    "mention": "5",
                    "ref_id": "BIBREF26"
                },
                {
                    "start": 500,
                    "end": 502,
                    "mention": "20",
                    "ref_id": "BIBREF12"
                },
                {
                    "start": 544,
                    "end": 546,
                    "mention": "21",
                    "ref_id": "BIBREF13"
                },
                {
                    "start": 685,
                    "end": 687,
                    "mention": "22",
                    "ref_id": "BIBREF14"
                }
            ],
            "section": "Discussion",
            "ref_spans": []
        },
        {
            "text": "An Australian cluster-randomized household study conducted in a pre-pandemic winter season investigated the effect of the use of facemasks (surgical, or N95) on the risk of respiratory infections with all index cases being children and having an influenza-like illness of any, even unknown, etiology [6]. Intention-to-treat analysis did not yield significant results, however, good adherence to facemask use proved to be significantly protective in a per-protocol analysis.",
            "cite_spans": [
                {
                    "start": 301,
                    "end": 302,
                    "mention": "6",
                    "ref_id": "BIBREF27"
                }
            ],
            "section": "Discussion",
            "ref_spans": []
        },
        {
            "text": "Two further cluster-randomized household studies failed to see any significant effects of intervention measures (facemasks or hand hygiene) even in secondary analyses. A French study investigated the efficacy of facemasks in the pre-pandemic influenza season 2008/09 [4]. Although a planned second season was not followed through due to the onset of the influenza A (H1N1)pdm09 pandemic, reported SAR after the first season were quite similar in intervention and control groups. Adherence was reported to be good, but only a clinical case definition (ILI) was used for secondary cases, thus probably missing a- and oligosymptomatic secondary cases. Only index patients were supposed to wear the masks, and mean age of index patients in the intervention arm was 25 years. Since young children and infants may play a more important role in the (household) transmission of influenza [23-25], it is possible that these factors may have led to a cumulative underestimation of the real effect of facemasks.",
            "cite_spans": [
                {
                    "start": 268,
                    "end": 269,
                    "mention": "4",
                    "ref_id": "BIBREF25"
                },
                {
                    "start": 881,
                    "end": 883,
                    "mention": "23",
                    "ref_id": "BIBREF15"
                },
                {
                    "start": 884,
                    "end": 886,
                    "mention": "25",
                    "ref_id": "BIBREF17"
                }
            ],
            "section": "Discussion",
            "ref_spans": []
        },
        {
            "text": "The second study failing to see an effect of NPI in the household setting comes from Bangkok, Thailand and was conducted between April 2008 and August 2009 [7]. Interventions tested were facemasks combined with handwashing, and handwashing alone. Although study size was large corresponding to high statistical power, the fact that 90% of index patients slept in the same bedroom as their parents without wearing facemasks during the night may have overcome any protective effect conferred by the interventions during daytime. In addition, authors describe a considerable amount of contamination between intervention groups, which may have further concealed true effects of the interventions.",
            "cite_spans": [
                {
                    "start": 157,
                    "end": 158,
                    "mention": "7",
                    "ref_id": "BIBREF28"
                }
            ],
            "section": "Discussion",
            "ref_spans": []
        },
        {
            "text": "In our study adherence to both interventions was good. After full implementation of the interventions approximately 50% of M and MH participants (index and contacts) wore facemasks \"mostly\" or \"always\" during the daytime in situations as required by the study protocol, and MH participants disinfected their hands approximately 7-8 times per day; only MH index cases in 2010/11 had lower adherence values for both interventions. Comparison with other studies is difficult for a number of reasons, particularly because interventions differed. Cowling [5] defined facemask adherence similar to the present study and reported similar facemask adherence in index cases (49%), but worse in household contacts (26%). Adherence to wearing facemasks in the Canini [4] study can be compared to our study for 2010/11, because the number of facemasks used per day was measured only in this season. The results were comparable in both studies.",
            "cite_spans": [
                {
                    "start": 551,
                    "end": 552,
                    "mention": "5",
                    "ref_id": "BIBREF26"
                },
                {
                    "start": 757,
                    "end": 758,
                    "mention": "4",
                    "ref_id": "BIBREF25"
                }
            ],
            "section": "Discussion",
            "ref_spans": []
        },
        {
            "text": "Hand hygiene was part of the trial design only in the Simmermann [7] and Cowling studies [5]. MH index patients in our study disinfected their hands between 4.1 (2010/11) and 7.4 times (2009/10) per day, the index patients in the Simmerman study washed their hands 4.1 times per day. Adherence to hand disinfection by index patients over the course of the study (adherence definition 2) ranged between 9% (2010/11) and 47% (2009/10) in our trial, compared to Cowling et al. with 33% and 36% in the two groups assigned hand hygiene interventions. Among household contacts in the MH group of our study adherence was higher in every parameter measured compared to Simmerman et al. and Cowling et al.. Considering that facemask and perhaps also disinfectant use in household settings may be much less accepted in European compared to Asian countries [26], the high overall adherence of both interventions in our study is remarkable. However, adherence data in all studies were based on self reporting and differences in reporting behaviour may have influenced results.",
            "cite_spans": [
                {
                    "start": 66,
                    "end": 67,
                    "mention": "7",
                    "ref_id": "BIBREF28"
                },
                {
                    "start": 90,
                    "end": 91,
                    "mention": "5",
                    "ref_id": "BIBREF26"
                },
                {
                    "start": 847,
                    "end": 849,
                    "mention": "26",
                    "ref_id": "BIBREF18"
                }
            ],
            "section": "Discussion",
            "ref_spans": []
        },
        {
            "text": "Compared to 2010/11 adherence may have been higher during the pandemic season 2009/10, but differences were not statistically significant. Increased use of or willingness to use preventive measures, such as facemasks or hand hygiene, was also documented during the SARS epidemic as well as during the pandemic influenza A (H1N1)pdm09 [27-29]. As we reported previously [9], adherence was good in adults and children alike, and although difficulties with facemasks were more frequently reported by children compared to adults, the numbers were not high. One notable exception with considerably lower adherence in 2010/11 compared to 2009/10 was observed in index patients of the MH group. Because physical interventions used by infected children may have the largest effect on the reduction of spread [30] and most index cases were children, it is possible that their reduced adherence has negatively affected transmission rates in MH households resulting in higher SAR in this intervention group in 2010/11.",
            "cite_spans": [
                {
                    "start": 335,
                    "end": 337,
                    "mention": "27",
                    "ref_id": "BIBREF19"
                },
                {
                    "start": 338,
                    "end": 340,
                    "mention": "29",
                    "ref_id": "BIBREF21"
                },
                {
                    "start": 370,
                    "end": 371,
                    "mention": "9",
                    "ref_id": "BIBREF30"
                },
                {
                    "start": 801,
                    "end": 803,
                    "mention": "30",
                    "ref_id": "BIBREF23"
                }
            ],
            "section": "Discussion",
            "ref_spans": []
        },
        {
            "text": "In general, we believe that our data for adherence and tolerability would support a recommendation to use non-pharmaceutical interventions in a pandemic.",
            "cite_spans": [],
            "section": "Discussion",
            "ref_spans": []
        },
        {
            "text": "Several limitations may have influenced the results of this study. As in all previous studies on this subject, our study design resulted in delays between symptom onset of the index patients and implementation of the intervention. This delay could be as long as 3 days in some households during the 2010/11 season. Although we tried to address this problem by calling the households for preliminary instructions directly after enrolment at their physicians' office, this does not substitute for a personal visit with a demonstration of the intervention in the household. This may have led to an underestimation of the true effect of the interventions.",
            "cite_spans": [],
            "section": "Discussion",
            "ref_spans": []
        },
        {
            "text": "A further limitation of our study is that we cannot determine whether a possible protective effect of wearing facemasks is more attributable to their use by index patients or by household contacts (or both), nor can we say if intensified hand hygiene provides any additional protection. Regarding the first question, there are data from a Dutch experimental study suggesting that the use of masks may be more effective for inward than for outward protection which would favour the importance of healthy persons wearing them [31]. This is in line with the results of the French trial [4] which stated in its protocol that facemasks were only to be worn by index patients and which could not show any significant protective effect in this setting. Regarding the role of hand hygiene, existing data from clinical trials are inconclusive. The study from Thailand found no effect, neither for facemasks nor for hand hygiene [7]. In the analysis of households where the intervention was applied within 36 h the Hong Kong study saw a (non-significant) effect of hand hygiene alone which became stronger and significant in the MH arm [5]. The investigators of a study among university students observed comparable reductions in ILI both in the facemask only as well as the facemasks plus hand hygiene groups suggesting that the addition of a hand sanitizer did not increase the effect of facemasks, or at least not substantially [3]. Nevertheless, a recent Cochrane review on the subject came to the conclusion that hand hygiene is generally effective in reducing the spread of respiratory viruses [30].",
            "cite_spans": [
                {
                    "start": 525,
                    "end": 527,
                    "mention": "31",
                    "ref_id": "BIBREF24"
                },
                {
                    "start": 584,
                    "end": 585,
                    "mention": "4",
                    "ref_id": "BIBREF25"
                },
                {
                    "start": 920,
                    "end": 921,
                    "mention": "7",
                    "ref_id": "BIBREF28"
                },
                {
                    "start": 1127,
                    "end": 1128,
                    "mention": "5",
                    "ref_id": "BIBREF26"
                },
                {
                    "start": 1422,
                    "end": 1423,
                    "mention": "3",
                    "ref_id": "BIBREF22"
                },
                {
                    "start": 1591,
                    "end": 1593,
                    "mention": "30",
                    "ref_id": "BIBREF23"
                }
            ],
            "section": "Discussion",
            "ref_spans": []
        },
        {
            "text": "A further limitation is the fact that laboratory testing of household contacts was only conducted for the virus subtype the index patient was infected with. This could have led to an underestimation of secondary cases.",
            "cite_spans": [],
            "section": "Discussion",
            "ref_spans": []
        },
        {
            "text": "Finally, we cannot rule out the possibility that behaviour of participating households may have been influenced by monetary incentives and frequent household visits. However, they did not differ in all three study arms so we do not expect this to have biased our results. Furthermore, the other clinical trials had a similar design so that it should not endanger comparability of results.",
            "cite_spans": [],
            "section": "Discussion",
            "ref_spans": []
        },
        {
            "text": "The strengths of this study include laboratory confirmation of primary and secondary cases with qRT-PCR, the serial testing of all household members over the study period irrespective of respiratory symptoms, and the low degree of contamination between the intervention groups.",
            "cite_spans": [],
            "section": "Discussion",
            "ref_spans": []
        },
        {
            "text": "In conclusion, results of our study contribute to the body of evidence that NPI may be effective in preventing transmission of influenza in households. Prerequisites include early implementation of the intervention and good adherence.",
            "cite_spans": [],
            "section": "Conclusions",
            "ref_spans": []
        },
        {
            "text": "We were also able to show that the use of facemasks in particular is tolerable and acceptable for adults and children alike, both as household contacts and index cases, highlighting the fact that these measures could play an important role in the interruption of influenza transmission within households. Future research should focus on the differential importance of facemask use by index cases or household contacts as well as the independent role of hand hygiene in the prevention of influenza transmission.",
            "cite_spans": [],
            "section": "Conclusions",
            "ref_spans": []
        },
        {
            "text": "The authors declare that they have no competing interests.",
            "cite_spans": [],
            "section": "Competing interests",
            "ref_spans": []
        },
        {
            "text": "TS designed the study, co-ordinated the execution, executed the study, performed the statistical analysis, interpreted the results, and wrote the manuscript. UB developed the study idea, designed the study, supervised its co-ordination, data analysis and interpretation, and wrote the manuscript. CR designed the study, co-ordinated the execution, executed the study, and wrote the manuscript. SBS executed the study, and wrote the manuscript. IK analysed the data and wrote the manuscript. WH designed the study, and wrote the manuscript. GK provided important intellectual contributions to design, coordination and analysis of the study, and wrote the manuscript. BS, AN, KS, JD, and JM carried out the laboratory analysis, interpreted data, and wrote the manuscript. All authors read and approved the final manuscript.",
            "cite_spans": [],
            "section": "Authors' contributions",
            "ref_spans": []
        },
        {
            "text": "The pre-publication history for this paper can be accessed here:",
            "cite_spans": [],
            "section": "Pre-publication history",
            "ref_spans": []
        },
        {
            "text": "http://www.biomedcentral.com/1471-2334/12/26/prepub",
            "cite_spans": [],
            "section": "Pre-publication history",
            "ref_spans": []
        }
    ],
    "ref_entries": {
        "TABREF0": {
            "text": "Table 1: Baseline characteristics of index patients and household contacts, stratified by season and intervention group\nIQR Inter-Quartile-Range, SD Standard deviation. * Vaccination defined as vaccination against pandemic influenza in the pandemic season 2009/10 and trivalent seasonal vaccine in 2010/11, at least 14 days before symptom onset in index patient. ** Antiviral therapy defined as treatment with oseltamivir or zanamivir within 2 days of symptom onset",
            "type": "table"
        },
        "TABREF1": {
            "text": "Table 2: Secondary attack ratios of qRT-PCR confirmed influenza infection and clinical influenza, intention-to-treat analysis\n*RT-PCR Real time polymerase chain reaction. **ILI Influenza-like-illness. \u00a7p-values adjusted for cluster design of the study #95% CI 95% confidence interval. Confidence intervals were calculated using bootstrapping methods",
            "type": "table"
        },
        "TABREF2": {
            "text": "Table 3: Separate models for predictors of qRT-PCR confirmed influenza infection and clinical influenza among included households.\nIndependent variables: (i) intervention group, (ii) intervention group (with pooled data of Mask- and Mask&Hygiene group), (iii) one separate model for each individual variable that may influence household transmission of influenza (i.e. age, sex, timely antiviral therapy of the index, vaccination of household contacts) adjusted for intervention group OR Odds ratio, 95% CI 95% Confidence Interval *Models also included intervention group as independent variable",
            "type": "table"
        },
        "TABREF3": {
            "text": "Table 4: Multivariable analysis for predictors of qRT-PCR confirmed influenza infection and clinical influenza among included households in separate models allowing for within household correlation.\nIntention-to-treat analysis. (n = 216 household contacts) OR Odds ratio, 95% CI 95% Confidence Interval. * adjusted for age, sex, timely therapy of the index, vaccination of household contacts, time spent at home. ** adjusted for age, sex, timely therapy of the index, time spent at home. *** adjusted for age and sex",
            "type": "table"
        },
        "TABREF4": {
            "text": "Table 5: Multivariable analysis for predictors of qRT-PCR confirmed influenza infection and clinical influenza among included households in separate models allowing for within household correlation.\nPer-protocol analysis. (n = 216 household contacts) OR Odds ratio, 95% CI 95% Confidence Interval. * adjusted for age, sex, timely therapy of the index, vaccination of household contacts, time spent at home. ** adjusted for age, sex, timely therapy of the index, time spent at home",
            "type": "table"
        },
        "TABREF5": {
            "text": "Table 6: Adherence to interventions in index patients and household contacts by intervention group and study season\nNA not applicable, HD hand disinfection, SD standard deviation. * p < 0.05 between seasons. ** Adherence to hand hygiene measure was defined as disinfection of hands at least 5 times per day during the 5 day after full implementation of the intervention (based on data from daily questionnaire). *** based on data from exit questionnaire. #only adults. ## Adherence to facemask intervention was defined as wearing a facemask \"mostly\" or \"always\" on each of the 5 days after full implementation of the intervention (based on data from daily questionnaire)",
            "type": "table"
        },
        "FIGREF0": {
            "text": "Figure 1: Study flow diagram.",
            "type": "figure"
        },
        "FIGREF1": {
            "text": "Figure 2: Facemask adherence by index patients. Daily proportion and 95% confidence interval of index patients wearing a facemask 'always' or 'mostly' in transmission-prone situations, in households assigned to wearing facemasks and practising intensified hand hygiene (MH group; dashed line) or to only wearing facemasks (M group; continuous line), stratified by season. Symbols represent the proportion of participants wearing facemasks before (green, hollow circles) and after (black squares) the intervention was fully implemented in the household.",
            "type": "figure"
        },
        "FIGREF2": {
            "text": "Figure 3: Facemask adherence by household contacts. Daily proportion and 95% confidence interval of household contacts wearing a facemask 'always' or 'mostly' in transmission-prone situations, in households assigned to wearing facemasks and practising intensified hand hygiene (MH group; dashed line) or only wearing facemasks (M group; continuous line), stratified by season. Symbols represent the proportion of participants wearing facemasks before (green, hollow circles) and after (black squares) the intervention was fully implemented in the household.",
            "type": "figure"
        },
        "FIGREF3": {
            "text": "Figure 4: Adherence to hand hygiene measures by index patients and household contacts. Frequency of daily hand disinfection (mean, standard deviation) in participants assigned to the MH group, stratified by season. Symbols represent the mean frequency of hand disinfection before (green, hollow circles) and after (black squares) the intervention was fully implemented in the households. Data of index patients are depicted by a continuous line, data of household contacts by a dashed line.",
            "type": "figure"
        }
    },
    "back_matter": [],
    "bib_entries": {
        "BIBREF0": {
            "title": "Preventing Transmission of Pandemic Influenza and Other Viral Respiratory Diseases: Personal Protective Equipment for Healthcare Personnel Update 2010",
            "authors": [],
            "year": null,
            "venue": "",
            "volume": "",
            "issn": "",
            "pages": null,
            "other_ids": {
                "DOI": []
            }
        },
        "BIBREF1": {
            "title": "Tips and Information on the New Flu A/H1N1",
            "authors": [],
            "year": null,
            "venue": "",
            "volume": "",
            "issn": "",
            "pages": null,
            "other_ids": {
                "DOI": []
            }
        },
        "BIBREF2": {
            "title": "WHO global technical consultation: global standards and tools for influenza surveillance",
            "authors": [],
            "year": null,
            "venue": "",
            "volume": "",
            "issn": "",
            "pages": null,
            "other_ids": {
                "DOI": []
            }
        },
        "BIBREF3": {
            "title": "Oral oseltamivir in human experimental influenza B infection",
            "authors": [],
            "year": 2000,
            "venue": "Antivir Ther",
            "volume": "5",
            "issn": "3",
            "pages": "205-213",
            "other_ids": {
                "DOI": []
            }
        },
        "BIBREF4": {
            "title": "Shedding and transmission of novel influenza virus A/H1N1 infection in households--Germany, 2009",
            "authors": [],
            "year": 2010,
            "venue": "Am J Epidemiol",
            "volume": "171",
            "issn": "11",
            "pages": "1157-1164",
            "other_ids": {
                "DOI": [
                    "10.1093/aje/kwq071"
                ]
            }
        },
        "BIBREF5": {
            "title": "Diagnostic approach for the differentiation of the pandemic influenza A(H1N1)v virus from recent human influenza viruses by real-time PCR",
            "authors": [],
            "year": 2010,
            "venue": "PLoS One",
            "volume": "5",
            "issn": "4",
            "pages": null,
            "other_ids": {
                "DOI": [
                    "10.1371/journal.pone.0009966"
                ]
            }
        },
        "BIBREF6": {
            "title": "Secondary attack rate of pandemic influenza A(H1N1) 2009 in Western Australian households, 29 May-7 August 2009",
            "authors": [],
            "year": 2011,
            "venue": "Euro Surveill",
            "volume": "16",
            "issn": "3",
            "pages": null,
            "other_ids": {
                "DOI": []
            }
        },
        "BIBREF7": {
            "title": "Transmission of pandemic influenza A (H1N1) 2009 within households: Edmonton, Canada",
            "authors": [],
            "year": 2010,
            "venue": "J Clin Virol",
            "volume": "49",
            "issn": "2",
            "pages": "90-93",
            "other_ids": {
                "DOI": [
                    "10.1016/j.jcv.2010.06.015"
                ]
            }
        },
        "BIBREF8": {
            "title": "",
            "authors": [],
            "year": 2000,
            "venue": "Design and Analysis of Cluster Randomization Trials in Health Research",
            "volume": "",
            "issn": "",
            "pages": null,
            "other_ids": {
                "DOI": []
            }
        },
        "BIBREF9": {
            "title": "Bootstrapping clustered data",
            "authors": [],
            "year": 2007,
            "venue": "J R Stat Soc Series B Stat Methodol",
            "volume": "69",
            "issn": "",
            "pages": "369-390",
            "other_ids": {
                "DOI": [
                    "10.1111/j.1467-9868.2007.00593.x"
                ]
            }
        },
        "BIBREF10": {
            "title": "Longitudinal data analysis for discrete and continuous outcomes",
            "authors": [],
            "year": 1986,
            "venue": "Biometrics",
            "volume": "42",
            "issn": "1",
            "pages": "121-130",
            "other_ids": {
                "DOI": [
                    "10.2307/2531248"
                ]
            }
        },
        "BIBREF11": {
            "title": "Non-pharmaceutical interventions for pandemic influenza, national and community measures",
            "authors": [],
            "year": 2006,
            "venue": "Emerg Infect Dis",
            "volume": "12",
            "issn": "1",
            "pages": "88-94",
            "other_ids": {
                "DOI": []
            }
        },
        "BIBREF12": {
            "title": "Time lines of infection and disease in human influenza: a review of volunteer challenge studies",
            "authors": [],
            "year": 2008,
            "venue": "Am J Epidemiol",
            "volume": "167",
            "issn": "7",
            "pages": "775-785",
            "other_ids": {
                "DOI": [
                    "10.1093/aje/kwm375"
                ]
            }
        },
        "BIBREF13": {
            "title": "Emergence of a novel swine-origin influenza A (H1N1) virus in humans",
            "authors": [],
            "year": 2009,
            "venue": "N Engl J Med",
            "volume": "360",
            "issn": "25",
            "pages": "2605-2615",
            "other_ids": {
                "DOI": []
            }
        },
        "BIBREF14": {
            "title": "Serial intervals and the temporal distribution of secondary infections within households of 2009 pandemic influenza A (H1N1): implications for influenza control recommendations",
            "authors": [],
            "year": 2011,
            "venue": "Clin Infect Dis",
            "volume": "52",
            "issn": "Suppl 1",
            "pages": "S123-S130",
            "other_ids": {
                "DOI": []
            }
        },
        "BIBREF15": {
            "title": "Household transmission of pandemic (H1N1) 2009, San Antonio, Texas, USA, April-May 2009",
            "authors": [],
            "year": 2010,
            "venue": "Emerg Infect Dis",
            "volume": "16",
            "issn": "4",
            "pages": "631-637",
            "other_ids": {
                "DOI": []
            }
        },
        "BIBREF16": {
            "title": "Risk factors of influenza transmission in households",
            "authors": [],
            "year": 2004,
            "venue": "Br J Gen Pract",
            "volume": "54",
            "issn": "506",
            "pages": "684-689",
            "other_ids": {
                "DOI": []
            }
        },
        "BIBREF17": {
            "title": "Household transmission of influenza (H1N1-2009) in Japan: age-specificity and reduction of household transmission risk by zanamivir treatment",
            "authors": [],
            "year": 2011,
            "venue": "J Int Med Res",
            "volume": "39",
            "issn": "2",
            "pages": "619-628",
            "other_ids": {
                "DOI": []
            }
        },
        "BIBREF18": {
            "title": "Behind the mask. Journey through an epidemic: some observations of contrasting public health responses to SARS",
            "authors": [],
            "year": 2003,
            "venue": "J Epidemiol Community Health",
            "volume": "57",
            "issn": "11",
            "pages": "855-856",
            "other_ids": {
                "DOI": [
                    "10.1136/jech.57.11.855"
                ]
            }
        },
        "BIBREF19": {
            "title": "Perceptions and behaviors related to hand hygiene for the prevention of H1N1 influenza transmission among Korean university students during the peak pandemic period",
            "authors": [],
            "year": 2010,
            "venue": "BMC Infect Dis",
            "volume": "10",
            "issn": "1",
            "pages": null,
            "other_ids": {
                "DOI": [
                    "10.1186/1471-2334-10-222"
                ]
            }
        },
        "BIBREF20": {
            "title": "Factors influencing the wearing of facemasks to prevent the severe acute respiratory syndrome among adult Chinese in Hong Kong",
            "authors": [],
            "year": 2004,
            "venue": "Prev Med",
            "volume": "39",
            "issn": "6",
            "pages": "1187-1193",
            "other_ids": {
                "DOI": [
                    "10.1016/j.ypmed.2004.04.032"
                ]
            }
        },
        "BIBREF21": {
            "title": "Monitoring the level of government trust, risk perception and intention of the general public to adopt protective measures during the influenza A (H1N1) pandemic in the Netherlands",
            "authors": [],
            "year": 2011,
            "venue": "BMC Publ Health",
            "volume": "11",
            "issn": "",
            "pages": null,
            "other_ids": {
                "DOI": [
                    "10.1186/1471-2458-11-575"
                ]
            }
        },
        "BIBREF22": {
            "title": "Mask use, hand hygiene, and seasonal influenza-like illness among young adults: a randomized intervention trial",
            "authors": [],
            "year": 2010,
            "venue": "J Infect Dis",
            "volume": "201",
            "issn": "4",
            "pages": "491-498",
            "other_ids": {
                "DOI": [
                    "10.1086/650396"
                ]
            }
        },
        "BIBREF23": {
            "title": "Physical interventions to interrupt or reduce the spread of respiratory viruses",
            "authors": [],
            "year": 2011,
            "venue": "Cochrane database of systematic reviews",
            "volume": "6",
            "issn": "7",
            "pages": null,
            "other_ids": {
                "DOI": []
            }
        },
        "BIBREF24": {
            "title": "Professional and home-made face masks reduce exposure to respiratory infections among the general population",
            "authors": [],
            "year": 2008,
            "venue": "PLoS One",
            "volume": "3",
            "issn": "7",
            "pages": null,
            "other_ids": {
                "DOI": [
                    "10.1371/journal.pone.0002618"
                ]
            }
        },
        "BIBREF25": {
            "title": "Surgical mask to prevent influenza transmission in households: a cluster randomized trial",
            "authors": [],
            "year": 2010,
            "venue": "PLoS One",
            "volume": "5",
            "issn": "11",
            "pages": null,
            "other_ids": {
                "DOI": [
                    "10.1371/journal.pone.0013998"
                ]
            }
        },
        "BIBREF26": {
            "title": "Facemasks and hand hygiene to prevent influenza transmission in households: a cluster randomized trial",
            "authors": [],
            "year": 2009,
            "venue": "Ann Intern Med",
            "volume": "151",
            "issn": "7",
            "pages": "437-446",
            "other_ids": {
                "DOI": []
            }
        },
        "BIBREF27": {
            "title": "Face mask use and control of respiratory virus transmission in households",
            "authors": [],
            "year": 2009,
            "venue": "Emerg Infect Dis",
            "volume": "15",
            "issn": "2",
            "pages": "233-241",
            "other_ids": {
                "DOI": [
                    "10.3201/eid1502.081167"
                ]
            }
        },
        "BIBREF28": {
            "title": "Findings from a household randomized controlled trial of hand washing and face masks to reduce influenza transmission in Bangkok, Thailand",
            "authors": [],
            "year": 2011,
            "venue": "Influenza Other Respi Viruses",
            "volume": "5",
            "issn": "4",
            "pages": "256-267",
            "other_ids": {
                "DOI": [
                    "10.1111/j.1750-2659.2011.00205.x"
                ]
            }
        },
        "BIBREF29": {
            "title": "Monitoring community responses to the SARS epidemic in Hong Kong: from day 10 to day 62",
            "authors": [],
            "year": 2003,
            "venue": "J Epidemiol Community Health",
            "volume": "57",
            "issn": "11",
            "pages": "864-870",
            "other_ids": {
                "DOI": [
                    "10.1136/jech.57.11.864"
                ]
            }
        },
        "BIBREF30": {
            "title": "Facemasks and intensified hand hygiene in a German household trial during the 2009/2010 influenza A(H1N1) pandemic: adherence and tolerability in children and adults",
            "authors": [],
            "year": 2011,
            "venue": "Epidemiol Infect",
            "volume": "139",
            "issn": "12",
            "pages": "1895-1901",
            "other_ids": {
                "DOI": [
                    "10.1017/S0950268810003006"
                ]
            }
        }
    }
}