{
    "paper_id": "PMC3292016",
    "metadata": {
        "title": "Using Support Vector Machine and Evolutionary Profiles to Predict Antifreeze Protein Sequences",
        "authors": [
            {
                "first": "Xiaowei",
                "middle": [],
                "last": "Zhao",
                "suffix": "",
                "email": null,
                "affiliation": {}
            },
            {
                "first": "Zhiqiang",
                "middle": [],
                "last": "Ma",
                "suffix": "",
                "email": null,
                "affiliation": {}
            },
            {
                "first": "Minghao",
                "middle": [],
                "last": "Yin",
                "suffix": "",
                "email": null,
                "affiliation": {}
            }
        ]
    },
    "body_text": [
        {
            "text": "Antifreeze proteins (AFPs) are functional proteins in a cell. With special antifreeze activity, AFPs make the organisms less sensitive to cold temperatures. AFPs bind to small ice crystals to inhibit growth and recrystallization of ice that would otherwise be fatal [1]. By contributing to both freeze resistance and freeze tolerance, AFPs have helped to increase species diversity in some of the harshest and most inhospitable environments. Freeze resistance involves the inactivation or removal of ice-nucleating agents in freeze-avoiding species, whereas freeze tolerance involves the activation or synthesis of ice-nucleating agents in winter in freeze-tolerant species [2,3].",
            "cite_spans": [
                {
                    "start": 267,
                    "end": 268,
                    "mention": "1",
                    "ref_id": "BIBREF0"
                },
                {
                    "start": 675,
                    "end": 676,
                    "mention": "2",
                    "ref_id": "BIBREF11"
                },
                {
                    "start": 677,
                    "end": 678,
                    "mention": "3",
                    "ref_id": "BIBREF22"
                }
            ],
            "section": "1. Introduction",
            "ref_spans": []
        },
        {
            "text": "AFPs have been found in various insects, fish, bacteria, fungi, and overwintering plants such as gymnosperms, ferns, monocotyledonous, angiosperms, etc. [4\u201312]. Relational analyses show that there is low sequence or structure similarity for an ice-binding domain, and lack of common features among different AFPs [7\u201310]. One reason for this phenomenon is that ice can present many different surfaces with different arrangements of oxygen atoms [8]. So it is difficult to establish powerful prediction methods to identify AFPs. However, AFPs play important roles in different fields, such as freeze-resistant transgenic plants and animals, food technology, preservation of cell lines, organs and cryosurgery [13,14]. How to discriminate AFPs from other proteins is important in understanding protein-ice interactions and creating new ice-binding domains in other proteins.",
            "cite_spans": [
                {
                    "start": 154,
                    "end": 155,
                    "mention": "4",
                    "ref_id": "BIBREF33"
                },
                {
                    "start": 156,
                    "end": 158,
                    "mention": "12",
                    "ref_id": "BIBREF3"
                },
                {
                    "start": 314,
                    "end": 315,
                    "mention": "7",
                    "ref_id": "BIBREF46"
                },
                {
                    "start": 316,
                    "end": 318,
                    "mention": "10",
                    "ref_id": "BIBREF1"
                },
                {
                    "start": 445,
                    "end": 446,
                    "mention": "8",
                    "ref_id": "BIBREF47"
                },
                {
                    "start": 708,
                    "end": 710,
                    "mention": "13",
                    "ref_id": "BIBREF4"
                },
                {
                    "start": 711,
                    "end": 713,
                    "mention": "14",
                    "ref_id": "BIBREF5"
                }
            ],
            "section": "1. Introduction",
            "ref_spans": []
        },
        {
            "text": "Many lines of evidences have indicated that computational approaches can provide useful information for both drug discovery and basic research in a timely manner [15], such as protein subcellular location prediction [16,17], structural bioinformatics [18], identification of proteases and their types [19], identification of membrane proteins and their types [20], molecular docking [21\u201323], identification of enzymes and their functional classes [24], and signal peptide prediction [25,26]. Up until now, there are few studies using computational approaches to discriminate AFPs and non-AFPs. Kandaswamy et al. [27] investigated this problem using the predictor of Random Forest. That is the first and the only method utilizing machine learning technique to deal with the prediction of AFPs. With the model AFP-Pred, they obtained 81.33% accuracy from training and 83.38% from testing. Although high accuracy has been achieved, the problem is worthy of further investigation because the performance of the aforementioned method is still not fully satisfactory and they do not provide an online web server for predicting antifreeze proteins.",
            "cite_spans": [
                {
                    "start": 163,
                    "end": 165,
                    "mention": "15",
                    "ref_id": "BIBREF6"
                },
                {
                    "start": 217,
                    "end": 219,
                    "mention": "16",
                    "ref_id": "BIBREF7"
                },
                {
                    "start": 220,
                    "end": 222,
                    "mention": "17",
                    "ref_id": "BIBREF8"
                },
                {
                    "start": 252,
                    "end": 254,
                    "mention": "18",
                    "ref_id": "BIBREF9"
                },
                {
                    "start": 302,
                    "end": 304,
                    "mention": "19",
                    "ref_id": "BIBREF10"
                },
                {
                    "start": 360,
                    "end": 362,
                    "mention": "20",
                    "ref_id": "BIBREF12"
                },
                {
                    "start": 384,
                    "end": 386,
                    "mention": "21",
                    "ref_id": "BIBREF13"
                },
                {
                    "start": 387,
                    "end": 389,
                    "mention": "23",
                    "ref_id": "BIBREF15"
                },
                {
                    "start": 448,
                    "end": 450,
                    "mention": "24",
                    "ref_id": "BIBREF16"
                },
                {
                    "start": 484,
                    "end": 486,
                    "mention": "25",
                    "ref_id": "BIBREF17"
                },
                {
                    "start": 487,
                    "end": 489,
                    "mention": "26",
                    "ref_id": "BIBREF18"
                },
                {
                    "start": 613,
                    "end": 615,
                    "mention": "27",
                    "ref_id": "BIBREF19"
                }
            ],
            "section": "1. Introduction",
            "ref_spans": []
        },
        {
            "text": "In this study, we focus on developing a new antifreeze protein predictor by seeking a more informative encoding scheme. After a preliminary evaluation of different encoding schemes, we found that the evolutionary information in the form of PSSM profiles is suitable for representing the antifreeze protein sequence. Then a predictor called AFP_PSSM is established using the feature PSSM-400 as the input of support vector machine (SVM). AFP_PSSM yields 82.67% accuracy from training dataset and 93.01% accuracy from test dataset. This indicates that our predictor is very promising and may at least play an important complementary role to existing methods. The proposed predictor is freely available at the web server AFP_PSSM [28]. For a query protein sequence of 500 amino acids, it will take about 20 s for the web server to yield the predicted result; the longer the sequence is, the more time it needs.",
            "cite_spans": [
                {
                    "start": 728,
                    "end": 730,
                    "mention": "28",
                    "ref_id": "BIBREF20"
                }
            ],
            "section": "1. Introduction",
            "ref_spans": []
        },
        {
            "text": "According to a recent review [29], to establish a really useful statistical predictor, the following four procedures need to be considered: (i) construct or select a valid benchmark dataset to train and test the predictor; (ii) formulate the protein samples with an effective mathematical expression that can truly reflect their intrinsic correlation with the attribute to be predicted; (iii) introduce or develop a powerful algorithm to conduct the prediction; (iv) properly perform cross-validation tests to objectively evaluate the anticipated accuracy of the predictor; (v) establish a user-friendly web server for the predictor that is accessible to public. Below, let us describe how to cope with these procedures one by one.",
            "cite_spans": [
                {
                    "start": 30,
                    "end": 32,
                    "mention": "29",
                    "ref_id": "BIBREF21"
                }
            ],
            "section": "1. Introduction",
            "ref_spans": []
        },
        {
            "text": "The datasets used in this paper is retrieved from Kandaswamy et al. [27] which consists of 481 antifreeze proteins and 9493 non-antifreeze proteins. To get rid of redundancy and homology bias, the sequences with \u226540% sequence similarity have been removed using program CD-HIT [30]. Then the training dataset contains 300 antifreeze proteins randomly selected from the 481 antifreeze proteins and 300 non-antifreeze proteins randomly selected from the 9493 non-antifreeze proteins. The test dataset contains the remaining 181 antifreeze proteins and 9193 non-antifreeze proteins. These datasets can be freely downloaded from [31].",
            "cite_spans": [
                {
                    "start": 69,
                    "end": 71,
                    "mention": "27",
                    "ref_id": "BIBREF19"
                },
                {
                    "start": 277,
                    "end": 279,
                    "mention": "30",
                    "ref_id": "BIBREF23"
                },
                {
                    "start": 625,
                    "end": 627,
                    "mention": "31",
                    "ref_id": "BIBREF24"
                }
            ],
            "section": "2.1. Dataset ::: 2. Materials and Methods",
            "ref_spans": []
        },
        {
            "text": "Evolutionary information, one of the most important types of information in assessing functionality in biological analysis, has been successfully used to encode protein in many applications, such as our previous work of lysine ubiquitylation site prediction [32], transmembrane protein topology prediction [33] and malaria parasite mitochondrial protein prediction [34]. To extract the evolutionary information, the profile of each protein sequence is generated by running Position Specific Iterated BLAST (PSI-BLAST) program [35,36]. Then this information can be represented as a two dimensional matrix which is known as the PSSM of the protein.",
            "cite_spans": [
                {
                    "start": 259,
                    "end": 261,
                    "mention": "32",
                    "ref_id": "BIBREF25"
                },
                {
                    "start": 307,
                    "end": 309,
                    "mention": "33",
                    "ref_id": "BIBREF26"
                },
                {
                    "start": 366,
                    "end": 368,
                    "mention": "34",
                    "ref_id": "BIBREF27"
                },
                {
                    "start": 527,
                    "end": 529,
                    "mention": "35",
                    "ref_id": "BIBREF28"
                },
                {
                    "start": 530,
                    "end": 532,
                    "mention": "36",
                    "ref_id": "BIBREF29"
                }
            ],
            "section": "2.2.1. Evolutionary Information ::: 2.2. Protein Features and Vector Encoding ::: 2. Materials and Methods",
            "ref_spans": []
        },
        {
            "text": "In this paper, the PSSM of each protein sequence in the constructed dataset is generated against the non-redundant Swiss-Prot database [37] (version 56, released on 22 July, 2008) using the PSI-BLAST program with three iterations (\u2212j 3) and e-value threshold 0.0001 (\u2212h 0.0001). This matrix is composed of L \u00d7 20 elements, where L is the total number of residues in a peptide. The rows of the matrix represent the protein residues and the columns of the matrix represent the 20 naive amino acids. Each element represents the probability of the occurrence of each 20 amino acid when it\u2019s mutated to the others at one position during the evolution process.",
            "cite_spans": [
                {
                    "start": 136,
                    "end": 138,
                    "mention": "37",
                    "ref_id": "BIBREF30"
                }
            ],
            "section": "2.2.1. Evolutionary Information ::: 2.2. Protein Features and Vector Encoding ::: 2. Materials and Methods",
            "ref_spans": []
        },
        {
            "text": "In the view of the fact that SVM requires the fixed length feature vectors as their inputs for training, we generate a vector of dimension 400, called PSSM-400 from the PSSM. PSSM-400 is composition of occurrences of each type of amino acid corresponding to each type of amino acids in protein sequence [38]. Thus for each column we have a vector of dimension 20. Figure 1 shows the schematic representation of transformation each protein sequence into PSSM-400.",
            "cite_spans": [
                {
                    "start": 304,
                    "end": 306,
                    "mention": "38",
                    "ref_id": "BIBREF31"
                }
            ],
            "section": "2.2.1. Evolutionary Information ::: 2.2. Protein Features and Vector Encoding ::: 2. Materials and Methods",
            "ref_spans": [
                {
                    "start": 364,
                    "end": 372,
                    "mention": "Figure 1",
                    "ref_id": "FIGREF0"
                }
            ]
        },
        {
            "text": "The purpose of calculating composition of proteins is to transform the variable length of protein sequence into fixed length feature vectors [33]. This is a necessary step during classification of proteins using SVM. The transformation of each protein sequence into a vector of 20 dimensions using amino acid composition will encapsulate the information of protein. Besides amino acid composition, dipeptide composition is also utilized, which gives a fixed pattern length of 400. The advantage of dipeptide composition compared with amino acid composition is that it encapsulates both the fraction information of amino acids and the local order information of protein sequence.",
            "cite_spans": [
                {
                    "start": 142,
                    "end": 144,
                    "mention": "33",
                    "ref_id": "BIBREF26"
                }
            ],
            "section": "2.2.2. Amino Acid and Dipeptide Composition ::: 2.2. Protein Features and Vector Encoding ::: 2. Materials and Methods",
            "ref_spans": []
        },
        {
            "text": "The Chou\u2019s pseudo amino acid composition (PseAAC) encoding scheme feature has been widely used to predict various properties of proteins [39\u201343]. It can be calculated as following:",
            "cite_spans": [
                {
                    "start": 138,
                    "end": 140,
                    "mention": "39",
                    "ref_id": "BIBREF32"
                },
                {
                    "start": 141,
                    "end": 143,
                    "mention": "43",
                    "ref_id": "BIBREF37"
                }
            ],
            "section": "2.2.3. Chou\u2019s Pseudo Amino acid Composition ::: 2.2. Protein Features and Vector Encoding ::: 2. Materials and Methods",
            "ref_spans": []
        },
        {
            "text": "Where \u03c9 is a weighting factor (default \u03c9 = 0.1). \n\u0398(di,i+d)=13\u2211j=13(Hj,i-Hj,i+d)2, H1,i, H2,i, and H3,i, are the three amino acid properties [44] in Table S1 (see Supplementary Material). It\u2019s obvious that there are 50 features generated from Chou\u2019s pseudo amino acid composition.",
            "cite_spans": [
                {
                    "start": 142,
                    "end": 144,
                    "mention": "44",
                    "ref_id": "BIBREF38"
                }
            ],
            "section": "2.2.3. Chou\u2019s Pseudo Amino acid Composition ::: 2.2. Protein Features and Vector Encoding ::: 2. Materials and Methods",
            "ref_spans": []
        },
        {
            "text": "Support vector machine (SVM) [45] belongs to the family of margin-based classifier and is assumed to be a very powerful method to deal with prediction, classification, and regression problems. SVM look for optimal hyperplane which maximizes the distance between the hyperplane and the nearest samples from each of the two classes. Formally, given a training vector xi \u03b5 Rn and their class values yi \u03b5 {\u22121, 1}, i = 1, \u2026, N, SVM solve the following optimization problems:",
            "cite_spans": [
                {
                    "start": 30,
                    "end": 32,
                    "mention": "45",
                    "ref_id": "BIBREF39"
                }
            ],
            "section": "2.3. Support Vector Machines ::: 2. Materials and Methods",
            "ref_spans": []
        },
        {
            "text": "where w is a normal vector perpendicular to the hyperplane and \u03bei are slake variables for allowing misclassifications. Here C (>0) is the penalty parameter which balances the trade-off between the margin and the training error. In this study, LIBSVM package [46,47] with radial basis kernel function is used. Two parameters, the regularization parameter C and the kernel width parameter \u03b3 are optimized based on 5-fold cross-validation using a grid search strategy.",
            "cite_spans": [
                {
                    "start": 259,
                    "end": 261,
                    "mention": "46",
                    "ref_id": "BIBREF40"
                },
                {
                    "start": 262,
                    "end": 264,
                    "mention": "47",
                    "ref_id": "BIBREF41"
                }
            ],
            "section": "2.3. Support Vector Machines ::: 2. Materials and Methods",
            "ref_spans": []
        },
        {
            "text": "Ten-fold cross validation [48] is used in this work. The dataset is randomly divided into ten equal sets, out of which nine sets are used for training and the remaining one for testing. This procedure is repeated ten times and the final prediction result is the average accuracy of the ten testing sets. To reduce the computational time, we also adopt the independent testing dataset cross validation in this study as done by [49] to evaluate our model.",
            "cite_spans": [
                {
                    "start": 27,
                    "end": 29,
                    "mention": "48",
                    "ref_id": "BIBREF42"
                },
                {
                    "start": 427,
                    "end": 429,
                    "mention": "49",
                    "ref_id": "BIBREF43"
                }
            ],
            "section": "2.4. Evaluation ::: 2. Materials and Methods",
            "ref_spans": []
        },
        {
            "text": "Three parameters, sensitivity (Sn), specificity (Sp), and accuracy (Acc) are used to measure the performance of our model. They are defined by the following formulas:",
            "cite_spans": [],
            "section": "2.4. Evaluation ::: 2. Materials and Methods",
            "ref_spans": []
        },
        {
            "text": "where TP, TN, FP and FN stand for true positive, true negative, false positive and false negative, respectively. Moreover, we create ROC (receiver operating curve) for all of the models in order to evaluate the performance of models using different encoding schemes.",
            "cite_spans": [],
            "section": "2.4. Evaluation ::: 2. Materials and Methods",
            "ref_spans": []
        },
        {
            "text": "The detailed flowchart of our work is shown in Figure 2. First, sequential evolution information in form of PSSM profiles for the input sequence is generated by PSI-BLAST. Second, the obtained PSSM is further transformed into PSSM-400 vector. Finally, the predictor AFP_PSSM is applied to output the test results.",
            "cite_spans": [],
            "section": "2.5. Model Building and Protocol Guide ::: 2. Materials and Methods",
            "ref_spans": [
                {
                    "start": 47,
                    "end": 55,
                    "mention": "Figure 2",
                    "ref_id": "FIGREF1"
                }
            ]
        },
        {
            "text": "For the convenience of experimental scientists, we give a step-by-step guide on how to use it to get the desired results as follows: (i) Open the web server AFP_PSSM [28] and you can see the prediction page on your computer screen, as shown in Figure 3. You must input your email address since the prediction process may take a long time; (ii) Input your query protein sequence to the text box in Figure 3. Note that the input protein sequence should be in the FASTA format. The FASTA format sequence consists of a single initial line beginning with a greater-than symbol (\u201c>\u201d), followed by lines of amino acid sequence. You can click on the \u201cexample and note\u201d button to see the example protein sequence; (iii) Choose a threshold value in the drop-down list. For prediction with high confidence (less probability of false positive prediction), high threshold should be chosen; (iv) Click on the submit button to see the predicted result. For example, if you use the first sequence in the example page, the predicted result will be \u201c0.847538, yes\u201d as can be seen in Figure 4, which means that the protein is an antifreeze protein with the probability of 0.847538. It takes about 15 s for a protein sequence of 300 amino acids before the predicted result appears.",
            "cite_spans": [
                {
                    "start": 167,
                    "end": 169,
                    "mention": "28",
                    "ref_id": "BIBREF20"
                }
            ],
            "section": "2.5. Model Building and Protocol Guide ::: 2. Materials and Methods",
            "ref_spans": [
                {
                    "start": 244,
                    "end": 252,
                    "mention": "Figure 3",
                    "ref_id": "FIGREF2"
                },
                {
                    "start": 397,
                    "end": 405,
                    "mention": "Figure 3",
                    "ref_id": "FIGREF2"
                },
                {
                    "start": 1065,
                    "end": 1073,
                    "mention": "Figure 4",
                    "ref_id": "FIGREF3"
                }
            ]
        },
        {
            "text": "In this section, four SVM models based on amino acids composition, dipeptides composition, Chou\u2019s PseAAC and PSSM-400 are constructed respectively. The accuracies and receiver operating characteristic (ROC) curves for these four SVM models are shown in Table 1 and Figure 5. One can see that PSSM-400 encoding scheme performs better than the others with accuracy of 82.67% and AUC (Area Under Curve) of 0.926. Thus we use it as our final encoding scheme to represent antifreeze protein sequences.",
            "cite_spans": [],
            "section": "3. Results and Discussion",
            "ref_spans": [
                {
                    "start": 265,
                    "end": 273,
                    "mention": "Figure 5",
                    "ref_id": "FIGREF4"
                },
                {
                    "start": 253,
                    "end": 260,
                    "mention": "Table 1",
                    "ref_id": "TABREF0"
                }
            ]
        },
        {
            "text": "In order to further examine the prediction of power of the current classifier, we compare our predictor AFP_PSSM with the recent work of Kandaswamy et al. [27] on the testing dataset. The number of antifreeze proteins and non-antifreeze proteins in the testing dataset are highly imbalanced, and this situation is close to reality. The compared results are shown in Table 2. As can be seen from the table, the predictor proposed in this study obtains accuracy of 90.17%, higher than the accuracy of 83.38% gained by [27]. The better prediction performance may be credited to the appropriate protein sequence encoding scheme adopted in our prediction model.",
            "cite_spans": [
                {
                    "start": 156,
                    "end": 158,
                    "mention": "27",
                    "ref_id": "BIBREF19"
                },
                {
                    "start": 517,
                    "end": 519,
                    "mention": "27",
                    "ref_id": "BIBREF19"
                }
            ],
            "section": "3. Results and Discussion",
            "ref_spans": [
                {
                    "start": 366,
                    "end": 373,
                    "mention": "Table 2",
                    "ref_id": "TABREF1"
                }
            ]
        },
        {
            "text": "Accurate identification of new antifreeze proteins is important in understanding ice-protein interactions and creating novel ice-binding domains in other proteins. Though some researchers have focused on this problem, the accuracy of prediction is still not satisfied, and there are few online web servers for predicting antifreeze protein sequences. In this paper, a highly accurate method is developed for predicting antifreeze proteins using support vector machine and evolutional profiles. This is the first paper in which evolutionary information in the form of PSSM profiles has been utilized to predict antifreeze proteins. The proposed predictor is freely available at the web serve AFP_PSSM [28].",
            "cite_spans": [
                {
                    "start": 701,
                    "end": 703,
                    "mention": "28",
                    "ref_id": "BIBREF20"
                }
            ],
            "section": "4. Conclusions",
            "ref_spans": []
        }
    ],
    "ref_entries": {
        "TABREF0": {
            "text": "Table 1: The accuracies and Area Under Curve (AUC) of the four support vector machine (SVM) models developed using different features. These models are trained and tested on the training dataset.\n",
            "type": "table"
        },
        "TABREF1": {
            "text": "Table 2: Comparison with AFP-Pred on the test dataset.\n",
            "type": "table"
        },
        "FIGREF0": {
            "text": "Figure 1: Schematic representation of transformation each protein sequence into PSSM-400 matrix.",
            "type": "figure"
        },
        "FIGREF1": {
            "text": "Figure 2: The workflow of the AFP_PSSM predictor.",
            "type": "figure"
        },
        "FIGREF2": {
            "text": "Figure 3: The top page of the AFP_PSSM web server [28].",
            "type": "figure"
        },
        "FIGREF3": {
            "text": "Figure 4: The prediction results by AFP-PSSM for the query protein 1 in the example and note window.",
            "type": "figure"
        },
        "FIGREF4": {
            "text": "Figure 5: The receiver operating characteristic (ROC) curves calculated from the ten-fold cross validation of the four different models.",
            "type": "figure"
        }
    },
    "back_matter": [],
    "bib_entries": {
        "BIBREF0": {
            "title": "Structure and function of antifreeze proteins",
            "authors": [
                {
                    "first": "P.L.",
                    "middle": [],
                    "last": "Davies",
                    "suffix": ""
                },
                {
                    "first": "J.",
                    "middle": [],
                    "last": "Baardsnes",
                    "suffix": ""
                },
                {
                    "first": "M.J.",
                    "middle": [],
                    "last": "Kuiper",
                    "suffix": ""
                },
                {
                    "first": "V.K.",
                    "middle": [],
                    "last": "Walker",
                    "suffix": ""
                }
            ],
            "year": 2002,
            "venue": "Philos. Trans. R. Soc. Lond. B",
            "volume": "357",
            "issn": "",
            "pages": "927-935",
            "other_ids": {
                "DOI": []
            }
        },
        "BIBREF1": {
            "title": "Evolution of the diverse antifreeze proteins",
            "authors": [
                {
                    "first": "C.H.",
                    "middle": [],
                    "last": "Cheng",
                    "suffix": ""
                }
            ],
            "year": 1998,
            "venue": "Curr. Opin. Genet. Dev",
            "volume": "8",
            "issn": "",
            "pages": "715-720",
            "other_ids": {
                "DOI": []
            }
        },
        "BIBREF2": {
            "title": "Plant thermal hysteresis proteins",
            "authors": [
                {
                    "first": "M.E.",
                    "middle": [],
                    "last": "Urrutia",
                    "suffix": ""
                },
                {
                    "first": "J.G.",
                    "middle": [],
                    "last": "Duman",
                    "suffix": ""
                },
                {
                    "first": "C.A.",
                    "middle": [],
                    "last": "Knight",
                    "suffix": ""
                }
            ],
            "year": 1992,
            "venue": "Biochim. Biophys. Acta",
            "volume": "1121",
            "issn": "",
            "pages": "199-206",
            "other_ids": {
                "DOI": []
            }
        },
        "BIBREF3": {
            "title": "Winter rye antifreeze activity increases in response to cold and drought, but not abscisic acid",
            "authors": [
                {
                    "first": "X.M.",
                    "middle": [],
                    "last": "Yu",
                    "suffix": ""
                },
                {
                    "first": "M.",
                    "middle": [],
                    "last": "Griffith",
                    "suffix": ""
                }
            ],
            "year": 2001,
            "venue": "Physiol. Plant",
            "volume": "112",
            "issn": "",
            "pages": "78-86",
            "other_ids": {
                "DOI": []
            }
        },
        "BIBREF4": {
            "title": "Antifreeze proteins and their potential use in frozen foods",
            "authors": [
                {
                    "first": "M.",
                    "middle": [],
                    "last": "Griffith",
                    "suffix": ""
                },
                {
                    "first": "K.V.",
                    "middle": [],
                    "last": "Ewart",
                    "suffix": ""
                }
            ],
            "year": 1995,
            "venue": "Biotechnol. Adv",
            "volume": "13",
            "issn": "",
            "pages": "375-402",
            "other_ids": {
                "DOI": []
            }
        },
        "BIBREF5": {
            "title": "Biotechnological applications of plant freezing associated proteins",
            "authors": [
                {
                    "first": "G.",
                    "middle": [],
                    "last": "Breton",
                    "suffix": ""
                },
                {
                    "first": "J.",
                    "middle": [],
                    "last": "Danyluk",
                    "suffix": ""
                },
                {
                    "first": "F.",
                    "middle": [],
                    "last": "Ouellet",
                    "suffix": ""
                },
                {
                    "first": "F.",
                    "middle": [],
                    "last": "Sarhan",
                    "suffix": ""
                }
            ],
            "year": 2000,
            "venue": "Biotechnol. Annu. Rev",
            "volume": "6",
            "issn": "",
            "pages": "59-101",
            "other_ids": {
                "DOI": []
            }
        },
        "BIBREF6": {
            "title": "Predicting DNA- and RNA-binding proteins from sequences with kernel methods",
            "authors": [
                {
                    "first": "X.",
                    "middle": [],
                    "last": "Shao",
                    "suffix": ""
                },
                {
                    "first": "Y.",
                    "middle": [],
                    "last": "Tian",
                    "suffix": ""
                },
                {
                    "first": "L.",
                    "middle": [],
                    "last": "Wu",
                    "suffix": ""
                },
                {
                    "first": "Y.",
                    "middle": [],
                    "last": "Wang",
                    "suffix": ""
                },
                {
                    "first": "L.",
                    "middle": [],
                    "last": "Jing",
                    "suffix": ""
                },
                {
                    "first": "N.",
                    "middle": [],
                    "last": "Deng",
                    "suffix": ""
                }
            ],
            "year": 2009,
            "venue": "J. Theor. Biol",
            "volume": "258",
            "issn": "",
            "pages": "289-293",
            "other_ids": {
                "DOI": []
            }
        },
        "BIBREF7": {
            "title": "Review: Recent progresses in protein subcellular location prediction",
            "authors": [
                {
                    "first": "K.C.",
                    "middle": [],
                    "last": "Chou",
                    "suffix": ""
                },
                {
                    "first": "H.B.",
                    "middle": [],
                    "last": "Shen",
                    "suffix": ""
                }
            ],
            "year": 2007,
            "venue": "Anal. Biochem",
            "volume": "370",
            "issn": "",
            "pages": "1-16",
            "other_ids": {
                "DOI": []
            }
        },
        "BIBREF8": {
            "title": "Cell-PLoc: A package of web-servers for predicting subcellular localization of proteins in various organisms",
            "authors": [
                {
                    "first": "K.C.",
                    "middle": [],
                    "last": "Chou",
                    "suffix": ""
                },
                {
                    "first": "H.B.",
                    "middle": [],
                    "last": "Shen",
                    "suffix": ""
                }
            ],
            "year": 2008,
            "venue": "Nat. Protoc",
            "volume": "3",
            "issn": "",
            "pages": "153-162",
            "other_ids": {
                "DOI": []
            }
        },
        "BIBREF9": {
            "title": "Review: Structural bioinformatics and its impact to biomedical science",
            "authors": [
                {
                    "first": "K.C.",
                    "middle": [],
                    "last": "Chou",
                    "suffix": ""
                }
            ],
            "year": 2004,
            "venue": "Curr. Med. Chem",
            "volume": "11",
            "issn": "",
            "pages": "2105-2134",
            "other_ids": {
                "DOI": []
            }
        },
        "BIBREF10": {
            "title": "ProtIdent: A web server for identifying proteases and their types by fusing functional domain and sequential evolution information",
            "authors": [
                {
                    "first": "K.C.",
                    "middle": [],
                    "last": "Chou",
                    "suffix": ""
                },
                {
                    "first": "H.B.",
                    "middle": [],
                    "last": "Shen",
                    "suffix": ""
                }
            ],
            "year": 2008,
            "venue": "Biochem. Biophys. Res. Commun",
            "volume": "376",
            "issn": "",
            "pages": "321-325",
            "other_ids": {
                "DOI": []
            }
        },
        "BIBREF11": {
            "title": "Simultaneous freeze tolerance and avoidance in individual fungus gnats, Exechia nugatoria",
            "authors": [
                {
                    "first": "T.",
                    "middle": [],
                    "last": "Sformo",
                    "suffix": ""
                },
                {
                    "first": "F.",
                    "middle": [],
                    "last": "Kohl",
                    "suffix": ""
                },
                {
                    "first": "J.",
                    "middle": [],
                    "last": "McIntyre",
                    "suffix": ""
                },
                {
                    "first": "P.",
                    "middle": [],
                    "last": "Kerr",
                    "suffix": ""
                },
                {
                    "first": "J.G.",
                    "middle": [],
                    "last": "Duman",
                    "suffix": ""
                },
                {
                    "first": "B.M.",
                    "middle": [],
                    "last": "Barnes",
                    "suffix": ""
                }
            ],
            "year": 2009,
            "venue": "J. Comp. Physiol. B",
            "volume": "179",
            "issn": "",
            "pages": "897-902",
            "other_ids": {
                "DOI": []
            }
        },
        "BIBREF12": {
            "title": "MemType-2L: A web server for predicting membrane proteins and their types by incorporating evolution information through Pse-PSSM",
            "authors": [
                {
                    "first": "K.C.",
                    "middle": [],
                    "last": "Chou",
                    "suffix": ""
                },
                {
                    "first": "H.B.",
                    "middle": [],
                    "last": "Shen",
                    "suffix": ""
                }
            ],
            "year": 2007,
            "venue": "Biochem. Biophys. Res. Commun",
            "volume": "360",
            "issn": "",
            "pages": "339-345",
            "other_ids": {
                "DOI": []
            }
        },
        "BIBREF13": {
            "title": "Binding mechanism of coronavirus main proteinase with ligands and its implication to drug design against SARS",
            "authors": [
                {
                    "first": "K.C.",
                    "middle": [],
                    "last": "Chou",
                    "suffix": ""
                },
                {
                    "first": "D.Q.",
                    "middle": [],
                    "last": "Wei",
                    "suffix": ""
                },
                {
                    "first": "W.Z.",
                    "middle": [],
                    "last": "Zhong",
                    "suffix": ""
                }
            ],
            "year": 2003,
            "venue": "Biochem. Biophys. Res. Commun",
            "volume": "308",
            "issn": "",
            "pages": "148-151",
            "other_ids": {
                "DOI": []
            }
        },
        "BIBREF14": {
            "title": "Computational approach to drug design for oxazolidinones as antibacterial agents",
            "authors": [
                {
                    "first": "Y.",
                    "middle": [],
                    "last": "Li",
                    "suffix": ""
                },
                {
                    "first": "D.Q.",
                    "middle": [],
                    "last": "Wei",
                    "suffix": ""
                },
                {
                    "first": "W.N.",
                    "middle": [],
                    "last": "Gao",
                    "suffix": ""
                },
                {
                    "first": "H.",
                    "middle": [],
                    "last": "Gao",
                    "suffix": ""
                },
                {
                    "first": "B.N.",
                    "middle": [],
                    "last": "Liu",
                    "suffix": ""
                },
                {
                    "first": "C.J.",
                    "middle": [],
                    "last": "Huang",
                    "suffix": ""
                },
                {
                    "first": "W.R.",
                    "middle": [],
                    "last": "Xu",
                    "suffix": ""
                },
                {
                    "first": "D.K.",
                    "middle": [],
                    "last": "Liu",
                    "suffix": ""
                },
                {
                    "first": "H.F.",
                    "middle": [],
                    "last": "Chen",
                    "suffix": ""
                },
                {
                    "first": "K.C.",
                    "middle": [],
                    "last": "Chou",
                    "suffix": ""
                }
            ],
            "year": 2007,
            "venue": "Med. Chem",
            "volume": "3",
            "issn": "",
            "pages": "576-582",
            "other_ids": {
                "DOI": []
            }
        },
        "BIBREF15": {
            "title": "Molecular modeling of two CYP2C19 SNPs and its implications for personalized drug design",
            "authors": [
                {
                    "first": "J.F.",
                    "middle": [],
                    "last": "Wang",
                    "suffix": ""
                },
                {
                    "first": "D.Q.",
                    "middle": [],
                    "last": "Wei",
                    "suffix": ""
                },
                {
                    "first": "C.",
                    "middle": [],
                    "last": "Chen",
                    "suffix": ""
                },
                {
                    "first": "Y.",
                    "middle": [],
                    "last": "Li",
                    "suffix": ""
                },
                {
                    "first": "K.C.",
                    "middle": [],
                    "last": "Chou",
                    "suffix": ""
                }
            ],
            "year": 2008,
            "venue": "Protein Pept. Lett",
            "volume": "15",
            "issn": "",
            "pages": "27-32",
            "other_ids": {
                "DOI": []
            }
        },
        "BIBREF16": {
            "title": "EzyPred: A top-down approach for predicting enzyme functional classes and subclasses",
            "authors": [
                {
                    "first": "H.B.",
                    "middle": [],
                    "last": "Shen",
                    "suffix": ""
                },
                {
                    "first": "K.C.",
                    "middle": [],
                    "last": "Chou",
                    "suffix": ""
                }
            ],
            "year": 2007,
            "venue": "Biochem. Biophys. Res. Commun",
            "volume": "364",
            "issn": "",
            "pages": "53-59",
            "other_ids": {
                "DOI": []
            }
        },
        "BIBREF17": {
            "title": "Signal-CF: A subsite-coupled and window-fusing approach for predicting signal peptides",
            "authors": [
                {
                    "first": "K.C.",
                    "middle": [],
                    "last": "Chou",
                    "suffix": ""
                },
                {
                    "first": "H.B.",
                    "middle": [],
                    "last": "Shen",
                    "suffix": ""
                }
            ],
            "year": 2007,
            "venue": "Biochem. Biophys. Res. Commun",
            "volume": "357",
            "issn": "",
            "pages": "633-640",
            "other_ids": {
                "DOI": []
            }
        },
        "BIBREF18": {
            "title": "Signal-3L: A 3-layer approach for predicting signal peptide",
            "authors": [
                {
                    "first": "H.B.",
                    "middle": [],
                    "last": "Shen",
                    "suffix": ""
                },
                {
                    "first": "K.C.",
                    "middle": [],
                    "last": "Chou",
                    "suffix": ""
                }
            ],
            "year": 2007,
            "venue": "Biochem. Biophys. Res. Commun",
            "volume": "363",
            "issn": "",
            "pages": "297-303",
            "other_ids": {
                "DOI": []
            }
        },
        "BIBREF19": {
            "title": "AFP-Pred: A random forest approach for predicting antifreeze proteins from sequence-derived properties",
            "authors": [
                {
                    "first": "K.K.",
                    "middle": [],
                    "last": "Kandaswamy",
                    "suffix": ""
                },
                {
                    "first": "K.",
                    "middle": [],
                    "last": "Chou",
                    "suffix": ""
                },
                {
                    "first": "T.",
                    "middle": [],
                    "last": "Martinetz",
                    "suffix": ""
                },
                {
                    "first": "S.",
                    "middle": [],
                    "last": "M\u00f6ller",
                    "suffix": ""
                },
                {
                    "first": "P.N.",
                    "middle": [],
                    "last": "Suganthan",
                    "suffix": ""
                },
                {
                    "first": "S.",
                    "middle": [],
                    "last": "Sridharan",
                    "suffix": ""
                },
                {
                    "first": "P.",
                    "middle": [],
                    "last": "Ganesan",
                    "suffix": ""
                }
            ],
            "year": 2011,
            "venue": "J. Theor. Biol",
            "volume": "270",
            "issn": "",
            "pages": "56-62",
            "other_ids": {
                "DOI": []
            }
        },
        "BIBREF20": {
            "title": "",
            "authors": [],
            "year": null,
            "venue": "",
            "volume": "",
            "issn": "",
            "pages": null,
            "other_ids": {
                "DOI": []
            }
        },
        "BIBREF21": {
            "title": "Some remarks on protein attribute prediction and pseudo amino acid composition (50th Anniversary Year Review)",
            "authors": [
                {
                    "first": "K.C.",
                    "middle": [],
                    "last": "Chou",
                    "suffix": ""
                }
            ],
            "year": 2011,
            "venue": "J. Theor. Biol",
            "volume": "273",
            "issn": "",
            "pages": "236-247",
            "other_ids": {
                "DOI": []
            }
        },
        "BIBREF22": {
            "title": "",
            "authors": [
                {
                    "first": "J",
                    "middle": [],
                    "last": "Lewitt",
                    "suffix": ""
                }
            ],
            "year": 1980,
            "venue": "Responses of Plants to Environmental Stresses",
            "volume": "1",
            "issn": "",
            "pages": "269-295",
            "other_ids": {
                "DOI": []
            }
        },
        "BIBREF23": {
            "title": "Clustering of highly homologous sequences to reduce the size of large protein database",
            "authors": [
                {
                    "first": "W.",
                    "middle": [],
                    "last": "Li",
                    "suffix": ""
                },
                {
                    "first": "L.",
                    "middle": [],
                    "last": "Jaroszewski",
                    "suffix": ""
                },
                {
                    "first": "G.A.",
                    "middle": [],
                    "last": "Odzik",
                    "suffix": ""
                }
            ],
            "year": 2001,
            "venue": "Bioinformatics",
            "volume": "17",
            "issn": "",
            "pages": "282-283",
            "other_ids": {
                "DOI": []
            }
        },
        "BIBREF24": {
            "title": "",
            "authors": [],
            "year": null,
            "venue": "",
            "volume": "",
            "issn": "",
            "pages": null,
            "other_ids": {
                "DOI": []
            }
        },
        "BIBREF25": {
            "title": "Prediction of lysine ubiquitylation with ensemble classifier and feature selection",
            "authors": [
                {
                    "first": "X.W.",
                    "middle": [],
                    "last": "Zhao",
                    "suffix": ""
                },
                {
                    "first": "X.T.",
                    "middle": [],
                    "last": "Li",
                    "suffix": ""
                },
                {
                    "first": "Z.Q.",
                    "middle": [],
                    "last": "Ma",
                    "suffix": ""
                },
                {
                    "first": "M.H.",
                    "middle": [],
                    "last": "Yin",
                    "suffix": ""
                }
            ],
            "year": 2011,
            "venue": "Int. J. Mol. Sci",
            "volume": "12",
            "issn": "",
            "pages": "8347-8361",
            "other_ids": {
                "DOI": []
            }
        },
        "BIBREF26": {
            "title": "Improving the accuracy of transmembrane protein topology prediction using evolutionary information",
            "authors": [
                {
                    "first": "D.T.",
                    "middle": [],
                    "last": "Jones",
                    "suffix": ""
                }
            ],
            "year": 2007,
            "venue": "Bioinformatics",
            "volume": "23",
            "issn": "",
            "pages": "538-544",
            "other_ids": {
                "DOI": []
            }
        },
        "BIBREF27": {
            "title": "Prediction of mitochondrial proteins of malaria parasite using split amino acid composition and PSSM profile",
            "authors": [
                {
                    "first": "V.",
                    "middle": [],
                    "last": "Ruchi",
                    "suffix": ""
                },
                {
                    "first": "C.V.",
                    "middle": [],
                    "last": "Grish",
                    "suffix": ""
                },
                {
                    "first": "G.P.S.",
                    "middle": [],
                    "last": "Raghava",
                    "suffix": ""
                }
            ],
            "year": 2010,
            "venue": "Amino Acids",
            "volume": "39",
            "issn": "",
            "pages": "101-110",
            "other_ids": {
                "DOI": []
            }
        },
        "BIBREF28": {
            "title": "Improving the accuracy of PSI-BLAST protein database searches with composition-based statistics and other refinements",
            "authors": [
                {
                    "first": "A.",
                    "middle": [],
                    "last": "Schaffer",
                    "suffix": ""
                },
                {
                    "first": "L.",
                    "middle": [],
                    "last": "Aravind",
                    "suffix": ""
                },
                {
                    "first": "T.",
                    "middle": [],
                    "last": "Madden",
                    "suffix": ""
                },
                {
                    "first": "S.",
                    "middle": [],
                    "last": "Shavirin",
                    "suffix": ""
                },
                {
                    "first": "J.",
                    "middle": [],
                    "last": "Spouge",
                    "suffix": ""
                },
                {
                    "first": "Y.",
                    "middle": [],
                    "last": "Wolf",
                    "suffix": ""
                },
                {
                    "first": "E.",
                    "middle": [],
                    "last": "Koonin",
                    "suffix": ""
                },
                {
                    "first": "S.",
                    "middle": [],
                    "last": "Altschul",
                    "suffix": ""
                }
            ],
            "year": 2001,
            "venue": "Nucleic Acids Res",
            "volume": "29",
            "issn": "",
            "pages": "2994-3005",
            "other_ids": {
                "DOI": []
            }
        },
        "BIBREF29": {
            "title": "Gapped BLAST and PSI-BLAST: A new generation of protein database search programs",
            "authors": [
                {
                    "first": "S.",
                    "middle": [],
                    "last": "Altschul",
                    "suffix": ""
                },
                {
                    "first": "T.",
                    "middle": [],
                    "last": "Madden",
                    "suffix": ""
                },
                {
                    "first": "A.",
                    "middle": [],
                    "last": "Schaffer",
                    "suffix": ""
                },
                {
                    "first": "J.",
                    "middle": [],
                    "last": "Zhang",
                    "suffix": ""
                },
                {
                    "first": "Z.",
                    "middle": [],
                    "last": "Zhang",
                    "suffix": ""
                },
                {
                    "first": "W.",
                    "middle": [],
                    "last": "Miller",
                    "suffix": ""
                },
                {
                    "first": "D.",
                    "middle": [],
                    "last": "Lipman",
                    "suffix": ""
                }
            ],
            "year": 1997,
            "venue": "Nucleic Acids Res",
            "volume": "25",
            "issn": "",
            "pages": "3389-3402",
            "other_ids": {
                "DOI": []
            }
        },
        "BIBREF30": {
            "title": "",
            "authors": [],
            "year": null,
            "venue": "Swiss-Prot database",
            "volume": "",
            "issn": "",
            "pages": null,
            "other_ids": {
                "DOI": []
            }
        },
        "BIBREF31": {
            "title": "Identification of DNA-binding proteins using support vector machines and evolutionary profiles",
            "authors": [
                {
                    "first": "M.",
                    "middle": [],
                    "last": "Kumar",
                    "suffix": ""
                },
                {
                    "first": "M.M.",
                    "middle": [],
                    "last": "Gromiha",
                    "suffix": ""
                },
                {
                    "first": "G.P.S.",
                    "middle": [],
                    "last": "Raghava",
                    "suffix": ""
                }
            ],
            "year": 2007,
            "venue": "BMC Bioinforma",
            "volume": "8",
            "issn": "",
            "pages": null,
            "other_ids": {
                "DOI": [
                    "10.1186/1471-2105-8-463"
                ]
            }
        },
        "BIBREF32": {
            "title": "Prediction of cyclin proteins using Chou\u2019s pseudo amino acid composition",
            "authors": [
                {
                    "first": "H.",
                    "middle": [],
                    "last": "Mohabatkar",
                    "suffix": ""
                }
            ],
            "year": 2010,
            "venue": "Protein Pept. Lett",
            "volume": "17",
            "issn": "",
            "pages": "1207-1214",
            "other_ids": {
                "DOI": []
            }
        },
        "BIBREF33": {
            "title": "Supercooling and osmoregulation in arctic fish",
            "authors": [
                {
                    "first": "P.F.",
                    "middle": [],
                    "last": "Scholander",
                    "suffix": ""
                },
                {
                    "first": "L.",
                    "middle": [],
                    "last": "van Dam",
                    "suffix": ""
                },
                {
                    "first": "J.W.",
                    "middle": [],
                    "last": "Kanwisher",
                    "suffix": ""
                },
                {
                    "first": "H.T.",
                    "middle": [],
                    "last": "Hammel",
                    "suffix": ""
                },
                {
                    "first": "M.S.",
                    "middle": [],
                    "last": "Gordon",
                    "suffix": ""
                }
            ],
            "year": 1957,
            "venue": "J. Cell. Comp. Physiol",
            "volume": "49",
            "issn": "",
            "pages": "5-24",
            "other_ids": {
                "DOI": []
            }
        },
        "BIBREF34": {
            "title": "Using the concept of Chou\u2019s pseudo amino acid composition for risk type prediction of human papillomaviruses",
            "authors": [
                {
                    "first": "M.",
                    "middle": [],
                    "last": "Esmaeili",
                    "suffix": ""
                },
                {
                    "first": "H.",
                    "middle": [],
                    "last": "Mohabatkar",
                    "suffix": ""
                },
                {
                    "first": "S.",
                    "middle": [],
                    "last": "Mohsenzadeh",
                    "suffix": ""
                }
            ],
            "year": 2010,
            "venue": "J. Theor. Biol",
            "volume": "263",
            "issn": "",
            "pages": "203-209",
            "other_ids": {
                "DOI": []
            }
        },
        "BIBREF35": {
            "title": "The modified Mahalanobis discriminant for predicting outer membrane proteins by using Chou\u2019s pseudo amino acid composition",
            "authors": [
                {
                    "first": "H.",
                    "middle": [],
                    "last": "Lin",
                    "suffix": ""
                }
            ],
            "year": 2008,
            "venue": "J. Theor. Biol",
            "volume": "252",
            "issn": "",
            "pages": "350-356",
            "other_ids": {
                "DOI": []
            }
        },
        "BIBREF36": {
            "title": "Using the augmented Chou\u2019s pseudo amino acid composition for predicting protein submitochondria locations based on auto covariance approach",
            "authors": [
                {
                    "first": "Y.H.",
                    "middle": [],
                    "last": "Zeng",
                    "suffix": ""
                },
                {
                    "first": "Y.Z.",
                    "middle": [],
                    "last": "Guo",
                    "suffix": ""
                },
                {
                    "first": "R.Q.",
                    "middle": [],
                    "last": "Xiao",
                    "suffix": ""
                },
                {
                    "first": "L.",
                    "middle": [],
                    "last": "Yang",
                    "suffix": ""
                },
                {
                    "first": "L.Z.",
                    "middle": [],
                    "last": "Yu",
                    "suffix": ""
                },
                {
                    "first": "M.L.",
                    "middle": [],
                    "last": "Li",
                    "suffix": ""
                }
            ],
            "year": 2009,
            "venue": "J. Theor. Biol",
            "volume": "259",
            "issn": "",
            "pages": "366-372",
            "other_ids": {
                "DOI": []
            }
        },
        "BIBREF37": {
            "title": "Prediction of protein secondary structure content by using the concept of Chou\u2019s pseudo amino acid composition and support vector machine",
            "authors": [
                {
                    "first": "C.",
                    "middle": [],
                    "last": "Chen",
                    "suffix": ""
                },
                {
                    "first": "L.",
                    "middle": [],
                    "last": "Chen",
                    "suffix": ""
                },
                {
                    "first": "X.",
                    "middle": [],
                    "last": "Zou",
                    "suffix": ""
                },
                {
                    "first": "P.",
                    "middle": [],
                    "last": "Cai",
                    "suffix": ""
                }
            ],
            "year": 2009,
            "venue": "Protein Pept. Lett",
            "volume": "16",
            "issn": "",
            "pages": "27-31",
            "other_ids": {
                "DOI": []
            }
        },
        "BIBREF38": {
            "title": "AAindex: Amino acid index database, progress report 2008",
            "authors": [
                {
                    "first": "S.",
                    "middle": [],
                    "last": "Kawashima",
                    "suffix": ""
                },
                {
                    "first": "P.",
                    "middle": [],
                    "last": "Pokarowski",
                    "suffix": ""
                },
                {
                    "first": "M.",
                    "middle": [],
                    "last": "Pokarowska",
                    "suffix": ""
                },
                {
                    "first": "A.",
                    "middle": [],
                    "last": "Kolinski",
                    "suffix": ""
                },
                {
                    "first": "T.",
                    "middle": [],
                    "last": "Katayama",
                    "suffix": ""
                },
                {
                    "first": "M.",
                    "middle": [],
                    "last": "Kanehisa",
                    "suffix": ""
                }
            ],
            "year": 2008,
            "venue": "Nucleic Acids Res",
            "volume": "36",
            "issn": "",
            "pages": "D202-D205",
            "other_ids": {
                "DOI": []
            }
        },
        "BIBREF39": {
            "title": "",
            "authors": [
                {
                    "first": "V",
                    "middle": [],
                    "last": "Vapnik",
                    "suffix": ""
                }
            ],
            "year": 1998,
            "venue": "Statistical Learning Theory",
            "volume": "",
            "issn": "",
            "pages": null,
            "other_ids": {
                "DOI": []
            }
        },
        "BIBREF40": {
            "title": "",
            "authors": [
                {
                    "first": "C.C.",
                    "middle": [],
                    "last": "Chang",
                    "suffix": ""
                },
                {
                    "first": "C.J.",
                    "middle": [],
                    "last": "Lin",
                    "suffix": ""
                }
            ],
            "year": 2001,
            "venue": "LIBSVM: A library for support vector machine",
            "volume": "2",
            "issn": "",
            "pages": null,
            "other_ids": {
                "DOI": [
                    "10.1145/1961189.1961199"
                ]
            }
        },
        "BIBREF41": {
            "title": "",
            "authors": [],
            "year": null,
            "venue": "",
            "volume": "",
            "issn": "",
            "pages": null,
            "other_ids": {
                "DOI": []
            }
        },
        "BIBREF42": {
            "title": "Review: Prediction of protein structural classes",
            "authors": [
                {
                    "first": "K.C.",
                    "middle": [],
                    "last": "Chou",
                    "suffix": ""
                },
                {
                    "first": "C.T.",
                    "middle": [],
                    "last": "Zhang",
                    "suffix": ""
                }
            ],
            "year": 1995,
            "venue": "Crit. Rev. Biochem. Mol. Biol",
            "volume": "30",
            "issn": "",
            "pages": "275-349",
            "other_ids": {
                "DOI": []
            }
        },
        "BIBREF43": {
            "title": "Cell-PLoc: A package of web-servers for predicting subcellular localization of proteins in various organisms",
            "authors": [
                {
                    "first": "K.C.",
                    "middle": [],
                    "last": "Chou",
                    "suffix": ""
                },
                {
                    "first": "H.B.",
                    "middle": [],
                    "last": "Shen",
                    "suffix": ""
                }
            ],
            "year": 2008,
            "venue": "Nat. Protoc",
            "volume": "3",
            "issn": "",
            "pages": "153-162",
            "other_ids": {
                "DOI": []
            }
        },
        "BIBREF44": {
            "title": "Seasonal changes in freezing tolerance, moisture content and dry weight of three temperate grasses",
            "authors": [
                {
                    "first": "M.",
                    "middle": [],
                    "last": "Moriyama",
                    "suffix": ""
                },
                {
                    "first": "J.",
                    "middle": [],
                    "last": "Abe",
                    "suffix": ""
                },
                {
                    "first": "M.",
                    "middle": [],
                    "last": "Yoshida",
                    "suffix": ""
                },
                {
                    "first": "Y.",
                    "middle": [],
                    "last": "Tsurumi",
                    "suffix": ""
                },
                {
                    "first": "S.",
                    "middle": [],
                    "last": "Nakayama",
                    "suffix": ""
                }
            ],
            "year": 1995,
            "venue": "Grassl. Sci",
            "volume": "41",
            "issn": "",
            "pages": "21-25",
            "other_ids": {
                "DOI": []
            }
        },
        "BIBREF45": {
            "title": "Origin of antifreeze protein genes: A cool tale in molecular evolution",
            "authors": [
                {
                    "first": "J.M.",
                    "middle": [],
                    "last": "Logsdon",
                    "suffix": ""
                },
                {
                    "first": "W.F.",
                    "middle": [],
                    "last": "Doolittle",
                    "suffix": ""
                }
            ],
            "year": 1997,
            "venue": "Proc. Natl. Acad. Sci. USA",
            "volume": "94",
            "issn": "",
            "pages": "3485-3487",
            "other_ids": {
                "DOI": []
            }
        },
        "BIBREF46": {
            "title": "Structure, function and evolution of antifreeze proteins",
            "authors": [
                {
                    "first": "K.V.",
                    "middle": [],
                    "last": "Ewart",
                    "suffix": ""
                },
                {
                    "first": "Q.",
                    "middle": [],
                    "last": "Lin",
                    "suffix": ""
                },
                {
                    "first": "C.L.",
                    "middle": [],
                    "last": "Hew",
                    "suffix": ""
                }
            ],
            "year": 1999,
            "venue": "Cell. Mol. Life Sci",
            "volume": "55",
            "issn": "",
            "pages": "271-283",
            "other_ids": {
                "DOI": []
            }
        },
        "BIBREF47": {
            "title": "Structure and function of antifreeze proteins",
            "authors": [
                {
                    "first": "P.L.",
                    "middle": [],
                    "last": "Davies",
                    "suffix": ""
                },
                {
                    "first": "J.",
                    "middle": [],
                    "last": "Baardsnes",
                    "suffix": ""
                },
                {
                    "first": "M.J.",
                    "middle": [],
                    "last": "Kuiper",
                    "suffix": ""
                },
                {
                    "first": "V.K.",
                    "middle": [],
                    "last": "Walker",
                    "suffix": ""
                }
            ],
            "year": 2002,
            "venue": "Philos. Trans. R. Soc. Lond. B",
            "volume": "357",
            "issn": "",
            "pages": "927-935",
            "other_ids": {
                "DOI": []
            }
        },
        "BIBREF48": {
            "title": "Antifreeze proteins",
            "authors": [
                {
                    "first": "P.L.",
                    "middle": [],
                    "last": "Davies",
                    "suffix": ""
                },
                {
                    "first": "B.D.",
                    "middle": [],
                    "last": "Sykes",
                    "suffix": ""
                }
            ],
            "year": 1997,
            "venue": "Curr. Opin. Struct. Biol",
            "volume": "7",
            "issn": "",
            "pages": "828-834",
            "other_ids": {
                "DOI": []
            }
        }
    }
}