{
    "paper_id": "PMC3076579",
    "metadata": {
        "title": "Improved p-hydroxybenzoate production by engineered Pseudomonas putida S12 by using a mixed-substrate feeding strategy",
        "authors": [
            {
                "first": "Jean-Paul",
                "middle": [],
                "last": "Meijnen",
                "suffix": "",
                "email": null,
                "affiliation": {}
            },
            {
                "first": "Suzanne",
                "middle": [],
                "last": "Verhoef",
                "suffix": "",
                "email": null,
                "affiliation": {}
            },
            {
                "first": "Ashwin",
                "middle": [
                    "A."
                ],
                "last": "Briedjlal",
                "suffix": "",
                "email": null,
                "affiliation": {}
            },
            {
                "first": "Johannes",
                "middle": [
                    "H."
                ],
                "last": "de Winde",
                "suffix": "",
                "email": "J.H.deWinde@tudelft.nl",
                "affiliation": {}
            },
            {
                "first": "Harald",
                "middle": [
                    "J."
                ],
                "last": "Ruijssenaars",
                "suffix": "",
                "email": null,
                "affiliation": {}
            }
        ]
    },
    "body_text": [
        {
            "text": "Pseudomonas putida S12 is a solvent-tolerant bacterium that has been developed as a platform host for the production of a range of substituted aromatic compounds such as phenol, t-cinnamate, p-coumarate, p-hydroxybenzoate, and p-hydroxy-styrene (Nijkamp et al. 2005; Nijkamp et al. 2007; Verhoef et al. 2007; Verhoef et al. 2009; Wierckx et al. 2005). Its solvent tolerance properties enable P. putida S12 to produce these toxic hydrophobic compounds to high titres without provoking harmful effects (de Bont 1998). Furthermore, in situ product extraction can be applied in fermentations by adding a second phase of a water-immiscible solvent, preventing the accumulation of product to concentrations that are inhibitory even to solvent-tolerant microorganisms (Heipieper et al. 2007; Verhoef et al. 2009).",
            "cite_spans": [
                {
                    "start": 261,
                    "end": 265,
                    "mention": "2005",
                    "ref_id": "BIBREF4"
                },
                {
                    "start": 282,
                    "end": 286,
                    "mention": "2007",
                    "ref_id": "BIBREF5"
                },
                {
                    "start": 303,
                    "end": 307,
                    "mention": "2007",
                    "ref_id": "BIBREF12"
                },
                {
                    "start": 324,
                    "end": 328,
                    "mention": "2009",
                    "ref_id": "BIBREF13"
                },
                {
                    "start": 345,
                    "end": 349,
                    "mention": "2005",
                    "ref_id": "BIBREF15"
                },
                {
                    "start": 509,
                    "end": 513,
                    "mention": "1998",
                    "ref_id": "BIBREF0"
                },
                {
                    "start": 779,
                    "end": 783,
                    "mention": "2007",
                    "ref_id": "BIBREF20"
                },
                {
                    "start": 800,
                    "end": 804,
                    "mention": "2009",
                    "ref_id": "BIBREF13"
                }
            ],
            "section": "Introduction",
            "ref_spans": []
        },
        {
            "text": "The production of aromatic compounds by engineered P. putida S12 is based on the conversion of endogenously formed tyrosine or phenylalanine. The key precursors of these aromatic amino acids are phosphoenolpyruvate (PEP) and erythrose-4-phosphate (E4P) (Fig. 1). PEP is produced in the lower glycolysis from glyceraldehyde-3-phosphate (GAP). GAP is formed from glucose, either via the Entner\u2013Doudoroff pathway or via the pentose phosphate (PP) pathway, whereas E4P is derived exclusively from the PP pathway. In view of the typically low activity of the PP pathway in P. putida (del Castillo et al. 2007; Fuhrer et al. 2005; Wierckx et al. 2009), the availability of E4P and PEP may present a bottleneck for efficient aromatics production. Increasing the availability of E4P and PEP was therefore expected to enhance the production of aromatic compounds by engineered P. putida S12, as previously demonstrated for the pre-aromatic compounds chorismate and shikimate in Escherichia coli (Martinez et al. 2008).\n\n",
            "cite_spans": [
                {
                    "start": 599,
                    "end": 603,
                    "mention": "2007",
                    "ref_id": "BIBREF11"
                },
                {
                    "start": 619,
                    "end": 623,
                    "mention": "2005",
                    "ref_id": "BIBREF17"
                },
                {
                    "start": 640,
                    "end": 644,
                    "mention": "2009",
                    "ref_id": "BIBREF16"
                },
                {
                    "start": 1003,
                    "end": 1007,
                    "mention": "2008",
                    "ref_id": "BIBREF2"
                }
            ],
            "section": "Introduction",
            "ref_spans": [
                {
                    "start": 259,
                    "end": 260,
                    "mention": "1",
                    "ref_id": "FIGREF0"
                }
            ]
        },
        {
            "text": "The availability of PEP and E4P may be improved by stimulating PP pathway fluxes through pentose (co-)feeding, as was demonstrated previously in E. coli (Gonzalez et al. 2002). Unfortunately, this strategy cannot be applied to P. putida S12 as this strain lacks the natural ability to utilize pentoses. However, in previous work, we successfully introduced xylose utilization, via the xylose isomerase and PP pathway, into wild-type P. putida S12 (Meijnen et al. 2008). In the present study, a similar approach was employed to introduce xylose catabolism into P. putida S12palB2. This P. putida S12-derived strain produces p-hydroxybenzoate, which was selected as a model value-added aromatic compound derived from the aromatic amino acid biosynthesis pathway (Verhoef et al. 2010). The effect of xylose co-feeding on p-hydroxybenzoate production was assessed using glucose as the primary carbon source, mimicking lignocellulosic hydrolysate that typically contains high levels of both glucose and xylose. Alternatively, glycerol was employed as primary carbon source, being a good source for PEP as well as being a model for raw glycerol waste from biodiesel production.",
            "cite_spans": [
                {
                    "start": 170,
                    "end": 174,
                    "mention": "2002",
                    "ref_id": "BIBREF18"
                },
                {
                    "start": 463,
                    "end": 467,
                    "mention": "2008",
                    "ref_id": "BIBREF3"
                },
                {
                    "start": 776,
                    "end": 780,
                    "mention": "2010",
                    "ref_id": "BIBREF14"
                }
            ],
            "section": "Introduction",
            "ref_spans": []
        },
        {
            "text": "The strains and plasmids used in this study are listed in Table 1. The media used were Luria broth (LB) (Sambrook et al. 1982) and a phosphate-buffered minimal medium (MM; (Verhoef et al. 2010)). In minimal media, 12 mM of xylose (MMX), 10 mM of glucose (MMG), or 20 mM of glycerol (MMGly) was used as sole carbon source, unless stated otherwise. Antibiotics were added as required to the media to the following final concentrations: gentamicin, 10 \u03bcg ml\u22121 (MM) or 25 \u03bcg ml\u22121 (LB); tetracycline, 10 \u03bcg ml\u22121 (E. coli), 40 \u03bcg ml\u22121 (P. putida S12 in MM) or 60 \u03bcg ml\u22121 (P. putida S12 in LB). In view of the photosensitivity of tetracycline, amber bottles and light tight fermentors were employed for culturing. The expression of an additional copy of the native aroF-1 gene (Wierckx et al. 2005) as well as the expression of the xylAB_FGH genes from E. coli (both under the control of the nagAa promoter) were induced by addition of 0.1 mM of sodium salicylate.\n\n",
            "cite_spans": [
                {
                    "start": 121,
                    "end": 125,
                    "mention": "1982",
                    "ref_id": "BIBREF7"
                },
                {
                    "start": 188,
                    "end": 192,
                    "mention": "2010",
                    "ref_id": "BIBREF14"
                },
                {
                    "start": 786,
                    "end": 790,
                    "mention": "2005",
                    "ref_id": "BIBREF15"
                }
            ],
            "section": "Bacterial strains, plasmids, and culture conditions ::: Materials and methods",
            "ref_spans": [
                {
                    "start": 64,
                    "end": 65,
                    "mention": "1",
                    "ref_id": "TABREF0"
                }
            ]
        },
        {
            "text": "Batch experiments were performed in boston bottles containing 20 ml of minimal medium in a horizontally shaking incubator at 30\u00b0C. Cultures were inoculated to a starting optical density at 600 nm (OD600) of 0.1 with cells precultured on MM with xylose, glucose, or glycerol, depending on the carbon source to be used.",
            "cite_spans": [],
            "section": "Bacterial strains, plasmids, and culture conditions ::: Materials and methods",
            "ref_spans": []
        },
        {
            "text": "Carbon-limited chemostat cultivations were performed as described previously (Verhoef et al. 2007) in 1 l fermentors with a BioFlo110 controller (New Brunswick Scientific) using MM containing different mixtures of glycerol and xylose or glucose and xylose (total carbon (C) concentration, 60 C mM), 10 \u03bcg ml\u22121 gentamicin, 40 \u03bcg ml\u22121 tetracycline, and 0.1 mM sodium salicylate. Chemostats were inoculated with a 35-ml inoculum of a late-log phase preculture on MMX. For chemostat cultivations on xylose as sole carbon source, the dilution rate (D) was set at 0.05 h\u22121 since wash-out occurred at higher dilution rates. For glycerol\u2013xylose mixtures, the D was initially set to 0.05 h\u22121. When steady state was reached, the cultures were sampled and D was increased to 0.1 h\u22121. Upon reaching steady state at D = 0.1 h\u22121, the cultures were sampled again. For glucose\u2013xylose mixtures, the D was set at 0.1 h\u22121. The cultures were considered to be at steady state when no significant changes were measured in cell density, stirring speed, and p-hydroxybenzoate concentration after at least five volume changes at the corresponding D.",
            "cite_spans": [
                {
                    "start": 93,
                    "end": 97,
                    "mention": "2007",
                    "ref_id": "BIBREF12"
                }
            ],
            "section": "Bacterial strains, plasmids, and culture conditions ::: Materials and methods",
            "ref_spans": []
        },
        {
            "text": "Optical densities were measured at 600 nm (OD600) using an Ultrospec Cell Density Meter (GE Healthcare). An optical density of 1.0 corresponds to a cell dry weight (CDW) of 0.49 g l\u22121. p-Hydroxybenzoate was analyzed by HPLC (Agilent 1100 system) using a Zorbax 3.5 \u03bcm SB-C18 column (4.6 \u00d7 50 mm) and a diode-array detector set at 254 nm. As the eluent, a linear gradient of acetonitrile in KH2PO4-buffer (50 mM, pH 2, 1% acetonitrile) was used, increasing from 0% to 25% in 4.9 min at a flow of 1.5 ml min\u22121. Glucose, xylose, and glycerol were analyzed with a Dionex ICS3000 system as described previously (Meijnen et al. 2008; Verhoef et al. 2010).",
            "cite_spans": [
                {
                    "start": 622,
                    "end": 626,
                    "mention": "2008",
                    "ref_id": "BIBREF3"
                },
                {
                    "start": 643,
                    "end": 647,
                    "mention": "2010",
                    "ref_id": "BIBREF14"
                }
            ],
            "section": "Analytical methods ::: Materials and methods",
            "ref_spans": []
        },
        {
            "text": "Genomic DNA was isolated using the DNeasy Blood & Tissue kit (QIAGEN). PCR reactions were performed with Accuprime Pfx polymerase (Invitrogen) according to the manufacturer's instructions. Plasmid DNA was isolated with the QIAprep spin miniprep kit (QIAGEN). DNA concentrations were measured with the ND-1000 spectrophotometer (Nanodrop). Agarose-trapped DNA fragments were isolated with the QIAEXII gel extraction kit (QIAGEN). Plasmid DNA was introduced into electrocompetent cells using a Gene Pulser electroporation device (BioRad). DNA sequencing reactions were performed by Eurofins MWG Operon (Ebersberg, Germany).",
            "cite_spans": [],
            "section": "DNA techniques ::: Materials and methods",
            "ref_spans": []
        },
        {
            "text": "For constructing plasmid pBT'Tmcs (Tcr) the tac expression cassette and chloramphenicol (Cm) marker of pJT'Tmcs (Verhoef et al. 2010) were amplified by PCR using primers 1 and 2 (Table 2). The resulting PCR product was digested with Kpn2I and XmaJI (restriction sites present in the amplified fragment) and consequently ligated in a Kpn2I\u2013XbaI (compatible with XmaJI) digested pBBR1mcs vector, yielding pBT'Tmcs (Cmr). The Cm marker was replaced by a tetracycline (Tc) marker, which was obtained by PCR using primers 3 and 4 (Table 2) on vector pTO1 (Kieboom and de Bont 2001) and cloned into the PagI and NcoI restriction sites of pBT'Tmcs (Cmr), yielding pBT'Tmcs (Tcr).\n\n",
            "cite_spans": [
                {
                    "start": 128,
                    "end": 132,
                    "mention": "2010",
                    "ref_id": "BIBREF14"
                },
                {
                    "start": 571,
                    "end": 575,
                    "mention": "2001",
                    "ref_id": "BIBREF22"
                }
            ],
            "section": "Construction of expression plasmids ::: Materials and methods",
            "ref_spans": [
                {
                    "start": 185,
                    "end": 186,
                    "mention": "2",
                    "ref_id": "TABREF1"
                },
                {
                    "start": 532,
                    "end": 533,
                    "mention": "2",
                    "ref_id": "TABREF1"
                }
            ]
        },
        {
            "text": "For constructing pBT'Tpal, the pal gene from pJTTpal (Verhoef et al. 2007) was obtained as a KpnI\u2013NotI fragment and purified from agarose gel. The purified fragment was ligated into KpnI\u2013NotI-digested pBT'Tmcs, yielding pBT'Tpal.",
            "cite_spans": [
                {
                    "start": 69,
                    "end": 73,
                    "mention": "2007",
                    "ref_id": "BIBREF12"
                }
            ],
            "section": "Construction of expression plasmids ::: Materials and methods",
            "ref_spans": []
        },
        {
            "text": "Expression vector pJNTxylAB_FGH was constructed by cloning xylAB and xylFGH in vector pJNTmcs (Meijnen et al. 2008). The genes were amplified by PCR using genomic DNA from E. coli DH5\u03b1 as the template and oligonucleotide primers 5\u20138 (Table 2). The resulting fragments were ligated into vector pJNTmcs using the restriction sites KpnI and NotI for xylAB, and NheI and SfiI for xylFGH. The resulting plasmid was designated pJNTxylAB_FGH.",
            "cite_spans": [
                {
                    "start": 110,
                    "end": 114,
                    "mention": "2008",
                    "ref_id": "BIBREF3"
                }
            ],
            "section": "Construction of expression plasmids ::: Materials and methods",
            "ref_spans": [
                {
                    "start": 240,
                    "end": 241,
                    "mention": "2",
                    "ref_id": "TABREF1"
                }
            ]
        },
        {
            "text": "The gcd knockout mutant of P. putida S12B2 (Verhoef et al. 2010) was constructed in analogy to the gcd knockout mutant of wild-type P. putida S12 (Meijnen et al. 2008). The gene replacement plasmid for the gcd gene, pJQgcd::tetAloxP was constructed from the suicide vector pJQ200SK (Quandt and Hynes 1993) based on the pJQgcd::Kana vector (Meijnen et al. 2008). The loxP\u2013kanaR\u2013loxP fragment, encoding kanamycin resistance in vector pJQgcd::Kana was replaced by the loxP\u2013tetA\u2013loxP fragment (Sauer and Henderson 1988; Sternberg and Hamilton 1981), coding for tetracycline resistance, using XbaI.",
            "cite_spans": [
                {
                    "start": 59,
                    "end": 63,
                    "mention": "2010",
                    "ref_id": "BIBREF14"
                },
                {
                    "start": 162,
                    "end": 166,
                    "mention": "2008",
                    "ref_id": "BIBREF3"
                },
                {
                    "start": 300,
                    "end": 304,
                    "mention": "1993",
                    "ref_id": "BIBREF6"
                },
                {
                    "start": 355,
                    "end": 359,
                    "mention": "2008",
                    "ref_id": "BIBREF3"
                },
                {
                    "start": 510,
                    "end": 514,
                    "mention": "1988",
                    "ref_id": "BIBREF9"
                },
                {
                    "start": 539,
                    "end": 543,
                    "mention": "1981",
                    "ref_id": "BIBREF10"
                }
            ],
            "section": "Targeted gene disruption ::: Materials and methods",
            "ref_spans": []
        },
        {
            "text": "In order to establish p-hydroxybenzoate production from xylose, the optimized base strain for p-hydroxybenzoate production, P. putida S12B2 (Table 1; (Verhoef et al. 2010)), was engineered for xylose utilization. First, the gcd gene encoding glucose dehydrogenase was disrupted in order to eliminate xylose oxidation, which makes xylose effectively unavailable for the xylose isomerase pathway (Meijnen et al. 2008). Subsequently, the xylAB_FGH genes from E. coli DH5\u03b1 (encoding xylose isomerase, xylulokinase, and a high-affinity xylose transporter) were introduced. The resulting strain, P. putida S12xylB6, showed very slow growth on minimal medium with xylose as the sole carbon source, requiring 16 days to reach a cell dry weight (CDW) of 0.69 g l\u22121. This result was in agreement with previous findings, and evolutionary selection was performed to improve xylose utilization as described previously (Meijnen et al. 2008). After four transfers, P. putida S12xylB7 was obtained that exhibited a maximum growth rate of 0.34 h\u22121 on xylose and a biomass-to-substrate yield (Y\nxs) of 51 Cmol%.",
            "cite_spans": [
                {
                    "start": 166,
                    "end": 170,
                    "mention": "2010",
                    "ref_id": "BIBREF14"
                },
                {
                    "start": 410,
                    "end": 414,
                    "mention": "2008",
                    "ref_id": "BIBREF3"
                },
                {
                    "start": 921,
                    "end": 925,
                    "mention": "2008",
                    "ref_id": "BIBREF3"
                }
            ],
            "section": "Construction of a xylose-utilizing p-hydroxybenzoate-producing strain ::: Results",
            "ref_spans": [
                {
                    "start": 147,
                    "end": 148,
                    "mention": "1",
                    "ref_id": "TABREF0"
                }
            ]
        },
        {
            "text": "The phenylalanine/tyrosine ammonia lyase (Pal/Tal) expression plasmid pBT'Tpal was introduced into P. putida S12xylB7 to establish p-hydroxybenzoate production, yielding strain P. putida S12pal_xylB7. Remarkably, upon introduction of pBT'Tpal, the maximum growth rate on xylose was reduced by a factor 3 compared to the plasmid-free strain, whereas the growth rate on glucose was not affected (results not shown). Still, p-hydroxybenzoate was efficiently produced from xylose in batch cultivations, at a product-to-substrate yield (Y\nps) of 12.4 Cmol% (Table 3). Another remarkable observation was the apparently improved p-hydroxybenzoate yield after evolutionary selection. Compared to the non-evolved strain P. putida S12palB6, the product-to-substrate yield of strain S12xyl_palB7 on glucose had increased from 14.2 to 17.4 Cmol%. On glycerol, the product-to-substrate yield improved from 15.4 to 19.3 Cmol% (data not shown, respectively, Table 3).\n\n",
            "cite_spans": [],
            "section": "Construction of a xylose-utilizing p-hydroxybenzoate-producing strain ::: Results",
            "ref_spans": [
                {
                    "start": 559,
                    "end": 560,
                    "mention": "3",
                    "ref_id": "TABREF2"
                },
                {
                    "start": 949,
                    "end": 950,
                    "mention": "3",
                    "ref_id": "TABREF2"
                }
            ]
        },
        {
            "text": "In previous work on the engineered xylose-utilizing P. putida strain S12xylAB2, a diauxic shift was observed in batch cultivations on mixtures of glucose and xylose, glucose being the preferred carbon source (Meijnen et al. 2008). Obviously, the occurrence of diauxy would invalidate the concept of co-feeding two substrates simultaneously to different pathways, in order to improve the availability of two key precursors. Therefore, a chemostat cultivation setup was selected for the mixed-substrate experiments, with glucose or glycerol as the limiting nutrient. Varying amounts of xylose were used (0% to 75% of 60 mM total carbon) to replace the primary carbon source.",
            "cite_spans": [
                {
                    "start": 224,
                    "end": 228,
                    "mention": "2008",
                    "ref_id": "BIBREF3"
                }
            ],
            "section": "Mixed-feed chemostats ::: Results",
            "ref_spans": []
        },
        {
            "text": "Although the primary carbon source was completely metabolized as expected, residual xylose was observed in the chemostat effluent. The extent to which xylose was utilized was furthermore very different for glucose and glycerol (Fig. 2). On glycerol\u2013xylose mixtures, the amount of xylose consumed correlated well with the amount of xylose in the feed. The residual xylose observed was in the same range as in chemostat cultivations with xylose as the sole carbon source (approximately 0.27 mM). However, with glucose as the primary carbon source, the residual xylose concentrations were much higher and, furthermore, increased more than proportionally to the relative xylose concentration in the feed. Clearly, the capacity to transport and/or utilize xylose was dependent on the type of primary carbon source as well as on the relative amount of the primary carbon source in the feed.\n\n",
            "cite_spans": [],
            "section": "Mixed-feed chemostats ::: Results",
            "ref_spans": [
                {
                    "start": 233,
                    "end": 234,
                    "mention": "2",
                    "ref_id": "FIGREF1"
                }
            ]
        },
        {
            "text": "Chemostat cultivations with P. putida S12pal_xylB7 on glucose as single carbon source showed a product-to-substrate yield of 4.9 Cmol%, with a specific production rate of 8.0 \u03bcmol C (g CDW)\u22121 h\u22121 (Fig. 3b). The biomass yield was 42.5 Cmol% (Fig. 3a). When xylose was co-fed with glucose, the biomass-to-substrate yield slightly increased with increasing xylose concentrations (Fig. 3a). This is in agreement with the higher biomass yield observed on xylose compared to glucose (Y\nxs of 47.7 vs. 42.5 Cmol%, Fig. 3e, a). Moreover, the production of p-hydroxybenzoate improved significantly when xylose was co-fed with glucose. The product-to-substrate yield reached a maximum of 7.9 Cmol%, and the specific production rate increased by a factor of 1.5 to 12.0 \u03bcmol C (g CDW)\u22121 h\u22121 (Fig. 3b). These results clearly demonstrated that simultaneous utilization of glucose and xylose was beneficial for p-hydroxybenzoate production. Surprisingly, the amount of xylose that was co-fed did not significantly affect Y\nps and q\np within the range tested (Fig. 3b).\n\n",
            "cite_spans": [],
            "section": "Production of p-hydroxybenzoate from mixtures of glucose and xylose ::: Results",
            "ref_spans": [
                {
                    "start": 202,
                    "end": 204,
                    "mention": "3b",
                    "ref_id": "FIGREF2"
                },
                {
                    "start": 246,
                    "end": 248,
                    "mention": "3a",
                    "ref_id": "FIGREF2"
                },
                {
                    "start": 382,
                    "end": 384,
                    "mention": "3a",
                    "ref_id": "FIGREF2"
                },
                {
                    "start": 512,
                    "end": 517,
                    "mention": "3e, a",
                    "ref_id": "FIGREF2"
                },
                {
                    "start": 786,
                    "end": 788,
                    "mention": "3b",
                    "ref_id": "FIGREF2"
                },
                {
                    "start": 1050,
                    "end": 1052,
                    "mention": "3b",
                    "ref_id": "FIGREF2"
                }
            ]
        },
        {
            "text": "In chemostats with glycerol as the sole carbon source, P. putida S12pal_xylB7 produced p-hydroxybenzoate at a yield of 8.5 Cmol%. Notably, this represents a 1.7-fold improvement over the product yield observed in glucose-grown cultures. Also in shake-flasks, an improved p-hydroxybenzoate yield on glycerol was observed (Table 3), although not as pronounced as in the chemostat cultivations. In addition to the product-to-substrate yield, also the biomass-to-substrate yield was improved 1.23-fold on glycerol (Fig. 3c). Because of the improved biomass yield, the effect of the primary substrate on the specific p-hydroxybenzoate production rate q\np was limited: the q\np on glycerol (8.57 \u03bcmol C (g CDW)\u22121 h\u22121) was only slightly higher than on glucose (7.96 \u03bcmol C (g CDW)\u22121 h\u22121).",
            "cite_spans": [],
            "section": "Production of p-hydroxybenzoate from mixtures of glycerol and xylose ::: Results",
            "ref_spans": [
                {
                    "start": 516,
                    "end": 518,
                    "mention": "3c",
                    "ref_id": "FIGREF2"
                },
                {
                    "start": 327,
                    "end": 328,
                    "mention": "3",
                    "ref_id": "TABREF2"
                }
            ]
        },
        {
            "text": "The intrinsically improved p-hydroxybenzoate production from glycerol was further enhanced by xylose co-feeding. The product-to-substrate yield increased by a factor 1.9 to a maximum of 16.3 Cmol% (Fig. 3d). The q\np improved along with Y\nps, to a maximum value of 18 \u03bcmol C (g CDW)\u22121 h\u22121. As observed for the glucose-grown chemostats, the relative amount of xylose in the feed did not affect the efficiency of p-hydroxybenzoate production from glycerol\u2013xylose mixtures (Fig. 3d).",
            "cite_spans": [],
            "section": "Production of p-hydroxybenzoate from mixtures of glycerol and xylose ::: Results",
            "ref_spans": [
                {
                    "start": 203,
                    "end": 205,
                    "mention": "3d",
                    "ref_id": "FIGREF2"
                },
                {
                    "start": 475,
                    "end": 477,
                    "mention": "3d",
                    "ref_id": "FIGREF2"
                }
            ]
        },
        {
            "text": "In order to verify that the improved p-hydroxybenzoate production was a result of the simultaneous utilization of xylose and glucose or glycerol, and not merely of xylose utilization alone, chemostat experiments were performed with P. putida S12pal_xylB7 on xylose as single carbon source. In agreement with the reduced growth rate observed in xylose-grown batch cultures after introducing the pal/tal expression plasmid, P. putida S12pal_xylB7 washed out above a dilution rate of 0.05 h\u22121. Therefore, chemostats on xylose were operated at a dilution rate of 0.05 h\u22121. Also chemostats with a mixed glycerol\u2013xylose feed, or glycerol as the sole carbon source, were operated at this dilution rate, as control for growth-rate effects on p-hydroxybenzoate production.",
            "cite_spans": [],
            "section": "Production of p-hydroxybenzoate from xylose as single carbon source ::: Results",
            "ref_spans": []
        },
        {
            "text": "Biomass and product yields were not significantly different in chemostats operated at D = 0.05 h\u22121 and D = 0.1 h\u22121 (Fig. 3c\u2013f), whereas the specific production and substrate uptake rates were proportional to the dilution rate as expected (Fig. 3e\u2013f). On xylose as a single carbon source, the product-to-substrate yield (5.6 Cmol%) was 1.5-fold lower than on glycerol alone (Table 3), which result is in agreement with the product yields observed in shake flask cultures (Table 3). This demonstrates that the improved p-hydroxybenzoate production is indeed a result from co-feeding two carbon sources. Furthermore, as the product yield on mixtures of xylose and glycerol or glucose consistently exceeded the product yield on either individual carbon source (Table 3), it was concluded that co-feeding xylose to glucose or glycerol has a beneficial effect over feeding individual carbon sources for p-hydroxybenzoate production.",
            "cite_spans": [],
            "section": "Production of p-hydroxybenzoate from xylose as single carbon source ::: Results",
            "ref_spans": [
                {
                    "start": 121,
                    "end": 125,
                    "mention": "3c\u2013f",
                    "ref_id": "FIGREF2"
                },
                {
                    "start": 244,
                    "end": 248,
                    "mention": "3e\u2013f",
                    "ref_id": "FIGREF2"
                },
                {
                    "start": 380,
                    "end": 381,
                    "mention": "3",
                    "ref_id": "TABREF2"
                },
                {
                    "start": 477,
                    "end": 478,
                    "mention": "3",
                    "ref_id": "TABREF2"
                },
                {
                    "start": 763,
                    "end": 764,
                    "mention": "3",
                    "ref_id": "TABREF2"
                }
            ]
        },
        {
            "text": "A mixed-substrate feeding strategy was devised to improve aromatics production by engineered P. putida S12. The approach was based on the assumption that the precursors E4P and PEP were limiting factors for aromatic biosynthesis and that their availability could be improved by stimulating the PP pathway fluxes through pentose co-feeding. A p-hydroxybenzoate producing strain, P. putida S12palB2, was selected as an aromatics-producing model system. As this strain does not have the natural ability to utilize pentoses, a xylose isomerase pathway was introduced, and the initially low growth rate on xylose was improved via an evolutionary selection procedure.",
            "cite_spans": [],
            "section": "Discussion",
            "ref_spans": []
        },
        {
            "text": "Surprisingly, tenfold less transfers were required to achieve growth characteristics similar to those of the previously evolved xylose-utilizing strain P. putida S12xylAB2 (Meijnen et al. 2008). In part, this can be attributed to the targeted disruption of gcd, since more than ten transfers had been required for strain S12xylAB2 to acquire a gcd negative phenotype. In addition to the xylose utilization efficiency, also the p-hydroxybenzoate yield was improved after the evolutionary selection. This phenomenon may be explained by the increased PP pathway activity associated with the improved xylose utilization phenotype, leading to an intrinsically improved E4P and PEP availability, independently from xylose co-feeding.",
            "cite_spans": [
                {
                    "start": 188,
                    "end": 192,
                    "mention": "2008",
                    "ref_id": "BIBREF3"
                }
            ],
            "section": "Discussion",
            "ref_spans": []
        },
        {
            "text": "As anticipated, xylose co-feeding considerably improved the p-hydroxybenzoate yield. The increased product yield was observed with both glucose and glycerol as the primary substrate and was shown not to be caused by xylose consumption per se. Remarkably, both the product and biomass yield on glycerol were consistently higher compared to glucose, either with or without xylose co-feeding. This may be attributed to regulatory effects (e.g., carbon catabolite repression) but could also indicate that PEP availability is more critical for efficient p-hydroxybenzoate production than E4P availability. If it is assumed that pyruvate dikinase (PEP synthase) is active only under gluconeogenic conditions (Sauer and Eikmanns 2005), twice the amount of GAP (and, thus, PEP) can be obtained from glycerol compared to glucose, which is metabolized via the Entner\u2013Doudoroff pathway in pseudomonads (del Castillo et al. 2007; Fuhrer et al. 2005). In addition, the glycerol-associated yield improvement appears to be connected to the evolutionary selection, since no such effect has been observed with the parent strains of P. putida S12pal_xylB7 (Verhoef et al. 2010). Presumably, the increased PP pathway activity associated with the efficient xylose-utilizing phenotype may allow for a more efficient equilibration of PEP and E4P levels, resulting in more efficient p-hydroxybenzoate production. It should be noted that the applied proportion of xylose in the feed showed little effect within the range tested, whether the primary substrate was glucose or glycerol. Apparently, the p-hydroxybenzoate production is not very sensitive to variations in relative xylose concentrations above a certain threshold value.",
            "cite_spans": [
                {
                    "start": 722,
                    "end": 726,
                    "mention": "2005",
                    "ref_id": "BIBREF8"
                },
                {
                    "start": 912,
                    "end": 916,
                    "mention": "2007",
                    "ref_id": "BIBREF11"
                },
                {
                    "start": 932,
                    "end": 936,
                    "mention": "2005",
                    "ref_id": "BIBREF17"
                },
                {
                    "start": 1154,
                    "end": 1158,
                    "mention": "2010",
                    "ref_id": "BIBREF14"
                }
            ],
            "section": "Discussion",
            "ref_spans": []
        },
        {
            "text": "Unexpectedly, the capacity to transport and/or utilize xylose appeared to be dependent on the primary carbon source. With glycerol, a low concentration of residual xylose was observed that is presumably close to the K\nm of the\u2014yet unidentified\u2014xylose transporter in P. putida S12pal_xylB7. With glucose as the primary substrate, however, the residual xylose concentrations were higher and furthermore increased more than proportionally with increasing amounts of xylose in the feed. Although this phenomenon is still subject to further study, it may be hypothesized that xylose transport in P. putida S12pal_xylB7 is PEP dependent. This would be consistent with the observed increase in residual xylose concentrations with decreasing glucose feed (an already relatively inefficient source of PEP), the relative independency between residual xylose concentration and glycerol feed (a good source of PEP), and the decreased growth rate on xylose when Pal/Tal was introduced (drain on PEP for p-hydroxybenzoate production). In that case, replacing any PEP-dependent transport systems would be an obvious target for further strain improvement. The GAP/PEP availability may furthermore be improved by constructing an ED-negative, glycolytic P. putida S12 strain. The contribution of the (ATP-driven) E. coli xylose transporter XylFGH to xylose import was presumably limited as observed previously (Meijnen et al. 2008).",
            "cite_spans": [
                {
                    "start": 1408,
                    "end": 1412,
                    "mention": "2008",
                    "ref_id": "BIBREF3"
                }
            ],
            "section": "Discussion",
            "ref_spans": []
        },
        {
            "text": "We have demonstrated that p-hydroxybenzoate production in P. putida can be considerably improved by co-feeding different carbon sources that are metabolized via different, (partly artificial) pathways. Thus, the availability of the key aromatics precursors, PEP and E4P, is improved. In addition to p-hydroxybenzoate, the production of other aromatic compounds derived from aromatic amino acids may be stimulated via this strategy. Moreover, lignocellulosic hydrolysate, the expected major feedstock for future production of biobased fuels and chemicals (Himmel and Bayer 2009; Kumar et al. 2008; Lange 2007), seems to be ideally suited for aromatics production since glucose and xylose are the predominant constituents. Also the improved production on glycerol presents an additional possibility to deploy a cheap and abundant waste substrate for biocatalytic production of (fine) chemicals.",
            "cite_spans": [
                {
                    "start": 572,
                    "end": 576,
                    "mention": "2009",
                    "ref_id": "BIBREF21"
                },
                {
                    "start": 591,
                    "end": 595,
                    "mention": "2008",
                    "ref_id": "BIBREF23"
                },
                {
                    "start": 603,
                    "end": 607,
                    "mention": "2007",
                    "ref_id": "BIBREF1"
                }
            ],
            "section": "Discussion",
            "ref_spans": []
        }
    ],
    "ref_entries": {
        "TABREF0": {
            "text": "Table\u00a01: Strains and plasmids used in this study\naApr, Gmr and Tcr, ampicillin, gentamicin, and tetracycline resistance, respectively",
            "type": "table"
        },
        "TABREF1": {
            "text": "Table\u00a02: Oligonucleotide primers used in this study\naThe restriction sites used for cloning are underlined",
            "type": "table"
        },
        "TABREF2": {
            "text": "Table\u00a03: Product-to-substrate yields (Y\nps) of P. putida S12pal_xylB7 for various culture conditions and carbon sources\nShake flask and chemostat cultivations were performed with 60 C mM total carbon, and chemostat cultivations were operated at a dilution rate of 0.1 h\u22121\n aAt a dilution rate of 0.05 h\u22121 bMaximum value obtained",
            "type": "table"
        },
        "FIGREF0": {
            "text": "Fig.\u00a01: Schematic representation of the biosynthetic pathways for p-hydroxybenzoate production from glycerol, glucose, and xylose. The scheme shows only the relevant routes. Heterologous genes are indicated in italics and underlined. Xylose isomerase (xylA); xylulokinase (xylB); phenylalanine/tyrosine ammonia lyase (pal/tal). Glucose-6-phosphate (G6P); fructose-6-phosphate (F6P); fructose-1,6-bisphosphate (F1,6BP); triose-3-phosphate (T3P); phosphoenolpyruvate (PEP); pyruvate (PYR); glycerol-3-phosphate (Gly3P); ribulose-5-phosphate (RU5P); xylulose-5-phosphate (Xu5P); ribose-5-phosphate (R5P); glyceraldehyde-3-phosphate (GAP); sedoheptulose-7-phosphate (S7P); erythrose-4-phosphate (E4P); 3-deoxy-d-arabino-heptulosonate-7-phosphate (DAHP); chorismate (CHO); phenylalanine (PHE); cinnamate (CIN); tyrosine (TYR); p-coumarate (COUM); 4-hydroxyphenylpyruvate degradation pathway (HD pathway); protocatechuate degradation pathway (PD Pathway)",
            "type": "figure"
        },
        "FIGREF1": {
            "text": "Fig.\u00a02: Relative xylose uptake as a function of the xylose fraction in the feed. The solid line represents the theoretical maximum uptake of xylose; the dotted lines represent the actual uptake of xylose with glycerol as co-substrate (triangles) or glucose as co-substrate (circles). Data are the average from two independent cultivations; error bars represent the maximum deviation from the mean",
            "type": "figure"
        },
        "FIGREF2": {
            "text": "Fig.\u00a03: Growth and p-hydroxybenzoate production of P. putida S12pal_xylB7 in chemostat cultivations on various mixtures of carbon sources at various dilution rates (D). The biomass-to-substrate yield (Y\nxs), product-to-substrate yield (Y\nps), and product-to-biomass yield (Y\npx) expressed as in Cmol biomass or product per Cmol substrate or biomass. The specific carbon uptake rate (q\ns) and specific p-hydroxybenzoate production rate (q\np) were given in C\u03bcmol substrate or product per gram cell dry weight (CDW) per hour. All calculated figures were corrected for the consumed amount of substrate",
            "type": "figure"
        }
    },
    "back_matter": [],
    "bib_entries": {
        "BIBREF0": {
            "title": "Solvent-tolerant bacteria in biocatalysis",
            "authors": [
                {
                    "first": "JA",
                    "middle": [],
                    "last": "de Bont",
                    "suffix": ""
                }
            ],
            "year": 1998,
            "venue": "Trends Biotechnol",
            "volume": "16",
            "issn": "",
            "pages": "493-499",
            "other_ids": {
                "DOI": [
                    "10.1016/S0167-7799(98)01234-7"
                ]
            }
        },
        "BIBREF1": {
            "title": "Lignocellulose conversion; an introduction to chemistry, process and economics",
            "authors": [
                {
                    "first": "JP",
                    "middle": [],
                    "last": "Lange",
                    "suffix": ""
                }
            ],
            "year": 2007,
            "venue": "Biofuels, Bioprod Biorefin",
            "volume": "1",
            "issn": "",
            "pages": "39-48",
            "other_ids": {
                "DOI": [
                    "10.1002/bbb.7"
                ]
            }
        },
        "BIBREF2": {
            "title": "Coutilization of glucose and glycerol enhances the production of aromatic compounds in an Escherichia coli strain lacking the phosphoenolpyruvate: carbohydrate phosphotransferase system",
            "authors": [
                {
                    "first": "K",
                    "middle": [],
                    "last": "Martinez",
                    "suffix": ""
                },
                {
                    "first": "R",
                    "middle": [],
                    "last": "de Anda",
                    "suffix": ""
                },
                {
                    "first": "G",
                    "middle": [],
                    "last": "Hernandez",
                    "suffix": ""
                },
                {
                    "first": "A",
                    "middle": [],
                    "last": "Escalante",
                    "suffix": ""
                },
                {
                    "first": "G",
                    "middle": [],
                    "last": "Gosset",
                    "suffix": ""
                },
                {
                    "first": "OT",
                    "middle": [],
                    "last": "Ramirez",
                    "suffix": ""
                },
                {
                    "first": "FG",
                    "middle": [],
                    "last": "Bolivar",
                    "suffix": ""
                }
            ],
            "year": 2008,
            "venue": "Microb Cell Fact",
            "volume": "7",
            "issn": "",
            "pages": null,
            "other_ids": {
                "DOI": [
                    "10.1186/1475-2859-7-1"
                ]
            }
        },
        "BIBREF3": {
            "title": "Engineering Pseudomonas putida S12 for efficient utilization of d-xylose and l-arabinose",
            "authors": [
                {
                    "first": "JP",
                    "middle": [],
                    "last": "Meijnen",
                    "suffix": ""
                },
                {
                    "first": "JH",
                    "middle": [],
                    "last": "de Winde",
                    "suffix": ""
                },
                {
                    "first": "HJ",
                    "middle": [],
                    "last": "Ruijssenaars",
                    "suffix": ""
                }
            ],
            "year": 2008,
            "venue": "Appl Environ Microbiol",
            "volume": "74",
            "issn": "",
            "pages": "5031-5037",
            "other_ids": {
                "DOI": [
                    "10.1128/AEM.00924-08"
                ]
            }
        },
        "BIBREF4": {
            "title": "The solvent-tolerant Pseudomonas putida S12 as host for the production of cinnamic acid from glucose",
            "authors": [
                {
                    "first": "K",
                    "middle": [],
                    "last": "Nijkamp",
                    "suffix": ""
                },
                {
                    "first": "N",
                    "middle": [],
                    "last": "van Luijk",
                    "suffix": ""
                },
                {
                    "first": "JA",
                    "middle": [],
                    "last": "de Bont",
                    "suffix": ""
                },
                {
                    "first": "J",
                    "middle": [],
                    "last": "Wery",
                    "suffix": ""
                }
            ],
            "year": 2005,
            "venue": "Appl Microbiol Biotechnol",
            "volume": "69",
            "issn": "",
            "pages": "170-177",
            "other_ids": {
                "DOI": [
                    "10.1007/s00253-005-1973-7"
                ]
            }
        },
        "BIBREF5": {
            "title": "Optimization of the solvent-tolerant Pseudomonas putida S12 as host for the production of p-coumarate from glucose",
            "authors": [
                {
                    "first": "K",
                    "middle": [],
                    "last": "Nijkamp",
                    "suffix": ""
                },
                {
                    "first": "RGM",
                    "middle": [],
                    "last": "Westerhof",
                    "suffix": ""
                },
                {
                    "first": "H",
                    "middle": [],
                    "last": "Ballerstedt",
                    "suffix": ""
                },
                {
                    "first": "JAM",
                    "middle": [],
                    "last": "de Bont",
                    "suffix": ""
                },
                {
                    "first": "J",
                    "middle": [],
                    "last": "Wery",
                    "suffix": ""
                }
            ],
            "year": 2007,
            "venue": "Appl Microbiol Biotechnol",
            "volume": "74",
            "issn": "",
            "pages": "617-624",
            "other_ids": {
                "DOI": [
                    "10.1007/s00253-006-0703-0"
                ]
            }
        },
        "BIBREF6": {
            "title": "Versatile suicide vectors which allow direct selection for gene replacement in gram-negative bacteria",
            "authors": [
                {
                    "first": "J",
                    "middle": [],
                    "last": "Quandt",
                    "suffix": ""
                },
                {
                    "first": "MF",
                    "middle": [],
                    "last": "Hynes",
                    "suffix": ""
                }
            ],
            "year": 1993,
            "venue": "Gene",
            "volume": "127",
            "issn": "",
            "pages": "15-21",
            "other_ids": {
                "DOI": [
                    "10.1016/0378-1119(93)90611-6"
                ]
            }
        },
        "BIBREF7": {
            "title": "",
            "authors": [
                {
                    "first": "J",
                    "middle": [],
                    "last": "Sambrook",
                    "suffix": ""
                },
                {
                    "first": "EF",
                    "middle": [],
                    "last": "Fritsch",
                    "suffix": ""
                },
                {
                    "first": "T",
                    "middle": [],
                    "last": "Maniatis",
                    "suffix": ""
                }
            ],
            "year": 1982,
            "venue": "Molecular cloning. A laboratory manual",
            "volume": "",
            "issn": "",
            "pages": null,
            "other_ids": {
                "DOI": []
            }
        },
        "BIBREF8": {
            "title": "The PEP-pyruvate-oxaloacetate node as the switch point for carbon flux distribution in bacteria",
            "authors": [
                {
                    "first": "U",
                    "middle": [],
                    "last": "Sauer",
                    "suffix": ""
                },
                {
                    "first": "BJ",
                    "middle": [],
                    "last": "Eikmanns",
                    "suffix": ""
                }
            ],
            "year": 2005,
            "venue": "FEMS Microbiol Rev",
            "volume": "29",
            "issn": "",
            "pages": "765-794",
            "other_ids": {
                "DOI": [
                    "10.1016/j.femsre.2004.11.002"
                ]
            }
        },
        "BIBREF9": {
            "title": "Site-specific DNA recombination in mammalian cells by the Cre recombinase of bacteriophage P1",
            "authors": [
                {
                    "first": "B",
                    "middle": [],
                    "last": "Sauer",
                    "suffix": ""
                },
                {
                    "first": "N",
                    "middle": [],
                    "last": "Henderson",
                    "suffix": ""
                }
            ],
            "year": 1988,
            "venue": "Proc Natl Acad Sci USA",
            "volume": "85",
            "issn": "",
            "pages": "5166-5170",
            "other_ids": {
                "DOI": [
                    "10.1073/pnas.85.14.5166"
                ]
            }
        },
        "BIBREF10": {
            "title": "Bacteriophage P1 site-specific recombination. I. Recombination between loxP sites",
            "authors": [
                {
                    "first": "N",
                    "middle": [],
                    "last": "Sternberg",
                    "suffix": ""
                },
                {
                    "first": "D",
                    "middle": [],
                    "last": "Hamilton",
                    "suffix": ""
                }
            ],
            "year": 1981,
            "venue": "J Mol Biol",
            "volume": "150",
            "issn": "",
            "pages": "467-486",
            "other_ids": {
                "DOI": [
                    "10.1016/0022-2836(81)90375-2"
                ]
            }
        },
        "BIBREF11": {
            "title": "Convergent peripheral pathways catalyze initial glucose catabolism in Pseudomonas putida: genomic and flux analysis",
            "authors": [
                {
                    "first": "T",
                    "middle": [],
                    "last": "del Castillo",
                    "suffix": ""
                },
                {
                    "first": "JL",
                    "middle": [],
                    "last": "Ramos",
                    "suffix": ""
                },
                {
                    "first": "JJ",
                    "middle": [],
                    "last": "Rodriguez-Herva",
                    "suffix": ""
                },
                {
                    "first": "T",
                    "middle": [],
                    "last": "Fuhrer",
                    "suffix": ""
                },
                {
                    "first": "U",
                    "middle": [],
                    "last": "Sauer",
                    "suffix": ""
                },
                {
                    "first": "E",
                    "middle": [],
                    "last": "Duque",
                    "suffix": ""
                }
            ],
            "year": 2007,
            "venue": "J Bacteriol",
            "volume": "189",
            "issn": "",
            "pages": "5142-5152",
            "other_ids": {
                "DOI": [
                    "10.1128/JB.00203-07"
                ]
            }
        },
        "BIBREF12": {
            "title": "Bioproduction of p-hydroxybenzoate from renewable feedstock by solvent-tolerant Pseudomonas putida S12",
            "authors": [
                {
                    "first": "S",
                    "middle": [],
                    "last": "Verhoef",
                    "suffix": ""
                },
                {
                    "first": "HJ",
                    "middle": [],
                    "last": "Ruijssenaars",
                    "suffix": ""
                },
                {
                    "first": "JA",
                    "middle": [],
                    "last": "de Bont",
                    "suffix": ""
                },
                {
                    "first": "J",
                    "middle": [],
                    "last": "Wery",
                    "suffix": ""
                }
            ],
            "year": 2007,
            "venue": "J Biotechnol",
            "volume": "132",
            "issn": "",
            "pages": "49-56",
            "other_ids": {
                "DOI": [
                    "10.1016/j.jbiotec.2007.08.031"
                ]
            }
        },
        "BIBREF13": {
            "title": "Bioproduction of p-hydroxystyrene from glucose by the solvent-tolerant bacterium Pseudomonas putida S12 in a two-phase water-decanol fermentation",
            "authors": [
                {
                    "first": "S",
                    "middle": [],
                    "last": "Verhoef",
                    "suffix": ""
                },
                {
                    "first": "N",
                    "middle": [],
                    "last": "Wierckx",
                    "suffix": ""
                },
                {
                    "first": "RG",
                    "middle": [],
                    "last": "Westerhof",
                    "suffix": ""
                },
                {
                    "first": "JH",
                    "middle": [],
                    "last": "de Winde",
                    "suffix": ""
                },
                {
                    "first": "HJ",
                    "middle": [],
                    "last": "Ruijssenaars",
                    "suffix": ""
                }
            ],
            "year": 2009,
            "venue": "Appl Environ Microbiol",
            "volume": "75",
            "issn": "",
            "pages": "931-936",
            "other_ids": {
                "DOI": [
                    "10.1128/AEM.02186-08"
                ]
            }
        },
        "BIBREF14": {
            "title": "Comparative transcriptomics and proteomics of p-hydroxybenzoate producing Pseudomonas putida S12: novel responses and implications for strain improvement",
            "authors": [
                {
                    "first": "S",
                    "middle": [],
                    "last": "Verhoef",
                    "suffix": ""
                },
                {
                    "first": "H",
                    "middle": [],
                    "last": "Ballerstedt",
                    "suffix": ""
                },
                {
                    "first": "RJ",
                    "middle": [],
                    "last": "Volkers",
                    "suffix": ""
                },
                {
                    "first": "JH",
                    "middle": [],
                    "last": "de Winde",
                    "suffix": ""
                },
                {
                    "first": "HJ",
                    "middle": [],
                    "last": "Ruijssenaars",
                    "suffix": ""
                }
            ],
            "year": 2010,
            "venue": "Appl Microbiol Biotechnol",
            "volume": "87",
            "issn": "",
            "pages": "679-690",
            "other_ids": {
                "DOI": [
                    "10.1007/s00253-010-2626-z"
                ]
            }
        },
        "BIBREF15": {
            "title": "Engineering of solvent-tolerant Pseudomonas putida S12 for bioproduction of phenol from glucose",
            "authors": [
                {
                    "first": "NJP",
                    "middle": [],
                    "last": "Wierckx",
                    "suffix": ""
                },
                {
                    "first": "H",
                    "middle": [],
                    "last": "Ballerstedt",
                    "suffix": ""
                },
                {
                    "first": "JAM",
                    "middle": [],
                    "last": "de Bont",
                    "suffix": ""
                },
                {
                    "first": "J",
                    "middle": [],
                    "last": "Wery",
                    "suffix": ""
                }
            ],
            "year": 2005,
            "venue": "Appl Environ Microbiol",
            "volume": "71",
            "issn": "",
            "pages": "8221-8227",
            "other_ids": {
                "DOI": [
                    "10.1128/AEM.71.12.8221-8227.2005"
                ]
            }
        },
        "BIBREF16": {
            "title": "Metabolic flux analysis of a phenol producing mutant of Pseudomonas putida S12: verification and complementation of hypotheses derived from transcriptomics",
            "authors": [
                {
                    "first": "N",
                    "middle": [],
                    "last": "Wierckx",
                    "suffix": ""
                },
                {
                    "first": "HJ",
                    "middle": [],
                    "last": "Ruijssenaars",
                    "suffix": ""
                },
                {
                    "first": "JH",
                    "middle": [],
                    "last": "de Winde",
                    "suffix": ""
                },
                {
                    "first": "A",
                    "middle": [],
                    "last": "Schmid",
                    "suffix": ""
                },
                {
                    "first": "LM",
                    "middle": [],
                    "last": "Blank",
                    "suffix": ""
                }
            ],
            "year": 2009,
            "venue": "J Biotechnol",
            "volume": "143",
            "issn": "",
            "pages": "124-129",
            "other_ids": {
                "DOI": [
                    "10.1016/j.jbiotec.2009.06.023"
                ]
            }
        },
        "BIBREF17": {
            "title": "Experimental identification and quantification of glucose metabolism in seven bacterial species",
            "authors": [
                {
                    "first": "T",
                    "middle": [],
                    "last": "Fuhrer",
                    "suffix": ""
                },
                {
                    "first": "E",
                    "middle": [],
                    "last": "Fischer",
                    "suffix": ""
                },
                {
                    "first": "U",
                    "middle": [],
                    "last": "Sauer",
                    "suffix": ""
                }
            ],
            "year": 2005,
            "venue": "J Bacteriol",
            "volume": "187",
            "issn": "",
            "pages": "1581-1590",
            "other_ids": {
                "DOI": [
                    "10.1128/JB.187.5.1581-1590.2005"
                ]
            }
        },
        "BIBREF18": {
            "title": "Global gene expression differences associated with changes in glycolytic flux and growth rate in Escherichia coli during the fermentation of glucose and xylose",
            "authors": [
                {
                    "first": "R",
                    "middle": [],
                    "last": "Gonzalez",
                    "suffix": ""
                },
                {
                    "first": "H",
                    "middle": [],
                    "last": "Tao",
                    "suffix": ""
                },
                {
                    "first": "KT",
                    "middle": [],
                    "last": "Shanmugam",
                    "suffix": ""
                },
                {
                    "first": "SW",
                    "middle": [],
                    "last": "York",
                    "suffix": ""
                },
                {
                    "first": "LO",
                    "middle": [],
                    "last": "Ingram",
                    "suffix": ""
                }
            ],
            "year": 2002,
            "venue": "Biotechnol Prog",
            "volume": "18",
            "issn": "",
            "pages": "6-20",
            "other_ids": {
                "DOI": [
                    "10.1021/bp010121i"
                ]
            }
        },
        "BIBREF19": {
            "title": "Bacterial degradation of styrene involving a novel flavin adenine dinucleotide-dependent styrene monooxygenase",
            "authors": [
                {
                    "first": "S",
                    "middle": [],
                    "last": "Hartmans",
                    "suffix": ""
                },
                {
                    "first": "MJ",
                    "middle": [],
                    "last": "van der Werf",
                    "suffix": ""
                },
                {
                    "first": "JA",
                    "middle": [],
                    "last": "de Bont",
                    "suffix": ""
                }
            ],
            "year": 1990,
            "venue": "Appl Environ Microbiol",
            "volume": "56",
            "issn": "",
            "pages": "1347-1351",
            "other_ids": {
                "DOI": [
                    "10.1128/AEM.56.5.1347-1351.1990"
                ]
            }
        },
        "BIBREF20": {
            "title": "Solvent-tolerant bacteria for biotransformations in two-phase fermentation systems",
            "authors": [
                {
                    "first": "HJ",
                    "middle": [],
                    "last": "Heipieper",
                    "suffix": ""
                },
                {
                    "first": "G",
                    "middle": [],
                    "last": "Neumann",
                    "suffix": ""
                },
                {
                    "first": "S",
                    "middle": [],
                    "last": "Cornelissen",
                    "suffix": ""
                },
                {
                    "first": "F",
                    "middle": [],
                    "last": "Meinhardt",
                    "suffix": ""
                }
            ],
            "year": 2007,
            "venue": "Appl Microbiol Biotechnol",
            "volume": "74",
            "issn": "",
            "pages": "961-973",
            "other_ids": {
                "DOI": [
                    "10.1007/s00253-006-0833-4"
                ]
            }
        },
        "BIBREF21": {
            "title": "Lignocellulose conversion to biofuels: current challenges, global perspectives",
            "authors": [
                {
                    "first": "ME",
                    "middle": [],
                    "last": "Himmel",
                    "suffix": ""
                },
                {
                    "first": "EA",
                    "middle": [],
                    "last": "Bayer",
                    "suffix": ""
                }
            ],
            "year": 2009,
            "venue": "Curr Opin Biotechnol",
            "volume": "20",
            "issn": "",
            "pages": "316-317",
            "other_ids": {
                "DOI": [
                    "10.1016/j.copbio.2009.05.005"
                ]
            }
        },
        "BIBREF22": {
            "title": "Identification and molecular characterization of an efflux system involved in Pseudomonas putida S12 multidrug resistance",
            "authors": [
                {
                    "first": "J",
                    "middle": [],
                    "last": "Kieboom",
                    "suffix": ""
                },
                {
                    "first": "JAM",
                    "middle": [],
                    "last": "de Bont",
                    "suffix": ""
                }
            ],
            "year": 2001,
            "venue": "Microbiology",
            "volume": "147",
            "issn": "",
            "pages": "43-51",
            "other_ids": {
                "DOI": [
                    "10.1099/00221287-147-1-43"
                ]
            }
        },
        "BIBREF23": {
            "title": "Bioconversion of lignocellulosic biomass: biochemical and molecular perspectives",
            "authors": [
                {
                    "first": "R",
                    "middle": [],
                    "last": "Kumar",
                    "suffix": ""
                },
                {
                    "first": "S",
                    "middle": [],
                    "last": "Singh",
                    "suffix": ""
                },
                {
                    "first": "OV",
                    "middle": [],
                    "last": "Singh",
                    "suffix": ""
                }
            ],
            "year": 2008,
            "venue": "J Ind Microbiol Biotechnol",
            "volume": "35",
            "issn": "",
            "pages": "377-391",
            "other_ids": {
                "DOI": [
                    "10.1007/s10295-008-0327-8"
                ]
            }
        }
    }
}