{
    "paper_id": "PMC7057189",
    "metadata": {
        "title": "The coronavirus 2019-nCoV epidemic: Is hindsight 20/20?",
        "authors": [
            {
                "first": "Monica",
                "middle": [],
                "last": "Malta",
                "suffix": "",
                "email": "monica.malta@utoronto.ca",
                "affiliation": {}
            },
            {
                "first": "Anne",
                "middle": [
                    "W."
                ],
                "last": "Rimoin",
                "suffix": "",
                "email": null,
                "affiliation": {}
            },
            {
                "first": "Steffanie",
                "middle": [
                    "A."
                ],
                "last": "Strathdee",
                "suffix": "",
                "email": null,
                "affiliation": {}
            }
        ]
    },
    "body_text": [
        {
            "text": "None.",
            "cite_spans": [],
            "section": "Declaration of competing interest",
            "ref_spans": []
        }
    ],
    "ref_entries": {},
    "back_matter": [],
    "bib_entries": {
        "BIBREF0": {
            "title": "Nowcasting and forecasting the potential domestic and international spread of the 2019-nCoV outbreak originating in Wuhan, China: a modelling study",
            "authors": [
                {
                    "first": "J.T.",
                    "middle": [],
                    "last": "Wu",
                    "suffix": ""
                },
                {
                    "first": "K.",
                    "middle": [],
                    "last": "Leung",
                    "suffix": ""
                },
                {
                    "first": "G.M.",
                    "middle": [],
                    "last": "Leung",
                    "suffix": ""
                }
            ],
            "year": 2020,
            "venue": "Lancet",
            "volume": "",
            "issn": "",
            "pages": null,
            "other_ids": {
                "DOI": []
            }
        },
        "BIBREF1": {
            "title": "Cross-species transmission of the newly identified coronavirus 2019-nCoV",
            "authors": [
                {
                    "first": "W.",
                    "middle": [],
                    "last": "Ji",
                    "suffix": ""
                },
                {
                    "first": "W.",
                    "middle": [],
                    "last": "Wang",
                    "suffix": ""
                },
                {
                    "first": "X.",
                    "middle": [],
                    "last": "Zhao",
                    "suffix": ""
                },
                {
                    "first": "J.",
                    "middle": [],
                    "last": "Zai",
                    "suffix": ""
                },
                {
                    "first": "X.",
                    "middle": [],
                    "last": "Li",
                    "suffix": ""
                }
            ],
            "year": 2020,
            "venue": "J Med Virol",
            "volume": "92",
            "issn": "",
            "pages": "433-440",
            "other_ids": {
                "DOI": []
            }
        },
        "BIBREF2": {
            "title": "A field study into Hong Kong's wet markets: raised questions into the hygienic maintenance of meat contact surfaces and the dissemination of microorganisms associated with nosocomial infections",
            "authors": [
                {
                    "first": "M.Y.",
                    "middle": [],
                    "last": "Lo",
                    "suffix": ""
                },
                {
                    "first": "W.Y.",
                    "middle": [],
                    "last": "Ngan",
                    "suffix": ""
                },
                {
                    "first": "S.M.",
                    "middle": [],
                    "last": "Tsun",
                    "suffix": ""
                },
                {
                    "first": "H.L.",
                    "middle": [],
                    "last": "Hsing",
                    "suffix": ""
                },
                {
                    "first": "K.T.",
                    "middle": [],
                    "last": "Lau",
                    "suffix": ""
                },
                {
                    "first": "H.P.",
                    "middle": [],
                    "last": "Hung",
                    "suffix": ""
                }
            ],
            "year": 2019,
            "venue": "Front Microbiol",
            "volume": "10",
            "issn": "",
            "pages": null,
            "other_ids": {
                "DOI": []
            }
        },
        "BIBREF3": {
            "title": "",
            "authors": [
                {
                    "first": "Y.",
                    "middle": [],
                    "last": "Huang",
                    "suffix": ""
                }
            ],
            "year": 2004,
            "venue": "Learning from SARS: preparing for the next disease outbreak: workshop summary",
            "volume": "",
            "issn": "",
            "pages": null,
            "other_ids": {
                "DOI": []
            }
        },
        "BIBREF4": {
            "title": "",
            "authors": [],
            "year": null,
            "venue": "",
            "volume": "",
            "issn": "",
            "pages": null,
            "other_ids": {
                "DOI": []
            }
        },
        "BIBREF5": {
            "title": "The zika virus epidemic in Brazil: from discovery to future implications",
            "authors": [
                {
                    "first": "R.",
                    "middle": [],
                    "last": "Lowe",
                    "suffix": ""
                },
                {
                    "first": "C.",
                    "middle": [],
                    "last": "Barcellos",
                    "suffix": ""
                },
                {
                    "first": "P.",
                    "middle": [],
                    "last": "Brasil",
                    "suffix": ""
                },
                {
                    "first": "O.G.",
                    "middle": [],
                    "last": "Cruz",
                    "suffix": ""
                },
                {
                    "first": "N.A.",
                    "middle": [],
                    "last": "Honorio",
                    "suffix": ""
                },
                {
                    "first": "H.",
                    "middle": [],
                    "last": "Kuper",
                    "suffix": ""
                },
                {
                    "first": "M.S.",
                    "middle": [],
                    "last": "Carvalho",
                    "suffix": ""
                }
            ],
            "year": 2018,
            "venue": "Int J Environ Res Public Health",
            "volume": "15",
            "issn": "1",
            "pages": null,
            "other_ids": {
                "DOI": []
            }
        },
        "BIBREF6": {
            "title": "What factors might have led to the emergence of Ebola in West Africa?",
            "authors": [
                {
                    "first": "K.A.",
                    "middle": [],
                    "last": "Alexander",
                    "suffix": ""
                },
                {
                    "first": "C.E.",
                    "middle": [],
                    "last": "Sanderson",
                    "suffix": ""
                },
                {
                    "first": "M.",
                    "middle": [],
                    "last": "Marathe",
                    "suffix": ""
                },
                {
                    "first": "B.L.",
                    "middle": [],
                    "last": "Lewis",
                    "suffix": ""
                },
                {
                    "first": "C.M.",
                    "middle": [],
                    "last": "Rivers",
                    "suffix": ""
                },
                {
                    "first": "J.",
                    "middle": [],
                    "last": "Shaman",
                    "suffix": ""
                }
            ],
            "year": 2015,
            "venue": "PLoS Negl Trop Dis.",
            "volume": "9",
            "issn": "",
            "pages": null,
            "other_ids": {
                "DOI": []
            }
        },
        "BIBREF7": {
            "title": "A novel coronavirus emerging in China\u2014key questions for impact assessment",
            "authors": [
                {
                    "first": "V.J.",
                    "middle": [],
                    "last": "Munster",
                    "suffix": ""
                },
                {
                    "first": "M.",
                    "middle": [],
                    "last": "Koopmans",
                    "suffix": ""
                },
                {
                    "first": "N.",
                    "middle": [],
                    "last": "van Doremalen",
                    "suffix": ""
                },
                {
                    "first": "D.",
                    "middle": [],
                    "last": "van Riel",
                    "suffix": ""
                },
                {
                    "first": "E.",
                    "middle": [],
                    "last": "de Wit",
                    "suffix": ""
                }
            ],
            "year": 2020,
            "venue": "N Engl J Med.",
            "volume": "10",
            "issn": "",
            "pages": null,
            "other_ids": {
                "DOI": []
            }
        },
        "BIBREF8": {
            "title": "",
            "authors": [],
            "year": null,
            "venue": "",
            "volume": "",
            "issn": "",
            "pages": null,
            "other_ids": {
                "DOI": []
            }
        }
    }
}