{
    "paper_id": "PMC7080172",
    "metadata": {
        "title": "Procalcitonin and C-reactive protein in severe 2009 H1N1 influenza infection",
        "authors": [
            {
                "first": "Paul",
                "middle": [
                    "Robert"
                ],
                "last": "Ingram",
                "suffix": "",
                "email": "paul.ingram@health.wa.gov.au",
                "affiliation": {}
            },
            {
                "first": "Tim",
                "middle": [],
                "last": "Inglis",
                "suffix": "",
                "email": null,
                "affiliation": {}
            },
            {
                "first": "David",
                "middle": [],
                "last": "Moxon",
                "suffix": "",
                "email": null,
                "affiliation": {}
            },
            {
                "first": "David",
                "middle": [],
                "last": "Speers",
                "suffix": "",
                "email": null,
                "affiliation": {}
            }
        ]
    },
    "body_text": [
        {
            "text": "Within months of the detection of 2009 H1N1 influenza virus in North America, Australia experienced the rapid spread of the virus within the community. The burden of disease on hospitals and in particular intensive care units (ICU) was considerable [1]. Epidemiological and animal model data suggest that 2009 H1N1 may be more virulent than seasonal strains of influenza [2].",
            "cite_spans": [
                {
                    "start": 250,
                    "end": 251,
                    "mention": "1",
                    "ref_id": "BIBREF0"
                },
                {
                    "start": 372,
                    "end": 373,
                    "mention": "2",
                    "ref_id": "BIBREF9"
                }
            ],
            "section": "Introduction",
            "ref_spans": []
        },
        {
            "text": "Procalcitonin is a novel biomarker with potential use for diagnostic and prognostic purposes. Under normal physiological conditions, its release from the thyroid gland assists in maintenance of calcium homeostasis. By contrast, release of lipopolysaccharide and cytokines (e.g. TNF alpha, interleukin-1, interleukin-6) during bacterial infection upregulate its expression from a variety of sites, including the liver, kidney and monocytes [3]. Compared to clinical features, radiological findings or traditional markers such as white cell count (WCC) or C-reactive protein (CRP), procalcitonin measurement may be a better means of distinguishing between viral and bacterial infections [4], and hence the need for antibiotic therapy [5]. However, in the respiratory setting, studies to date have focused on children [6] and less severe disease [7], and included few patients with influenza [8].",
            "cite_spans": [
                {
                    "start": 440,
                    "end": 441,
                    "mention": "3",
                    "ref_id": "BIBREF10"
                },
                {
                    "start": 686,
                    "end": 687,
                    "mention": "4",
                    "ref_id": "BIBREF11"
                },
                {
                    "start": 733,
                    "end": 734,
                    "mention": "5",
                    "ref_id": "BIBREF12"
                },
                {
                    "start": 816,
                    "end": 817,
                    "mention": "6",
                    "ref_id": "BIBREF13"
                },
                {
                    "start": 844,
                    "end": 845,
                    "mention": "7",
                    "ref_id": "BIBREF14"
                },
                {
                    "start": 890,
                    "end": 891,
                    "mention": "8",
                    "ref_id": "BIBREF15"
                }
            ],
            "section": "Introduction",
            "ref_spans": []
        },
        {
            "text": "This study aimed to examine whether, on admission to an adult ICU, procalcitonin levels and/or CRP discriminated between 2009 H1N1 influenza infection and community-acquired pneumonia of bacterial origin.",
            "cite_spans": [],
            "section": "Introduction",
            "ref_spans": []
        },
        {
            "text": "The study was conducted in a 23-bed ICU at a 600-bed tertiary hospital in Western Australia. The study design was a retrospective observational study. All investigations were carried out as part of the routine clinical management of the patients, and patients were not identified. Ethics approval was not required. All patients admitted to the ICU between 10 May and 9 September 2009 with community-acquired pneumonia were considered for the study. The comparison was then limited to those with a microbiologically confirmed aetiology of 2009 H1N1 (positive viral culture or polymerase chain reaction performed on a respiratory specimen) or bacterial infection (culture of a recognised pathogen from blood stream and/or lower respiratory tract specimen, or seroconversion to Mycoplasma/Chlamydophila/Legionella). Patients with mixed 2009 H1N1 and bacterial infection were grouped together with those with bacterial infection. Demographic and clinical data from the first 24 h admission to ICU were collected from an existing database. Procalcitonin and CRP measurements were routinely performed at least twice weekly. Procalcitonin measurements were performed using a VIDAS BRAHMS enzyme-linked fluorescent assay (bioMerieux, France). The interpretative cutoff for bacterial sepsis is considered to be greater than 0.5\u20132 ng/ml in most studies [9]. CRP measurement was performed using an Architect ci16200 latex-enhanced immunoturbidimetric assay (Abbott Diagnostics, Abbott Park, IL). During the study period the empiric management of all patients admitted to the ICU with suspected pneumonia (bacterial or viral) included anti-bacterial therapy.",
            "cite_spans": [
                {
                    "start": 1344,
                    "end": 1345,
                    "mention": "9",
                    "ref_id": "BIBREF16"
                }
            ],
            "section": "Methods",
            "ref_spans": []
        },
        {
            "text": "The Fisher\u2019s exact test was used to compare proportions for categorical variables. For continuous variables, Student's t test and Mann-Whitney U test were used for comparing parametric and non-parametric data, respectively. Receiver-operator characteristic (ROC) curve analysis was performed using GraphPad Prism version 5.02.",
            "cite_spans": [],
            "section": "Methods",
            "ref_spans": []
        },
        {
            "text": "During the study period, 25 patients were considered for analysis. One patient with 2009 H1N1 infection had mixed infection (blood culture positive for Streptococcus pneumoniae). Separation of the patients according to aetiology created two groups for comparison: 16 patients with 2009 H1N1 infection (2009 H1N1 group) and 9 with bacterial/mixed infection (bacterial/mixed group) (Table 1). Three patients within the 2009 H1N1 group remain in the ICU. Comparison of the 2009 H1N1 and bacterial/mixed groups revealed the 2009 H1N1 group was significantly more likely to have bilateral chest X-ray infiltrates, lower APACHE scores, lower median white cell counts and more prolonged lengths of stay in ICU.\n",
            "cite_spans": [],
            "section": "Results",
            "ref_spans": [
                {
                    "start": 387,
                    "end": 388,
                    "mention": "1",
                    "ref_id": "TABREF0"
                }
            ]
        },
        {
            "text": "Following admission to ICU, the median day on which levels were first measured were day 2 [interquartile range (IQR) 1\u20133] for procalcitonin and day 1 (IQR 1\u20131) for CRP. Figure 1a, b demonstrates the initial procalcitonin and CRP values in the two groups on admission to ICU. In the 2009 H1N1 group, the median values for both procalcitonin (0.62 vs. 13.0 ng/ml, P = 0.002) and CRP (118 vs. 363 mg/l, P = 0.0001) were significantly lower than in the bacterial/mixed group. A cutoff of >0.8 ng/ml for procalcitonin best identified patients with bacterial/mixed infection [sensitivity 100%, specificity 62.5%, negative predictive value (NPV) 100%, positive predictive value (PPV) 60%]. For CRP a cutoff of >200 mg/l best identified patients with bacterial/mixed infection (sensitivity 100%, specificity 87.5%, NPV 100%, PPV 82%). Figure 2 presents the corresponding ROC curves for procalcitonin and CRP. The area under the ROC curve was 0.88 for procalcitonin [95% confidence interval (CI) 0.73\u20131.01] compared to 0.97 for CRP (CI 0.92\u20131.03). When used in combination, procalcitonin levels >0.8 ng/ml and CRP >200 mg/l had optimal sensitivity (100%), specificity (94%), NPV (100%) and PPV (90%) for the detection of patients with bacterial/mixed infection.\n\n",
            "cite_spans": [],
            "section": "Results",
            "ref_spans": [
                {
                    "start": 176,
                    "end": 177,
                    "mention": "1",
                    "ref_id": "FIGREF0"
                },
                {
                    "start": 834,
                    "end": 835,
                    "mention": "2",
                    "ref_id": "FIGREF1"
                }
            ]
        },
        {
            "text": "The two patients within the 2009 H1N1 group who died had higher mean procalcitonin values on admission to ICU compared to those who survived (14.5 vs. 1.7 ng/ml, P < 0.0001).",
            "cite_spans": [],
            "section": "Results",
            "ref_spans": []
        },
        {
            "text": "Experience using biomarkers as diagnostic and prognostic adjuncts during influenza pandemics is lacking. Studies describing the ability of procalcitonin or CRP to discriminate between viral and bacterial infections have included few patients with influenza or severe disease, limiting their applicability to the scenarios currently faced by intensivists. Animal models using the avian H5N1 or recombinant 1918 H1N1 virus have shown dysregulated cytokine production to be a feature during severe infection with these more virulent strains of influenza [10]. Although the interplay between cytokine production and procalcitonin is complex [11], our findings suggest that increased expression of this biomarker appears not to occur despite significant viral associated pneumonitis, and on occasions carditis and myositis. Interestingly, in a small case series from Singapore [12], patients ventilated because of severe SARS coronavirus infections demonstrated procalcitonin levels of <1.0 ng/ml, comparable to the results of our study.",
            "cite_spans": [
                {
                    "start": 552,
                    "end": 554,
                    "mention": "10",
                    "ref_id": "BIBREF1"
                },
                {
                    "start": 638,
                    "end": 640,
                    "mention": "11",
                    "ref_id": "BIBREF2"
                },
                {
                    "start": 873,
                    "end": 875,
                    "mention": "12",
                    "ref_id": "BIBREF3"
                }
            ],
            "section": "Discussion",
            "ref_spans": []
        },
        {
            "text": "The diagnostic utility of procalcitonin compared to CRP is disputed. A recent meta-analysis concluded procalcitonin was more accurate than CRP for the distinction between viral and bacterial infections [13]; however, performance may vary depending on microbial factors [14], severity of disease [8], clinical syndrome [13] and the cutoffs used [13]. In our study setting, when appropriate cutoffs were applied, both markers had potentially useful negative predictive values; however, the lower specificity of procalcitonin favoured CRP for identification of patients with bacterial/mixed infection. Contrary to previous attempts to use combinations of biomarkers to improve differentiation between viral and bacterial pneumonia [15], we found the combination of procalcitonin and CRP improved the distinction between the two groups.",
            "cite_spans": [
                {
                    "start": 203,
                    "end": 205,
                    "mention": "13",
                    "ref_id": "BIBREF4"
                },
                {
                    "start": 270,
                    "end": 272,
                    "mention": "14",
                    "ref_id": "BIBREF5"
                },
                {
                    "start": 296,
                    "end": 297,
                    "mention": "8",
                    "ref_id": "BIBREF15"
                },
                {
                    "start": 319,
                    "end": 321,
                    "mention": "13",
                    "ref_id": "BIBREF4"
                },
                {
                    "start": 345,
                    "end": 347,
                    "mention": "13",
                    "ref_id": "BIBREF4"
                },
                {
                    "start": 729,
                    "end": 731,
                    "mention": "15",
                    "ref_id": "BIBREF6"
                }
            ],
            "section": "Discussion",
            "ref_spans": []
        },
        {
            "text": "Our data suggested that 2009 H1N1-infected patients with higher procalcitonin levels had a worse prognosis. In the ICU setting, procalcitonin is known to have prognostic value [11] and, when combined with clinical judgement, may allow earlier cessation of antibiotic therapy [16]. Given the tendency to administer both anti-viral and anti-bacterial therapy to patients infected with 2009 H1N1, additional studies are required to determine whether low procalcitonin levels could safely be used to reduce antibiotic use in this setting.",
            "cite_spans": [
                {
                    "start": 177,
                    "end": 179,
                    "mention": "11",
                    "ref_id": "BIBREF2"
                },
                {
                    "start": 276,
                    "end": 278,
                    "mention": "16",
                    "ref_id": "BIBREF7"
                }
            ],
            "section": "Discussion",
            "ref_spans": []
        },
        {
            "text": "Small sample sizes and the retrospective nature of our study necessitate cautious interpretation of our results. We also acknowledge that, by limiting our study to those in whom a microbiologically confirmed viral or bacterial diagnosis was made, we may have created a bias towards two more easily discernible groups. Finally, an assessment of the relative value of biomarkers may have been enhanced by knowledge of their kinetics: a property known to favour procalcitonin over CRP [17].",
            "cite_spans": [
                {
                    "start": 483,
                    "end": 485,
                    "mention": "17",
                    "ref_id": "BIBREF8"
                }
            ],
            "section": "Discussion",
            "ref_spans": []
        },
        {
            "text": "In conclusion, our study suggests that in adults, measurement of procalcitonin levels assists in the discrimination between severe lower respiratory tract infection of bacterial and 2009 H1N1 origin, although less effectively than CRP. Low values, particularly when combined with low CRP values, suggest that bacterial infection, either alone or in combination with influenza, is unlikely. When combined with clinical judgement, this potentially identifies a group of patients in whom anti-bacterial therapy may be withheld.",
            "cite_spans": [],
            "section": "Discussion",
            "ref_spans": []
        }
    ],
    "ref_entries": {
        "TABREF0": {
            "text": "Table\u00a01: Demographic, clinical and laboratory features of the two groups\nSD standard deviation, IQR inter-quartile range, APACHE acute physiologic and chronic health evaluation, ECMO extracorporeal membrane oxygenation aSignificant difference",
            "type": "table"
        },
        "FIGREF0": {
            "text": "Fig.\u00a01: a Procalcitonin values on admission to ICU; b CRP values on admission to ICU",
            "type": "figure"
        },
        "FIGREF1": {
            "text": "Fig.\u00a02: ROC curves of procalcitonin and CRP for the detection of patients with bacterial/mixed infection on admission to ICU",
            "type": "figure"
        }
    },
    "back_matter": [],
    "bib_entries": {
        "BIBREF0": {
            "title": "Critical care services and 2009 H1N1 influenza in Australia and New Zealand",
            "authors": [
                {
                    "first": "SA",
                    "middle": [],
                    "last": "Webb",
                    "suffix": ""
                },
                {
                    "first": "V",
                    "middle": [],
                    "last": "Pettil\u00e4",
                    "suffix": ""
                },
                {
                    "first": "I",
                    "middle": [],
                    "last": "Seppelt",
                    "suffix": ""
                },
                {
                    "first": "R",
                    "middle": [],
                    "last": "Bellomo",
                    "suffix": ""
                },
                {
                    "first": "M",
                    "middle": [],
                    "last": "Bailey",
                    "suffix": ""
                },
                {
                    "first": "DJ",
                    "middle": [],
                    "last": "Cooper",
                    "suffix": ""
                },
                {
                    "first": "M",
                    "middle": [],
                    "last": "Cretikos",
                    "suffix": ""
                },
                {
                    "first": "AR",
                    "middle": [],
                    "last": "Davies",
                    "suffix": ""
                },
                {
                    "first": "S",
                    "middle": [],
                    "last": "Finfer",
                    "suffix": ""
                },
                {
                    "first": "PW",
                    "middle": [],
                    "last": "Harrigan",
                    "suffix": ""
                },
                {
                    "first": "GK",
                    "middle": [],
                    "last": "Hart",
                    "suffix": ""
                },
                {
                    "first": "B",
                    "middle": [],
                    "last": "Howe",
                    "suffix": ""
                },
                {
                    "first": "JR",
                    "middle": [],
                    "last": "Iredell",
                    "suffix": ""
                },
                {
                    "first": "C",
                    "middle": [],
                    "last": "McArthur",
                    "suffix": ""
                },
                {
                    "first": "I",
                    "middle": [],
                    "last": "Mitchell",
                    "suffix": ""
                },
                {
                    "first": "S",
                    "middle": [],
                    "last": "Morrison",
                    "suffix": ""
                },
                {
                    "first": "AD",
                    "middle": [],
                    "last": "Nichol",
                    "suffix": ""
                },
                {
                    "first": "DL",
                    "middle": [],
                    "last": "Paterson",
                    "suffix": ""
                },
                {
                    "first": "S",
                    "middle": [],
                    "last": "Peake",
                    "suffix": ""
                },
                {
                    "first": "B",
                    "middle": [],
                    "last": "Richards",
                    "suffix": ""
                },
                {
                    "first": "D",
                    "middle": [],
                    "last": "Stephens",
                    "suffix": ""
                },
                {
                    "first": "A",
                    "middle": [],
                    "last": "Turner",
                    "suffix": ""
                },
                {
                    "first": "M",
                    "middle": [],
                    "last": "Yung",
                    "suffix": ""
                }
            ],
            "year": 2009,
            "venue": "N Engl J Med",
            "volume": "361",
            "issn": "",
            "pages": "1991-1993",
            "other_ids": {
                "DOI": [
                    "10.1056/NEJMe0909666"
                ]
            }
        },
        "BIBREF1": {
            "title": "Early and sustained innate immune response defines pathology and death in nonhuman primates infected by highly pathogenic influenza virus",
            "authors": [
                {
                    "first": "CR",
                    "middle": [],
                    "last": "Baskin",
                    "suffix": ""
                },
                {
                    "first": "H",
                    "middle": [],
                    "last": "Bielefeldt-Ohmann",
                    "suffix": ""
                },
                {
                    "first": "TM",
                    "middle": [],
                    "last": "Tumpey",
                    "suffix": ""
                },
                {
                    "first": "PJ",
                    "middle": [],
                    "last": "Sabourin",
                    "suffix": ""
                },
                {
                    "first": "JP",
                    "middle": [],
                    "last": "Long",
                    "suffix": ""
                },
                {
                    "first": "A",
                    "middle": [],
                    "last": "Garc\u00eda-Sastre",
                    "suffix": ""
                },
                {
                    "first": "AE",
                    "middle": [],
                    "last": "Tolnay",
                    "suffix": ""
                },
                {
                    "first": "R",
                    "middle": [],
                    "last": "Albrecht",
                    "suffix": ""
                },
                {
                    "first": "JA",
                    "middle": [],
                    "last": "Pyles",
                    "suffix": ""
                },
                {
                    "first": "PH",
                    "middle": [],
                    "last": "Olson",
                    "suffix": ""
                },
                {
                    "first": "LD",
                    "middle": [],
                    "last": "Aicher",
                    "suffix": ""
                },
                {
                    "first": "ER",
                    "middle": [],
                    "last": "Rosenzweig",
                    "suffix": ""
                },
                {
                    "first": "K",
                    "middle": [],
                    "last": "Murali-Krishna",
                    "suffix": ""
                },
                {
                    "first": "EA",
                    "middle": [],
                    "last": "Clark",
                    "suffix": ""
                },
                {
                    "first": "MS",
                    "middle": [],
                    "last": "Kotur",
                    "suffix": ""
                },
                {
                    "first": "JL",
                    "middle": [],
                    "last": "Fornek",
                    "suffix": ""
                },
                {
                    "first": "S",
                    "middle": [],
                    "last": "Proll",
                    "suffix": ""
                },
                {
                    "first": "RE",
                    "middle": [],
                    "last": "Palermo",
                    "suffix": ""
                },
                {
                    "first": "CL",
                    "middle": [],
                    "last": "Sabourin",
                    "suffix": ""
                },
                {
                    "first": "MG",
                    "middle": [],
                    "last": "Katze",
                    "suffix": ""
                }
            ],
            "year": 2009,
            "venue": "Proc Natl Acad Sci",
            "volume": "106",
            "issn": "",
            "pages": "3455-3460",
            "other_ids": {
                "DOI": [
                    "10.1073/pnas.0813234106"
                ]
            }
        },
        "BIBREF2": {
            "title": "Biomarkers in respiratory tract infections: diagnostic guides to antibiotic prescription, prognostic markers and mediators",
            "authors": [
                {
                    "first": "M",
                    "middle": [],
                    "last": "Christ-Cain",
                    "suffix": ""
                },
                {
                    "first": "B",
                    "middle": [],
                    "last": "Muller",
                    "suffix": ""
                }
            ],
            "year": 2007,
            "venue": "Eur Respir J",
            "volume": "30",
            "issn": "",
            "pages": "556-573",
            "other_ids": {
                "DOI": [
                    "10.1183/09031936.00166106"
                ]
            }
        },
        "BIBREF3": {
            "title": "Procalcitonin in severe acute respiratory syndrome (SARS)",
            "authors": [
                {
                    "first": "A",
                    "middle": [],
                    "last": "Chua",
                    "suffix": ""
                },
                {
                    "first": "K",
                    "middle": [],
                    "last": "Lee",
                    "suffix": ""
                }
            ],
            "year": 2004,
            "venue": "J Infect",
            "volume": "48",
            "issn": "",
            "pages": "303-306",
            "other_ids": {
                "DOI": [
                    "10.1016/j.jinf.2004.01.015"
                ]
            }
        },
        "BIBREF4": {
            "title": "Serum procalcitonin and C-reactive protein levels as markers of bacterial infection: a systematic review and meta-analysis",
            "authors": [
                {
                    "first": "L",
                    "middle": [],
                    "last": "Simon",
                    "suffix": ""
                },
                {
                    "first": "F",
                    "middle": [],
                    "last": "Gauvin",
                    "suffix": ""
                },
                {
                    "first": "DK",
                    "middle": [],
                    "last": "Amre",
                    "suffix": ""
                },
                {
                    "first": "P",
                    "middle": [],
                    "last": "Saint-Louis",
                    "suffix": ""
                },
                {
                    "first": "J",
                    "middle": [],
                    "last": "Lacroix",
                    "suffix": ""
                }
            ],
            "year": 2004,
            "venue": "Clin Infect Dis",
            "volume": "39",
            "issn": "",
            "pages": "206-217",
            "other_ids": {
                "DOI": [
                    "10.1086/421997"
                ]
            }
        },
        "BIBREF5": {
            "title": "Procalcitonin in children admitted to hospital with community acquired pneumonia",
            "authors": [
                {
                    "first": "F",
                    "middle": [],
                    "last": "Moulin",
                    "suffix": ""
                },
                {
                    "first": "J",
                    "middle": [],
                    "last": "Raymond",
                    "suffix": ""
                },
                {
                    "first": "M",
                    "middle": [],
                    "last": "Lorrot",
                    "suffix": ""
                },
                {
                    "first": "E",
                    "middle": [],
                    "last": "Marc",
                    "suffix": ""
                },
                {
                    "first": "J",
                    "middle": [],
                    "last": "Coste",
                    "suffix": ""
                },
                {
                    "first": "JL",
                    "middle": [],
                    "last": "Iniguez",
                    "suffix": ""
                },
                {
                    "first": "G",
                    "middle": [],
                    "last": "Kalifa",
                    "suffix": ""
                },
                {
                    "first": "C",
                    "middle": [],
                    "last": "Bohuon",
                    "suffix": ""
                },
                {
                    "first": "D",
                    "middle": [],
                    "last": "Gendrel",
                    "suffix": ""
                }
            ],
            "year": 2001,
            "venue": "Arch Dis Child",
            "volume": "84",
            "issn": "",
            "pages": "332-336",
            "other_ids": {
                "DOI": [
                    "10.1136/adc.84.4.332"
                ]
            }
        },
        "BIBREF6": {
            "title": "Non-specific host response markers in the differentiation between pneumococcal and viral pneumonia: what is the most accurate combination?",
            "authors": [
                {
                    "first": "M",
                    "middle": [],
                    "last": "Korppi",
                    "suffix": ""
                }
            ],
            "year": 2004,
            "venue": "Pediatr Int",
            "volume": "46",
            "issn": "",
            "pages": "545-550",
            "other_ids": {
                "DOI": [
                    "10.1111/j.1442-200x.2004.01947.x"
                ]
            }
        },
        "BIBREF7": {
            "title": "Use of procalcitonin to shorten antibiotic treatment duration in septic patients",
            "authors": [
                {
                    "first": "V",
                    "middle": [],
                    "last": "Nobre",
                    "suffix": ""
                },
                {
                    "first": "S",
                    "middle": [],
                    "last": "Harbarth",
                    "suffix": ""
                },
                {
                    "first": "JD",
                    "middle": [],
                    "last": "Graf",
                    "suffix": ""
                },
                {
                    "first": "P",
                    "middle": [],
                    "last": "Rohner",
                    "suffix": ""
                },
                {
                    "first": "J",
                    "middle": [],
                    "last": "Pugin",
                    "suffix": ""
                }
            ],
            "year": 2008,
            "venue": "Am J Respir Crit Care Med",
            "volume": "177",
            "issn": "",
            "pages": "498-505",
            "other_ids": {
                "DOI": [
                    "10.1164/rccm.200708-1238OC"
                ]
            }
        },
        "BIBREF8": {
            "title": "Diagnostic and prognostic values of admission and procalcitonin levels in community-acquired pneumonia in an intensive care unit",
            "authors": [
                {
                    "first": "N",
                    "middle": [],
                    "last": "Boussekey",
                    "suffix": ""
                },
                {
                    "first": "O",
                    "middle": [],
                    "last": "Leroy",
                    "suffix": ""
                },
                {
                    "first": "H",
                    "middle": [],
                    "last": "Georges",
                    "suffix": ""
                },
                {
                    "first": "P",
                    "middle": [],
                    "last": "Devos",
                    "suffix": ""
                },
                {
                    "first": "T",
                    "middle": [],
                    "last": "d\u2019Escrivan",
                    "suffix": ""
                },
                {
                    "first": "B",
                    "middle": [],
                    "last": "Guery",
                    "suffix": ""
                }
            ],
            "year": 2005,
            "venue": "Infection",
            "volume": "33",
            "issn": "",
            "pages": "257-263",
            "other_ids": {
                "DOI": [
                    "10.1007/s15010-005-4096-2"
                ]
            }
        },
        "BIBREF9": {
            "title": "Pathogenesis and transmission of swine-origin 2009 A(H1N1) influenza virus in ferrets",
            "authors": [
                {
                    "first": "VJ",
                    "middle": [],
                    "last": "Munster",
                    "suffix": ""
                },
                {
                    "first": "E",
                    "middle": [],
                    "last": "de Wit",
                    "suffix": ""
                },
                {
                    "first": "JM",
                    "middle": [],
                    "last": "van den Brand",
                    "suffix": ""
                },
                {
                    "first": "S",
                    "middle": [],
                    "last": "Herfst",
                    "suffix": ""
                },
                {
                    "first": "EJ",
                    "middle": [],
                    "last": "Schrauwen",
                    "suffix": ""
                },
                {
                    "first": "TM",
                    "middle": [],
                    "last": "Bestebroer",
                    "suffix": ""
                },
                {
                    "first": "D",
                    "middle": [],
                    "last": "van de Vijver",
                    "suffix": ""
                },
                {
                    "first": "CA",
                    "middle": [],
                    "last": "Boucher",
                    "suffix": ""
                },
                {
                    "first": "M",
                    "middle": [],
                    "last": "Koopmans",
                    "suffix": ""
                },
                {
                    "first": "GF",
                    "middle": [],
                    "last": "Rimmelzwaan",
                    "suffix": ""
                },
                {
                    "first": "T",
                    "middle": [],
                    "last": "Kuiken",
                    "suffix": ""
                },
                {
                    "first": "AD",
                    "middle": [],
                    "last": "Osterhaus",
                    "suffix": ""
                },
                {
                    "first": "RA",
                    "middle": [],
                    "last": "Fouchier",
                    "suffix": ""
                }
            ],
            "year": 2009,
            "venue": "Science",
            "volume": "325",
            "issn": "",
            "pages": "481-483",
            "other_ids": {
                "DOI": []
            }
        },
        "BIBREF10": {
            "title": "Biological markers to determine eligibility in trials for community-acquired pneumonia: a focus on procalcitonin",
            "authors": [
                {
                    "first": "M",
                    "middle": [],
                    "last": "Niederman",
                    "suffix": ""
                }
            ],
            "year": 2008,
            "venue": "Clin Infect Dis",
            "volume": "47",
            "issn": "",
            "pages": "S127-S132",
            "other_ids": {
                "DOI": [
                    "10.1086/591393"
                ]
            }
        },
        "BIBREF11": {
            "title": "",
            "authors": [],
            "year": 2005,
            "venue": "Clin Infect Dis",
            "volume": "40",
            "issn": "",
            "pages": "1386-1388",
            "other_ids": {
                "DOI": []
            }
        },
        "BIBREF12": {
            "title": "Effect of procalcitonin-based guidelines vs standard guidelines on antibiotic use in lower respiratory tract infections",
            "authors": [
                {
                    "first": "P",
                    "middle": [],
                    "last": "Schuetz",
                    "suffix": ""
                },
                {
                    "first": "M",
                    "middle": [],
                    "last": "Christ-Crain",
                    "suffix": ""
                },
                {
                    "first": "R",
                    "middle": [],
                    "last": "Thomann",
                    "suffix": ""
                },
                {
                    "first": "C",
                    "middle": [],
                    "last": "Falconnier",
                    "suffix": ""
                },
                {
                    "first": "M",
                    "middle": [],
                    "last": "Wolbers",
                    "suffix": ""
                },
                {
                    "first": "I",
                    "middle": [],
                    "last": "Widmer",
                    "suffix": ""
                },
                {
                    "first": "S",
                    "middle": [],
                    "last": "Neidert",
                    "suffix": ""
                },
                {
                    "first": "T",
                    "middle": [],
                    "last": "Fricker",
                    "suffix": ""
                },
                {
                    "first": "C",
                    "middle": [],
                    "last": "Blum",
                    "suffix": ""
                },
                {
                    "first": "U",
                    "middle": [],
                    "last": "Schild",
                    "suffix": ""
                },
                {
                    "first": "K",
                    "middle": [],
                    "last": "Regez",
                    "suffix": ""
                },
                {
                    "first": "R",
                    "middle": [],
                    "last": "Schoenenberger",
                    "suffix": ""
                },
                {
                    "first": "C",
                    "middle": [],
                    "last": "Henzen",
                    "suffix": ""
                },
                {
                    "first": "T",
                    "middle": [],
                    "last": "Bregenzer",
                    "suffix": ""
                },
                {
                    "first": "C",
                    "middle": [],
                    "last": "Hoess",
                    "suffix": ""
                },
                {
                    "first": "M",
                    "middle": [],
                    "last": "Krause",
                    "suffix": ""
                },
                {
                    "first": "HC",
                    "middle": [],
                    "last": "Bucher",
                    "suffix": ""
                },
                {
                    "first": "W",
                    "middle": [],
                    "last": "Zimmerli",
                    "suffix": ""
                },
                {
                    "first": "B",
                    "middle": [],
                    "last": "Mueller",
                    "suffix": ""
                }
            ],
            "year": 2009,
            "venue": "JAMA",
            "volume": "302",
            "issn": "",
            "pages": "1059-1066",
            "other_ids": {
                "DOI": [
                    "10.1001/jama.2009.1297"
                ]
            }
        },
        "BIBREF13": {
            "title": "Comparison of procalcitonin with C-reactive protein, interleukin 6 and interferon-alpha for differentiation of bacterial versus viral infections",
            "authors": [
                {
                    "first": "D",
                    "middle": [],
                    "last": "Gendrel",
                    "suffix": ""
                },
                {
                    "first": "J",
                    "middle": [],
                    "last": "Raymond",
                    "suffix": ""
                },
                {
                    "first": "J",
                    "middle": [],
                    "last": "Coste",
                    "suffix": ""
                },
                {
                    "first": "F",
                    "middle": [],
                    "last": "Moulin",
                    "suffix": ""
                },
                {
                    "first": "M",
                    "middle": [],
                    "last": "Lorrot",
                    "suffix": ""
                },
                {
                    "first": "S",
                    "middle": [],
                    "last": "Gu\u00e9rin",
                    "suffix": ""
                },
                {
                    "first": "S",
                    "middle": [],
                    "last": "Ravilly",
                    "suffix": ""
                },
                {
                    "first": "H",
                    "middle": [],
                    "last": "Lef\u00e8vre",
                    "suffix": ""
                },
                {
                    "first": "C",
                    "middle": [],
                    "last": "Royer",
                    "suffix": ""
                },
                {
                    "first": "C",
                    "middle": [],
                    "last": "Lacombe",
                    "suffix": ""
                },
                {
                    "first": "P",
                    "middle": [],
                    "last": "Palmer",
                    "suffix": ""
                },
                {
                    "first": "C",
                    "middle": [],
                    "last": "Bohuon",
                    "suffix": ""
                }
            ],
            "year": 1999,
            "venue": "Pediatr Infect Dis J",
            "volume": "18",
            "issn": "",
            "pages": "875-881",
            "other_ids": {
                "DOI": [
                    "10.1097/00006454-199910000-00008"
                ]
            }
        },
        "BIBREF14": {
            "title": "Clinical characterisation of pneumonia caused by atypical pathogens combining classic and novel predictors",
            "authors": [
                {
                    "first": "M",
                    "middle": [],
                    "last": "Masi\u00e1",
                    "suffix": ""
                },
                {
                    "first": "F",
                    "middle": [],
                    "last": "Guti\u00e9rrez",
                    "suffix": ""
                },
                {
                    "first": "S",
                    "middle": [],
                    "last": "Padilla",
                    "suffix": ""
                },
                {
                    "first": "B",
                    "middle": [],
                    "last": "Sold\u00e1n",
                    "suffix": ""
                },
                {
                    "first": "C",
                    "middle": [],
                    "last": "Mirete",
                    "suffix": ""
                },
                {
                    "first": "C",
                    "middle": [],
                    "last": "Shum",
                    "suffix": ""
                },
                {
                    "first": "I",
                    "middle": [],
                    "last": "Hern\u00e1ndez",
                    "suffix": ""
                },
                {
                    "first": "G",
                    "middle": [],
                    "last": "Royo",
                    "suffix": ""
                },
                {
                    "first": "A",
                    "middle": [],
                    "last": "Martin-Hidalgo",
                    "suffix": ""
                }
            ],
            "year": 2007,
            "venue": "Clin Microbiol Infect",
            "volume": "13",
            "issn": "",
            "pages": "153-161",
            "other_ids": {
                "DOI": [
                    "10.1111/j.1469-0691.2006.01629.x"
                ]
            }
        },
        "BIBREF15": {
            "title": "Usefulness of procalcitonin levels in community-acquired pneumonia according to the patients outcome research team pneumonia severity index",
            "authors": [
                {
                    "first": "M",
                    "middle": [],
                    "last": "Masi\u00e1",
                    "suffix": ""
                },
                {
                    "first": "F",
                    "middle": [],
                    "last": "Guti\u00e9rrez",
                    "suffix": ""
                },
                {
                    "first": "C",
                    "middle": [],
                    "last": "Shum",
                    "suffix": ""
                },
                {
                    "first": "S",
                    "middle": [],
                    "last": "Padilla",
                    "suffix": ""
                },
                {
                    "first": "JC",
                    "middle": [],
                    "last": "Navarro",
                    "suffix": ""
                },
                {
                    "first": "E",
                    "middle": [],
                    "last": "Flores",
                    "suffix": ""
                },
                {
                    "first": "I",
                    "middle": [],
                    "last": "Hern\u00e1ndez",
                    "suffix": ""
                }
            ],
            "year": 2005,
            "venue": "Chest",
            "volume": "128",
            "issn": "",
            "pages": "2223-2229",
            "other_ids": {
                "DOI": [
                    "10.1378/chest.128.4.2223"
                ]
            }
        },
        "BIBREF16": {
            "title": "Accuracy of procalcitonin for sepsis diagnosis in critically ill patients: systematic review and meta-analysis",
            "authors": [
                {
                    "first": "BM",
                    "middle": [],
                    "last": "Tang",
                    "suffix": ""
                },
                {
                    "first": "GD",
                    "middle": [],
                    "last": "Eslick",
                    "suffix": ""
                },
                {
                    "first": "JC",
                    "middle": [],
                    "last": "Craig",
                    "suffix": ""
                },
                {
                    "first": "AS",
                    "middle": [],
                    "last": "McLean",
                    "suffix": ""
                }
            ],
            "year": 2007,
            "venue": "Lancet Infect Dis",
            "volume": "7",
            "issn": "",
            "pages": "210-217",
            "other_ids": {
                "DOI": [
                    "10.1016/S1473-3099(07)70052-X"
                ]
            }
        }
    }
}