{
    "paper_id": "PMC7087075",
    "metadata": {
        "title": "First complete genome sequence of parainfluenza virus 5 isolated from lesser panda",
        "authors": [
            {
                "first": "Jun-Qiong",
                "middle": [],
                "last": "Zhai",
                "suffix": "",
                "email": "858816315@qq.com",
                "affiliation": {}
            },
            {
                "first": "Shao-Lun",
                "middle": [],
                "last": "Zhai",
                "suffix": "",
                "email": "zhaishaolun@163.com",
                "affiliation": {}
            },
            {
                "first": "Tao",
                "middle": [],
                "last": "Lin",
                "suffix": "",
                "email": "tao.lin@sdstate.edu",
                "affiliation": {}
            },
            {
                "first": "Jian-Kui",
                "middle": [],
                "last": "Liu",
                "suffix": "",
                "email": "liujiankui99@qq.com",
                "affiliation": {}
            },
            {
                "first": "He-Xing",
                "middle": [],
                "last": "Wang",
                "suffix": "",
                "email": "377797222@qq.com",
                "affiliation": {}
            },
            {
                "first": "Bing",
                "middle": [],
                "last": "Li",
                "suffix": "",
                "email": "267054410@qq.com",
                "affiliation": {}
            },
            {
                "first": "He",
                "middle": [],
                "last": "Zhang",
                "suffix": "",
                "email": "zhanghejt@163.com",
                "affiliation": {}
            },
            {
                "first": "Shu-Zhan",
                "middle": [],
                "last": "Zou",
                "suffix": "",
                "email": "1171869161@qq.com",
                "affiliation": {}
            },
            {
                "first": "Xia",
                "middle": [],
                "last": "Zhou",
                "suffix": "",
                "email": "1198869886@qq.com",
                "affiliation": {}
            },
            {
                "first": "Meng-Fan",
                "middle": [],
                "last": "Wu",
                "suffix": "",
                "email": "820907612@qq.com",
                "affiliation": {}
            },
            {
                "first": "Wu",
                "middle": [],
                "last": "Chen",
                "suffix": "",
                "email": "guangzhouchenwu@sina.com",
                "affiliation": {}
            },
            {
                "first": "Man-Lin",
                "middle": [],
                "last": "Luo",
                "suffix": "",
                "email": "710510116@qq.com",
                "affiliation": {}
            }
        ]
    },
    "body_text": [
        {
            "text": "During the years of 2014\u20132016, fourteen representative clinical samples from ornamental animals (including four lesser pandas, one northeast tiger, one south China tiger, four Panthera leo and four ring-tailed lemurs) were collected from Guangzhou zoo in Guangdong province, southern China. Clinical manifestations of the animals included coughing with thin nasal fluid and a slightly elevated temperature. One lesser panda died, and its necropsy identified the presence of lobular pneumonia in the lungs. Nasal swabs and lung samples were stored at \u221280 \u00b0C until use.",
            "cite_spans": [],
            "section": "Provenance of virus materials ::: Introduction",
            "ref_spans": []
        },
        {
            "text": "Fourteen samples were tested for the possible presence of three respiratory-related pathogens (including PIV5, canine distemper virus, and coronavirus) by RT-PCR according to previous studies [27, 28]. The results revealed the positive presence of PIV5 nucleotides in the lesser panda samples. The lung samples from the lesser panda were then homogenized in 10% (w/v) sterile phosphate-buffered saline (PBS, pH 7.4), and centrifuged at 10,000 \u00d7 g for 5 min at 4 \u00b0C. The supernatants were filtered aseptically (0.22 \u03bcm pore size) and the filtrates (500 \u03bcl) were inoculated onto Vero cell monolayers in a 25-cm2 cell culture flask. After viral attachment for 2 h at 37 \u00b0C, unattached viruses were removed by gentle washing with PBS and the cells were maintained in Dulbecco\u2019s minimal essential medium (DMEM, Gibco), containing 2% fetal bovine serum (FBS, Gibco) and 1% antibiotic-antimitotic, at 37 \u00b0C in a 5% CO2 atmosphere. The viral cultures were harvested when the cytopathic effects (CPE) reached 80% coverage and then stored at \u221280 \u00b0C [25]. In order to observe the virus particles, the cell suspensions were centrifuged at 1,000 rpm for 10 min, and then fixed using 2.5 ~ 3% glutaraldehyde fixation fluid for about 4 h at 4 \u00b0C in a refrigerator. Finally, they were submitted to the electron microscope center, South China Agricultural University for processing.",
            "cite_spans": [
                {
                    "start": 193,
                    "end": 195,
                    "mention": "27",
                    "ref_id": "BIBREF19"
                },
                {
                    "start": 197,
                    "end": 199,
                    "mention": "28",
                    "ref_id": "BIBREF20"
                },
                {
                    "start": 1040,
                    "end": 1042,
                    "mention": "25",
                    "ref_id": "BIBREF17"
                }
            ],
            "section": "Provenance of virus materials ::: Introduction",
            "ref_spans": []
        },
        {
            "text": "RNA extraction of positive homogenates was performed using the MiniBEST Universal RNA Extraction Kit (TaKaRa), and viral RNA was reverse transcribed into first-strand cDNA with a random primer (5\u2032-NNNNNN-3\u2032) using the PrimeScript first strand cDNA Synthesis Kit (TaKaRa). PCR was then used to amplify the full-length genome sequences using 12 pairs of primers listed in Table S1. Positive PCR products were purified (MiniBEST Agarose Gel DNA Extraction Kit, TaKaRa) and cloned into the pMD19-T vector (TaKaRa). Positive recombinant plasmids were further sequenced using the Sanger sequencing method (BGI Inc., Guangzhou branch). Sequence alignment and phylogenetic analysis based on different rubulavirus species sequences (Table 1) was performed using DNAStar Lasergene 7.10 (Madison, WI, USA) and MEGA 5 (http://www.megasoftware.net) [34].\n",
            "cite_spans": [
                {
                    "start": 837,
                    "end": 839,
                    "mention": "34",
                    "ref_id": "BIBREF27"
                }
            ],
            "section": "Provenance of virus materials ::: Introduction",
            "ref_spans": [
                {
                    "start": 730,
                    "end": 731,
                    "mention": "1",
                    "ref_id": "TABREF0"
                }
            ]
        },
        {
            "text": "In comparison with uninfected cells (Fig. S1a), Vero cells inoculated with PIV5-positive samples showed demonstrable CPE by passage 3 (Fig. S1b). One viral strain (named ZJQ-221) was thus obtained. Further observation by electron microscopy found that the isolated ZJQ-221 strain was spherical and had a diameter of 50-200 nm that is similar to, and characteristic of, paramyxoviruses (Fig. S1c). Moreover, through sequencing, the full-length genome sequence (15,246 nucleotides, nt) of ZJQ-221 was obtained, which included a 3\u2032 leader sequence (55 nt), seven non-overlapping encoding sequences (i.e., NP gene at positions 152-1681, V/P gene at positions 1850-2518, M gene at positions 3141-4274, F gene at positions 4530-6185, SH gene at positions 6303-6437, HN gene at positions 6584-8281 and L gene at positions 8414-15181, respectively) and a 5\u2032 trailer sequence (31 nt). Complete genome sequence alignments showed that ZJQ-221 had the highest nucleotide similarity (~ 99.8%) with a PIV5 strain of canine-origin (1168-1, GenBank accession no. KC237064) from South Korea and the lowest nucleotide similarity (~ 97.2%) with a PIV5 strain of canine-origin (D277, GenBank accession no. KC237065), respectively (Table S2). Between 1168-1 and ZJQ-221, there were 3-nt, 4-nt, 2-nt, 4-nt, 5-nt, 10-nt and 1-nt differences in the 3\u2032 leader, NP, M, F, HN, L and 5\u2032 trailer, respectively. At the amino acid level, they differed at the following positions: NP (Glu \u2192 Gly at position 108), M (Glu \u2192 Ala at position 375), F (Val \u2192 Ala, Thr \u2192 Ala, Gln \u2192 Arg and Asp \u2192 Ala at positions 134, 279, 339 and 445, respectively), HN (Leu \u2192 Ser, Phe \u2192 Leu, and Asn \u2192 Thr at positions 15, 210 and 288, respectively), and L (Arg \u2192 Lys and Arg \u2192 Leu at positions 1631 and 2248). In addition, the SH protein was not present in some PIV5 strains due to nucleotide substitution, such as KUN-11 (KC852177), SER (JQ743328), CC14 (KP893891) PV5-BC14 (KM067467) and AGS (KX060176), implying that the protein is not essential for PIV5 infection in pigs, dogs, calves and cells [25, 29, 30, 32, 33]. However, the ZJQ-221 strain had a SH protein and was thus different from the above-mentioned PIV5 strains. Furthermore, phylogenetic analysis (Fig. 1) was performed based on the complete genome sequences of different species of rubulaviruses. In the phylogenetic tree, ZJQ-221 and 1168-1 shared the closest genetic relationship and were clustered in the same branch (Fig. 1).\n",
            "cite_spans": [
                {
                    "start": 2048,
                    "end": 2050,
                    "mention": "25",
                    "ref_id": "BIBREF17"
                },
                {
                    "start": 2052,
                    "end": 2054,
                    "mention": "29",
                    "ref_id": "BIBREF21"
                },
                {
                    "start": 2056,
                    "end": 2058,
                    "mention": "30",
                    "ref_id": "BIBREF23"
                },
                {
                    "start": 2060,
                    "end": 2062,
                    "mention": "32",
                    "ref_id": "BIBREF25"
                },
                {
                    "start": 2064,
                    "end": 2066,
                    "mention": "33",
                    "ref_id": "BIBREF26"
                }
            ],
            "section": "Sequence properties ::: Introduction",
            "ref_spans": [
                {
                    "start": 2217,
                    "end": 2218,
                    "mention": "1",
                    "ref_id": "FIGREF0"
                },
                {
                    "start": 2441,
                    "end": 2442,
                    "mention": "1",
                    "ref_id": "FIGREF0"
                }
            ]
        },
        {
            "text": "To the best of our knowledge, very little data about PIV5 infections in zoo animals is available. In this study, we tested whether PIV5 infections are present in lesser pandas, northeast tigers, south China tigers, Panthera leo and ring-tailed lemurs. While the RT-PCR results showed that only lesser panda samples were positive for PIV5, due to the limited number of animal samples collected in the zoo, we believe that PIV5 might not be restricted to lesser pandas. In fact, a previous study showed antibodies against PIV5 exist in zoo tigers [35]. Moreover, PIV5 nucleotide sequences were also detected in nasal swab samples from northeast tiger and south China tiger collected in 2016 in the same zoo, and their F genes were close to the lesser panda-origin PIV5 strain described here (data not shown). This suggests that PIV5 is a common pathogen in zoo animals, and might play an important causal role in the respiratory diseases of zoo animals.",
            "cite_spans": [
                {
                    "start": 546,
                    "end": 548,
                    "mention": "35",
                    "ref_id": "BIBREF28"
                }
            ],
            "section": "Sequence properties ::: Introduction",
            "ref_spans": []
        },
        {
            "text": "In summary, we have identified a novel PIV5 isolate in lesser panda and performed whole genome sequencing, indicating that this mammal may act as a possible natural reservoir for this virus. This study contributes to the epidemiology and genomics of PIV5, and suggests an urgent need to strengthen viral surveillance and control of PIV5 in zoo animals.",
            "cite_spans": [],
            "section": "Sequence properties ::: Introduction",
            "ref_spans": []
        },
        {
            "text": "\nNucleotide sequence accession number: The complete genome sequence of the ZJQ-221 isolate has been deposited in GenBank under the accession number KX100034.",
            "cite_spans": [],
            "section": "Sequence properties ::: Introduction",
            "ref_spans": []
        }
    ],
    "ref_entries": {
        "TABREF0": {
            "text": "Table\u00a01: Sequence information for the different rubulavirus species used in this study\n* Not available",
            "type": "table"
        },
        "FIGREF0": {
            "text": "Fig.\u00a01: Phylogenetic analysis of ZJQ-221 and other rubulaviruses. A phylogenetic tree based on the complete genome sequences of different rubulavirus species was constructed using the Maximum-likelihood method. ZJQ-221 is displayed using a red solid box. Different rubulavirus species within the Rubulavirus genus are marked using blue solid boxes. The origins of the different viral strains or isolates are indicated with different symbols",
            "type": "figure"
        }
    },
    "back_matter": [],
    "bib_entries": {
        "BIBREF0": {
            "title": "Measles, mumps, rubella, and human parvovirus B19 infections and neurologic disease",
            "authors": [
                {
                    "first": "JF",
                    "middle": [],
                    "last": "Bale",
                    "suffix": "Jr"
                }
            ],
            "year": 2014,
            "venue": "Handb Clin Neurol",
            "volume": "121",
            "issn": "",
            "pages": "1345-1353",
            "other_ids": {
                "DOI": [
                    "10.1016/B978-0-7020-4088-7.00091-2"
                ]
            }
        },
        "BIBREF1": {
            "title": "Parainfluenza virus type 5 (PIV-5) morphology revealed by cryo-electron microscopy",
            "authors": [
                {
                    "first": "O",
                    "middle": [],
                    "last": "Terrier",
                    "suffix": ""
                },
                {
                    "first": "JP",
                    "middle": [],
                    "last": "Rolland",
                    "suffix": ""
                },
                {
                    "first": "M",
                    "middle": [],
                    "last": "Rosa-Calatrava",
                    "suffix": ""
                },
                {
                    "first": "B",
                    "middle": [],
                    "last": "Lina",
                    "suffix": ""
                },
                {
                    "first": "D",
                    "middle": [],
                    "last": "Thomas",
                    "suffix": ""
                },
                {
                    "first": "V",
                    "middle": [],
                    "last": "Moules",
                    "suffix": ""
                }
            ],
            "year": 2009,
            "venue": "Virus Res",
            "volume": "142",
            "issn": "",
            "pages": "200-203",
            "other_ids": {
                "DOI": [
                    "10.1016/j.virusres.2008.12.017"
                ]
            }
        },
        "BIBREF2": {
            "title": "Nucleotide sequence analysis of the simian virus 41 gene encoding the large (l) protein and construction of a phylogenetic tree for the l proteins of paramyxoviruses",
            "authors": [
                {
                    "first": "M",
                    "middle": [],
                    "last": "Ogawa",
                    "suffix": ""
                },
                {
                    "first": "N",
                    "middle": [],
                    "last": "Mutsuga",
                    "suffix": ""
                },
                {
                    "first": "M",
                    "middle": [],
                    "last": "Tsurudome",
                    "suffix": ""
                },
                {
                    "first": "M",
                    "middle": [],
                    "last": "Kawano",
                    "suffix": ""
                },
                {
                    "first": "H",
                    "middle": [],
                    "last": "Matsumura",
                    "suffix": ""
                },
                {
                    "first": "S",
                    "middle": [],
                    "last": "Kusagawa",
                    "suffix": ""
                },
                {
                    "first": "H",
                    "middle": [],
                    "last": "Komada",
                    "suffix": ""
                },
                {
                    "first": "M",
                    "middle": [],
                    "last": "Nishio",
                    "suffix": ""
                },
                {
                    "first": "Y",
                    "middle": [],
                    "last": "Ito",
                    "suffix": ""
                }
            ],
            "year": 1992,
            "venue": "J Gen Virol",
            "volume": "73",
            "issn": "",
            "pages": "2743-2750",
            "other_ids": {
                "DOI": [
                    "10.1099/0022-1317-73-10-2743"
                ]
            }
        },
        "BIBREF3": {
            "title": "The genome length of human parainfluenza virus type 2 follows the rule of six, and recombinant viruses recovered from non-polyhexameric-length antigenomic cDNAs contain a biased distribution of correcting mutations",
            "authors": [
                {
                    "first": "MH",
                    "middle": [],
                    "last": "Skiadopoulos",
                    "suffix": ""
                },
                {
                    "first": "L",
                    "middle": [],
                    "last": "Vogel",
                    "suffix": ""
                },
                {
                    "first": "JM",
                    "middle": [],
                    "last": "Riggs",
                    "suffix": ""
                },
                {
                    "first": "SR",
                    "middle": [],
                    "last": "Surman",
                    "suffix": ""
                },
                {
                    "first": "PL",
                    "middle": [],
                    "last": "Collins",
                    "suffix": ""
                },
                {
                    "first": "BR",
                    "middle": [],
                    "last": "Murphy",
                    "suffix": ""
                }
            ],
            "year": 2003,
            "venue": "J Virol",
            "volume": "77",
            "issn": "",
            "pages": "270-279",
            "other_ids": {
                "DOI": [
                    "10.1128/JVI.77.1.270-279.2003"
                ]
            }
        },
        "BIBREF4": {
            "title": "Completion of the full-length genome sequence of human parainfluenza virus types 4A and 4B: sequence analysis of the large protein genes and gene start, intergenic and end sequences",
            "authors": [
                {
                    "first": "H",
                    "middle": [],
                    "last": "Komada",
                    "suffix": ""
                },
                {
                    "first": "M",
                    "middle": [],
                    "last": "Kawano",
                    "suffix": ""
                },
                {
                    "first": "A",
                    "middle": [],
                    "last": "Uefuji",
                    "suffix": ""
                },
                {
                    "first": "M",
                    "middle": [],
                    "last": "Ito",
                    "suffix": ""
                },
                {
                    "first": "M",
                    "middle": [],
                    "last": "Tsurudome",
                    "suffix": ""
                },
                {
                    "first": "E",
                    "middle": [],
                    "last": "Hatakeyama",
                    "suffix": ""
                },
                {
                    "first": "M",
                    "middle": [],
                    "last": "Nakanishi",
                    "suffix": ""
                },
                {
                    "first": "S",
                    "middle": [],
                    "last": "Sakue",
                    "suffix": ""
                },
                {
                    "first": "C",
                    "middle": [],
                    "last": "Joh",
                    "suffix": ""
                },
                {
                    "first": "E",
                    "middle": [],
                    "last": "Suzumura",
                    "suffix": ""
                },
                {
                    "first": "T",
                    "middle": [],
                    "last": "Tamaki",
                    "suffix": ""
                },
                {
                    "first": "T",
                    "middle": [],
                    "last": "Tomioka",
                    "suffix": ""
                },
                {
                    "first": "M",
                    "middle": [],
                    "last": "Nishio",
                    "suffix": ""
                },
                {
                    "first": "H",
                    "middle": [],
                    "last": "Tsumura",
                    "suffix": ""
                },
                {
                    "first": "J",
                    "middle": [],
                    "last": "Uematsu",
                    "suffix": ""
                },
                {
                    "first": "H",
                    "middle": [],
                    "last": "Yamamoto",
                    "suffix": ""
                },
                {
                    "first": "M",
                    "middle": [],
                    "last": "O\u2019Brien",
                    "suffix": ""
                },
                {
                    "first": "H",
                    "middle": [],
                    "last": "Bando",
                    "suffix": ""
                },
                {
                    "first": "Y",
                    "middle": [],
                    "last": "Ito",
                    "suffix": ""
                }
            ],
            "year": 2011,
            "venue": "Arch Virol",
            "volume": "156",
            "issn": "",
            "pages": "161-166",
            "other_ids": {
                "DOI": [
                    "10.1007/s00705-010-0834-6"
                ]
            }
        },
        "BIBREF5": {
            "title": "Complete nucleotide sequence of a mumps virus genotype I strain isolated in Korea",
            "authors": [
                {
                    "first": "JY",
                    "middle": [],
                    "last": "Lee",
                    "suffix": ""
                },
                {
                    "first": "BK",
                    "middle": [],
                    "last": "Na",
                    "suffix": ""
                },
                {
                    "first": "HD",
                    "middle": [],
                    "last": "Lee",
                    "suffix": ""
                },
                {
                    "first": "SW",
                    "middle": [],
                    "last": "Chang",
                    "suffix": ""
                },
                {
                    "first": "KA",
                    "middle": [],
                    "last": "Kim",
                    "suffix": ""
                },
                {
                    "first": "JH",
                    "middle": [],
                    "last": "Kim",
                    "suffix": ""
                },
                {
                    "first": "HW",
                    "middle": [],
                    "last": "Cho",
                    "suffix": ""
                },
                {
                    "first": "J",
                    "middle": [],
                    "last": "Kim",
                    "suffix": ""
                },
                {
                    "first": "C",
                    "middle": [],
                    "last": "Kang",
                    "suffix": ""
                }
            ],
            "year": 2004,
            "venue": "Virus Genes.",
            "volume": "28",
            "issn": "2",
            "pages": "201-205",
            "other_ids": {
                "DOI": [
                    "10.1023/B:VIRU.0000016859.04203.88"
                ]
            }
        },
        "BIBREF6": {
            "title": "Comparative analysis of the complete nucleotide sequences of measles, mumps, and rubella strain genomes contained in Priorix-Tetra and ProQuad live attenuated combined vaccines",
            "authors": [
                {
                    "first": "SL",
                    "middle": [],
                    "last": "Tillieux",
                    "suffix": ""
                },
                {
                    "first": "WS",
                    "middle": [],
                    "last": "Halsey",
                    "suffix": ""
                },
                {
                    "first": "GM",
                    "middle": [],
                    "last": "Sathe",
                    "suffix": ""
                },
                {
                    "first": "V",
                    "middle": [],
                    "last": "Vassilev",
                    "suffix": ""
                }
            ],
            "year": 2009,
            "venue": "Vaccine",
            "volume": "27",
            "issn": "",
            "pages": "2265-2273",
            "other_ids": {
                "DOI": [
                    "10.1016/j.vaccine.2009.01.112"
                ]
            }
        },
        "BIBREF7": {
            "title": "Full-length genome sequence and genetic relationship of two paramyxoviruses isolated from bat and pigs in the Americas",
            "authors": [
                {
                    "first": "LF",
                    "middle": [],
                    "last": "Wang",
                    "suffix": ""
                },
                {
                    "first": "E",
                    "middle": [],
                    "last": "Hansson",
                    "suffix": ""
                },
                {
                    "first": "M",
                    "middle": [],
                    "last": "Yu",
                    "suffix": ""
                },
                {
                    "first": "KB",
                    "middle": [],
                    "last": "Chua",
                    "suffix": ""
                },
                {
                    "first": "N",
                    "middle": [],
                    "last": "Mathe",
                    "suffix": ""
                },
                {
                    "first": "G",
                    "middle": [],
                    "last": "Crameri",
                    "suffix": ""
                },
                {
                    "first": "BK",
                    "middle": [],
                    "last": "Rima",
                    "suffix": ""
                },
                {
                    "first": "J",
                    "middle": [],
                    "last": "Moreno-L\u00f3pez",
                    "suffix": ""
                },
                {
                    "first": "BT",
                    "middle": [],
                    "last": "Eaton",
                    "suffix": ""
                }
            ],
            "year": 2007,
            "venue": "Arch Virol",
            "volume": "152",
            "issn": "",
            "pages": "1259-1271",
            "other_ids": {
                "DOI": [
                    "10.1007/s00705-007-0959-4"
                ]
            }
        },
        "BIBREF8": {
            "title": "An outbreak of canine distemper virus in tigers (Panthera tigris): possible transmission from wild animals to zoo animals",
            "authors": [
                {
                    "first": "Y",
                    "middle": [],
                    "last": "Nagao",
                    "suffix": ""
                },
                {
                    "first": "Y",
                    "middle": [],
                    "last": "Nishio",
                    "suffix": ""
                },
                {
                    "first": "H",
                    "middle": [],
                    "last": "Shiomoda",
                    "suffix": ""
                },
                {
                    "first": "S",
                    "middle": [],
                    "last": "Tamaru",
                    "suffix": ""
                },
                {
                    "first": "M",
                    "middle": [],
                    "last": "Shimojima",
                    "suffix": ""
                },
                {
                    "first": "M",
                    "middle": [],
                    "last": "Goto",
                    "suffix": ""
                },
                {
                    "first": "Y",
                    "middle": [],
                    "last": "Une",
                    "suffix": ""
                },
                {
                    "first": "A",
                    "middle": [],
                    "last": "Sato",
                    "suffix": ""
                },
                {
                    "first": "Y",
                    "middle": [],
                    "last": "Ikebe",
                    "suffix": ""
                },
                {
                    "first": "K",
                    "middle": [],
                    "last": "Maeda",
                    "suffix": ""
                }
            ],
            "year": 2012,
            "venue": "J Vet Med Sci",
            "volume": "74",
            "issn": "",
            "pages": "699-705",
            "other_ids": {
                "DOI": [
                    "10.1292/jvms.11-0509"
                ]
            }
        },
        "BIBREF9": {
            "title": "Impact and Epidemiological Investigations into the Incursion and Spread of Peste des Petits Ruminants in the Comoros Archipelago: an increased threat to surrounding Islands",
            "authors": [
                {
                    "first": "C",
                    "middle": [],
                    "last": "C\u00eatre-Sossah",
                    "suffix": ""
                },
                {
                    "first": "O",
                    "middle": [],
                    "last": "Kwiatek",
                    "suffix": ""
                },
                {
                    "first": "A",
                    "middle": [],
                    "last": "Faharoudine",
                    "suffix": ""
                },
                {
                    "first": "M",
                    "middle": [],
                    "last": "Soul\u00e9",
                    "suffix": ""
                },
                {
                    "first": "YO",
                    "middle": [],
                    "last": "Moutroifi",
                    "suffix": ""
                },
                {
                    "first": "MA",
                    "middle": [],
                    "last": "Vrel",
                    "suffix": ""
                },
                {
                    "first": "H",
                    "middle": [],
                    "last": "Salami",
                    "suffix": ""
                },
                {
                    "first": "S",
                    "middle": [],
                    "last": "Rassoul",
                    "suffix": ""
                },
                {
                    "first": "M",
                    "middle": [],
                    "last": "Asnaoui",
                    "suffix": ""
                },
                {
                    "first": "Y",
                    "middle": [],
                    "last": "Moindjie",
                    "suffix": ""
                },
                {
                    "first": "E",
                    "middle": [],
                    "last": "Albina",
                    "suffix": ""
                },
                {
                    "first": "G",
                    "middle": [],
                    "last": "Libeau",
                    "suffix": ""
                },
                {
                    "first": "E",
                    "middle": [],
                    "last": "Cardinale",
                    "suffix": ""
                }
            ],
            "year": 2016,
            "venue": "Transbound Emerg Dis",
            "volume": "63",
            "issn": "",
            "pages": "452-459",
            "other_ids": {
                "DOI": [
                    "10.1111/tbed.12296"
                ]
            }
        },
        "BIBREF10": {
            "title": "Nipah virus: a recently emergent deadly paramyxovirus",
            "authors": [
                {
                    "first": "KB",
                    "middle": [],
                    "last": "Chua",
                    "suffix": ""
                },
                {
                    "first": "WJ",
                    "middle": [],
                    "last": "Bellini",
                    "suffix": ""
                },
                {
                    "first": "PA",
                    "middle": [],
                    "last": "Rota",
                    "suffix": ""
                },
                {
                    "first": "BH",
                    "middle": [],
                    "last": "Harcourt",
                    "suffix": ""
                },
                {
                    "first": "A",
                    "middle": [],
                    "last": "Tamin",
                    "suffix": ""
                },
                {
                    "first": "SK",
                    "middle": [],
                    "last": "Lam",
                    "suffix": ""
                },
                {
                    "first": "TG",
                    "middle": [],
                    "last": "Ksiazek",
                    "suffix": ""
                },
                {
                    "first": "PE",
                    "middle": [],
                    "last": "Rollin",
                    "suffix": ""
                },
                {
                    "first": "SR",
                    "middle": [],
                    "last": "Zaki",
                    "suffix": ""
                },
                {
                    "first": "W",
                    "middle": [],
                    "last": "Shieh",
                    "suffix": ""
                },
                {
                    "first": "CS",
                    "middle": [],
                    "last": "Goldsmith",
                    "suffix": ""
                },
                {
                    "first": "DJ",
                    "middle": [],
                    "last": "Gubler",
                    "suffix": ""
                },
                {
                    "first": "JT",
                    "middle": [],
                    "last": "Roehrig",
                    "suffix": ""
                },
                {
                    "first": "B",
                    "middle": [],
                    "last": "Eaton",
                    "suffix": ""
                },
                {
                    "first": "AR",
                    "middle": [],
                    "last": "Gould",
                    "suffix": ""
                },
                {
                    "first": "J",
                    "middle": [],
                    "last": "Olson",
                    "suffix": ""
                },
                {
                    "first": "H",
                    "middle": [],
                    "last": "Field",
                    "suffix": ""
                },
                {
                    "first": "P",
                    "middle": [],
                    "last": "Daniels",
                    "suffix": ""
                },
                {
                    "first": "AE",
                    "middle": [],
                    "last": "Ling",
                    "suffix": ""
                },
                {
                    "first": "CJ",
                    "middle": [],
                    "last": "Peters",
                    "suffix": ""
                },
                {
                    "first": "LJ",
                    "middle": [],
                    "last": "Anderson",
                    "suffix": ""
                },
                {
                    "first": "BW",
                    "middle": [],
                    "last": "Mahy",
                    "suffix": ""
                }
            ],
            "year": 2000,
            "venue": "Science",
            "volume": "288",
            "issn": "",
            "pages": "1432-1435",
            "other_ids": {
                "DOI": [
                    "10.1126/science.288.5470.1432"
                ]
            }
        },
        "BIBREF11": {
            "title": "Temporal, geographic, and host distribution of avian paramyxovirus 1 (Newcastle disease virus)",
            "authors": [
                {
                    "first": "KM",
                    "middle": [],
                    "last": "Dimitrov",
                    "suffix": ""
                },
                {
                    "first": "AM",
                    "middle": [],
                    "last": "Ramey",
                    "suffix": ""
                },
                {
                    "first": "X",
                    "middle": [],
                    "last": "Qiu",
                    "suffix": ""
                },
                {
                    "first": "J",
                    "middle": [],
                    "last": "Bahl",
                    "suffix": ""
                },
                {
                    "first": "CL",
                    "middle": [],
                    "last": "Afonso",
                    "suffix": ""
                }
            ],
            "year": 2016,
            "venue": "Infect Genet Evol",
            "volume": "39",
            "issn": "",
            "pages": "22-34",
            "other_ids": {
                "DOI": [
                    "10.1016/j.meegid.2016.01.008"
                ]
            }
        },
        "BIBREF12": {
            "title": "Canine distemper outbreak in raccoons suggests pathogen interspecies transmission amongst alien and native carnivores in urban areas from Germany",
            "authors": [
                {
                    "first": "Z",
                    "middle": [],
                    "last": "Renter\u00eda-Sol\u00eds",
                    "suffix": ""
                },
                {
                    "first": "C",
                    "middle": [],
                    "last": "F\u00f6rster",
                    "suffix": ""
                },
                {
                    "first": "A",
                    "middle": [],
                    "last": "Aue",
                    "suffix": ""
                },
                {
                    "first": "U",
                    "middle": [],
                    "last": "Wittstatt",
                    "suffix": ""
                },
                {
                    "first": "G",
                    "middle": [],
                    "last": "Wibbelt",
                    "suffix": ""
                },
                {
                    "first": "M",
                    "middle": [],
                    "last": "K\u00f6nig",
                    "suffix": ""
                }
            ],
            "year": 2014,
            "venue": "Vet Microbiol",
            "volume": "174",
            "issn": "",
            "pages": "50-59",
            "other_ids": {
                "DOI": [
                    "10.1016/j.vetmic.2014.08.034"
                ]
            }
        },
        "BIBREF13": {
            "title": "Epidemiological perspectives on Hendra virus infection in horses and flying foxes",
            "authors": [
                {
                    "first": "HE",
                    "middle": [],
                    "last": "Field",
                    "suffix": ""
                },
                {
                    "first": "AC",
                    "middle": [],
                    "last": "Breed",
                    "suffix": ""
                },
                {
                    "first": "J",
                    "middle": [],
                    "last": "Shield",
                    "suffix": ""
                },
                {
                    "first": "RM",
                    "middle": [],
                    "last": "Hedlefs",
                    "suffix": ""
                },
                {
                    "first": "K",
                    "middle": [],
                    "last": "Pittard",
                    "suffix": ""
                },
                {
                    "first": "B",
                    "middle": [],
                    "last": "Pott",
                    "suffix": ""
                },
                {
                    "first": "PM",
                    "middle": [],
                    "last": "Summers",
                    "suffix": ""
                }
            ],
            "year": 2007,
            "venue": "Aust Vet J",
            "volume": "85",
            "issn": "",
            "pages": "268-270",
            "other_ids": {
                "DOI": [
                    "10.1111/j.1751-0813.2007.00170.x"
                ]
            }
        },
        "BIBREF14": {
            "title": "Relationships and host range of human, canine, simian and porcine isolates of simian virus 5 (parainfluenza virus 5)",
            "authors": [
                {
                    "first": "N",
                    "middle": [],
                    "last": "Chatziandreou",
                    "suffix": ""
                },
                {
                    "first": "N",
                    "middle": [],
                    "last": "Stock",
                    "suffix": ""
                },
                {
                    "first": "D",
                    "middle": [],
                    "last": "Young",
                    "suffix": ""
                },
                {
                    "first": "J",
                    "middle": [],
                    "last": "Andrejeva",
                    "suffix": ""
                },
                {
                    "first": "K",
                    "middle": [],
                    "last": "Hagmaier",
                    "suffix": ""
                },
                {
                    "first": "DJ",
                    "middle": [],
                    "last": "McGeoch",
                    "suffix": ""
                },
                {
                    "first": "RE",
                    "middle": [],
                    "last": "Randall",
                    "suffix": ""
                }
            ],
            "year": 2004,
            "venue": "J Gen Virol",
            "volume": "85",
            "issn": "",
            "pages": "3007-3016",
            "other_ids": {
                "DOI": [
                    "10.1099/vir.0.80200-0"
                ]
            }
        },
        "BIBREF15": {
            "title": "Parainfluenza-5 virus. Infection of man and animal",
            "authors": [
                {
                    "first": "GD",
                    "middle": [],
                    "last": "Hsiung",
                    "suffix": ""
                }
            ],
            "year": 1972,
            "venue": "Prog Med Virol",
            "volume": "14",
            "issn": "",
            "pages": "241-274",
            "other_ids": {
                "DOI": []
            }
        },
        "BIBREF16": {
            "title": "Isolation of novel bovine parainfluenza virus type 5 (bPIV5) and its incidence in Korean cattle",
            "authors": [
                {
                    "first": "DK",
                    "middle": [],
                    "last": "Yang",
                    "suffix": ""
                },
                {
                    "first": "JJ",
                    "middle": [],
                    "last": "Nah",
                    "suffix": ""
                },
                {
                    "first": "HH",
                    "middle": [],
                    "last": "Kim",
                    "suffix": ""
                },
                {
                    "first": "SS",
                    "middle": [],
                    "last": "Choi",
                    "suffix": ""
                },
                {
                    "first": "YC",
                    "middle": [],
                    "last": "Bae",
                    "suffix": ""
                },
                {
                    "first": "JW",
                    "middle": [],
                    "last": "Park",
                    "suffix": ""
                },
                {
                    "first": "JY",
                    "middle": [],
                    "last": "Song",
                    "suffix": ""
                }
            ],
            "year": 2014,
            "venue": "Korean J Vet Res",
            "volume": "54",
            "issn": "",
            "pages": "107-112",
            "other_ids": {
                "DOI": [
                    "10.14405/kjvr.2014.54.2.107"
                ]
            }
        },
        "BIBREF17": {
            "title": "Parainfluenza Virus 5 as possible cause of severe respiratory disease in Calves, China",
            "authors": [
                {
                    "first": "Y",
                    "middle": [],
                    "last": "Liu",
                    "suffix": ""
                },
                {
                    "first": "N",
                    "middle": [],
                    "last": "Li",
                    "suffix": ""
                },
                {
                    "first": "S",
                    "middle": [],
                    "last": "Zhang",
                    "suffix": ""
                },
                {
                    "first": "F",
                    "middle": [],
                    "last": "Zhang",
                    "suffix": ""
                },
                {
                    "first": "H",
                    "middle": [],
                    "last": "Lian",
                    "suffix": ""
                },
                {
                    "first": "R",
                    "middle": [],
                    "last": "Hu",
                    "suffix": ""
                }
            ],
            "year": 2015,
            "venue": "Emerg Infect Dis",
            "volume": "21",
            "issn": "",
            "pages": "2242-2244",
            "other_ids": {
                "DOI": [
                    "10.3201/eid2112.141111"
                ]
            }
        },
        "BIBREF18": {
            "title": "Acute encephalitis and hydrocephalus in dogs caused by canine parainfluenza virus",
            "authors": [
                {
                    "first": "WK",
                    "middle": [],
                    "last": "Baumg\u00e4rtner",
                    "suffix": ""
                },
                {
                    "first": "S",
                    "middle": [],
                    "last": "Krakowka",
                    "suffix": ""
                },
                {
                    "first": "A",
                    "middle": [],
                    "last": "Koestner",
                    "suffix": ""
                },
                {
                    "first": "J",
                    "middle": [],
                    "last": "Evermann",
                    "suffix": ""
                }
            ],
            "year": 1982,
            "venue": "Vet Pathol",
            "volume": "19",
            "issn": "",
            "pages": "79-92",
            "other_ids": {
                "DOI": [
                    "10.1177/030098588201900111"
                ]
            }
        },
        "BIBREF19": {
            "title": "RT-PCR and sequence analysis of the full-length fusion protein of Canine Distemper Virus from domestic dogs",
            "authors": [
                {
                    "first": "C",
                    "middle": [],
                    "last": "Romanutti",
                    "suffix": ""
                },
                {
                    "first": "M",
                    "middle": [],
                    "last": "Gallo Calder\u00f3n",
                    "suffix": ""
                },
                {
                    "first": "L",
                    "middle": [],
                    "last": "Keller",
                    "suffix": ""
                },
                {
                    "first": "N",
                    "middle": [],
                    "last": "Mattion",
                    "suffix": ""
                },
                {
                    "first": "J",
                    "middle": [],
                    "last": "La Torre",
                    "suffix": ""
                }
            ],
            "year": 2016,
            "venue": "J Virol Methods",
            "volume": "228",
            "issn": "",
            "pages": "79-83",
            "other_ids": {
                "DOI": [
                    "10.1016/j.jviromet.2015.11.011"
                ]
            }
        },
        "BIBREF20": {
            "title": "Molecular surveillance of traditional and emerging pathogens associated with canine infectious respiratory disease",
            "authors": [
                {
                    "first": "N",
                    "middle": [],
                    "last": "Decaro",
                    "suffix": ""
                },
                {
                    "first": "V",
                    "middle": [],
                    "last": "Mari",
                    "suffix": ""
                },
                {
                    "first": "V",
                    "middle": [],
                    "last": "Larocca",
                    "suffix": ""
                },
                {
                    "first": "M",
                    "middle": [],
                    "last": "Losurdo",
                    "suffix": ""
                },
                {
                    "first": "G",
                    "middle": [],
                    "last": "Lanave",
                    "suffix": ""
                },
                {
                    "first": "MS",
                    "middle": [],
                    "last": "Lucente",
                    "suffix": ""
                },
                {
                    "first": "M",
                    "middle": [],
                    "last": "Corrente",
                    "suffix": ""
                },
                {
                    "first": "C",
                    "middle": [],
                    "last": "Catella",
                    "suffix": ""
                },
                {
                    "first": "S",
                    "middle": [],
                    "last": "Bo",
                    "suffix": ""
                },
                {
                    "first": "G",
                    "middle": [],
                    "last": "Elia",
                    "suffix": ""
                },
                {
                    "first": "G",
                    "middle": [],
                    "last": "Torre",
                    "suffix": ""
                },
                {
                    "first": "E",
                    "middle": [],
                    "last": "Grandolfo",
                    "suffix": ""
                },
                {
                    "first": "V",
                    "middle": [],
                    "last": "Martella",
                    "suffix": ""
                },
                {
                    "first": "C",
                    "middle": [],
                    "last": "Buonavoglia",
                    "suffix": ""
                }
            ],
            "year": 2016,
            "venue": "Vet Microbiol",
            "volume": "192",
            "issn": "",
            "pages": "21-25",
            "other_ids": {
                "DOI": [
                    "10.1016/j.vetmic.2016.06.009"
                ]
            }
        },
        "BIBREF21": {
            "title": "Stability of the parainfluenza virus 5 genome revealed by deep sequencing of strains isolated from different hosts and following passage in cell culture",
            "authors": [
                {
                    "first": "BK",
                    "middle": [],
                    "last": "Rima",
                    "suffix": ""
                },
                {
                    "first": "D",
                    "middle": [],
                    "last": "Gatherer",
                    "suffix": ""
                },
                {
                    "first": "DF",
                    "middle": [],
                    "last": "Young",
                    "suffix": ""
                },
                {
                    "first": "H",
                    "middle": [],
                    "last": "Norsted",
                    "suffix": ""
                },
                {
                    "first": "RE",
                    "middle": [],
                    "last": "Randall",
                    "suffix": ""
                },
                {
                    "first": "AJ",
                    "middle": [],
                    "last": "Davison",
                    "suffix": ""
                }
            ],
            "year": 2014,
            "venue": "J Virol",
            "volume": "88",
            "issn": "",
            "pages": "3826-3836",
            "other_ids": {
                "DOI": [
                    "10.1128/JVI.03351-13"
                ]
            }
        },
        "BIBREF22": {
            "title": "Genome characterization and phylogenetic analysis of a lineage IV peste des petits ruminants virus in southern China",
            "authors": [
                {
                    "first": "XP",
                    "middle": [],
                    "last": "Li",
                    "suffix": ""
                },
                {
                    "first": "SL",
                    "middle": [],
                    "last": "Zhai",
                    "suffix": ""
                },
                {
                    "first": "DS",
                    "middle": [],
                    "last": "He",
                    "suffix": ""
                },
                {
                    "first": "PJ",
                    "middle": [],
                    "last": "Guo",
                    "suffix": ""
                },
                {
                    "first": "DH",
                    "middle": [],
                    "last": "Lv",
                    "suffix": ""
                },
                {
                    "first": "XH",
                    "middle": [],
                    "last": "Wen",
                    "suffix": ""
                },
                {
                    "first": "ML",
                    "middle": [],
                    "last": "Luo",
                    "suffix": ""
                },
                {
                    "first": "RA",
                    "middle": [],
                    "last": "Chen",
                    "suffix": ""
                },
                {
                    "first": "WK",
                    "middle": [],
                    "last": "Wei",
                    "suffix": ""
                }
            ],
            "year": 2015,
            "venue": "Virus Genes",
            "volume": "51",
            "issn": "",
            "pages": "361-366",
            "other_ids": {
                "DOI": [
                    "10.1007/s11262-015-1249-y"
                ]
            }
        },
        "BIBREF23": {
            "title": "The complete genome sequencing and analysis of canine parainfluenza virus strain CC-14",
            "authors": [
                {
                    "first": "S",
                    "middle": [],
                    "last": "Gao",
                    "suffix": ""
                },
                {
                    "first": "H",
                    "middle": [],
                    "last": "Jin",
                    "suffix": ""
                },
                {
                    "first": "S",
                    "middle": [],
                    "last": "Zhang",
                    "suffix": ""
                },
                {
                    "first": "Y",
                    "middle": [],
                    "last": "Liu",
                    "suffix": ""
                },
                {
                    "first": "R",
                    "middle": [],
                    "last": "Hu",
                    "suffix": ""
                }
            ],
            "year": 2015,
            "venue": "Chin J Prev Vet Med",
            "volume": "37",
            "issn": "",
            "pages": "802-804",
            "other_ids": {
                "DOI": []
            }
        },
        "BIBREF24": {
            "title": "Molecular characteristics of canine parainfluenza viruses type 5 (CPIV-5) isolated in Korea",
            "authors": [
                {
                    "first": "JK",
                    "middle": [],
                    "last": "Oem",
                    "suffix": ""
                },
                {
                    "first": "SH",
                    "middle": [],
                    "last": "Kim",
                    "suffix": ""
                },
                {
                    "first": "YH",
                    "middle": [],
                    "last": "Kim",
                    "suffix": ""
                },
                {
                    "first": "MH",
                    "middle": [],
                    "last": "Lee",
                    "suffix": ""
                },
                {
                    "first": "KK",
                    "middle": [],
                    "last": "Lee",
                    "suffix": ""
                }
            ],
            "year": 2015,
            "venue": "Can J Vet Res",
            "volume": "79",
            "issn": "",
            "pages": "64-67",
            "other_ids": {
                "DOI": []
            }
        },
        "BIBREF25": {
            "title": "Complete genome sequence of a novel porcine parainfluenza virus 5 isolate in Korea",
            "authors": [
                {
                    "first": "YN",
                    "middle": [],
                    "last": "Lee",
                    "suffix": ""
                },
                {
                    "first": "C",
                    "middle": [],
                    "last": "Lee",
                    "suffix": ""
                }
            ],
            "year": 2013,
            "venue": "Arch Virol",
            "volume": "158",
            "issn": "",
            "pages": "1765-1772",
            "other_ids": {
                "DOI": [
                    "10.1007/s00705-013-1770-z"
                ]
            }
        },
        "BIBREF26": {
            "title": "Genome sequence of the parainfluenza virus 5 strain that persistently infects AGS cells",
            "authors": [
                {
                    "first": "E",
                    "middle": [],
                    "last": "Wignall-Fleming",
                    "suffix": ""
                },
                {
                    "first": "DF",
                    "middle": [],
                    "last": "Young",
                    "suffix": ""
                },
                {
                    "first": "S",
                    "middle": [],
                    "last": "Goodbourn",
                    "suffix": ""
                },
                {
                    "first": "AJ",
                    "middle": [],
                    "last": "Davison",
                    "suffix": ""
                },
                {
                    "first": "RE",
                    "middle": [],
                    "last": "Randall",
                    "suffix": ""
                }
            ],
            "year": 2016,
            "venue": "Genome Announc",
            "volume": "4",
            "issn": "",
            "pages": null,
            "other_ids": {
                "DOI": [
                    "10.1128/genomeA.00653-16"
                ]
            }
        },
        "BIBREF27": {
            "title": "MEGA5: molecular evolutionary genetics analysis using maximum likelihood, evolutionary distance, and maximum parsimony methods",
            "authors": [
                {
                    "first": "K",
                    "middle": [],
                    "last": "Tamura",
                    "suffix": ""
                },
                {
                    "first": "D",
                    "middle": [],
                    "last": "Peterson",
                    "suffix": ""
                },
                {
                    "first": "N",
                    "middle": [],
                    "last": "Peterson",
                    "suffix": ""
                },
                {
                    "first": "G",
                    "middle": [],
                    "last": "Stecher",
                    "suffix": ""
                },
                {
                    "first": "M",
                    "middle": [],
                    "last": "Nei",
                    "suffix": ""
                },
                {
                    "first": "S",
                    "middle": [],
                    "last": "Kumar",
                    "suffix": ""
                }
            ],
            "year": 2011,
            "venue": "Mol Biol Evol",
            "volume": "28",
            "issn": "",
            "pages": "2731-2739",
            "other_ids": {
                "DOI": [
                    "10.1093/molbev/msr121"
                ]
            }
        },
        "BIBREF28": {
            "title": "Seroepidemiological investigation of caine parinfluenza virus in tiger",
            "authors": [
                {
                    "first": "H",
                    "middle": [],
                    "last": "Sun",
                    "suffix": ""
                },
                {
                    "first": "X",
                    "middle": [],
                    "last": "Xia",
                    "suffix": ""
                },
                {
                    "first": "Y",
                    "middle": [],
                    "last": "Gao",
                    "suffix": ""
                },
                {
                    "first": "W",
                    "middle": [],
                    "last": "He",
                    "suffix": ""
                },
                {
                    "first": "L",
                    "middle": [],
                    "last": "Wang",
                    "suffix": ""
                },
                {
                    "first": "Huang",
                    "middle": [
                        "G"
                    ],
                    "last": "Liu",
                    "suffix": ""
                }
            ],
            "year": 2004,
            "venue": "Anim Husb Vet Med",
            "volume": "36",
            "issn": "",
            "pages": "4-5",
            "other_ids": {
                "DOI": []
            }
        },
        "BIBREF29": {
            "title": "Diversity of susceptible hosts in canine distemper virus infection: a systematic review and data synthesis",
            "authors": [
                {
                    "first": "M",
                    "middle": [],
                    "last": "Martinez-Gutierrez",
                    "suffix": ""
                },
                {
                    "first": "J",
                    "middle": [],
                    "last": "Ruiz-Saenz",
                    "suffix": ""
                }
            ],
            "year": 2016,
            "venue": "BMC Vet Res",
            "volume": "12",
            "issn": "",
            "pages": null,
            "other_ids": {
                "DOI": [
                    "10.1186/s12917-016-0702-z"
                ]
            }
        },
        "BIBREF30": {
            "title": "New viral agents recovered from tissue cultures of monkey cells. I. Origin and properties of cytopathogenic agents SV1, SV2, SV4, SV5, SV6, SV11, SV12 and SV15",
            "authors": [
                {
                    "first": "RN",
                    "middle": [],
                    "last": "Hull",
                    "suffix": ""
                },
                {
                    "first": "JR",
                    "middle": [],
                    "last": "Minner",
                    "suffix": ""
                },
                {
                    "first": "JW",
                    "middle": [],
                    "last": "Smith",
                    "suffix": ""
                }
            ],
            "year": 1956,
            "venue": "Am J Hyg",
            "volume": "63",
            "issn": "",
            "pages": "204-215",
            "other_ids": {
                "DOI": []
            }
        },
        "BIBREF31": {
            "title": "Multiplication of a myxovirus (SV5) with minimal cytopathic effects and without interference",
            "authors": [
                {
                    "first": "PW",
                    "middle": [],
                    "last": "Choppin",
                    "suffix": ""
                }
            ],
            "year": 1964,
            "venue": "Virology",
            "volume": "23",
            "issn": "",
            "pages": "224-233",
            "other_ids": {
                "DOI": [
                    "10.1016/0042-6822(64)90286-7"
                ]
            }
        },
        "BIBREF32": {
            "title": "Properties of an encephalitogenic canine parainfluenza virus",
            "authors": [
                {
                    "first": "JF",
                    "middle": [],
                    "last": "Evermann",
                    "suffix": ""
                },
                {
                    "first": "S",
                    "middle": [],
                    "last": "Krakowka",
                    "suffix": ""
                },
                {
                    "first": "AJ",
                    "middle": [],
                    "last": "McKeirnan",
                    "suffix": ""
                },
                {
                    "first": "W",
                    "middle": [],
                    "last": "Baumg\u00e4rtner",
                    "suffix": ""
                }
            ],
            "year": 1981,
            "venue": "Arch Virol",
            "volume": "68",
            "issn": "",
            "pages": "165-172",
            "other_ids": {
                "DOI": [
                    "10.1007/BF01314569"
                ]
            }
        },
        "BIBREF33": {
            "title": "Recovery of infectious SV5 from cloned DNA and expression of a foreign gene",
            "authors": [
                {
                    "first": "B",
                    "middle": [],
                    "last": "He",
                    "suffix": ""
                },
                {
                    "first": "RG",
                    "middle": [],
                    "last": "Paterson",
                    "suffix": ""
                },
                {
                    "first": "CD",
                    "middle": [],
                    "last": "Ward",
                    "suffix": ""
                },
                {
                    "first": "RA",
                    "middle": [],
                    "last": "Lamb",
                    "suffix": ""
                }
            ],
            "year": 1997,
            "venue": "Virology",
            "volume": "237",
            "issn": "",
            "pages": "249-260",
            "other_ids": {
                "DOI": [
                    "10.1006/viro.1997.8801"
                ]
            }
        },
        "BIBREF34": {
            "title": "The morphology of SV5 virus",
            "authors": [
                {
                    "first": "PW",
                    "middle": [],
                    "last": "Choppin",
                    "suffix": ""
                },
                {
                    "first": "W",
                    "middle": [],
                    "last": "Stoeckenius",
                    "suffix": ""
                }
            ],
            "year": 1964,
            "venue": "Virology",
            "volume": "23",
            "issn": "",
            "pages": "195-202",
            "other_ids": {
                "DOI": [
                    "10.1016/0042-6822(64)90282-X"
                ]
            }
        }
    }
}