{
    "paper_id": "PMC7087954",
    "metadata": {
        "title": "The construction of a hospital disease tracking and control system with a disease infection probability model",
        "authors": [
            {
                "first": "Yi",
                "middle": [
                    "Chao"
                ],
                "last": "Huang",
                "suffix": "",
                "email": "tyh1332@mail.npust.du.tw",
                "affiliation": {}
            },
            {
                "first": "Qianyi",
                "middle": [],
                "last": "Xie",
                "suffix": "",
                "email": null,
                "affiliation": {}
            }
        ]
    },
    "body_text": [
        {
            "text": "Due to a massive outbreak of severe acute respiratory syndrome (SARS) in Asia, the World Health Organization (WHO) announced in April 2003 that SARS was caused by a new variant of coronavirus, officially named the \u201cSARS-Cov\u201d (Peris-Lopez et al. 2011). After the SARS epidemic, human cases of a new influenza A (H1N1) were initially reported in Mexico in 2009. Infection with influenza A (H1N1) virus is defined as acute febrile respiratory illness with laboratory-confirmed positive results (Viviani et al. 2011). Since the 2009 outbreak of the flu influenza in North America, suspected H1N1 cases have continually been reported in other continents. Though the H1N1 epidemic may not lead to worse consequences than SARS (Lau et al. 2009), in view of the fact that infectious diseases spread rapidly in densely polluted areas, proper quarantine and other preventive measures should be taken immediately to curb the spread of the influenza virus. To detect potential routes of disease transmission, the hospital can use radio frequency identification (RFID) technology to develop a tracking and control system that monitors the infected patients. Based on the dynamic records of patients and medical personnel inside the hospital, data analysis (Chien et al. 2007; Hsu and Chien 2007) and a tree structure algorithm can be applied to reconstruct the transmission routes, and then calculate the infection probability by modes of transmission. The disease control personnel can notify the hospital\u2019s disease reporting system to have the identification data of the suspected case entered into the tracking and control system. Then the control personnel can determine probability variables based on the spread of infection, while accessing the RFID data stored in the tracking and control system to know people\u2019s whereabouts and movements. The infection probability of all people going in and out the hospital could thus be calculated in no time to find out who might have been infected and proceed with proper treatment. After identifying exposure sources and suspected cases, infection control personnel will be able to enforce isolation or quarantine and sanitize all affected areas in hope to stop the virus infection from spreading.",
            "cite_spans": [
                {
                    "start": 245,
                    "end": 249,
                    "mention": "2011",
                    "ref_id": "BIBREF19"
                },
                {
                    "start": 507,
                    "end": 511,
                    "mention": "2011",
                    "ref_id": "BIBREF27"
                },
                {
                    "start": 732,
                    "end": 736,
                    "mention": "2009",
                    "ref_id": "BIBREF9"
                },
                {
                    "start": 1257,
                    "end": 1261,
                    "mention": "2007",
                    "ref_id": "BIBREF37"
                },
                {
                    "start": 1277,
                    "end": 1281,
                    "mention": "2007",
                    "ref_id": "BIBREF5"
                }
            ],
            "section": "Introduction",
            "ref_spans": []
        },
        {
            "text": "Minimum Spanning Tree algorithms, widely applied in complex network design, have also been adopted to minimize risk in solving NP-hard problems (Chen et al. 2009). Integrating tree diagrams with network nodes, a composite neighborhood structure was proposed, using a dynamic programming algorithm for fast and efficient proximity search on large graphs (Ahuja et al. 2003). Besides, spanning tree and genetic algorithms were combined to optimize the system and tackle regional network problems (Gen et al. 2005). Capacitated Minimum Spanning Tree and fuzzy logic rules were also applied to develop a rapid approximate inference algorithm that, with uncertain cost and demand parameters, keeps each node from exceeding gross demand restrictions in order to achieve cost minimization (\u00d6ncan 2007). Decision tree algorithms likewise search in the format of a branching diagram that supports classification, linear regression and association analysis. An optimal decision tree represents an effective search strategy that performs only a minimum number of node queries and thus involves the least search time. Dynamic programming is often adopted to help reduce the time complexity of the algorithm (Cicalese et al. 2011). In supervised classification training, for instance, decision graphs have been found to significantly enhance the efficiency of classification models constructed for wireless network planning (Nielsen et al. 2009). In clinical and epidemiological analysis, tree diagrams have also been used to formulate classification rules that help clinical practitioners to distinguish between clusters of signs and symptoms and quickly reach a diagnosis (Marshall 2001). The literature review above shows that tree diagrams have been widely applied in research on search path optimization and data classification, and can clearly demonstrate association rules and hierarchical structures of data. Therefore, this research adopted a tree diagram algorithm to find connections between virus carriers and the infected patients inside the hospital.",
            "cite_spans": [
                {
                    "start": 157,
                    "end": 161,
                    "mention": "2009",
                    "ref_id": "BIBREF36"
                },
                {
                    "start": 367,
                    "end": 371,
                    "mention": "2003",
                    "ref_id": "BIBREF0"
                },
                {
                    "start": 506,
                    "end": 510,
                    "mention": "2005",
                    "ref_id": "BIBREF4"
                },
                {
                    "start": 789,
                    "end": 793,
                    "mention": "2007",
                    "ref_id": "BIBREF17"
                },
                {
                    "start": 1212,
                    "end": 1216,
                    "mention": "2011",
                    "ref_id": "BIBREF38"
                },
                {
                    "start": 1427,
                    "end": 1431,
                    "mention": "2009",
                    "ref_id": "BIBREF15"
                },
                {
                    "start": 1671,
                    "end": 1675,
                    "mention": "2001",
                    "ref_id": "BIBREF13"
                }
            ],
            "section": "Tree diagram ::: Literature review",
            "ref_spans": []
        },
        {
            "text": "Radio frequency identification (RFID) technology, which uses radio waves to identify and track people or objects (Najera et al. 2011), can be encapsulated or implanted into products to withstand harsh environments. With penetrating signals, RFID can detect position and distance. Scholars (Akp\u0131nar and Kaptan 2010) found that RFID tags can serve as portable databases that allow easy and quick access to information. RFID technology is the best choice for automation systems. Already ranked among the most important technologies in the global industries of the future, RFID finds a wide range of applications in diverse industries, such as the high-tech industry, localization (Zhou and Shi 2009), information service industry (Tian et al. 2002), manufacturing sectors (Zhang et al. 2012; Qu et al. 2012), retail sectors, healthcare and logistics. Most RFID applications are involved in storage management and the manufacturing process (Tzeng et al. 2008; Brewer et al. 1999; Huang et al. 2008).",
            "cite_spans": [
                {
                    "start": 128,
                    "end": 132,
                    "mention": "2011",
                    "ref_id": "BIBREF14"
                },
                {
                    "start": 309,
                    "end": 313,
                    "mention": "2010",
                    "ref_id": "BIBREF11"
                },
                {
                    "start": 691,
                    "end": 695,
                    "mention": "2009",
                    "ref_id": "BIBREF32"
                },
                {
                    "start": 740,
                    "end": 744,
                    "mention": "2002",
                    "ref_id": "BIBREF25"
                },
                {
                    "start": 783,
                    "end": 787,
                    "mention": "2012",
                    "ref_id": "BIBREF31"
                },
                {
                    "start": 799,
                    "end": 803,
                    "mention": "2012",
                    "ref_id": "BIBREF20"
                },
                {
                    "start": 950,
                    "end": 954,
                    "mention": "2008",
                    "ref_id": "BIBREF26"
                },
                {
                    "start": 970,
                    "end": 974,
                    "mention": "1999",
                    "ref_id": "BIBREF22"
                },
                {
                    "start": 989,
                    "end": 993,
                    "mention": "2008",
                    "ref_id": "BIBREF6"
                }
            ],
            "section": "RFID applications ::: Literature review",
            "ref_spans": []
        },
        {
            "text": "With the increasing emphasis on patient security and medical quality in healthcare, RFID technology has also been broadly implemented in healthcare facilities, such as medical equipment monitoring or real-time locating systems, anti-theft devices, identity tags for patients and medical personnel, drug anti-counterfeiting mechanisms (Wertheimer and Norris 2009). Most of these RFID applications are used for tracking and identity recognition to ensure that patients receive needed medical care and to support disease control (Kumar et al. 2009). Meanwhile, through visual images and RFID tags attached to predefined objects, healthcare personnel could also deliver home care services to dementia patients and have a better understanding of the patients\u2019 behavior (Wherton and Monk 2008). Besides, RFID could help to deal with events involving great complexity, such as monitoring and tracking patients\u2019 body temperatures, so much so that, in case of emergency, medical personnel could make professional judgement decisions immediately based on collected data (Yao et al. 2011). RFID can also be applied to medical inventory management. Without incurring any extra costs, RFID technology is capable of providing continuous review of inventory, which has been proven superior to the periodic review of barcode technology (\u00c7ak\u0131c\u0131 et al. 2011). In medication management, RFID has been used to enhance inpatient medication safety through a wireless network system for automated tracking of prescription drugs (Ohashi et al. 2010). With continuous, real-time information regarding the clinical situations and patients\u2019 location, hospital pharmacy personnel could differentiate batch number, dosage, and usage of drugs to reduce dispensing errors, while nurses could correctly identify patients, administer medication on time, and keep track of drug delivery routes (Peris-Lopez et al. 2011).\n",
            "cite_spans": [
                {
                    "start": 357,
                    "end": 361,
                    "mention": "2009",
                    "ref_id": "BIBREF28"
                },
                {
                    "start": 540,
                    "end": 544,
                    "mention": "2009",
                    "ref_id": "BIBREF7"
                },
                {
                    "start": 782,
                    "end": 786,
                    "mention": "2008",
                    "ref_id": "BIBREF29"
                },
                {
                    "start": 1072,
                    "end": 1076,
                    "mention": "2011",
                    "ref_id": "BIBREF30"
                },
                {
                    "start": 1335,
                    "end": 1339,
                    "mention": "2011",
                    "ref_id": "BIBREF34"
                },
                {
                    "start": 1520,
                    "end": 1524,
                    "mention": "2010",
                    "ref_id": "BIBREF16"
                },
                {
                    "start": 1880,
                    "end": 1884,
                    "mention": "2011",
                    "ref_id": "BIBREF19"
                }
            ],
            "section": "RFID applications ::: Literature review",
            "ref_spans": []
        },
        {
            "text": "Infectious disease transmission may occur either by direct or indirect contact. Direct transmission results from having physical contact with an infected individual, such as that person\u2019s mouth, nose, and skin, or infectious droplets of saliva and mucus from coughs and sneezes. Coughing and sneezing are symptoms of respiratory infection, such as the SARS and influenza A (H1N1). Both SARS and influenza A (H1N1) are caused by newly discovered respiratory tract viruses. The SARS virus, according to WHO\u2019s announcement in April 2003, is a novel coronavirus SARS-Cov, which is a single-stranded RNA virus (Lau and Peiris 2005; Feng and Gao 2007). The pathogen of influenza A (H1N1) is swine influenza virus (SIV). SIV, classified into the Orthomyxoviridae family, is a negative strand RNA virus (Leahy et al. 1997). These pandemic-prone diseases, mainly spread by infectious droplets or droplet nuclei, can be contracted by inhaling small-particle aerosols (Tang et al. 2006; Buchbinder et al. 2011).",
            "cite_spans": [
                {
                    "start": 621,
                    "end": 625,
                    "mention": "2005",
                    "ref_id": "BIBREF8"
                },
                {
                    "start": 640,
                    "end": 644,
                    "mention": "2007",
                    "ref_id": "BIBREF2"
                },
                {
                    "start": 809,
                    "end": 813,
                    "mention": "1997",
                    "ref_id": "BIBREF10"
                },
                {
                    "start": 970,
                    "end": 974,
                    "mention": "2006",
                    "ref_id": "BIBREF23"
                },
                {
                    "start": 994,
                    "end": 998,
                    "mention": "2011",
                    "ref_id": "BIBREF33"
                }
            ],
            "section": "Disease transmission routes ::: Literature review",
            "ref_spans": []
        },
        {
            "text": "In general, droplets sprayed during talking, coughing, or sneezing will remain suspended in the air for a brief time only (Chao et al. 2009). These airborne droplets come in different sizes. Whereas small droplets evaporate and disperse in the air quickly, large droplets are subject to influences of such external factors as the size of a space, wind speed, airflow, temperature and humidity change. As large droplets evaporate and gravitationally settle, they would attach to different surfaces and materials (Redrow et al. 2011). Aerosols refer to small solid and liquid particles suspended in the air. For spherical particles of unit density, falling from a place 3 m above the ground, the settling time is 10 s for particles with a diameter of \\documentclass[12pt]{minimal}\n\t\t\t\t\\usepackage{amsmath}\n\t\t\t\t\\usepackage{wasysym} \n\t\t\t\t\\usepackage{amsfonts} \n\t\t\t\t\\usepackage{amssymb} \n\t\t\t\t\\usepackage{amsbsy}\n\t\t\t\t\\usepackage{mathrsfs}\n\t\t\t\t\\usepackage{upgreek}\n\t\t\t\t\\setlength{\\oddsidemargin}{-69pt}\n\t\t\t\t\\begin{document}$$100\\,\\upmu $$\\end{document}100\u03bcm; 4 min for \\documentclass[12pt]{minimal}\n\t\t\t\t\\usepackage{amsmath}\n\t\t\t\t\\usepackage{wasysym} \n\t\t\t\t\\usepackage{amsfonts} \n\t\t\t\t\\usepackage{amssymb} \n\t\t\t\t\\usepackage{amsbsy}\n\t\t\t\t\\usepackage{mathrsfs}\n\t\t\t\t\\usepackage{upgreek}\n\t\t\t\t\\setlength{\\oddsidemargin}{-69pt}\n\t\t\t\t\\begin{document}$$20\\,\\upmu $$\\end{document}20\u03bcm; 17 min for \\documentclass[12pt]{minimal}\n\t\t\t\t\\usepackage{amsmath}\n\t\t\t\t\\usepackage{wasysym} \n\t\t\t\t\\usepackage{amsfonts} \n\t\t\t\t\\usepackage{amssymb} \n\t\t\t\t\\usepackage{amsbsy}\n\t\t\t\t\\usepackage{mathrsfs}\n\t\t\t\t\\usepackage{upgreek}\n\t\t\t\t\\setlength{\\oddsidemargin}{-69pt}\n\t\t\t\t\\begin{document}$$10\\,\\upmu $$\\end{document}10\u03bcm; 62 min for \\documentclass[12pt]{minimal}\n\t\t\t\t\\usepackage{amsmath}\n\t\t\t\t\\usepackage{wasysym} \n\t\t\t\t\\usepackage{amsfonts} \n\t\t\t\t\\usepackage{amssymb} \n\t\t\t\t\\usepackage{amsbsy}\n\t\t\t\t\\usepackage{mathrsfs}\n\t\t\t\t\\usepackage{upgreek}\n\t\t\t\t\\setlength{\\oddsidemargin}{-69pt}\n\t\t\t\t\\begin{document}$$5\\,\\upmu $$\\end{document}5\u03bcm; while those with a diameter less than \\documentclass[12pt]{minimal}\n\t\t\t\t\\usepackage{amsmath}\n\t\t\t\t\\usepackage{wasysym} \n\t\t\t\t\\usepackage{amsfonts} \n\t\t\t\t\\usepackage{amssymb} \n\t\t\t\t\\usepackage{amsbsy}\n\t\t\t\t\\usepackage{mathrsfs}\n\t\t\t\t\\usepackage{upgreek}\n\t\t\t\t\\setlength{\\oddsidemargin}{-69pt}\n\t\t\t\t\\begin{document}$$3\\,\\upmu $$\\end{document}3\u03bcm do not settle (Tellier 2006). Current research on RFID applications in the medical field rarely explores the potential for RFID in conjunction with infection probability. Therefore, based on the information collected with RFID tags, this study analyzed the sequence of movements performed by carries and suspected cases, calculated infection probabilities, and used tree diagram principles to reconstruct disease transmission routes. The results would provide healthcare personnel with information that helps them to quickly locate suspected cases and implement effective isolation measures.",
            "cite_spans": [
                {
                    "start": 135,
                    "end": 139,
                    "mention": "2009",
                    "ref_id": "BIBREF35"
                },
                {
                    "start": 526,
                    "end": 530,
                    "mention": "2011",
                    "ref_id": "BIBREF21"
                },
                {
                    "start": 2344,
                    "end": 2348,
                    "mention": "2006",
                    "ref_id": "BIBREF24"
                }
            ],
            "section": "Disease transmission routes ::: Literature review",
            "ref_spans": []
        },
        {
            "text": "Worn by patients and healthcare workers, the tag comes with a built-in battery that allows the tag to automatically send signals to an RFID reader within communication range. The advantage of deploying active RFID tags is that they could track mobile users and objects in real-time.",
            "cite_spans": [],
            "section": "Active tags ::: RFID motion detection ::: Methods",
            "ref_spans": []
        },
        {
            "text": "An RFID reader is set up on each floor in the hospital to receive tag signals. With 433 MHz operating frequency, the reader has a read range of up to 100 m. After receiving RFID tag signals, the reader sends the signals to the RFID controller in a wired or wireless mode, where the information will be stored in the system database.\n",
            "cite_spans": [],
            "section": "RFID readers ::: RFID motion detection ::: Methods",
            "ref_spans": []
        },
        {
            "text": "An RFID antenna is installed at the entrances and exits of each floor in the hospital, such as entrances to stairs and elevators. With 123 KHz operating frequency and a reading distance up to 3.5 m, the antenna could enable/disable the RFID tags within communication range, or update the data in the tags. When a healthcare worker passes by an antenna, it will enter a specific message into his/her RFID tag, such as the entrance/exit code. Then message in the RFID tag will be picked up by the reader on each floor, and then transmitted to the system database, as shown in Fig. 2. Because RFID antennas allow the tracking and alert system to verify the history of locations any RFID tag has visited, it is easy to trace the path travelled by the infected.\n",
            "cite_spans": [],
            "section": "Antennas ::: RFID motion detection ::: Methods",
            "ref_spans": [
                {
                    "start": 579,
                    "end": 580,
                    "mention": "2",
                    "ref_id": "FIGREF1"
                }
            ]
        },
        {
            "text": " When the time \\documentclass[12pt]{minimal}\n\t\t\t\t\\usepackage{amsmath}\n\t\t\t\t\\usepackage{wasysym} \n\t\t\t\t\\usepackage{amsfonts} \n\t\t\t\t\\usepackage{amssymb} \n\t\t\t\t\\usepackage{amsbsy}\n\t\t\t\t\\usepackage{mathrsfs}\n\t\t\t\t\\usepackage{upgreek}\n\t\t\t\t\\setlength{\\oddsidemargin}{-69pt}\n\t\t\t\t\\begin{document}$$t=0$$\\end{document}t=0 min, the pathogen concentration in droplets sneezed by carriers is the highest, so the infection probability is 1. ",
            "cite_spans": [],
            "section": "Hypothesis 1 ::: Infection probability hypotheses ::: Infection probability model ::: Methods",
            "ref_spans": []
        },
        {
            "text": " Droplet concentration is closely connected with disease infection probability (Lin et al. 2012). For instance, because the immune system is impaired in SARS patients, it provides an excellent venue for SARS virus replication. Therefore, virus concentration in their sputum and spray droplets is higher, and the virus lives longer, and is extremely contagious (Peng 2012). Based on the above studies, we assume that infection probability is directly proportional to droplet concentration. ",
            "cite_spans": [
                {
                    "start": 91,
                    "end": 95,
                    "mention": "2012",
                    "ref_id": "BIBREF12"
                },
                {
                    "start": 366,
                    "end": 370,
                    "mention": "2012",
                    "ref_id": "BIBREF18"
                }
            ],
            "section": "Hypothesis 2 ::: Infection probability hypotheses ::: Infection probability model ::: Methods",
            "ref_spans": []
        },
        {
            "text": " Droplet size is one of the major factors affecting disease transmission (Chao et al. 2009). Droplets emitted from the mouth and nose range from 1 to 2,000 \\documentclass[12pt]{minimal}\n\t\t\t\t\\usepackage{amsmath}\n\t\t\t\t\\usepackage{wasysym} \n\t\t\t\t\\usepackage{amsfonts} \n\t\t\t\t\\usepackage{amssymb} \n\t\t\t\t\\usepackage{amsbsy}\n\t\t\t\t\\usepackage{mathrsfs}\n\t\t\t\t\\usepackage{upgreek}\n\t\t\t\t\\setlength{\\oddsidemargin}{-69pt}\n\t\t\t\t\\begin{document}$$\\upmu $$\\end{document}\u03bcm in diameter, 95 % of which fall within the 2\u2013100 \\documentclass[12pt]{minimal}\n\t\t\t\t\\usepackage{amsmath}\n\t\t\t\t\\usepackage{wasysym} \n\t\t\t\t\\usepackage{amsfonts} \n\t\t\t\t\\usepackage{amssymb} \n\t\t\t\t\\usepackage{amsbsy}\n\t\t\t\t\\usepackage{mathrsfs}\n\t\t\t\t\\usepackage{upgreek}\n\t\t\t\t\\setlength{\\oddsidemargin}{-69pt}\n\t\t\t\t\\begin{document}$$\\upmu $$\\end{document}\u03bcm range, and most commonly 4\u20138 \\documentclass[12pt]{minimal}\n\t\t\t\t\\usepackage{amsmath}\n\t\t\t\t\\usepackage{wasysym} \n\t\t\t\t\\usepackage{amsfonts} \n\t\t\t\t\\usepackage{amssymb} \n\t\t\t\t\\usepackage{amsbsy}\n\t\t\t\t\\usepackage{mathrsfs}\n\t\t\t\t\\usepackage{upgreek}\n\t\t\t\t\\setlength{\\oddsidemargin}{-69pt}\n\t\t\t\t\\begin{document}$$\\upmu $$\\end{document}\u03bcm (Duguid 1946). Studies show that, for a 3 m fall, the settling time for spherical particles 5 \\documentclass[12pt]{minimal}\n\t\t\t\t\\usepackage{amsmath}\n\t\t\t\t\\usepackage{wasysym} \n\t\t\t\t\\usepackage{amsfonts} \n\t\t\t\t\\usepackage{amssymb} \n\t\t\t\t\\usepackage{amsbsy}\n\t\t\t\t\\usepackage{mathrsfs}\n\t\t\t\t\\usepackage{upgreek}\n\t\t\t\t\\setlength{\\oddsidemargin}{-69pt}\n\t\t\t\t\\begin{document}$$\\upmu $$\\end{document}\u03bcm in diameter is 62 min. Particles with a diameter less than 3 \\documentclass[12pt]{minimal}\n\t\t\t\t\\usepackage{amsmath}\n\t\t\t\t\\usepackage{wasysym} \n\t\t\t\t\\usepackage{amsfonts} \n\t\t\t\t\\usepackage{amssymb} \n\t\t\t\t\\usepackage{amsbsy}\n\t\t\t\t\\usepackage{mathrsfs}\n\t\t\t\t\\usepackage{upgreek}\n\t\t\t\t\\setlength{\\oddsidemargin}{-69pt}\n\t\t\t\t\\begin{document}$$\\upmu $$\\end{document}\u03bcm do not settle (Tellier 2006). Therefore, regardless of air conditioning air flow and human activities, it can be assumed that only 5 % particles with a diameter less than 3 \\documentclass[12pt]{minimal}\n\t\t\t\t\\usepackage{amsmath}\n\t\t\t\t\\usepackage{wasysym} \n\t\t\t\t\\usepackage{amsfonts} \n\t\t\t\t\\usepackage{amssymb} \n\t\t\t\t\\usepackage{amsbsy}\n\t\t\t\t\\usepackage{mathrsfs}\n\t\t\t\t\\usepackage{upgreek}\n\t\t\t\t\\setlength{\\oddsidemargin}{-69pt}\n\t\t\t\t\\begin{document}$$\\upmu $$\\end{document}\u03bcm will remain suspended in the air. Therefore, at the 62nd min, the infection probability can be set at 0.05 according to Hypothesis 2. ",
            "cite_spans": [
                {
                    "start": 86,
                    "end": 90,
                    "mention": "2009",
                    "ref_id": "BIBREF35"
                },
                {
                    "start": 1124,
                    "end": 1128,
                    "mention": "1946",
                    "ref_id": "BIBREF1"
                },
                {
                    "start": 1882,
                    "end": 1886,
                    "mention": "2006",
                    "ref_id": "BIBREF24"
                }
            ],
            "section": "Hypothesis 3 ::: Infection probability hypotheses ::: Infection probability model ::: Methods",
            "ref_spans": []
        },
        {
            "text": "Flu viruses are often transmitted by airborne droplets. The longer droplets coughed or sneezed by infected individuals stay in the air, the higher the virus concentration in the air, and the greater the infection probability. The infection probability model developed in this study, therefore, builds and expands on a recent research by Gao et al. (2009) on droplet residence time. In the research, indoor particle concentration is shown to rise in a few seconds as a result of particle dispersion in sudden expansion flows. As the concentration changes with time and airflow fluctuation, particles in air will gradually decline. The indoor air concentration calculation model that expresses the relation between time and droplet particle concentration is shown in formula (1) (Gao et al. 2009):1\\documentclass[12pt]{minimal}\n\t\t\t\t\\usepackage{amsmath}\n\t\t\t\t\\usepackage{wasysym} \n\t\t\t\t\\usepackage{amsfonts} \n\t\t\t\t\\usepackage{amssymb} \n\t\t\t\t\\usepackage{amsbsy}\n\t\t\t\t\\usepackage{mathrsfs}\n\t\t\t\t\\usepackage{upgreek}\n\t\t\t\t\\setlength{\\oddsidemargin}{-69pt}\n\t\t\t\t\\begin{document}$$\\begin{aligned} {{\\varvec{C}}}_{{{\\varvec{t}}}}= {{\\varvec{C}}}_{\\mathbf{0}} \\,\\mathbf{exp}[-(\\varvec{\\alpha }+\\varvec{\\kappa })\\cdot \\varvec{\\Delta }\\mathbf{t}] \\end{aligned}$$\\end{document}Ct=C0exp[\u2212(\u03b1+\u03ba)\u00b7\u0394t]where \\documentclass[12pt]{minimal}\n\t\t\t\t\\usepackage{amsmath}\n\t\t\t\t\\usepackage{wasysym} \n\t\t\t\t\\usepackage{amsfonts} \n\t\t\t\t\\usepackage{amssymb} \n\t\t\t\t\\usepackage{amsbsy}\n\t\t\t\t\\usepackage{mathrsfs}\n\t\t\t\t\\usepackage{upgreek}\n\t\t\t\t\\setlength{\\oddsidemargin}{-69pt}\n\t\t\t\t\\begin{document}$${\\varvec{C}}_{\\mathbf{0}}$$\\end{document}C0initial indoor particle concentration \\documentclass[12pt]{minimal}\n\t\t\t\t\\usepackage{amsmath}\n\t\t\t\t\\usepackage{wasysym} \n\t\t\t\t\\usepackage{amsfonts} \n\t\t\t\t\\usepackage{amssymb} \n\t\t\t\t\\usepackage{amsbsy}\n\t\t\t\t\\usepackage{mathrsfs}\n\t\t\t\t\\usepackage{upgreek}\n\t\t\t\t\\setlength{\\oddsidemargin}{-69pt}\n\t\t\t\t\\begin{document}$$(\\mathrm{g/m}^{3})$$\\end{document}(g/m3)\n\\documentclass[12pt]{minimal}\n\t\t\t\t\\usepackage{amsmath}\n\t\t\t\t\\usepackage{wasysym} \n\t\t\t\t\\usepackage{amsfonts} \n\t\t\t\t\\usepackage{amssymb} \n\t\t\t\t\\usepackage{amsbsy}\n\t\t\t\t\\usepackage{mathrsfs}\n\t\t\t\t\\usepackage{upgreek}\n\t\t\t\t\\setlength{\\oddsidemargin}{-69pt}\n\t\t\t\t\\begin{document}$$\\varvec{\\alpha }$$\\end{document}\u03b1airflow fluctuation rate \\documentclass[12pt]{minimal}\n\t\t\t\t\\usepackage{amsmath}\n\t\t\t\t\\usepackage{wasysym} \n\t\t\t\t\\usepackage{amsfonts} \n\t\t\t\t\\usepackage{amssymb} \n\t\t\t\t\\usepackage{amsbsy}\n\t\t\t\t\\usepackage{mathrsfs}\n\t\t\t\t\\usepackage{upgreek}\n\t\t\t\t\\setlength{\\oddsidemargin}{-69pt}\n\t\t\t\t\\begin{document}$$(\\mathrm{h}^{-1})$$\\end{document}(h\u22121)\n\\documentclass[12pt]{minimal}\n\t\t\t\t\\usepackage{amsmath}\n\t\t\t\t\\usepackage{wasysym} \n\t\t\t\t\\usepackage{amsfonts} \n\t\t\t\t\\usepackage{amssymb} \n\t\t\t\t\\usepackage{amsbsy}\n\t\t\t\t\\usepackage{mathrsfs}\n\t\t\t\t\\usepackage{upgreek}\n\t\t\t\t\\setlength{\\oddsidemargin}{-69pt}\n\t\t\t\t\\begin{document}$$\\varvec{\\kappa }$$\\end{document}\u03badeposition-caused particle loss rate coefficient \\documentclass[12pt]{minimal}\n\t\t\t\t\\usepackage{amsmath}\n\t\t\t\t\\usepackage{wasysym} \n\t\t\t\t\\usepackage{amsfonts} \n\t\t\t\t\\usepackage{amssymb} \n\t\t\t\t\\usepackage{amsbsy}\n\t\t\t\t\\usepackage{mathrsfs}\n\t\t\t\t\\usepackage{upgreek}\n\t\t\t\t\\setlength{\\oddsidemargin}{-69pt}\n\t\t\t\t\\begin{document}$$(\\mathrm{h}^{-1})$$\\end{document}(h\u22121)\n\\documentclass[12pt]{minimal}\n\t\t\t\t\\usepackage{amsmath}\n\t\t\t\t\\usepackage{wasysym} \n\t\t\t\t\\usepackage{amsfonts} \n\t\t\t\t\\usepackage{amssymb} \n\t\t\t\t\\usepackage{amsbsy}\n\t\t\t\t\\usepackage{mathrsfs}\n\t\t\t\t\\usepackage{upgreek}\n\t\t\t\t\\setlength{\\oddsidemargin}{-69pt}\n\t\t\t\t\\begin{document}$$\\varvec{\\Delta }$$\\end{document}\u0394ttime interval (s)     Since \\documentclass[12pt]{minimal}\n\t\t\t\t\\usepackage{amsmath}\n\t\t\t\t\\usepackage{wasysym} \n\t\t\t\t\\usepackage{amsfonts} \n\t\t\t\t\\usepackage{amssymb} \n\t\t\t\t\\usepackage{amsbsy}\n\t\t\t\t\\usepackage{mathrsfs}\n\t\t\t\t\\usepackage{upgreek}\n\t\t\t\t\\setlength{\\oddsidemargin}{-69pt}\n\t\t\t\t\\begin{document}$$\\varvec{\\alpha }$$\\end{document}\u03b1 and \\documentclass[12pt]{minimal}\n\t\t\t\t\\usepackage{amsmath}\n\t\t\t\t\\usepackage{wasysym} \n\t\t\t\t\\usepackage{amsfonts} \n\t\t\t\t\\usepackage{amssymb} \n\t\t\t\t\\usepackage{amsbsy}\n\t\t\t\t\\usepackage{mathrsfs}\n\t\t\t\t\\usepackage{upgreek}\n\t\t\t\t\\setlength{\\oddsidemargin}{-69pt}\n\t\t\t\t\\begin{document}$$\\varvec{\\kappa }$$\\end{document}\u03ba are both constants, they can be expressed by another constant symbol \\documentclass[12pt]{minimal}\n\t\t\t\t\\usepackage{amsmath}\n\t\t\t\t\\usepackage{wasysym} \n\t\t\t\t\\usepackage{amsfonts} \n\t\t\t\t\\usepackage{amssymb} \n\t\t\t\t\\usepackage{amsbsy}\n\t\t\t\t\\usepackage{mathrsfs}\n\t\t\t\t\\usepackage{upgreek}\n\t\t\t\t\\setlength{\\oddsidemargin}{-69pt}\n\t\t\t\t\\begin{document}$${\\varvec{C}}_{1}$$\\end{document}C1 here instead.2\\documentclass[12pt]{minimal}\n\t\t\t\t\\usepackage{amsmath}\n\t\t\t\t\\usepackage{wasysym} \n\t\t\t\t\\usepackage{amsfonts} \n\t\t\t\t\\usepackage{amssymb} \n\t\t\t\t\\usepackage{amsbsy}\n\t\t\t\t\\usepackage{mathrsfs}\n\t\t\t\t\\usepackage{upgreek}\n\t\t\t\t\\setlength{\\oddsidemargin}{-69pt}\n\t\t\t\t\\begin{document}$$\\begin{aligned} \\mathbf{Let} \\, \\varvec{\\Psi } = \\varvec{\\alpha }+ \\varvec{\\kappa } \\end{aligned}$$\\end{document}Let\u03a8=\u03b1+\u03baThen formula (1) can be rewritten as:3\\documentclass[12pt]{minimal}\n\t\t\t\t\\usepackage{amsmath}\n\t\t\t\t\\usepackage{wasysym} \n\t\t\t\t\\usepackage{amsfonts} \n\t\t\t\t\\usepackage{amssymb} \n\t\t\t\t\\usepackage{amsbsy}\n\t\t\t\t\\usepackage{mathrsfs}\n\t\t\t\t\\usepackage{upgreek}\n\t\t\t\t\\setlength{\\oddsidemargin}{-69pt}\n\t\t\t\t\\begin{document}$$\\begin{aligned} {\\varvec{C}}_{t} = {\\varvec{C}}_{\\mathbf{0}}\\,\\mathbf{exp}-(\\varvec{\\Psi } \\varvec{\\Delta }\\mathbf{t}) \\end{aligned}$$\\end{document}Ct=C0exp\u2212(\u03a8\u0394t)Based on Hypothesis 2 of infection probability, i.e. that droplet particle concentration is proportional to infection, the infection probability can be derived as follows:4\\documentclass[12pt]{minimal}\n\t\t\t\t\\usepackage{amsmath}\n\t\t\t\t\\usepackage{wasysym} \n\t\t\t\t\\usepackage{amsfonts} \n\t\t\t\t\\usepackage{amssymb} \n\t\t\t\t\\usepackage{amsbsy}\n\t\t\t\t\\usepackage{mathrsfs}\n\t\t\t\t\\usepackage{upgreek}\n\t\t\t\t\\setlength{\\oddsidemargin}{-69pt}\n\t\t\t\t\\begin{document}$$\\begin{aligned} {\\varvec{P}}= \\varvec{\\lambda } {\\mathbf{C}}_{\\mathbf{t}} \\end{aligned}$$\\end{document}P=\u03bbCtwhere \\documentclass[12pt]{minimal}\n\t\t\t\t\\usepackage{amsmath}\n\t\t\t\t\\usepackage{wasysym} \n\t\t\t\t\\usepackage{amsfonts} \n\t\t\t\t\\usepackage{amssymb} \n\t\t\t\t\\usepackage{amsbsy}\n\t\t\t\t\\usepackage{mathrsfs}\n\t\t\t\t\\usepackage{upgreek}\n\t\t\t\t\\setlength{\\oddsidemargin}{-69pt}\n\t\t\t\t\\begin{document}$$\\lambda \\,{=}\\,$$\\end{document}\u03bb=constant.\n",
            "cite_spans": [
                {
                    "start": 349,
                    "end": 353,
                    "mention": "2009",
                    "ref_id": "BIBREF3"
                },
                {
                    "start": 789,
                    "end": 793,
                    "mention": "2009",
                    "ref_id": "BIBREF3"
                }
            ],
            "section": "Infection probability ::: Infection probability model ::: Methods",
            "ref_spans": []
        },
        {
            "text": "Integrate formula (3) into formula (4). Formula (3) can be rewritten as:5\\documentclass[12pt]{minimal}\n\t\t\t\t\\usepackage{amsmath}\n\t\t\t\t\\usepackage{wasysym} \n\t\t\t\t\\usepackage{amsfonts} \n\t\t\t\t\\usepackage{amssymb} \n\t\t\t\t\\usepackage{amsbsy}\n\t\t\t\t\\usepackage{mathrsfs}\n\t\t\t\t\\usepackage{upgreek}\n\t\t\t\t\\setlength{\\oddsidemargin}{-69pt}\n\t\t\t\t\\begin{document}$$\\begin{aligned} {\\varvec{P}}= \\varvec{\\lambda } {\\mathbf{C}}_{\\mathbf{0}} \\,\\mathbf{exp}-(\\varvec{\\Psi }\\varvec{\\Delta } \\mathbf{t}) \\end{aligned}$$\\end{document}P=\u03bbC0exp\u2212(\u03a8\u0394t)Since \\documentclass[12pt]{minimal}\n\t\t\t\t\\usepackage{amsmath}\n\t\t\t\t\\usepackage{wasysym} \n\t\t\t\t\\usepackage{amsfonts} \n\t\t\t\t\\usepackage{amssymb} \n\t\t\t\t\\usepackage{amsbsy}\n\t\t\t\t\\usepackage{mathrsfs}\n\t\t\t\t\\usepackage{upgreek}\n\t\t\t\t\\setlength{\\oddsidemargin}{-69pt}\n\t\t\t\t\\begin{document}$$\\varvec{\\nu }$$\\end{document}\u03bd and \\documentclass[12pt]{minimal}\n\t\t\t\t\\usepackage{amsmath}\n\t\t\t\t\\usepackage{wasysym} \n\t\t\t\t\\usepackage{amsfonts} \n\t\t\t\t\\usepackage{amssymb} \n\t\t\t\t\\usepackage{amsbsy}\n\t\t\t\t\\usepackage{mathrsfs}\n\t\t\t\t\\usepackage{upgreek}\n\t\t\t\t\\setlength{\\oddsidemargin}{-69pt}\n\t\t\t\t\\begin{document}$$\\mathbf{C}_{\\mathbf{0}}$$\\end{document}C0 are both constants, they can be expressed by another constant symbol \\documentclass[12pt]{minimal}\n\t\t\t\t\\usepackage{amsmath}\n\t\t\t\t\\usepackage{wasysym} \n\t\t\t\t\\usepackage{amsfonts} \n\t\t\t\t\\usepackage{amssymb} \n\t\t\t\t\\usepackage{amsbsy}\n\t\t\t\t\\usepackage{mathrsfs}\n\t\t\t\t\\usepackage{upgreek}\n\t\t\t\t\\setlength{\\oddsidemargin}{-69pt}\n\t\t\t\t\\begin{document}$$\\varvec{\\omega }$$\\end{document}\u03c9 instead. Therefore, \\documentclass[12pt]{minimal}\n\t\t\t\t\\usepackage{amsmath}\n\t\t\t\t\\usepackage{wasysym} \n\t\t\t\t\\usepackage{amsfonts} \n\t\t\t\t\\usepackage{amssymb} \n\t\t\t\t\\usepackage{amsbsy}\n\t\t\t\t\\usepackage{mathrsfs}\n\t\t\t\t\\usepackage{upgreek}\n\t\t\t\t\\setlength{\\oddsidemargin}{-69pt}\n\t\t\t\t\\begin{document}$$\\varvec{\\nu }\\mathbf{C}_{\\mathbf{0}}$$\\end{document}\u03bdC0 can be converted to \\documentclass[12pt]{minimal}\n\t\t\t\t\\usepackage{amsmath}\n\t\t\t\t\\usepackage{wasysym} \n\t\t\t\t\\usepackage{amsfonts} \n\t\t\t\t\\usepackage{amssymb} \n\t\t\t\t\\usepackage{amsbsy}\n\t\t\t\t\\usepackage{mathrsfs}\n\t\t\t\t\\usepackage{upgreek}\n\t\t\t\t\\setlength{\\oddsidemargin}{-69pt}\n\t\t\t\t\\begin{document}$$\\omega $$\\end{document}\u03c9.",
            "cite_spans": [],
            "section": "Infection probability ::: Infection probability model ::: Methods",
            "ref_spans": []
        },
        {
            "text": "Let \\documentclass[12pt]{minimal}\n\t\t\t\t\\usepackage{amsmath}\n\t\t\t\t\\usepackage{wasysym} \n\t\t\t\t\\usepackage{amsfonts} \n\t\t\t\t\\usepackage{amssymb} \n\t\t\t\t\\usepackage{amsbsy}\n\t\t\t\t\\usepackage{mathrsfs}\n\t\t\t\t\\usepackage{upgreek}\n\t\t\t\t\\setlength{\\oddsidemargin}{-69pt}\n\t\t\t\t\\begin{document}$$\\varvec{\\omega } = \\varvec{\\lambda } \\mathbf{C}_{\\mathbf{0}}$$\\end{document}\u03c9=\u03bbC0\n",
            "cite_spans": [],
            "section": "Infection probability ::: Infection probability model ::: Methods",
            "ref_spans": []
        },
        {
            "text": "Then formula (1) can be rewritten as formula (6):6\\documentclass[12pt]{minimal}\n\t\t\t\t\\usepackage{amsmath}\n\t\t\t\t\\usepackage{wasysym} \n\t\t\t\t\\usepackage{amsfonts} \n\t\t\t\t\\usepackage{amssymb} \n\t\t\t\t\\usepackage{amsbsy}\n\t\t\t\t\\usepackage{mathrsfs}\n\t\t\t\t\\usepackage{upgreek}\n\t\t\t\t\\setlength{\\oddsidemargin}{-69pt}\n\t\t\t\t\\begin{document}$$\\begin{aligned} {\\varvec{P}}= \\varvec{\\omega }\\,\\mathbf{exp}(-\\varvec{\\Psi }\\varvec{\\Delta }\\mathbf{t}) \\end{aligned}$$\\end{document}P=\u03c9exp(\u2212\u03a8\u0394t)According to Hypothesis 1 of infection probability, when \\documentclass[12pt]{minimal}\n\t\t\t\t\\usepackage{amsmath}\n\t\t\t\t\\usepackage{wasysym} \n\t\t\t\t\\usepackage{amsfonts} \n\t\t\t\t\\usepackage{amssymb} \n\t\t\t\t\\usepackage{amsbsy}\n\t\t\t\t\\usepackage{mathrsfs}\n\t\t\t\t\\usepackage{upgreek}\n\t\t\t\t\\setlength{\\oddsidemargin}{-69pt}\n\t\t\t\t\\begin{document}$$t = 0$$\\end{document}t=0, the infection rate is 1:\\documentclass[12pt]{minimal}\n\t\t\t\t\\usepackage{amsmath}\n\t\t\t\t\\usepackage{wasysym} \n\t\t\t\t\\usepackage{amsfonts} \n\t\t\t\t\\usepackage{amssymb} \n\t\t\t\t\\usepackage{amsbsy}\n\t\t\t\t\\usepackage{mathrsfs}\n\t\t\t\t\\usepackage{upgreek}\n\t\t\t\t\\setlength{\\oddsidemargin}{-69pt}\n\t\t\t\t\\begin{document}$$\\begin{aligned}&\\mathbf{1} = \\varvec{\\omega }\\,\\mathbf{exp} (-\\varvec{\\Psi }\\mathbf{0})\\\\&\\therefore \\varvec{\\omega } = \\mathbf{1} \\end{aligned}$$\\end{document}1=\u03c9exp(\u2212\u03a80)\u2234\u03c9=1According to Hypothesis 3 of infection probability, when t = 62, the infection rate is 0.05:\\documentclass[12pt]{minimal}\n\t\t\t\t\\usepackage{amsmath}\n\t\t\t\t\\usepackage{wasysym} \n\t\t\t\t\\usepackage{amsfonts} \n\t\t\t\t\\usepackage{amssymb} \n\t\t\t\t\\usepackage{amsbsy}\n\t\t\t\t\\usepackage{mathrsfs}\n\t\t\t\t\\usepackage{upgreek}\n\t\t\t\t\\setlength{\\oddsidemargin}{-69pt}\n\t\t\t\t\\begin{document}$$\\begin{aligned}&\\mathbf{0.05} = \\,\\mathbf{exp}(- \\varvec{\\Psi } \\mathbf{62)}\\\\&\\therefore \\varvec{\\Psi }= \\mathbf{0.0483} \\end{aligned}$$\\end{document}0.05=exp(\u2212\u03a862)\u2234\u03a8=0.0483Use the symbols \\documentclass[12pt]{minimal}\n\t\t\t\t\\usepackage{amsmath}\n\t\t\t\t\\usepackage{wasysym} \n\t\t\t\t\\usepackage{amsfonts} \n\t\t\t\t\\usepackage{amssymb} \n\t\t\t\t\\usepackage{amsbsy}\n\t\t\t\t\\usepackage{mathrsfs}\n\t\t\t\t\\usepackage{upgreek}\n\t\t\t\t\\setlength{\\oddsidemargin}{-69pt}\n\t\t\t\t\\begin{document}$$\\varvec{\\omega }$$\\end{document}\u03c9 and \\documentclass[12pt]{minimal}\n\t\t\t\t\\usepackage{amsmath}\n\t\t\t\t\\usepackage{wasysym} \n\t\t\t\t\\usepackage{amsfonts} \n\t\t\t\t\\usepackage{amssymb} \n\t\t\t\t\\usepackage{amsbsy}\n\t\t\t\t\\usepackage{mathrsfs}\n\t\t\t\t\\usepackage{upgreek}\n\t\t\t\t\\setlength{\\oddsidemargin}{-69pt}\n\t\t\t\t\\begin{document}$$\\mathbf{C}_{1}$$\\end{document}C1 in formula (6), the infection probability between carrier \\documentclass[12pt]{minimal}\n\t\t\t\t\\usepackage{amsmath}\n\t\t\t\t\\usepackage{wasysym} \n\t\t\t\t\\usepackage{amsfonts} \n\t\t\t\t\\usepackage{amssymb} \n\t\t\t\t\\usepackage{amsbsy}\n\t\t\t\t\\usepackage{mathrsfs}\n\t\t\t\t\\usepackage{upgreek}\n\t\t\t\t\\setlength{\\oddsidemargin}{-69pt}\n\t\t\t\t\\begin{document}$$(i)$$\\end{document}(i) and affected individual \\documentclass[12pt]{minimal}\n\t\t\t\t\\usepackage{amsmath}\n\t\t\t\t\\usepackage{wasysym} \n\t\t\t\t\\usepackage{amsfonts} \n\t\t\t\t\\usepackage{amssymb} \n\t\t\t\t\\usepackage{amsbsy}\n\t\t\t\t\\usepackage{mathrsfs}\n\t\t\t\t\\usepackage{upgreek}\n\t\t\t\t\\setlength{\\oddsidemargin}{-69pt}\n\t\t\t\t\\begin{document}$$(j)$$\\end{document}(j) can be derived from formula (7) below:7\\documentclass[12pt]{minimal}\n\t\t\t\t\\usepackage{amsmath}\n\t\t\t\t\\usepackage{wasysym} \n\t\t\t\t\\usepackage{amsfonts} \n\t\t\t\t\\usepackage{amssymb} \n\t\t\t\t\\usepackage{amsbsy}\n\t\t\t\t\\usepackage{mathrsfs}\n\t\t\t\t\\usepackage{upgreek}\n\t\t\t\t\\setlength{\\oddsidemargin}{-69pt}\n\t\t\t\t\\begin{document}$$\\begin{aligned} {\\varvec{P}}_{{{\\varvec{i,j}}}}= \\,\\mathbf{exp}(-\\mathbf{0.0483} \\cdot \\varvec{\\Delta }\\mathbf{t}) \\end{aligned}$$\\end{document}Pi,j=exp(\u22120.0483\u00b7\u0394t)\n",
            "cite_spans": [],
            "section": "Infection probability ::: Infection probability model ::: Methods",
            "ref_spans": []
        },
        {
            "text": "The mode of conservative estimate is adopted to achieve tight tracking and infection control. In this mode, when a person comes into contact with an H1N1 virus carrier, the incubation period of this person is estimated to last only 1 day, namely, 1 day before the onset. In Fig. 3, with A as an initial carrier, both A and B pass by the same place on day 0. Then B\u2019s incubation period will be 1 day according to the conservative estimate. B is considered infectious from 1 day before the onset to 7 days following the onset. As shown in Fig. 3a, this means that B can transmit the virus to others from day 0 to day 8. Suppose C and B pass by the same place on day 2, C is likely to be infected.\n",
            "cite_spans": [],
            "section": "Conservative estimates ::: Route search algorithm ::: Methods",
            "ref_spans": [
                {
                    "start": 279,
                    "end": 280,
                    "mention": "3",
                    "ref_id": "FIGREF2"
                },
                {
                    "start": 542,
                    "end": 543,
                    "mention": "3",
                    "ref_id": "FIGREF2"
                }
            ]
        },
        {
            "text": "According to the loose estimate, after coming into contact with a H1N1 virus carrier, a person will have an incubation period of 4 days, namely, 4 days before the onset of symptoms. In Fig. 3, with A as a carrier, A and B pass by the same place on day 0. Based on the loose estimate, B\u2019s incubation period will last 4 days. B can transmit the virus to others from 1 day before the onset to 3 days following it. Hence in Fig. 3b, he is shown to be infectious from day 3 to day 7. Suppose C passes by the same location B visits on day 2, he will not be infected.",
            "cite_spans": [],
            "section": "Loose estimates ::: Route search algorithm ::: Methods",
            "ref_spans": [
                {
                    "start": 190,
                    "end": 191,
                    "mention": "3",
                    "ref_id": "FIGREF2"
                },
                {
                    "start": 425,
                    "end": 426,
                    "mention": "3",
                    "ref_id": "FIGREF2"
                }
            ]
        },
        {
            "text": "\nConservative estimate\n",
            "cite_spans": [],
            "section": "Indirect infection ::: Direct infection ::: Simulation",
            "ref_spans": []
        },
        {
            "text": "Figure 4 shows that at ID206 carrier C3 comes into contact with C5, C1, C4. Among them C5\u2019s infection probability is greater than the standard value of 0.2. C5, therefore, is listed as a suspected case that requires further transmission route search.",
            "cite_spans": [],
            "section": "Indirect infection ::: Direct infection ::: Simulation",
            "ref_spans": [
                {
                    "start": 7,
                    "end": 8,
                    "mention": "4",
                    "ref_id": "FIGREF3"
                }
            ]
        },
        {
            "text": "According to the conservative estimate, C5 might have onset of symptoms on 2011/9/12. Therefore, by accessing all the RFID detection data related to C5\u2019s activities from 2011/9/11 to 2011/9/19, the infection probability of his contacts can be derived from formula (7), which, multiplied by C5\u2019s infection probability of 0.488, is the probability of indirect infection. For example in Table 2, the probability of C13 being infected is \\documentclass[12pt]{minimal}\n\t\t\t\t\\usepackage{amsmath}\n\t\t\t\t\\usepackage{wasysym} \n\t\t\t\t\\usepackage{amsfonts} \n\t\t\t\t\\usepackage{amssymb} \n\t\t\t\t\\usepackage{amsbsy}\n\t\t\t\t\\usepackage{mathrsfs}\n\t\t\t\t\\usepackage{upgreek}\n\t\t\t\t\\setlength{\\oddsidemargin}{-69pt}\n\t\t\t\t\\begin{document}$$P_{5,13 }= P_{3,5}\\cdot \\mathrm{exp}(-0.0483\\cdot \\,22.117) = 0.168$$\\end{document}P5,13=P3,5\u00b7exp(\u22120.0483\u00b722.117)=0.168. In order to clearly indicate the transmission routes, the infection correlations between C5 and all his contacts are represented in the tree diagram of Fig. 5.\n\n",
            "cite_spans": [],
            "section": "Indirect infection ::: Direct infection ::: Simulation",
            "ref_spans": [
                {
                    "start": 981,
                    "end": 982,
                    "mention": "5",
                    "ref_id": "FIGREF4"
                },
                {
                    "start": 390,
                    "end": 391,
                    "mention": "2",
                    "ref_id": "TABREF1"
                }
            ]
        },
        {
            "text": "\nLoose estimates\n",
            "cite_spans": [],
            "section": "Indirect infection ::: Direct infection ::: Simulation",
            "ref_spans": []
        },
        {
            "text": "According to the loose estimate, C5 might have onset of symptoms on 2011/9/15. Therefore, by accessing all the RFID detection data related to C5\u2019s activities from 2011/9/14 to 2011/9/18, the infection probability of his contacts can be derived from formula (7), which, multiplied by C5\u2019s infection probability of 0.488, is the probability of indirect infection. For example in Table 2, the probability of C17 being infected is \\documentclass[12pt]{minimal}\n\t\t\t\t\\usepackage{amsmath}\n\t\t\t\t\\usepackage{wasysym} \n\t\t\t\t\\usepackage{amsfonts} \n\t\t\t\t\\usepackage{amssymb} \n\t\t\t\t\\usepackage{amsbsy}\n\t\t\t\t\\usepackage{mathrsfs}\n\t\t\t\t\\usepackage{upgreek}\n\t\t\t\t\\setlength{\\oddsidemargin}{-69pt}\n\t\t\t\t\\begin{document}$$P_{5,17}= P_{3,5}\\cdot \\mathrm{exp}(-0.0483 \\cdot \\, 3.283) = \\mathbf{0.417}$$\\end{document}P5,17=P3,5\u00b7exp(\u22120.0483\u00b73.283)=0.417. In order to clearly indicate the transmission routes, the infection correlations between C5 and all his contacts are represented in the tree diagram of Fig. 6.\n",
            "cite_spans": [],
            "section": "Indirect infection ::: Direct infection ::: Simulation",
            "ref_spans": [
                {
                    "start": 982,
                    "end": 983,
                    "mention": "6",
                    "ref_id": "FIGREF5"
                },
                {
                    "start": 383,
                    "end": 384,
                    "mention": "2",
                    "ref_id": "TABREF1"
                }
            ]
        },
        {
            "text": "Based on the search method of transmission routes outlined above, this study develops a disease tracking and control system, as shown in Fig. 7. When an epidemic occurs, control personnel could key in parameters in accordance with the disease category, such as carrier, time/date of onset, incubation period, high risk period, risk of infection, etc. The high risk period refers to the time during which an infected patient has the ability to transmit the virus to others. For instance, H1N1 carriers are contagious from 1 day before onset to 3\u20137 days after symptoms appear. Adopting the mode of either conservative estimate or loose estimate, infection control personnel could key in the corresponding duration of the high risk period. By integrating these parameters into the RFID location records, the tracking and control system could find out those who might have been infected and indentify all possible transmission routes, serving as an effective tool in assisting the effort to curb the spread of infection in the hospital. The loose estimates of infection probability are shown in Table 3.\n\n",
            "cite_spans": [],
            "section": "Disease tracking and control system ::: Direct infection ::: Simulation",
            "ref_spans": [
                {
                    "start": 142,
                    "end": 143,
                    "mention": "7",
                    "ref_id": "FIGREF6"
                },
                {
                    "start": 1097,
                    "end": 1098,
                    "mention": "3",
                    "ref_id": "TABREF2"
                }
            ]
        },
        {
            "text": "A review of related literature on transmission routes of respiratory diseases shows that droplet transmission is one of the main causes of hospital-acquired infections. This study presents the hypothesis of a direct proportion between infection probability and droplet concentration based on Gao\u2019s and Lin\u2019s experiments on aerosol transmission and on Peng\u2019s research on virus survival time (Gao et al. 2009; Lin et al. 2012; Peng 2012). In addition, an infection probability model is developed in this study on the basis of Duguid\u2019s and Tellier\u2019s research on the residence time of droplets (Duguid 1946; Tellier 2006). To facilitate the search of disease transmission routes, healthcare personnel, patients and visitors in the hospital should wear RFID tags, so that their location and time data could be recorded. In case of an epidemic outbreak or once an infected case is confirmed, the disease tracking and control system could be initiated by accessing RFID logs to plot the carriers\u2019 time of onset and to trace possible routes of transmission via tree diagrams. With the information, infection control personnel can conduct a prompt search of those who might have been infected, and take immediate protection and quarantine measures to prevent the epidemic from spreading any further. This empirical study is restricted by the resources available at the hospital where the experiment was conducted. Due to the high cost of active tags, only a limited number of subjects were studied. Future research could consider adopting passive tags, which, being of a much lower price, could allow all medical personnel, patients and visitors to be included to build a more comprehensive disease control system.",
            "cite_spans": [
                {
                    "start": 402,
                    "end": 406,
                    "mention": "2009",
                    "ref_id": "BIBREF3"
                },
                {
                    "start": 419,
                    "end": 423,
                    "mention": "2012",
                    "ref_id": "BIBREF12"
                },
                {
                    "start": 430,
                    "end": 434,
                    "mention": "2012",
                    "ref_id": "BIBREF18"
                },
                {
                    "start": 598,
                    "end": 602,
                    "mention": "1946",
                    "ref_id": "BIBREF1"
                },
                {
                    "start": 612,
                    "end": 616,
                    "mention": "2006",
                    "ref_id": "BIBREF24"
                }
            ],
            "section": "Conclusions",
            "ref_spans": []
        }
    ],
    "ref_entries": {
        "TABREF0": {
            "text": "Table 1: Direct infection probability\n",
            "type": "table"
        },
        "TABREF1": {
            "text": "Table 2: Conservative estimates of infection probability\n",
            "type": "table"
        },
        "TABREF2": {
            "text": "Table 3: Loose estimates of infection probability\n",
            "type": "table"
        },
        "FIGREF0": {
            "text": "Fig. 1: Equipments of RFID",
            "type": "figure"
        },
        "FIGREF1": {
            "text": "Fig. 2: RFID motion detection",
            "type": "figure"
        },
        "FIGREF2": {
            "text": "Fig. 3: Estimates of the incubation period",
            "type": "figure"
        },
        "FIGREF3": {
            "text": "Fig. 4: Correlations of direct infection",
            "type": "figure"
        },
        "FIGREF4": {
            "text": "Fig. 5: Conservative estimates of transmission routes",
            "type": "figure"
        },
        "FIGREF5": {
            "text": "Fig. 6: Loose estimates of transmission routes",
            "type": "figure"
        },
        "FIGREF6": {
            "text": "Fig. 7: Interface of the disease tracking and control system",
            "type": "figure"
        }
    },
    "back_matter": [],
    "bib_entries": {
        "BIBREF0": {
            "title": "A composite very large-scale neighborhood structure for the capacitated minimum spanning tree problem",
            "authors": [
                {
                    "first": "RK",
                    "middle": [],
                    "last": "Ahuja",
                    "suffix": ""
                },
                {
                    "first": "JB",
                    "middle": [],
                    "last": "Orlin",
                    "suffix": ""
                },
                {
                    "first": "D",
                    "middle": [],
                    "last": "Sharma",
                    "suffix": ""
                }
            ],
            "year": 2003,
            "venue": "Operations Research Letters",
            "volume": "31",
            "issn": "3",
            "pages": "185-194",
            "other_ids": {
                "DOI": [
                    "10.1016/S0167-6377(02)00236-5"
                ]
            }
        },
        "BIBREF1": {
            "title": "The Size and the Duration of Air-carriage of Respiratory Droplets and Droplet-nuclei",
            "authors": [
                {
                    "first": "JP",
                    "middle": [],
                    "last": "Duguid",
                    "suffix": ""
                }
            ],
            "year": 1946,
            "venue": "Journal of Hygiene",
            "volume": "44",
            "issn": "",
            "pages": "471-479",
            "other_ids": {
                "DOI": [
                    "10.1017/S0022172400019288"
                ]
            }
        },
        "BIBREF2": {
            "title": "Towards our understanding of SARS-CoV, an emerging and devastating but quickly conquered virus",
            "authors": [
                {
                    "first": "Y",
                    "middle": [],
                    "last": "Feng",
                    "suffix": ""
                },
                {
                    "first": "GF",
                    "middle": [],
                    "last": "Gao",
                    "suffix": ""
                }
            ],
            "year": 2007,
            "venue": "Comparative Immunology, Microbiology and Infectious Diseases",
            "volume": "30",
            "issn": "",
            "pages": "309-327",
            "other_ids": {
                "DOI": [
                    "10.1016/j.cimid.2007.05.009"
                ]
            }
        },
        "BIBREF3": {
            "title": "The airborne transmission of infection between flats in high-rise residential buildings: Particle simulation",
            "authors": [
                {
                    "first": "NP",
                    "middle": [],
                    "last": "Gao",
                    "suffix": ""
                },
                {
                    "first": "JL",
                    "middle": [],
                    "last": "Niu",
                    "suffix": ""
                },
                {
                    "first": "M",
                    "middle": [],
                    "last": "Perino",
                    "suffix": ""
                },
                {
                    "first": "P",
                    "middle": [],
                    "last": "Heiselberg",
                    "suffix": ""
                }
            ],
            "year": 2009,
            "venue": "Building and Environment",
            "volume": "44",
            "issn": "",
            "pages": "402-410",
            "other_ids": {
                "DOI": [
                    "10.1016/j.buildenv.2008.03.016"
                ]
            }
        },
        "BIBREF4": {
            "title": "Recent network design techniques using evolutionary algorithms",
            "authors": [
                {
                    "first": "M",
                    "middle": [],
                    "last": "Gen",
                    "suffix": ""
                },
                {
                    "first": "A",
                    "middle": [],
                    "last": "Kumar",
                    "suffix": ""
                },
                {
                    "first": "JR",
                    "middle": [],
                    "last": "Kim",
                    "suffix": ""
                }
            ],
            "year": 2005,
            "venue": "International Journal of Production Economics",
            "volume": "98",
            "issn": "",
            "pages": "251-261",
            "other_ids": {
                "DOI": [
                    "10.1016/j.ijpe.2004.05.026"
                ]
            }
        },
        "BIBREF5": {
            "title": "Hybrid data mining approach for pattern extraction from wafer bin map to improve yield in semiconductor manufacturing",
            "authors": [
                {
                    "first": "SC",
                    "middle": [],
                    "last": "Hsu",
                    "suffix": ""
                },
                {
                    "first": "CF",
                    "middle": [],
                    "last": "Chien",
                    "suffix": ""
                }
            ],
            "year": 2007,
            "venue": "International Journal of Production Economics",
            "volume": "107",
            "issn": "1",
            "pages": "88-103",
            "other_ids": {
                "DOI": [
                    "10.1016/j.ijpe.2006.05.015"
                ]
            }
        },
        "BIBREF6": {
            "title": "RFID-enabled real-time wireless manufacturing for adaptive assembly planning and control",
            "authors": [
                {
                    "first": "GQ",
                    "middle": [],
                    "last": "Huang",
                    "suffix": ""
                },
                {
                    "first": "YF",
                    "middle": [],
                    "last": "Zhang",
                    "suffix": ""
                },
                {
                    "first": "X",
                    "middle": [],
                    "last": "Chen",
                    "suffix": ""
                },
                {
                    "first": "ST",
                    "middle": [],
                    "last": "Newman",
                    "suffix": ""
                }
            ],
            "year": 2008,
            "venue": "Journal of Intelligent Manufacturing",
            "volume": "19",
            "issn": "6",
            "pages": "701-713",
            "other_ids": {
                "DOI": [
                    "10.1007/s10845-008-0121-5"
                ]
            }
        },
        "BIBREF7": {
            "title": "RFID in the healthcare supply chain: Usage and application",
            "authors": [
                {
                    "first": "S",
                    "middle": [],
                    "last": "Kumar",
                    "suffix": ""
                },
                {
                    "first": "E",
                    "middle": [],
                    "last": "Swanson",
                    "suffix": ""
                },
                {
                    "first": "T",
                    "middle": [],
                    "last": "Tran",
                    "suffix": ""
                }
            ],
            "year": 2009,
            "venue": "International Journal of Health Care Quality Assurance",
            "volume": "22",
            "issn": "1",
            "pages": "67-81",
            "other_ids": {
                "DOI": [
                    "10.1108/09526860910927961"
                ]
            }
        },
        "BIBREF8": {
            "title": "Pathogenesis of severe acute respiratory syndrome",
            "authors": [
                {
                    "first": "YL",
                    "middle": [],
                    "last": "Lau",
                    "suffix": ""
                },
                {
                    "first": "JSM",
                    "middle": [],
                    "last": "Peiris",
                    "suffix": ""
                }
            ],
            "year": 2005,
            "venue": "Current Opinion in Immunology",
            "volume": "17",
            "issn": "4",
            "pages": "404-410",
            "other_ids": {
                "DOI": [
                    "10.1016/j.coi.2005.05.009"
                ]
            }
        },
        "BIBREF9": {
            "title": "Widespread public misconception in the early phase of the H1N1 influenza epidemic",
            "authors": [
                {
                    "first": "JTF",
                    "middle": [],
                    "last": "Lau",
                    "suffix": ""
                },
                {
                    "first": "S",
                    "middle": [],
                    "last": "Griffiths",
                    "suffix": ""
                },
                {
                    "first": "KC",
                    "middle": [],
                    "last": "Choi",
                    "suffix": ""
                },
                {
                    "first": "HY",
                    "middle": [],
                    "last": "Tsui",
                    "suffix": ""
                }
            ],
            "year": 2009,
            "venue": "Journal of Infection",
            "volume": "59",
            "issn": "2",
            "pages": "122-127",
            "other_ids": {
                "DOI": [
                    "10.1016/j.jinf.2009.06.004"
                ]
            }
        },
        "BIBREF10": {
            "title": "The fourth genus in the Orthomyxoviridae: Sequence analyses of two Thogoto virus polymerase proteins and comparison with influenza viruses",
            "authors": [
                {
                    "first": "MB",
                    "middle": [],
                    "last": "Leahy",
                    "suffix": ""
                },
                {
                    "first": "JT",
                    "middle": [],
                    "last": "Dessens",
                    "suffix": ""
                },
                {
                    "first": "F",
                    "middle": [],
                    "last": "Weber",
                    "suffix": ""
                },
                {
                    "first": "G",
                    "middle": [],
                    "last": "Kochs",
                    "suffix": ""
                },
                {
                    "first": "PA",
                    "middle": [],
                    "last": "Nuttall",
                    "suffix": ""
                }
            ],
            "year": 1997,
            "venue": "Virus Research",
            "volume": "50",
            "issn": "2",
            "pages": "215-224",
            "other_ids": {
                "DOI": [
                    "10.1016/S0168-1702(97)00072-5"
                ]
            }
        },
        "BIBREF11": {
            "title": "Computer aided school administration system using RFID technology",
            "authors": [
                {
                    "first": "S",
                    "middle": [],
                    "last": "Akp\u0131nar",
                    "suffix": ""
                },
                {
                    "first": "H",
                    "middle": [],
                    "last": "Kaptan",
                    "suffix": ""
                }
            ],
            "year": 2010,
            "venue": "Procedia Social and Behavioral Sciences",
            "volume": "2",
            "issn": "2",
            "pages": "4392-4397",
            "other_ids": {
                "DOI": [
                    "10.1016/j.sbspro.2010.03.699"
                ]
            }
        },
        "BIBREF12": {
            "title": "Investigation into anti-airborne infection performance of stratum ventilation",
            "authors": [
                {
                    "first": "Z",
                    "middle": [],
                    "last": "Lin",
                    "suffix": ""
                },
                {
                    "first": "J",
                    "middle": [],
                    "last": "Wang",
                    "suffix": ""
                },
                {
                    "first": "T",
                    "middle": [],
                    "last": "Yao",
                    "suffix": ""
                },
                {
                    "first": "TT",
                    "middle": [],
                    "last": "Chow",
                    "suffix": ""
                }
            ],
            "year": 2012,
            "venue": "Building and Environment",
            "volume": "54",
            "issn": "",
            "pages": "29-38",
            "other_ids": {
                "DOI": [
                    "10.1016/j.buildenv.2012.01.017"
                ]
            }
        },
        "BIBREF13": {
            "title": "The use of classification and regression trees in clinical epidemiology",
            "authors": [
                {
                    "first": "RJ",
                    "middle": [],
                    "last": "Marshall",
                    "suffix": ""
                }
            ],
            "year": 2001,
            "venue": "Journal of Clinical Epidemiology",
            "volume": "54",
            "issn": "",
            "pages": "603-609",
            "other_ids": {
                "DOI": [
                    "10.1016/S0895-4356(00)00344-9"
                ]
            }
        },
        "BIBREF14": {
            "title": "Real-time location and inpatient care systems based on passive RFID",
            "authors": [
                {
                    "first": "P",
                    "middle": [],
                    "last": "Najera",
                    "suffix": ""
                },
                {
                    "first": "J",
                    "middle": [],
                    "last": "Lopez",
                    "suffix": ""
                },
                {
                    "first": "R",
                    "middle": [],
                    "last": "Roman",
                    "suffix": ""
                }
            ],
            "year": 2011,
            "venue": "Journal of Network and Computer Applications",
            "volume": "34",
            "issn": "",
            "pages": "980-989",
            "other_ids": {
                "DOI": [
                    "10.1016/j.jnca.2010.04.011"
                ]
            }
        },
        "BIBREF15": {
            "title": "Supervised classification using probabilistic decision graphs",
            "authors": [
                {
                    "first": "JD",
                    "middle": [],
                    "last": "Nielsen",
                    "suffix": ""
                },
                {
                    "first": "R",
                    "middle": [],
                    "last": "Rum\u00ed",
                    "suffix": ""
                },
                {
                    "first": "A",
                    "middle": [],
                    "last": "Salmer\u00f3n",
                    "suffix": ""
                }
            ],
            "year": 2009,
            "venue": "Computational Statistics and Data Analysis",
            "volume": "53",
            "issn": "",
            "pages": "1299-1311",
            "other_ids": {
                "DOI": [
                    "10.1016/j.csda.2008.11.003"
                ]
            }
        },
        "BIBREF16": {
            "title": "Smart medical environment at the point of care: Auto-tracking clinical interventions at the bed side using RFID technology",
            "authors": [
                {
                    "first": "K",
                    "middle": [],
                    "last": "Ohashi",
                    "suffix": ""
                },
                {
                    "first": "S",
                    "middle": [],
                    "last": "Ota",
                    "suffix": ""
                },
                {
                    "first": "L",
                    "middle": [],
                    "last": "Ohno-Machado",
                    "suffix": ""
                },
                {
                    "first": "H",
                    "middle": [],
                    "last": "Tanaka",
                    "suffix": ""
                }
            ],
            "year": 2010,
            "venue": "Computers in Biology and Medicine",
            "volume": "40",
            "issn": "",
            "pages": "545-554",
            "other_ids": {
                "DOI": [
                    "10.1016/j.compbiomed.2010.03.007"
                ]
            }
        },
        "BIBREF17": {
            "title": "Design of capacitated minimum spanning tree with uncertain cost and demand parameters",
            "authors": [
                {
                    "first": "T",
                    "middle": [],
                    "last": "\u00d6ncan",
                    "suffix": ""
                }
            ],
            "year": 2007,
            "venue": "Information Sciences",
            "volume": "177",
            "issn": "",
            "pages": "4354-4367",
            "other_ids": {
                "DOI": [
                    "10.1016/j.ins.2007.02.023"
                ]
            }
        },
        "BIBREF18": {
            "title": "",
            "authors": [],
            "year": null,
            "venue": "",
            "volume": "",
            "issn": "",
            "pages": null,
            "other_ids": {
                "DOI": []
            }
        },
        "BIBREF19": {
            "title": "A comprehensive RFID solution to enhance inpatient medication safety",
            "authors": [
                {
                    "first": "P",
                    "middle": [],
                    "last": "Peris-Lopez",
                    "suffix": ""
                },
                {
                    "first": "A",
                    "middle": [],
                    "last": "Orfila",
                    "suffix": ""
                },
                {
                    "first": "A",
                    "middle": [],
                    "last": "Mitrokotsa",
                    "suffix": ""
                },
                {
                    "first": "JCA",
                    "middle": [],
                    "last": "Lubbe",
                    "suffix": ""
                }
            ],
            "year": 2011,
            "venue": "International Journal of Medical Informatics",
            "volume": "80",
            "issn": "",
            "pages": "13-24",
            "other_ids": {
                "DOI": [
                    "10.1016/j.ijmedinf.2010.10.008"
                ]
            }
        },
        "BIBREF20": {
            "title": "A case of implementing RFID-based real-time shop-floor material management for household electrical appliance manufacturers",
            "authors": [
                {
                    "first": "T",
                    "middle": [],
                    "last": "Qu",
                    "suffix": ""
                },
                {
                    "first": "HD",
                    "middle": [],
                    "last": "Yang",
                    "suffix": ""
                },
                {
                    "first": "GQ",
                    "middle": [],
                    "last": "Huang",
                    "suffix": ""
                },
                {
                    "first": "YF",
                    "middle": [],
                    "last": "Zhang",
                    "suffix": ""
                },
                {
                    "first": "H",
                    "middle": [],
                    "last": "Luo",
                    "suffix": ""
                },
                {
                    "first": "W",
                    "middle": [],
                    "last": "Qin",
                    "suffix": ""
                }
            ],
            "year": 2012,
            "venue": "Journal of Intelligent Manufacturing",
            "volume": "23",
            "issn": "6",
            "pages": "2343-2356",
            "other_ids": {
                "DOI": [
                    "10.1007/s10845-010-0476-2"
                ]
            }
        },
        "BIBREF21": {
            "title": "Modeling the evaporation and dispersion of airborne sputum droplets expelled from a human cough",
            "authors": [
                {
                    "first": "J",
                    "middle": [],
                    "last": "Redrow",
                    "suffix": ""
                },
                {
                    "first": "S",
                    "middle": [],
                    "last": "Mao",
                    "suffix": ""
                },
                {
                    "first": "I",
                    "middle": [],
                    "last": "Celik",
                    "suffix": ""
                },
                {
                    "first": "JA",
                    "middle": [],
                    "last": "Posada",
                    "suffix": ""
                },
                {
                    "first": "Z",
                    "middle": [],
                    "last": "Feng",
                    "suffix": ""
                }
            ],
            "year": 2011,
            "venue": "Building and Environment",
            "volume": "46",
            "issn": "",
            "pages": "2042-2051",
            "other_ids": {
                "DOI": [
                    "10.1016/j.buildenv.2011.04.011"
                ]
            }
        },
        "BIBREF22": {
            "title": "Intelligent tracking in manufacturing",
            "authors": [
                {
                    "first": "A",
                    "middle": [],
                    "last": "Brewer",
                    "suffix": ""
                },
                {
                    "first": "N",
                    "middle": [],
                    "last": "Sloan",
                    "suffix": ""
                },
                {
                    "first": "TL",
                    "middle": [],
                    "last": "Landers",
                    "suffix": ""
                }
            ],
            "year": 1999,
            "venue": "Journal of Intelligent Manufacturing",
            "volume": "10",
            "issn": "3/4",
            "pages": "245-250",
            "other_ids": {
                "DOI": [
                    "10.1023/A:1008995707211"
                ]
            }
        },
        "BIBREF23": {
            "title": "Factors involved in the aerosol transmission of infection and control of ventilation in healthcare premises",
            "authors": [
                {
                    "first": "JW",
                    "middle": [],
                    "last": "Tang",
                    "suffix": ""
                },
                {
                    "first": "Y",
                    "middle": [],
                    "last": "Li",
                    "suffix": ""
                },
                {
                    "first": "I",
                    "middle": [],
                    "last": "Eames",
                    "suffix": ""
                },
                {
                    "first": "PKS",
                    "middle": [],
                    "last": "Chan",
                    "suffix": ""
                },
                {
                    "first": "GL",
                    "middle": [],
                    "last": "Ridgway",
                    "suffix": ""
                }
            ],
            "year": 2006,
            "venue": "Journal of Hospital Infection",
            "volume": "64",
            "issn": "",
            "pages": "100-114",
            "other_ids": {
                "DOI": [
                    "10.1016/j.jhin.2006.05.022"
                ]
            }
        },
        "BIBREF24": {
            "title": "Review of aerosol transmission of influenza a virus",
            "authors": [
                {
                    "first": "R",
                    "middle": [],
                    "last": "Tellier",
                    "suffix": ""
                }
            ],
            "year": 2006,
            "venue": "Emerging Infectious Diseases",
            "volume": "11",
            "issn": "12",
            "pages": "1657-1662",
            "other_ids": {
                "DOI": [
                    "10.3201/eid1211.060426"
                ]
            }
        },
        "BIBREF25": {
            "title": "Internet-based manufacturing: A review and a new infrastructure for distributed intelligent manufacturing",
            "authors": [
                {
                    "first": "GY",
                    "middle": [],
                    "last": "Tian",
                    "suffix": ""
                },
                {
                    "first": "G",
                    "middle": [],
                    "last": "Yin",
                    "suffix": ""
                },
                {
                    "first": "D",
                    "middle": [],
                    "last": "Taylor",
                    "suffix": ""
                }
            ],
            "year": 2002,
            "venue": "Journal of Intelligent Manufacturing",
            "volume": "13",
            "issn": "5",
            "pages": "323-338",
            "other_ids": {
                "DOI": [
                    "10.1023/A:1019907906158"
                ]
            }
        },
        "BIBREF26": {
            "title": "Evaluating the business value of RFID: Evidence from five case studies",
            "authors": [
                {
                    "first": "SF",
                    "middle": [],
                    "last": "Tzeng",
                    "suffix": ""
                },
                {
                    "first": "WH",
                    "middle": [],
                    "last": "Chen",
                    "suffix": ""
                },
                {
                    "first": "FY",
                    "middle": [],
                    "last": "Pai",
                    "suffix": ""
                }
            ],
            "year": 2008,
            "venue": "International Journal of Production Economics",
            "volume": "112",
            "issn": "",
            "pages": "601-613",
            "other_ids": {
                "DOI": [
                    "10.1016/j.ijpe.2007.05.009"
                ]
            }
        },
        "BIBREF27": {
            "title": "Impact of the A (H1N1) pandemic influenza (season 2009\u20132010) on patients",
            "authors": [
                {
                    "first": "L",
                    "middle": [],
                    "last": "Viviani",
                    "suffix": ""
                },
                {
                    "first": "BM",
                    "middle": [],
                    "last": "Assael",
                    "suffix": ""
                },
                {
                    "first": "E",
                    "middle": [],
                    "last": "Kerem",
                    "suffix": ""
                }
            ],
            "year": 2011,
            "venue": "Journal of Cystic Fibrosis",
            "volume": "10",
            "issn": "",
            "pages": "370-376",
            "other_ids": {
                "DOI": [
                    "10.1016/j.jcf.2011.06.004"
                ]
            }
        },
        "BIBREF28": {
            "title": "Safeguarding against substandard/counterfeit drugs: Mitigating a macroeconomic pandemic",
            "authors": [
                {
                    "first": "AI",
                    "middle": [],
                    "last": "Wertheimer",
                    "suffix": ""
                },
                {
                    "first": "J",
                    "middle": [],
                    "last": "Norris",
                    "suffix": ""
                }
            ],
            "year": 2009,
            "venue": "Research in Social and Administrative Pharmacy",
            "volume": "5",
            "issn": "",
            "pages": "4-16",
            "other_ids": {
                "DOI": [
                    "10.1016/j.sapharm.2008.05.002"
                ]
            }
        },
        "BIBREF29": {
            "title": "Technological opportunities for supporting people with dementia who are living at home",
            "authors": [
                {
                    "first": "JP",
                    "middle": [],
                    "last": "Wherton",
                    "suffix": ""
                },
                {
                    "first": "AF",
                    "middle": [],
                    "last": "Monk",
                    "suffix": ""
                }
            ],
            "year": 2008,
            "venue": "International Journal of Human-Computer Studies",
            "volume": "66",
            "issn": "",
            "pages": "571-586",
            "other_ids": {
                "DOI": [
                    "10.1016/j.ijhcs.2008.03.001"
                ]
            }
        },
        "BIBREF30": {
            "title": "Leveraging complex event processing for smart hospitals using RFID",
            "authors": [
                {
                    "first": "W",
                    "middle": [],
                    "last": "Yao",
                    "suffix": ""
                },
                {
                    "first": "CH",
                    "middle": [],
                    "last": "Chu",
                    "suffix": ""
                },
                {
                    "first": "Z",
                    "middle": [],
                    "last": "Li",
                    "suffix": ""
                }
            ],
            "year": 2011,
            "venue": "Journal of Network and Computer Applications",
            "volume": "34",
            "issn": "",
            "pages": "799-810",
            "other_ids": {
                "DOI": [
                    "10.1016/j.jnca.2010.04.020"
                ]
            }
        },
        "BIBREF31": {
            "title": "RFID-enabled real-time manufacturing information tracking infrastructure for extended enterprises",
            "authors": [
                {
                    "first": "Y",
                    "middle": [],
                    "last": "Zhang",
                    "suffix": ""
                },
                {
                    "first": "P",
                    "middle": [],
                    "last": "Jiang",
                    "suffix": ""
                },
                {
                    "first": "G",
                    "middle": [],
                    "last": "Huang",
                    "suffix": ""
                },
                {
                    "first": "T",
                    "middle": [],
                    "last": "Qu",
                    "suffix": ""
                },
                {
                    "first": "G",
                    "middle": [],
                    "last": "Zhou",
                    "suffix": ""
                },
                {
                    "first": "J",
                    "middle": [],
                    "last": "Hong",
                    "suffix": ""
                }
            ],
            "year": 2012,
            "venue": "Journal of Intelligent Manufacturing",
            "volume": "23",
            "issn": "6",
            "pages": "2357-2366",
            "other_ids": {
                "DOI": [
                    "10.1007/s10845-010-0475-3"
                ]
            }
        },
        "BIBREF32": {
            "title": "RFID localization algorithms and applications\u2014A review",
            "authors": [
                {
                    "first": "J",
                    "middle": [],
                    "last": "Zhou",
                    "suffix": ""
                },
                {
                    "first": "J",
                    "middle": [],
                    "last": "Shi",
                    "suffix": ""
                }
            ],
            "year": 2009,
            "venue": "Journal of Intelligent Manufacturing",
            "volume": "20",
            "issn": "6",
            "pages": "695-707",
            "other_ids": {
                "DOI": [
                    "10.1007/s10845-008-0158-5"
                ]
            }
        },
        "BIBREF33": {
            "title": "Pandemic A/H1N1/2009 influenza in a paediatric haematology and oncology unit: Successful management of a sudden outbreak",
            "authors": [
                {
                    "first": "N.",
                    "middle": [],
                    "last": "Buchbinder",
                    "suffix": ""
                },
                {
                    "first": "C.",
                    "middle": [],
                    "last": "Dumesnil",
                    "suffix": ""
                },
                {
                    "first": "D.",
                    "middle": [],
                    "last": "Pinquier",
                    "suffix": ""
                },
                {
                    "first": "V.",
                    "middle": [],
                    "last": "Merle",
                    "suffix": ""
                },
                {
                    "first": "B.",
                    "middle": [],
                    "last": "Filhon",
                    "suffix": ""
                },
                {
                    "first": "P.",
                    "middle": [],
                    "last": "Schneider",
                    "suffix": ""
                }
            ],
            "year": 2011,
            "venue": "Journal of Hospital Infection",
            "volume": "79",
            "issn": "2",
            "pages": "155-160",
            "other_ids": {
                "DOI": []
            }
        },
        "BIBREF34": {
            "title": "Using RFID for the management of pharmaceutical inventory\u2014System optimization and shrinkage control",
            "authors": [
                {
                    "first": "\u00d6.",
                    "middle": [
                        "E."
                    ],
                    "last": "\u00c7ak\u0131c\u0131",
                    "suffix": ""
                },
                {
                    "first": "H.",
                    "middle": [],
                    "last": "Groenevelt",
                    "suffix": ""
                },
                {
                    "first": "A.",
                    "middle": [],
                    "last": "Seidmann",
                    "suffix": ""
                }
            ],
            "year": 2011,
            "venue": "Decision Support Systems",
            "volume": "51",
            "issn": "4",
            "pages": "842-852",
            "other_ids": {
                "DOI": []
            }
        },
        "BIBREF35": {
            "title": "Characterization of expiration air jets and droplet size distributions immediately at the mouth opening",
            "authors": [
                {
                    "first": "CYH",
                    "middle": [],
                    "last": "Chao",
                    "suffix": ""
                },
                {
                    "first": "MP",
                    "middle": [],
                    "last": "Wan",
                    "suffix": ""
                },
                {
                    "first": "L",
                    "middle": [],
                    "last": "Morawska",
                    "suffix": ""
                },
                {
                    "first": "GR",
                    "middle": [],
                    "last": "Johnson",
                    "suffix": ""
                },
                {
                    "first": "ZD",
                    "middle": [],
                    "last": "Ristovski",
                    "suffix": ""
                },
                {
                    "first": "M",
                    "middle": [],
                    "last": "Hargreaves",
                    "suffix": ""
                },
                {
                    "first": "K",
                    "middle": [],
                    "last": "Mengersen",
                    "suffix": ""
                },
                {
                    "first": "S",
                    "middle": [],
                    "last": "Corbett",
                    "suffix": ""
                },
                {
                    "first": "Y",
                    "middle": [],
                    "last": "Li",
                    "suffix": ""
                },
                {
                    "first": "X",
                    "middle": [],
                    "last": "Xie",
                    "suffix": ""
                },
                {
                    "first": "D",
                    "middle": [],
                    "last": "Katoshevski",
                    "suffix": ""
                }
            ],
            "year": 2009,
            "venue": "Aerosol Science",
            "volume": "40",
            "issn": "2",
            "pages": "122-133",
            "other_ids": {
                "DOI": [
                    "10.1016/j.jaerosci.2008.10.003"
                ]
            }
        },
        "BIBREF36": {
            "title": "A polynomial solvable minimum risk spanning tree problem with interval data",
            "authors": [
                {
                    "first": "X",
                    "middle": [],
                    "last": "Chen",
                    "suffix": ""
                },
                {
                    "first": "J",
                    "middle": [],
                    "last": "Hu",
                    "suffix": ""
                },
                {
                    "first": "X",
                    "middle": [],
                    "last": "Hu",
                    "suffix": ""
                }
            ],
            "year": 2009,
            "venue": "European Journal of Operational Research",
            "volume": "198",
            "issn": "",
            "pages": "43-46",
            "other_ids": {
                "DOI": [
                    "10.1016/j.ejor.2008.06.039"
                ]
            }
        },
        "BIBREF37": {
            "title": "Data mining for yield enhancement in semiconductor manufacturing and an empirical study",
            "authors": [
                {
                    "first": "CF",
                    "middle": [],
                    "last": "Chien",
                    "suffix": ""
                },
                {
                    "first": "JC",
                    "middle": [],
                    "last": "Wang",
                    "suffix": ""
                },
                {
                    "first": "JC",
                    "middle": [],
                    "last": "Cheng",
                    "suffix": ""
                }
            ],
            "year": 2007,
            "venue": "Expert Systems with Applications",
            "volume": "33",
            "issn": "1",
            "pages": "192-198",
            "other_ids": {
                "DOI": [
                    "10.1016/j.eswa.2006.04.014"
                ]
            }
        },
        "BIBREF38": {
            "title": "On the complexity of searching in trees and partially ordered structures",
            "authors": [
                {
                    "first": "F",
                    "middle": [],
                    "last": "Cicalese",
                    "suffix": ""
                },
                {
                    "first": "T",
                    "middle": [],
                    "last": "Jacobs",
                    "suffix": ""
                },
                {
                    "first": "E",
                    "middle": [],
                    "last": "Laber",
                    "suffix": ""
                },
                {
                    "first": "M",
                    "middle": [],
                    "last": "Molinaro",
                    "suffix": ""
                }
            ],
            "year": 2011,
            "venue": "Theoretical Computer Science",
            "volume": "412",
            "issn": "",
            "pages": "6879-6896",
            "other_ids": {
                "DOI": [
                    "10.1016/j.tcs.2011.08.042"
                ]
            }
        }
    }
}