{
    "paper_id": "PMC7079932",
    "metadata": {
        "title": "Imaging features of 2019 novel coronavirus pneumonia",
        "authors": [
            {
                "first": "Xi",
                "middle": [],
                "last": "Xu",
                "suffix": "",
                "email": "736461654@qq.com",
                "affiliation": {}
            },
            {
                "first": "Chengcheng",
                "middle": [],
                "last": "Yu",
                "suffix": "",
                "email": "1515185140@qq.com",
                "affiliation": {}
            },
            {
                "first": "Lieguang",
                "middle": [],
                "last": "Zhang",
                "suffix": "",
                "email": "zhlieguang@126.com",
                "affiliation": {}
            },
            {
                "first": "Liangping",
                "middle": [],
                "last": "Luo",
                "suffix": "",
                "email": "tluolp@jnu.edu.cn",
                "affiliation": {}
            },
            {
                "first": "Jinxin",
                "middle": [],
                "last": "Liu",
                "suffix": "",
                "email": "Liujx83710378@126.com",
                "affiliation": {}
            }
        ]
    },
    "body_text": [
        {
            "text": "Dear Sir,",
            "cite_spans": [],
            "section": "",
            "ref_spans": []
        },
        {
            "text": "Recently, a type of pneumonia caused by a novel Betacoronavirus, the 2019 novel coronavirus (2019-nCoV), has spread in China, mainly in Wuhan [1]. It is known that cases of this disease have also been identified in other provinces of China [2].",
            "cite_spans": [
                {
                    "start": 143,
                    "end": 144,
                    "mention": "1",
                    "ref_id": "BIBREF0"
                },
                {
                    "start": 241,
                    "end": 242,
                    "mention": "2",
                    "ref_id": "BIBREF1"
                }
            ],
            "section": "",
            "ref_spans": []
        },
        {
            "text": "A 53-year-old man has lived in Wuhan for many years, and recently came to Guangzhou, China. He was admitted to the hospital with fever and cough in the last 2 days, and his highest body temperature was 38.3 \u00b0C before admission. The laboratory examinations showed decreased white blood cell count (2.50 \u00d7 109/L) and elevated C-reactive protein (16.2 mg/L; normal range 0\u201310 mg/L).",
            "cite_spans": [],
            "section": "",
            "ref_spans": []
        },
        {
            "text": "Non-contrast-enhanced chest computed tomography (CT) (Fig. 1a, b) showed multiple, bilateral, peripheral, patchy ground glass opacities, lobular, and subsegmental, with fading margins. The lesions had mainly a subpleural distribution.",
            "cite_spans": [],
            "section": "",
            "ref_spans": [
                {
                    "start": 59,
                    "end": 64,
                    "mention": "1a, b",
                    "ref_id": "FIGREF0"
                }
            ]
        },
        {
            "text": "CT also demonstrated slight thickening of the adjacent pleura (yellow arrow) and interlobular septa in the lesion (red arrow). Subsequently, the patients had laboratory-confirmed 2019-nCoV infection by real-time polymerase chain reaction (PCR). After 5 days, CT scan (Fig. 1c, d) showed enlarged lesions, compared with previous images, and progressive ground glass opacities in both lower lobes, indicating disease progression.",
            "cite_spans": [],
            "section": "",
            "ref_spans": [
                {
                    "start": 273,
                    "end": 278,
                    "mention": "1c, d",
                    "ref_id": "FIGREF0"
                }
            ]
        },
        {
            "text": "Infection with 2019-nCoV was confirmed based on the patient\u2019s epidemiological history, clinical manifestations, imaging characteristics, and laboratory tests.",
            "cite_spans": [],
            "section": "",
            "ref_spans": []
        },
        {
            "text": "Bilateral, multiple, patchy, or ground glass opacities, with subpleural distribution, were the lung CT appearances of this patient, affected by 2019-nCoV pneumonia. These characteristics should be recognized by professionals working in imaging departments.",
            "cite_spans": [],
            "section": "",
            "ref_spans": []
        }
    ],
    "ref_entries": {
        "FIGREF0": {
            "text": "Fig. 1: CT scan of the patient. CT demonstrated slight thickening of the adjacent pleura (yellow arrow) and interlobular septa in the lesion (red arrow)",
            "type": "figure"
        }
    },
    "back_matter": [],
    "bib_entries": {
        "BIBREF0": {
            "title": "A Novel Coronavirus from Patients with Pneumonia in China, 2019",
            "authors": [
                {
                    "first": "Na",
                    "middle": [],
                    "last": "Zhu",
                    "suffix": ""
                },
                {
                    "first": "Dingyu",
                    "middle": [],
                    "last": "Zhang",
                    "suffix": ""
                },
                {
                    "first": "Wenling",
                    "middle": [],
                    "last": "Wang",
                    "suffix": ""
                },
                {
                    "first": "Xingwang",
                    "middle": [],
                    "last": "Li",
                    "suffix": ""
                },
                {
                    "first": "Bo",
                    "middle": [],
                    "last": "Yang",
                    "suffix": ""
                },
                {
                    "first": "Jingdong",
                    "middle": [],
                    "last": "Song",
                    "suffix": ""
                },
                {
                    "first": "Xiang",
                    "middle": [],
                    "last": "Zhao",
                    "suffix": ""
                },
                {
                    "first": "Baoying",
                    "middle": [],
                    "last": "Huang",
                    "suffix": ""
                },
                {
                    "first": "Weifeng",
                    "middle": [],
                    "last": "Shi",
                    "suffix": ""
                },
                {
                    "first": "Roujian",
                    "middle": [],
                    "last": "Lu",
                    "suffix": ""
                },
                {
                    "first": "Peihua",
                    "middle": [],
                    "last": "Niu",
                    "suffix": ""
                },
                {
                    "first": "Faxian",
                    "middle": [],
                    "last": "Zhan",
                    "suffix": ""
                },
                {
                    "first": "Xuejun",
                    "middle": [],
                    "last": "Ma",
                    "suffix": ""
                },
                {
                    "first": "Dayan",
                    "middle": [],
                    "last": "Wang",
                    "suffix": ""
                },
                {
                    "first": "Wenbo",
                    "middle": [],
                    "last": "Xu",
                    "suffix": ""
                },
                {
                    "first": "Guizhen",
                    "middle": [],
                    "last": "Wu",
                    "suffix": ""
                },
                {
                    "first": "George",
                    "middle": [
                        "F."
                    ],
                    "last": "Gao",
                    "suffix": ""
                },
                {
                    "first": "Wenjie",
                    "middle": [],
                    "last": "Tan",
                    "suffix": ""
                }
            ],
            "year": 2020,
            "venue": "New England Journal of Medicine",
            "volume": "382",
            "issn": "8",
            "pages": "727-733",
            "other_ids": {
                "DOI": [
                    "10.1056/NEJMoa2001017"
                ]
            }
        },
        "BIBREF1": {
            "title": "Clinical features of patients infected with 2019 novel coronavirus in Wuhan, China",
            "authors": [
                {
                    "first": "Chaolin",
                    "middle": [],
                    "last": "Huang",
                    "suffix": ""
                },
                {
                    "first": "Yeming",
                    "middle": [],
                    "last": "Wang",
                    "suffix": ""
                },
                {
                    "first": "Xingwang",
                    "middle": [],
                    "last": "Li",
                    "suffix": ""
                },
                {
                    "first": "Lili",
                    "middle": [],
                    "last": "Ren",
                    "suffix": ""
                },
                {
                    "first": "Jianping",
                    "middle": [],
                    "last": "Zhao",
                    "suffix": ""
                },
                {
                    "first": "Yi",
                    "middle": [],
                    "last": "Hu",
                    "suffix": ""
                },
                {
                    "first": "Li",
                    "middle": [],
                    "last": "Zhang",
                    "suffix": ""
                },
                {
                    "first": "Guohui",
                    "middle": [],
                    "last": "Fan",
                    "suffix": ""
                },
                {
                    "first": "Jiuyang",
                    "middle": [],
                    "last": "Xu",
                    "suffix": ""
                },
                {
                    "first": "Xiaoying",
                    "middle": [],
                    "last": "Gu",
                    "suffix": ""
                },
                {
                    "first": "Zhenshun",
                    "middle": [],
                    "last": "Cheng",
                    "suffix": ""
                },
                {
                    "first": "Ting",
                    "middle": [],
                    "last": "Yu",
                    "suffix": ""
                },
                {
                    "first": "Jiaan",
                    "middle": [],
                    "last": "Xia",
                    "suffix": ""
                },
                {
                    "first": "Yuan",
                    "middle": [],
                    "last": "Wei",
                    "suffix": ""
                },
                {
                    "first": "Wenjuan",
                    "middle": [],
                    "last": "Wu",
                    "suffix": ""
                },
                {
                    "first": "Xuelei",
                    "middle": [],
                    "last": "Xie",
                    "suffix": ""
                },
                {
                    "first": "Wen",
                    "middle": [],
                    "last": "Yin",
                    "suffix": ""
                },
                {
                    "first": "Hui",
                    "middle": [],
                    "last": "Li",
                    "suffix": ""
                },
                {
                    "first": "Min",
                    "middle": [],
                    "last": "Liu",
                    "suffix": ""
                },
                {
                    "first": "Yan",
                    "middle": [],
                    "last": "Xiao",
                    "suffix": ""
                },
                {
                    "first": "Hong",
                    "middle": [],
                    "last": "Gao",
                    "suffix": ""
                },
                {
                    "first": "Li",
                    "middle": [],
                    "last": "Guo",
                    "suffix": ""
                },
                {
                    "first": "Jungang",
                    "middle": [],
                    "last": "Xie",
                    "suffix": ""
                },
                {
                    "first": "Guangfa",
                    "middle": [],
                    "last": "Wang",
                    "suffix": ""
                },
                {
                    "first": "Rongmeng",
                    "middle": [],
                    "last": "Jiang",
                    "suffix": ""
                },
                {
                    "first": "Zhancheng",
                    "middle": [],
                    "last": "Gao",
                    "suffix": ""
                },
                {
                    "first": "Qi",
                    "middle": [],
                    "last": "Jin",
                    "suffix": ""
                },
                {
                    "first": "Jianwei",
                    "middle": [],
                    "last": "Wang",
                    "suffix": ""
                },
                {
                    "first": "Bin",
                    "middle": [],
                    "last": "Cao",
                    "suffix": ""
                }
            ],
            "year": 2020,
            "venue": "The Lancet",
            "volume": "395",
            "issn": "10223",
            "pages": "497-506",
            "other_ids": {
                "DOI": [
                    "10.1016/S0140-6736(20)30183-5"
                ]
            }
        }
    }
}