{
    "paper_id": "PMC7089249",
    "metadata": {
        "title": "Molecular detection of novel picornaviruses in chickens and turkeys",
        "authors": [
            {
                "first": "Tibor",
                "middle": [],
                "last": "Farkas",
                "suffix": "",
                "email": "tibor.farkas@cchmc.org",
                "affiliation": {}
            },
            {
                "first": "Brittney",
                "middle": [],
                "last": "Fey",
                "suffix": "",
                "email": null,
                "affiliation": {}
            },
            {
                "first": "Edwin",
                "middle": [],
                "last": "Hargitt",
                "suffix": "III",
                "email": null,
                "affiliation": {}
            },
            {
                "first": "Mark",
                "middle": [],
                "last": "Parcells",
                "suffix": "",
                "email": null,
                "affiliation": {}
            },
            {
                "first": "Brian",
                "middle": [],
                "last": "Ladman",
                "suffix": "",
                "email": null,
                "affiliation": {}
            },
            {
                "first": "Maria",
                "middle": [],
                "last": "Murgia",
                "suffix": "",
                "email": null,
                "affiliation": {}
            },
            {
                "first": "Yehia",
                "middle": [],
                "last": "Saif",
                "suffix": "",
                "email": null,
                "affiliation": {}
            }
        ]
    },
    "body_text": [
        {
            "text": "Picornaviruses are small, non-enveloped, single-stranded positive strand RNA viruses with a ~7\u20139 kb genome. All known picornavirus genomes encode a single long open reading frame (ORF) from which a long polyprotein is translated and cleaved by virus encoded proteases to yield the individual structural and non-structural viral proteins. The long ORF has been divided into three regions: P1, P2, and P3. The P1 region encodes the viral capsid proteins while the P2 and P3 regions encode proteins involved in protein processing or genome replication: 2Apro, 2B, 2C and 3A, 3B (VPg), 3Cpro, 3Dpol, respectively. Picornaviruses have been described in humans and different animal species and can be the causative agents of a wide variety of diseases. The Picornaviridae family currently consists of 12 genera: Enterovirus, Cardiovirus, Aphtovirus, Hepatovirus, Parechovirus, Erbovirus, Kobuvirus, Teschovirus, Sapelovirus, Senecavirus, Tremovirus, and Avihepatovirus [1]. Several other picornaviruses including the recently described turdiviruses and turkey hepatitis viruses still await species or genus assignment.",
            "cite_spans": [
                {
                    "start": 964,
                    "end": 965,
                    "mention": "1",
                    "ref_id": "BIBREF0"
                }
            ],
            "section": "Introduction",
            "ref_spans": []
        },
        {
            "text": "Turdiviruses were discovered in tracheal and cloacal swabs obtained from dead wild birds of the genus Turdus in the family Turdidae [2]. Two distinct groups representing two proposed new genera (Ortho- and Paraturdivirus) have been described. These viruses could not be propagated in cell culture or in chicken embryos and their prevalence, host range, and disease burden are unknown.",
            "cite_spans": [
                {
                    "start": 133,
                    "end": 134,
                    "mention": "2",
                    "ref_id": "BIBREF11"
                }
            ],
            "section": "Introduction",
            "ref_spans": []
        },
        {
            "text": "Picornaviruses that were tentatively named turkey hepatitis viruses (THV) were recently discovered in liver samples collected from diseased turkey poults with turkey hepatitis. THV was also detected in bile, intestine, serum, and cloacal swabs of diseased animals and is the candidate causative agent of turkey hepatitis [3].",
            "cite_spans": [
                {
                    "start": 322,
                    "end": 323,
                    "mention": "3",
                    "ref_id": "BIBREF14"
                }
            ],
            "section": "Introduction",
            "ref_spans": []
        },
        {
            "text": "Based on the morphological descriptions of small round viruses in healthy and diseased avian species [4\u20138] we initiated a study for the molecular detection of caliciviruses in avian fecal specimens. This study utilized a broadly reactive primer set targeting conserved amino acid motifs encoding regions present in calicivirus RNA-dependent RNA polymerases (RdRp) and are partially also present in other viral RdRps. As part of the study here we report the serendipitous detection of novel picornaviruses in chicken and turkey samples that included diagnostic cases with runting\u2013stunting syndrome (RSS).",
            "cite_spans": [
                {
                    "start": 102,
                    "end": 103,
                    "mention": "4",
                    "ref_id": "BIBREF15"
                },
                {
                    "start": 104,
                    "end": 105,
                    "mention": "8",
                    "ref_id": "BIBREF19"
                }
            ],
            "section": "Introduction",
            "ref_spans": []
        },
        {
            "text": "Fecal swabs collected from 42 broiler chickens, 25 domestic ducks, 11 turkeys, 149 Canadian geese in Delaware, and 73 litter extracts collected from 4 chicken and 4 turkey farms in North Carolina were tested (Table 1). Twenty-eight of the 42 chicken swabs represented diagnostic cases with RSS. All of the other samples were collected from healthy animals. Swabs were soaked in 1 ml sterile PBS. Litter samples were saturated with sterile PBS and washes were collected. All samples were aliquoted and stored at \u221280\u00b0C.\n",
            "cite_spans": [],
            "section": "Samples ::: Materials and methods",
            "ref_spans": [
                {
                    "start": 215,
                    "end": 216,
                    "mention": "1",
                    "ref_id": "TABREF0"
                }
            ]
        },
        {
            "text": "Equal volumes of 2\u20134 samples from the same sample group were pooled together and viral RNA was extracted by the QIAamp viral RNA mini kit on a QIAvac 24 plus vacuum manifold (Qiagen Inc., Valencia, CA), according to the manufacturer\u2019s instructions. Twenty-two sample pools along with negative (deionized water) and positive (recovirus) controls were extracted at a time. The titer of tissue culture-adapted FT285 recovirus strain was adjusted to 104 pfu/ml and 150 \u03bcl aliquots were made and stored at \u221280\u00b0C. Extracted RNA was eluted in 30 \u03bcl buffer and stored at \u221280\u00b0C. RNA from individual samples of RT-PCR positive pools were extracted as described above.",
            "cite_spans": [],
            "section": "RNA extraction ::: Materials and methods",
            "ref_spans": []
        },
        {
            "text": "Viral RNA was amplified from 3 \u03bcl of extracted RNA template in 25 \u03bcl reactions using the AccessQuick RT-PCR system (Promega, Madison, WI) according to manufacturer\u2019s instructions with P289/P290 as it was described in our previous studies [9\u201311]. Reactions were analyzed on 2% agarose gels in the presence of ethidium bromide. RT-PCR products were excised from agarose gels, recovered by the Wizard SV Gel and PCR-clean up system and cloned into pGEM-T vector (Promega, Madison, WI) according to the manufacturer\u2019s protocols. Positive clones were identified by PCR. Plasmid DNA was isolated from 2 ml cultures by the Wizard Plus SV Miniprep DNA-purification system (Promega, Madison, WI) according to the manufacturer\u2019s instructions and sequenced using M13 forward and reverse primers by the chain termination method on an ABI PRISM\u00ae 3730 DNA Analyzer (Applied Biosystems Inc., Foster city, CA). Each sample was sequenced in both directions from two-independent clones.",
            "cite_spans": [
                {
                    "start": 239,
                    "end": 240,
                    "mention": "9",
                    "ref_id": "BIBREF20"
                },
                {
                    "start": 241,
                    "end": 243,
                    "mention": "11",
                    "ref_id": "BIBREF2"
                }
            ],
            "section": "RT-PCR screening and DNA sequencing ::: Materials and methods",
            "ref_spans": []
        },
        {
            "text": "The genome of selected picornavirus strains representing each group was amplified to the 3\u2032 end (~1,000 nt) with strain-specific forward primers (CTCCACTACCTCAACACTATCC for group 1, TGTGATGATTGGYGGYATG for group 2, and ATGAGATGGAAGGAGGRATG for group 3 viruses, respectively) and an oligo-dT primer. Further extension of the P3 region, encoding 3A, 3B (VPg), 3Cpro, and 3Dpol proteins was achieved by primer walking using strain-specific reverse primers and degenerate primers targeting nucleotide sequences encoding for conserved amino acid motifs DDxGQ (TTCATCGAYGACATCGGICAR) in the 2C and GxCG (CCTTCSAGGGYITSTGYGG) in the 3Cpro regions.",
            "cite_spans": [],
            "section": "Genomic sequence extension ::: Materials and methods",
            "ref_spans": []
        },
        {
            "text": "BLAST analyses of sequences without the primers were run against NCBI databases. Multiple sequence alignments of nucleotide and amino acid sequences were created using the Omiga v2.0 software (Oxford Molecular Ltd, Oxford, UK). Dendrograms were constructed by the Unweighted Pair Group Method with Arithmetic Mean (UPGMA) and the Neighbor-Joining clustering methods of the molecular evolutionary genetics analysis (MEGA version 3.1) software with Jukes\u2013Cantor and Poisson correction distance calculations for nucleotide and amino acid sequence alignments, respectively [12]. The confidence values of the internal nodes were obtained by performing 1,025 bootstrap analyses. Picornavirus sequences representing all established or proposed genera were included in the analyses (accession numbers are listed in Fig. 1).\n",
            "cite_spans": [
                {
                    "start": 570,
                    "end": 572,
                    "mention": "12",
                    "ref_id": "BIBREF3"
                }
            ],
            "section": "Sequence and phylogenetic analysis ::: Materials and methods",
            "ref_spans": [
                {
                    "start": 812,
                    "end": 813,
                    "mention": "1",
                    "ref_id": "FIGREF0"
                }
            ]
        },
        {
            "text": "Secondary structure predictions for 3\u2032-NTR regions were generated using the Webserver for Aligning non-coding RNAs (WAR, http://genome.ku.dk/resources/war/) [13]. WAR was used to generate consensus alignments and secondary structures for the terminal 240 nt of each of the 3\u2032-NTRs (CHK148, CHK168, TRK22, TRK24, Aichi virus, and Turdivirus 1), as well as the extended 5\u2032-portions of CHK148 and TRK22 viruses. WAR submissions are limited to 250 nt, and the greatest homology among the 3\u2032-NTRs was in the 3\u2032-terminal ~250 nt.",
            "cite_spans": [
                {
                    "start": 158,
                    "end": 160,
                    "mention": "13",
                    "ref_id": "BIBREF4"
                }
            ],
            "section": "Predictions of 3\u2032-NTR secondary structure ::: Materials and methods",
            "ref_spans": []
        },
        {
            "text": "The size of 240 nt for the 3\u2032-consensus was chosen due to this being the size of the Aichi virus 3\u2032-NTR, the smallest of the viruses examined. For the extended 3\u2032-NTRs of CHK148 and TRK22, the 5\u2032-most 250 nt were used for secondary structure predication.",
            "cite_spans": [],
            "section": "Predictions of 3\u2032-NTR secondary structure ::: Materials and methods",
            "ref_spans": []
        },
        {
            "text": "FASTA files of RNA alignments were uploaded to the WAR server using DNAStar MegAlign software (DNAStar, Lasergene 8.1, Madison, WI) and consensus alignments and secondary structure predictions were generated using 14 simultaneous RNA structural prediction programs (listed at http://genome.ku.dk/resources/war/).",
            "cite_spans": [],
            "section": "Predictions of 3\u2032-NTR secondary structure ::: Materials and methods",
            "ref_spans": []
        },
        {
            "text": "Predictions were ranked according to free energies, highest covariance scores, average bp probability, and the fraction of canonical base-pairing. Structures predicted by more than one program are reported. Owing to differences in relatedness, consensus structures were developed using comparisons of alignments of CHK148 and TRK22, and alignments of Aichi virus, Turdivirus 1, CHK168, and TRK24 strain 3\u2032-NTRs.",
            "cite_spans": [],
            "section": "Predictions of 3\u2032-NTR secondary structure ::: Materials and methods",
            "ref_spans": []
        },
        {
            "text": "RT-PCR positive samples were centrifuged at 10,000\u00d7g for 15 min and sterile filtered through 0.2 \u03bcm syringe filters (Millipore, Billerica, MA). Filtered samples were confirmed for the presence of picornaviruses by RT-PCR and sequencing and inoculated onto primary chicken embryo liver/fibroblast, LMH (chicken liver; ATCC CRL-2117), Vero (African green monkey; kidney; ATCC CRL-1586), MA104 (African green monkey kidney; ATCC CRL-2378), and LLC-MK2 (rhesus monkey kidney; ATCC CCL-7) cells at 60\u201370% confluent in 24-well tissue culture plates. Cultures were monitored daily for CPE, and harvested (medium and cells) at day 5 post-inoculation. After two cycles of freezing and thawing cell debris was removed by centrifugation and the supernatants were passed to fresh cultures. Sub-culturing was performed five times regardless of CPE. Passages were evaluated for the presence of picornavirus RNA by RT-PCR.",
            "cite_spans": [],
            "section": "Tissue culture ::: Materials and methods",
            "ref_spans": []
        },
        {
            "text": "Pre-screening of pooled samples containing diagnostic cases of chicken specimens and chicken or turkey litter extracts yielded RT-PCR amplicons of the approximate expected size (~300 bp). None of the fecal samples collected from healthy broiler chickens, turkeys, domestic ducks, or Canadian geese yielded amplicons with similar size. Testing of the individual samples of the positive pools identified two chicken diagnostic cases, 13 chicken- and 5 turkey litter samples with ~300 bp amplicons (Table 2; Fig. 4).\n",
            "cite_spans": [],
            "section": "RT-PCR screening of specimens ::: Results",
            "ref_spans": [
                {
                    "start": 510,
                    "end": 511,
                    "mention": "4",
                    "ref_id": "FIGREF3"
                },
                {
                    "start": 502,
                    "end": 503,
                    "mention": "2",
                    "ref_id": "TABREF1"
                }
            ]
        },
        {
            "text": "Based on their length (minus primer sequences), the amplicons could be divided into three groups: (1) 283 bp/94 aa (8 chicken samples), (2) 280 bp/93 aa (3 chicken and 4 turkey samples), and (3) 250 bp/83 aa (4 chicken and 1 turkey samples). Instead of the GLPSG amino acid motif characteristic for caliciviruses, a GMPSG motif was present in all amplicons. BLAST search and pairwise alignments indicated that all amplicons detected in this study represented picornaviruses. The 280 and 283 bp amplicons had the closest nucleotide identity (48\u201361%) to kobuviruses and turdivirus 1 (\u201cOrthoturdivirus\u201d) [2] while the 250 bp amplicons had high (84\u201391%) nucleotide identity to THVs [3]. None of the amplicons revealed calicivirus sequences.",
            "cite_spans": [
                {
                    "start": 602,
                    "end": 603,
                    "mention": "2",
                    "ref_id": "BIBREF11"
                },
                {
                    "start": 679,
                    "end": 680,
                    "mention": "3",
                    "ref_id": "BIBREF14"
                }
            ],
            "section": "Sequence and phylogenetic analysis of short RdRp amplicons ::: Results",
            "ref_spans": []
        },
        {
            "text": "According to phylogenetic analysis of the deduced short 3Dpol aa sequences, the 20 sequences obtained in our study fell into two distinct clusters, with distances suggesting the existence of two new genera (genus 1 and genus 2 in this study) within Picornaviridae. Genus 1 included viruses yielding 280 and 283 bp amplicons and genus 2 was comprised of the THV-like viruses, yielding 250 bp amplicons (Fig. 1).",
            "cite_spans": [],
            "section": "Sequence and phylogenetic analysis of short RdRp amplicons ::: Results",
            "ref_spans": [
                {
                    "start": 407,
                    "end": 408,
                    "mention": "1",
                    "ref_id": "FIGREF0"
                }
            ]
        },
        {
            "text": "Genome amplification of selected strains from each group was extended from the P3 region to the poly-A tail. The P3 region of picornaviruses encode proteins 3A, 3B (VPg), 3Cpro (protease), and 3Dpol (RNA-dependent RNA polymerase). For strains CHK165, CHK175, TRK90, and TRK91 a segment (~1 kb) stretching from the P290 primer binding site of 3Dpol to the poly-A tail was amplified. For strains CHK148, CHK168, TRK22, and TRK24 a segment (~1.8\u20132.2 kb) stretching from the GxCG motif of 3Cpro to the poly-A tail was amplified. Finally, for strain CHK1 a segment (~3.2 kb) stretching from the DDxGQ motif of the 2C protein to the poly-A tail was amplified. Phylogenetic and distance analyses of the complete 3Dpol amino acid sequences placed genus 1 viruses closer to Turdivirus 1 (\u201cOrthoturdivirus\u201d) than our original analyses based on partial RdRp sequences, indicating that genus 1 viruses may represent a highly divergent species of \u201cOrthoturdiviruses\u201d rather than a new genus (Fig. 2a). However, analyses of the partial 2C and the 3A\u20133C region supported their classification as a new genus (Fig. 2b; Table 3).\n\n",
            "cite_spans": [],
            "section": "Analyses of the P3 regions and 3\u2032-NTR ::: Results",
            "ref_spans": [
                {
                    "start": 984,
                    "end": 985,
                    "mention": "2",
                    "ref_id": "FIGREF1"
                },
                {
                    "start": 1098,
                    "end": 1099,
                    "mention": "2",
                    "ref_id": "FIGREF1"
                },
                {
                    "start": 1108,
                    "end": 1109,
                    "mention": "3",
                    "ref_id": "TABREF2"
                }
            ]
        },
        {
            "text": "The 3\u2032-NTR sequences of genus 2 (THV-like) viruses obtained in this study were significantly longer than any of the other picornaviruses (Table 3). These long 3\u2032-NTRs contained a short open reading frame (ORF) encoding a putative protein (98\u2013114 aa) (Fig. 3). BLAST searches of these ORFs did not reveal any similarity to known proteins in public databases.\n",
            "cite_spans": [],
            "section": "Analyses of the P3 regions and 3\u2032-NTR ::: Results",
            "ref_spans": [
                {
                    "start": 256,
                    "end": 257,
                    "mention": "3",
                    "ref_id": "FIGREF2"
                },
                {
                    "start": 144,
                    "end": 145,
                    "mention": "3",
                    "ref_id": "TABREF2"
                }
            ]
        },
        {
            "text": "Secondary structure predication analysis was performed on these 3\u2032-NTR sequences using a structural and alignment-based collection of RNA structure prediction programs (Webserver for Aligning non-coding RNAs, WAR) (Figs. 5, 6). The 3\u2032-most 240 nt of CHK148 and TRK22 were predicted to form a nearly identical series of stem-loops predicted by RNAForester (Fig. 5b; \u2206g = \u221252.2), MURLET (\u2206g = \u221250.8), and MAFFT-RNAalifold (\u2206g = \u221251.0). The 3\u2032-NTR of Aichi virus, and 240 nt of the 3\u2032NTRs of CHK148, TRK22, and Turdivirus 1 were predicted to form a common set of stem-loops predicted by MAFFT-RNAalifold (\u2206g = \u221231.8) (Fig. 5c).",
            "cite_spans": [],
            "section": "Analyses of the P3 regions and 3\u2032-NTR ::: Results",
            "ref_spans": [
                {
                    "start": 221,
                    "end": 222,
                    "mention": "5",
                    "ref_id": "FIGREF4"
                },
                {
                    "start": 224,
                    "end": 225,
                    "mention": "6",
                    "ref_id": "FIGREF5"
                },
                {
                    "start": 361,
                    "end": 362,
                    "mention": "5",
                    "ref_id": "FIGREF4"
                },
                {
                    "start": 620,
                    "end": 621,
                    "mention": "5",
                    "ref_id": "FIGREF4"
                }
            ]
        },
        {
            "text": "The additional ~300 nt upstream of the 3\u2032-NTR stem-loop structures in CHK148, 178, and TRK22, were similarly examined for structurally homologous stem-loops (Fig. 6). This region was found to form a series of stem-loops predicted by RNAForester (\u2206g = \u221243.2), MAFFT-RNAalifold (\u2206g = \u221224.4), and LaRA (\u2206g = \u221223.86) programs. The function of these stem-loops upstream of those common to the picornavirus 3\u2032-NTR stem-loops associated with replication, is currently unknown.",
            "cite_spans": [],
            "section": "Analyses of the P3 regions and 3\u2032-NTR ::: Results",
            "ref_spans": [
                {
                    "start": 163,
                    "end": 164,
                    "mention": "6",
                    "ref_id": "FIGREF5"
                }
            ]
        },
        {
            "text": "After inoculation with RT-PCR positive swabs or litter extracts, no cytopathic effect (CPE) was observed in the non-human primate cell line cultures tested (LLC-MK2, MA104, and Vero) up to five blind passages. In some of the primary chicken embryo liver/fibroblast and LMH cultures, however, CPE characterized by rounding of the cells developed and was transferable to subsequent passages even after chloroform extraction, indicating the presence of non-enveloped viruses. However, all cultures with or without CPE were negative for the presence of picornavirus RNA after the second and subsequent passages.",
            "cite_spans": [],
            "section": "Tissue culture ::: Results",
            "ref_spans": []
        },
        {
            "text": "Based on the previous description of calicivirus-like particles in avian species [5\u20137], including chickens with RSS [4, 8] the initial goal of our study was the molecular detection of caliciviruses in avian fecal specimens. Fecal swabs collected from broiler chickens, domestic ducks, turkeys, and Canadian geese in Delaware, and litter extracts collected from chicken and turkey farms in North Carolina were tested using P289/P290 (Table 1). With the exception of the 28 swabs collected from RSS positive chickens in Delaware, all of the fecal specimens represented healthy animals. Data on the health status of North Carolina flocks (litter extracts) were not available. The primers (P289/P290) used in this study are targeting nucleotide sequences encoding for conserved amino acid motifs (YGDD and DY(T/S)(R/K/G)WDST) in the calicivirus RdRps. However, RdRps of RNA viruses because of their common evolutionary origin share several conserved motifs. Indeed, using P289/P290 for the detection of caliciviruses in several previous studies resulted in the unintentional detection of RNA viruses including rotavirus, porcine kobuvirus and astrovirus [14\u201316]. Similarly, in this study novel picornaviruses were serendipitously amplified with amplicons that were indistinguishable from the calicivirus positive control by size (Fig. 4). Analysis of the complete 3Dpol sequences of CHK1, CHK148, CHK168, TRK22, TR24, and the THVs revealed ~16\u201318 nt match in the 23 nt P290 binding site, with DYSCFDST and DYSCFDSS amino acid motifs for genus 1 and genus 2 viruses, respectively.\n",
            "cite_spans": [
                {
                    "start": 82,
                    "end": 83,
                    "mention": "5",
                    "ref_id": "BIBREF16"
                },
                {
                    "start": 84,
                    "end": 85,
                    "mention": "7",
                    "ref_id": "BIBREF18"
                },
                {
                    "start": 117,
                    "end": 118,
                    "mention": "4",
                    "ref_id": "BIBREF15"
                },
                {
                    "start": 120,
                    "end": 121,
                    "mention": "8",
                    "ref_id": "BIBREF19"
                },
                {
                    "start": 1151,
                    "end": 1153,
                    "mention": "14",
                    "ref_id": "BIBREF5"
                },
                {
                    "start": 1154,
                    "end": 1156,
                    "mention": "16",
                    "ref_id": "BIBREF7"
                }
            ],
            "section": "Discussion",
            "ref_spans": [
                {
                    "start": 1331,
                    "end": 1332,
                    "mention": "4",
                    "ref_id": "FIGREF3"
                },
                {
                    "start": 439,
                    "end": 440,
                    "mention": "1",
                    "ref_id": "TABREF0"
                }
            ]
        },
        {
            "text": "Recently, two reports describing the molecular detection of caliciviruses in avian species were published. Day et al. [17] reported a partial calicivirus sequence (936 nt) identified in a metagenomic analysis of turkey gut RNA virus community and Wolf et al. [18] reported the full genome sequence (7908 nt) of a chicken calicivirus detected in two clinically normal and one RSS chicken. Both of these caliciviruses are genetically related to but distinct from Sapovirus and represent two putative new genera of Caliciviridae. Unfortunately, there is no published data on the prevalence of these avian caliciviruses and their role in disease still needs to be established. Surprisingly, despite the relatively large number and diverse samples tested, caliciviruses were not detected in any of the samples including the 28 chicken samples collected from chickens with RSS. The primers used in our study could not be evaluated directly for their ability to detect the avian caliciviruses but sequence analysis of the chicken calicivirus [18] indicated a good match for primer binding at the sites encoding for the DYSGWDST and YGDD amino acid motifs.",
            "cite_spans": [
                {
                    "start": 119,
                    "end": 121,
                    "mention": "17",
                    "ref_id": "BIBREF8"
                },
                {
                    "start": 260,
                    "end": 262,
                    "mention": "18",
                    "ref_id": "BIBREF9"
                },
                {
                    "start": 1036,
                    "end": 1038,
                    "mention": "18",
                    "ref_id": "BIBREF9"
                }
            ],
            "section": "Discussion",
            "ref_spans": []
        },
        {
            "text": "Picornaviruses were detected both in chicken and turkey samples including two fecal swabs collected from chickens with RSS, 13 litter samples collected from egg layers and 5 litter samples collected from turkey farms (Table 2). Phylogenetic analyses of partial 3Dpol sequences divided the 20 picornaviruses into two distinct clusters (Fig. 1). Both clusters contained viruses detected in both chicken and turkey samples suggesting that these picornaviruses can infect both avian species.",
            "cite_spans": [],
            "section": "Discussion",
            "ref_spans": [
                {
                    "start": 340,
                    "end": 341,
                    "mention": "1",
                    "ref_id": "FIGREF0"
                },
                {
                    "start": 224,
                    "end": 225,
                    "mention": "2",
                    "ref_id": "TABREF1"
                }
            ]
        },
        {
            "text": "Fifteen samples including the two positive swabs from chickens with RSS, 9 litter samples collected from egg layers, and 4 litter samples collected from turkeys contained novel picornaviruses (genus 1) with no closely related sequences in public databases.",
            "cite_spans": [],
            "section": "Discussion",
            "ref_spans": []
        },
        {
            "text": "Recently, in a metagenomic analysis of the turkey gut RNA virus community Day et al. [17] reported the identification of RNA sequences with homology to seven of the nine recognized picornavirus genera with the largest number of sequences bearing homology to Kobuvirus. Unfortunately, these sequences are not available from public databases for comparison with sequences obtained in our study.",
            "cite_spans": [
                {
                    "start": 86,
                    "end": 88,
                    "mention": "17",
                    "ref_id": "BIBREF8"
                }
            ],
            "section": "Discussion",
            "ref_spans": []
        },
        {
            "text": "Phylogenetic analysis of the entire P3 region including 3A, 3B (VPg), 3Cpro, and 3Dpol of CHK1 placed genus 1 viruses closer to \u201cOrthoturdivirus\u201d than our original analysis of the partial 3Dpol sequences (Fig. 1). Phylogeny of the complete 3Dpol sequences separately indicated that genus 1 viruses might represent a highly divergent species of \u201cOrthoturdivirus\u201d (Fig. 2a), however, this was not supported by analyses of the partial 2C and the 3A\u20133C regions which placed genus 1 viruses further apart from \u201cOrthoturdivirus\u201d supporting their classification as a new genus (Fig. 2b; Table 3). According to the genus definition recommended by Picornavirus Study Group of the International Committee on Taxonomy of Viruses (ICTV), members of a picornavirus genus should share >40, >40, and >50% amino acid identity in the P1, P2, and P3 regions, respectively. CHK1 shares 47% amino acid identity with Turdivirus 1 in the P3 region, which indicates that the genus 1 viruses described in this study represent a new genus. In accordance with the results of the phylogenetic distance analysis, alignments of the separate P3 proteins revealed that CHK1 3Dpol region alone shared a higher (62%), while the 3A\u20133Cpro region of P3 and the available partial 2C region of P2 shared a lower (28 and 41%, respectively) amino acid identity with Turdivirus 1 (Table 3). Ortho- and paraturdiviruses were discovered recently in tracheal and cloacal swabs obtained from dead wild birds of the genus Turdus in the family Turdidae [2]. Turdiviruses could not be propagated in cell culture or in chicken embryos and their prevalence, host range, and disease burden are unknown. Based on our analysis, genus 1 viruses described in this study represent a putative new picornavirus genus with the closest evolutionary roots to Orthoturdivirus. Since genus 1 viruses were described in chicken and turkey samples we propose the tentative name \u201cGallivirus\u201d for the genus. For the final classification and nomenclature of genus 1 viruses, analysis of complete genome sequences, their host range, pathogenicity, and antigenic relationships needs to be determined.",
            "cite_spans": [
                {
                    "start": 1507,
                    "end": 1508,
                    "mention": "2",
                    "ref_id": "BIBREF11"
                }
            ],
            "section": "Discussion",
            "ref_spans": [
                {
                    "start": 210,
                    "end": 211,
                    "mention": "1",
                    "ref_id": "FIGREF0"
                },
                {
                    "start": 368,
                    "end": 369,
                    "mention": "2",
                    "ref_id": "FIGREF1"
                },
                {
                    "start": 576,
                    "end": 577,
                    "mention": "2",
                    "ref_id": "FIGREF1"
                },
                {
                    "start": 586,
                    "end": 587,
                    "mention": "3",
                    "ref_id": "TABREF2"
                },
                {
                    "start": 1346,
                    "end": 1347,
                    "mention": "3",
                    "ref_id": "TABREF2"
                }
            ]
        },
        {
            "text": "The remaining five picornavirus sequences (genus 2) clustered separately from genus 1 viruses and together with the recently described THVs [3] (Fig. 1). Pairwise amino acid alignments of the complete 3Dpol revealed a high (97\u201399%) homology between TRK22, CHK148, and the THVs. The published sequences of the turkey hepatitis viruses did not include the complete 5\u2032 and 3\u2032-NTRs. In this study complete 3\u2032-NTR sequences of three genus 2 viruses (CHK148, CHK178, and TRK22) were obtained revealing a significantly longer 3\u2032-NTR region (641\u2013654 nt) than that of any other picornaviruses (Table 3). Aligments of the 3\u2032-NTRs with the partial (137 and 172 nt) 3\u2032-NTR regions that were published for THVs clearly separated the chicken and turkey viruses into two groups. CHK148 and CHK178 had a 52\u201355% nucleotide identity with THV0091 and THV2993D, while TRK22 exhibited a 82\u201389% identity to THV0091 and THV2993D, respectively. Moreover, an eight nucleotide deletion was clearly conserved among THV0091 and THV2993D and TRK22.",
            "cite_spans": [
                {
                    "start": 141,
                    "end": 142,
                    "mention": "3",
                    "ref_id": "BIBREF14"
                }
            ],
            "section": "Discussion",
            "ref_spans": [
                {
                    "start": 150,
                    "end": 151,
                    "mention": "1",
                    "ref_id": "FIGREF0"
                },
                {
                    "start": 591,
                    "end": 592,
                    "mention": "3",
                    "ref_id": "TABREF2"
                }
            ]
        },
        {
            "text": "The full length 3\u2032-NTRs of genus 2 viruses obtained in our study contained a putative short ORF: 342 nt (114 aa) for CHK148, and CHK178 and 294 nt (98 aa) for TRK22, respectively (Fig. 3). The putative short ORF sequences of CHK148 and CHK178 had 93% nucleotide and 99% amino acid identity to each other but only 53% nucleotide and 34% amino acid identity and 50% amino acid similarity to the TRK22 short ORF. None of these proteins showed homology to any viral proteins available in public databases. Whether these ORFs encode for a functional protein or the relevance of the unusually long 3\u2032-NTR of these viruses remains to be established in future studies.",
            "cite_spans": [],
            "section": "Discussion",
            "ref_spans": [
                {
                    "start": 185,
                    "end": 186,
                    "mention": "3",
                    "ref_id": "FIGREF2"
                }
            ]
        },
        {
            "text": "Structures at the extreme 3\u2032-ends of picornavirus genomes define the OriR (3\u2032-NTR origin of replication) typically include stem-loops (X, Y, and Z) important for circularization of the genome during minus strand (antigenome) replication. Secondary and tertiary structures in the 3\u2032-NTR vary in overall complexity, but have been described as having tRNA-like folds with the \u201ckissing\u201d of stem-loops in a higher order folded pseudoknot [19, 20].",
            "cite_spans": [
                {
                    "start": 434,
                    "end": 436,
                    "mention": "19",
                    "ref_id": "BIBREF10"
                },
                {
                    "start": 438,
                    "end": 440,
                    "mention": "20",
                    "ref_id": "BIBREF12"
                }
            ],
            "section": "Discussion",
            "ref_spans": []
        },
        {
            "text": "In our analysis of predicted consensus RNA secondary structures of the viruses reported here, complex secondary structures identified for both the extreme 3\u2032-NTRs (Fig. 5) and the additional sequences found in CHK148 and TRK22 3\u2032-NTRs (Fig. 6). As sequences at the extreme 3\u2032-ends of picornaviruses, arteriviruses, and coronaviruses are important for antigenome and subsequent genome synthesis [21], and given the limited sequence identity among the strains examined, we used a structural alignment-based set of programs to predict common structural elements of these 3\u2032-NTRs. As several common structures were predicted using different algorithms, it seems likely that these structures provide the basis for future structure/function studies with respect to their role in genome replication.\n\n",
            "cite_spans": [
                {
                    "start": 395,
                    "end": 397,
                    "mention": "21",
                    "ref_id": "BIBREF13"
                }
            ],
            "section": "Discussion",
            "ref_spans": [
                {
                    "start": 169,
                    "end": 170,
                    "mention": "5",
                    "ref_id": "FIGREF4"
                },
                {
                    "start": 241,
                    "end": 242,
                    "mention": "6",
                    "ref_id": "FIGREF5"
                }
            ]
        },
        {
            "text": "While the THVs were described in samples collected from turkey poults with symptoms of turkey hepatitis [3], in our study similar viruses were detected in 4 litter samples collected from egg layer chickens and in 1 litter sample collected from turkey poults. Since THVs are the proposed causative agents of turkey hepatitis, evaluation of the pathogenicity of these viruses in chickens is important. Preliminary studies indicate that both CHK148 and TRK22 can be propagated in embryonated chicken eggs (unpublished data). Efforts for the tissue culture adaptation of the picornaviruses described in this study were unsuccessful. Virus isolation from fecal material can be difficult due to low virus load, toxicity of the material, and the abundance of diverse viral agents that often overgrow the target virus. Many enteric viruses require polarized epithelial cells for replication and may have species-specific requirements. More cell lines and primary cell cultures should be evaluated in future studies.",
            "cite_spans": [
                {
                    "start": 105,
                    "end": 106,
                    "mention": "3",
                    "ref_id": "BIBREF14"
                }
            ],
            "section": "Discussion",
            "ref_spans": []
        },
        {
            "text": "In summary, we described the molecular detection of novel picornaviruses in chicken and turkey samples, including viruses that were recently suggested to be the causative agents of turkey hepatitis. These viruses represent two possible new genera of Picornaviridae that appear to be endemic in both chickens and turkeys. Further characterization of these viruses including their host range and prevalence and studies to link infection to clinical disease such as hepatitis or RSS are necessary.",
            "cite_spans": [],
            "section": "Discussion",
            "ref_spans": []
        }
    ],
    "ref_entries": {
        "TABREF0": {
            "text": "Table\u00a01: Samples tested in this study\n\naDiagnostic cases represent birds with runting\u2013stunting enteritis \nbLitter samples were collected from 21 to 42 days old boiler chickens housed in three separate farms (2\u20134 samples/farm) \ncLitter samples were collected from 22 to 78 weeks old egg layers from six different houses of the same farm (6\u201312 samples/house) \ndLitter samples were collected from 20 to 21 days old turkey poults from two different houses from each of four different farms (2 samples/house; 4 samples/farm)",
            "type": "table"
        },
        "TABREF1": {
            "text": "Table\u00a02: Picornavirus RT-PCR\n\naDiagnostic cases represent birds with runting\u2013stunting enteritis \nbLitter samples were collected from 22 to 78 weeks old egg layers from six different houses of the same farm (6\u201312 samples/house) \ncLitter samples were collected from 20 to 21 days old turkey poults from two different houses from each of four different farms (2 samples/house; 4 samples/farm) \ndTRK22 (THV) and TRK24 (new genus described in this study) were detected in two different houses of farm 3",
            "type": "table"
        },
        "TABREF2": {
            "text": "Table\u00a03: Comparison of amino acid homologies\nThe 3\u2032-NTRs of CHK165, CHK175, TRK90, and TRK91 strains are 310, 308, 314, and 312 nt long, respectively. The 3\u2032-NTR of CHK178 is 641 nt long \naComplete 3\u2032-NTRs of turkey hepatitis viruses were not available \nbLength of partial 2Cs represent compatible regions to the 177 nt partial 2C of CHK1 starting from the deduced 2C/3A cleavage sites",
            "type": "table"
        },
        "FIGREF0": {
            "text": "Fig.\u00a01: Phylogenetic analysis of partial 3Dpol protein sequences. The alignment contained 73 amino acids after columns with gaps were removed. The dendrogram was constructed by the Neighbor-Joining clustering method of MEGA version 3.1 with Poisson correction distance calculations and 1,025 bootstrap analyses",
            "type": "figure"
        },
        "FIGREF1": {
            "text": "Fig.\u00a02: Phylogenetic analysis of complete 3Dpol (a), and 3A\u20133Cpro (b) protein sequences. The length of the individual proteins are listed in Table 3. The dendrogram was constructed by the UPGMA clustering method of MEGA version 3.1 with Poisson correction distance calculations and 1,025 bootstrap analyses",
            "type": "figure"
        },
        "FIGREF2": {
            "text": "Fig.\u00a03: ORF maps of CHK148, CHK178, and TRK22 were generated in Omiga v2.0 software (Oxford Molecular Ltd, Oxford, UK). Dots represent start codons (ATG), arrow heads represent stop codons (TAA, TAG, or TGA). Frames are shown in both orientations (+1, +2, +3, \u22121, \u22122, \u22123). The 342 and 294 nt 3\u2032-NTR putative ORFs are boxed (a). Alignment of deduced amino acid sequences of CHK148 and TRK22 3\u2032-NTR putative ORFs were generated in GeneDoc. Identical or similar amino acids are shaded (b)",
            "type": "figure"
        },
        "FIGREF3": {
            "text": "Fig.\u00a04: RT-PCR products of individual chicken litter samples separated on 2% agarose gels and stained with ethidium bromide. M 1 kb Plus DNA ladder (Invitrogen); \u2212C negative control (water); +C positive control (FT285 RNA)",
            "type": "figure"
        },
        "FIGREF4": {
            "text": "Fig.\u00a05: Secondary structural analysis of avian picornavirus 3\u2032-NTRs. a Map of the 3\u2032-NTRs and their relative sizes. The gray box indicates the region aligned by secondary structure predictions in b and c. b The secondary structure alignment of CHK 148 and TRK 22 3\u2032-NTRs (terminal 240 nt), the predicted stem-loop structure (below right), and derived thermodynamic and statistical values for the proposed structure (\u2206g, avg covariation, avg bp probability and canonical bp). The structure shown was predicted by RNAForester using the Webserver for Aligning non-structural RNAs (WAR, http://genome.ku.dk/resources/war/). c The alignment based on structural prediction for the 3\u2032-NTRs of CHK168, TRK 24, Aichi virus, and Turdivirus, the predicted stem-loop structure (bottom right) and values generated in the derivation of this structure (bottom left). Structural alignments were generated using the IUPAC nucleotide ambiguity system. Boxed sequences in alignments b and c correlate with the boxed loops in the secondary structure predications and are provided for reference and orientation",
            "type": "figure"
        },
        "FIGREF5": {
            "text": "Fig.\u00a06: Secondary structural analysis of the CHK 148 and TRK 22 3\u2032-NTRs. a Map of the region of the CHK 148 and TRK 22 3\u2032-NTRs used for analysis. The gray box indicates the region aligned by secondary structure predictions in b and c. b The secondary structure alignment of the 5\u2032-regions of the CHK 148 and TRK 22 3\u2032-NTRs (250 nt). Structural alignments were generated using the IUPAC nucleotide ambiguity system. As in Fig. 5, the structure shown was predicted by MAFFT-RNAalifold program using the Webserver for Aligning non-structural RNAs (WAR, http://genome.ku.dk/resources/war/). c The predicted stem-loop structure (below right), and derived thermodynamic and statistical values for the proposed structure (\u2206g, avg covariation, avg bp probability, and canonical bp). Boxed sequences in the alignment in b correlate with the boxed loop in the secondary structure predication in c and is provided for reference and orientation",
            "type": "figure"
        }
    },
    "back_matter": [],
    "bib_entries": {
        "BIBREF0": {
            "title": "",
            "authors": [],
            "year": null,
            "venue": "",
            "volume": "",
            "issn": "",
            "pages": null,
            "other_ids": {
                "DOI": []
            }
        },
        "BIBREF1": {
            "title": "",
            "authors": [
                {
                    "first": "T.",
                    "middle": [],
                    "last": "Farkas",
                    "suffix": ""
                },
                {
                    "first": "W.M.",
                    "middle": [],
                    "last": "Zhong",
                    "suffix": ""
                },
                {
                    "first": "Y.",
                    "middle": [],
                    "last": "Jing",
                    "suffix": ""
                },
                {
                    "first": "P.W.",
                    "middle": [],
                    "last": "Huang",
                    "suffix": ""
                },
                {
                    "first": "S.M.",
                    "middle": [],
                    "last": "Espinosa",
                    "suffix": ""
                },
                {
                    "first": "N.",
                    "middle": [],
                    "last": "Martinez",
                    "suffix": ""
                },
                {
                    "first": "A.L.",
                    "middle": [],
                    "last": "Morrow",
                    "suffix": ""
                },
                {
                    "first": "G.M.",
                    "middle": [],
                    "last": "Ruiz-Palacios",
                    "suffix": ""
                },
                {
                    "first": "L.K.",
                    "middle": [],
                    "last": "Pickering",
                    "suffix": ""
                },
                {
                    "first": "X.",
                    "middle": [],
                    "last": "Jiang",
                    "suffix": ""
                }
            ],
            "year": 2004,
            "venue": "Arch. Virol.",
            "volume": "149",
            "issn": "7",
            "pages": null,
            "other_ids": {
                "DOI": []
            }
        },
        "BIBREF2": {
            "title": "",
            "authors": [
                {
                    "first": "X",
                    "middle": [],
                    "last": "Jiang",
                    "suffix": ""
                },
                {
                    "first": "PW",
                    "middle": [],
                    "last": "Huang",
                    "suffix": ""
                },
                {
                    "first": "WM",
                    "middle": [],
                    "last": "Zhong",
                    "suffix": ""
                },
                {
                    "first": "T",
                    "middle": [],
                    "last": "Farkas",
                    "suffix": ""
                },
                {
                    "first": "DW",
                    "middle": [],
                    "last": "Cubitt",
                    "suffix": ""
                },
                {
                    "first": "DO",
                    "middle": [],
                    "last": "Matson",
                    "suffix": ""
                }
            ],
            "year": 1999,
            "venue": "J. Virol. Methods",
            "volume": "83",
            "issn": "",
            "pages": null,
            "other_ids": {
                "DOI": [
                    "10.1016/S0166-0934(99)00114-7"
                ]
            }
        },
        "BIBREF3": {
            "title": "",
            "authors": [
                {
                    "first": "S",
                    "middle": [],
                    "last": "Kumar",
                    "suffix": ""
                },
                {
                    "first": "K",
                    "middle": [],
                    "last": "Tamura",
                    "suffix": ""
                },
                {
                    "first": "M",
                    "middle": [],
                    "last": "Nei",
                    "suffix": ""
                }
            ],
            "year": 2004,
            "venue": "Brief Bioinform.",
            "volume": "5",
            "issn": "",
            "pages": null,
            "other_ids": {
                "DOI": [
                    "10.1093/bib/5.2.150"
                ]
            }
        },
        "BIBREF4": {
            "title": "",
            "authors": [
                {
                    "first": "E",
                    "middle": [],
                    "last": "Torarinsson",
                    "suffix": ""
                },
                {
                    "first": "S",
                    "middle": [],
                    "last": "Lindgreen",
                    "suffix": ""
                }
            ],
            "year": 2008,
            "venue": "Nucleic Acids Res.",
            "volume": "36",
            "issn": "",
            "pages": null,
            "other_ids": {
                "DOI": [
                    "10.1093/nar/gkn275"
                ]
            }
        },
        "BIBREF5": {
            "title": "",
            "authors": [
                {
                    "first": "JE",
                    "middle": [],
                    "last": "Ludert",
                    "suffix": ""
                },
                {
                    "first": "AC",
                    "middle": [],
                    "last": "Alcala",
                    "suffix": ""
                },
                {
                    "first": "F",
                    "middle": [],
                    "last": "Liprandi",
                    "suffix": ""
                }
            ],
            "year": 2004,
            "venue": "J. Clin. Microbiol.",
            "volume": "42",
            "issn": "",
            "pages": null,
            "other_ids": {
                "DOI": [
                    "10.1128/JCM.42.2.835-836.2004"
                ]
            }
        },
        "BIBREF6": {
            "title": "",
            "authors": [
                {
                    "first": "G",
                    "middle": [],
                    "last": "Reuter",
                    "suffix": ""
                },
                {
                    "first": "A",
                    "middle": [],
                    "last": "Boldizsar",
                    "suffix": ""
                },
                {
                    "first": "I",
                    "middle": [],
                    "last": "Kiss",
                    "suffix": ""
                },
                {
                    "first": "P",
                    "middle": [],
                    "last": "Pankovics",
                    "suffix": ""
                }
            ],
            "year": 2008,
            "venue": "Emerg. Infect. Dis.",
            "volume": "14",
            "issn": "",
            "pages": null,
            "other_ids": {
                "DOI": [
                    "10.3201/eid1412.080797"
                ]
            }
        },
        "BIBREF7": {
            "title": "",
            "authors": [
                {
                    "first": "G",
                    "middle": [],
                    "last": "Reuter",
                    "suffix": ""
                },
                {
                    "first": "P",
                    "middle": [],
                    "last": "Pankovics",
                    "suffix": ""
                },
                {
                    "first": "A",
                    "middle": [],
                    "last": "Boros",
                    "suffix": ""
                }
            ],
            "year": 2011,
            "venue": "Arch. Virol.",
            "volume": "156",
            "issn": "",
            "pages": null,
            "other_ids": {
                "DOI": [
                    "10.1007/s00705-010-0827-5"
                ]
            }
        },
        "BIBREF8": {
            "title": "",
            "authors": [
                {
                    "first": "JM",
                    "middle": [],
                    "last": "Day",
                    "suffix": ""
                },
                {
                    "first": "LL",
                    "middle": [],
                    "last": "Ballard",
                    "suffix": ""
                },
                {
                    "first": "MV",
                    "middle": [],
                    "last": "Duke",
                    "suffix": ""
                },
                {
                    "first": "BE",
                    "middle": [],
                    "last": "Scheffler",
                    "suffix": ""
                },
                {
                    "first": "L",
                    "middle": [],
                    "last": "Zsak",
                    "suffix": ""
                }
            ],
            "year": 2010,
            "venue": "Virol. J.",
            "volume": "7",
            "issn": "",
            "pages": null,
            "other_ids": {
                "DOI": [
                    "10.1186/1743-422X-7-313"
                ]
            }
        },
        "BIBREF9": {
            "title": "",
            "authors": [
                {
                    "first": "S",
                    "middle": [],
                    "last": "Wolf",
                    "suffix": ""
                },
                {
                    "first": "J",
                    "middle": [],
                    "last": "Reetz",
                    "suffix": ""
                },
                {
                    "first": "P",
                    "middle": [],
                    "last": "Otto",
                    "suffix": ""
                }
            ],
            "year": 2011,
            "venue": "Arch. Virol.",
            "volume": "156",
            "issn": "",
            "pages": null,
            "other_ids": {
                "DOI": [
                    "10.1007/s00705-011-0964-5"
                ]
            }
        },
        "BIBREF10": {
            "title": "",
            "authors": [
                {
                    "first": "WJ",
                    "middle": [],
                    "last": "Melchers",
                    "suffix": ""
                },
                {
                    "first": "JG",
                    "middle": [],
                    "last": "Hoenderop",
                    "suffix": ""
                },
                {
                    "first": "HJ",
                    "middle": [],
                    "last": "Bruins Slot",
                    "suffix": ""
                },
                {
                    "first": "CW",
                    "middle": [],
                    "last": "Pleij",
                    "suffix": ""
                },
                {
                    "first": "EV",
                    "middle": [],
                    "last": "Pilipenko",
                    "suffix": ""
                },
                {
                    "first": "VI",
                    "middle": [],
                    "last": "Agol",
                    "suffix": ""
                },
                {
                    "first": "JM",
                    "middle": [],
                    "last": "Galama",
                    "suffix": ""
                }
            ],
            "year": 1997,
            "venue": "J. Virol.",
            "volume": "71",
            "issn": "",
            "pages": null,
            "other_ids": {
                "DOI": []
            }
        },
        "BIBREF11": {
            "title": "",
            "authors": [
                {
                    "first": "PC",
                    "middle": [],
                    "last": "Woo",
                    "suffix": ""
                },
                {
                    "first": "SK",
                    "middle": [],
                    "last": "Lau",
                    "suffix": ""
                },
                {
                    "first": "Y",
                    "middle": [],
                    "last": "Huang",
                    "suffix": ""
                },
                {
                    "first": "CS",
                    "middle": [],
                    "last": "Lam",
                    "suffix": ""
                },
                {
                    "first": "RW",
                    "middle": [],
                    "last": "Poon",
                    "suffix": ""
                },
                {
                    "first": "HW",
                    "middle": [],
                    "last": "Tsoi",
                    "suffix": ""
                },
                {
                    "first": "P",
                    "middle": [],
                    "last": "Lee",
                    "suffix": ""
                },
                {
                    "first": "H",
                    "middle": [],
                    "last": "Tse",
                    "suffix": ""
                },
                {
                    "first": "AS",
                    "middle": [],
                    "last": "Chan",
                    "suffix": ""
                },
                {
                    "first": "G",
                    "middle": [],
                    "last": "Luk",
                    "suffix": ""
                },
                {
                    "first": "KH",
                    "middle": [],
                    "last": "Chan",
                    "suffix": ""
                },
                {
                    "first": "KY",
                    "middle": [],
                    "last": "Yuen",
                    "suffix": ""
                }
            ],
            "year": 2010,
            "venue": "J. Gen. Virol.",
            "volume": "91",
            "issn": "",
            "pages": null,
            "other_ids": {
                "DOI": [
                    "10.1099/vir.0.021717-0"
                ]
            }
        },
        "BIBREF12": {
            "title": "",
            "authors": [
                {
                    "first": "EV",
                    "middle": [],
                    "last": "Pilipenko",
                    "suffix": ""
                },
                {
                    "first": "SV",
                    "middle": [],
                    "last": "Maslova",
                    "suffix": ""
                },
                {
                    "first": "AN",
                    "middle": [],
                    "last": "Sinyakov",
                    "suffix": ""
                },
                {
                    "first": "VI",
                    "middle": [],
                    "last": "Agol",
                    "suffix": ""
                }
            ],
            "year": 1992,
            "venue": "Nucleic Acids Res.",
            "volume": "20",
            "issn": "",
            "pages": null,
            "other_ids": {
                "DOI": [
                    "10.1093/nar/20.7.1739"
                ]
            }
        },
        "BIBREF13": {
            "title": "",
            "authors": [
                {
                    "first": "Y",
                    "middle": [],
                    "last": "Liu",
                    "suffix": ""
                },
                {
                    "first": "E",
                    "middle": [],
                    "last": "Wimmer",
                    "suffix": ""
                },
                {
                    "first": "AV",
                    "middle": [],
                    "last": "Paul",
                    "suffix": ""
                }
            ],
            "year": 2009,
            "venue": "Biochim. Biophys. Acta",
            "volume": "1789",
            "issn": "",
            "pages": null,
            "other_ids": {
                "DOI": []
            }
        },
        "BIBREF14": {
            "title": "",
            "authors": [
                {
                    "first": "KS",
                    "middle": [],
                    "last": "Honkavuori",
                    "suffix": ""
                },
                {
                    "first": "HL",
                    "middle": [],
                    "last": "Shivaprasad",
                    "suffix": ""
                },
                {
                    "first": "T",
                    "middle": [],
                    "last": "Briese",
                    "suffix": ""
                },
                {
                    "first": "C",
                    "middle": [],
                    "last": "Street",
                    "suffix": ""
                },
                {
                    "first": "DL",
                    "middle": [],
                    "last": "Hirschberg",
                    "suffix": ""
                },
                {
                    "first": "SK",
                    "middle": [],
                    "last": "Hutchison",
                    "suffix": ""
                },
                {
                    "first": "WI",
                    "middle": [],
                    "last": "Lipkin",
                    "suffix": ""
                }
            ],
            "year": 2011,
            "venue": "Emerg. Infect. Dis.",
            "volume": "17",
            "issn": "",
            "pages": null,
            "other_ids": {
                "DOI": []
            }
        },
        "BIBREF15": {
            "title": "",
            "authors": [
                {
                    "first": "WD",
                    "middle": [],
                    "last": "Cubitt",
                    "suffix": ""
                },
                {
                    "first": "AD",
                    "middle": [],
                    "last": "Barrett",
                    "suffix": ""
                }
            ],
            "year": 1985,
            "venue": "J. Gen. Virol.",
            "volume": "66",
            "issn": "Pt 7",
            "pages": null,
            "other_ids": {
                "DOI": [
                    "10.1099/0022-1317-66-7-1431"
                ]
            }
        },
        "BIBREF16": {
            "title": "",
            "authors": [
                {
                    "first": "RE",
                    "middle": [],
                    "last": "Gough",
                    "suffix": ""
                },
                {
                    "first": "SE",
                    "middle": [],
                    "last": "Drury",
                    "suffix": ""
                },
                {
                    "first": "AC",
                    "middle": [],
                    "last": "Bygrave",
                    "suffix": ""
                },
                {
                    "first": "SC",
                    "middle": [],
                    "last": "Mechie",
                    "suffix": ""
                }
            ],
            "year": 1992,
            "venue": "Vet. Rec.",
            "volume": "131",
            "issn": "",
            "pages": null,
            "other_ids": {
                "DOI": [
                    "10.1136/vr.131.13.290"
                ]
            }
        },
        "BIBREF17": {
            "title": "",
            "authors": [
                {
                    "first": "SE",
                    "middle": [],
                    "last": "Poet",
                    "suffix": ""
                },
                {
                    "first": "DE",
                    "middle": [],
                    "last": "Skilling",
                    "suffix": ""
                },
                {
                    "first": "JL",
                    "middle": [],
                    "last": "Megyesl",
                    "suffix": ""
                },
                {
                    "first": "WG",
                    "middle": [],
                    "last": "Gilmartin",
                    "suffix": ""
                },
                {
                    "first": "AW",
                    "middle": [],
                    "last": "Smith",
                    "suffix": ""
                }
            ],
            "year": 1996,
            "venue": "J. Wildl. Dis.",
            "volume": "32",
            "issn": "",
            "pages": null,
            "other_ids": {
                "DOI": []
            }
        },
        "BIBREF18": {
            "title": "",
            "authors": [
                {
                    "first": "G",
                    "middle": [],
                    "last": "Sironi",
                    "suffix": ""
                }
            ],
            "year": 1994,
            "venue": "Vet. Rec.",
            "volume": "134",
            "issn": "",
            "pages": null,
            "other_ids": {
                "DOI": [
                    "10.1136/vr.134.8.196"
                ]
            }
        },
        "BIBREF19": {
            "title": "",
            "authors": [
                {
                    "first": "JP",
                    "middle": [],
                    "last": "Wyeth",
                    "suffix": ""
                },
                {
                    "first": "NJ",
                    "middle": [],
                    "last": "Chettle",
                    "suffix": ""
                },
                {
                    "first": "J",
                    "middle": [],
                    "last": "Labram",
                    "suffix": ""
                }
            ],
            "year": 1981,
            "venue": "Vet. Rec.",
            "volume": "109",
            "issn": "",
            "pages": null,
            "other_ids": {
                "DOI": [
                    "10.1136/vr.109.21.477-b"
                ]
            }
        },
        "BIBREF20": {
            "title": "",
            "authors": [
                {
                    "first": "T",
                    "middle": [],
                    "last": "Farkas",
                    "suffix": ""
                },
                {
                    "first": "RW",
                    "middle": [],
                    "last": "Cross",
                    "suffix": ""
                },
                {
                    "first": "E",
                    "middle": [],
                    "last": "Hargitt",
                    "suffix": "III"
                },
                {
                    "first": "NW",
                    "middle": [],
                    "last": "Lerche",
                    "suffix": ""
                },
                {
                    "first": "AL",
                    "middle": [],
                    "last": "Morrow",
                    "suffix": ""
                },
                {
                    "first": "K",
                    "middle": [],
                    "last": "Sestak",
                    "suffix": ""
                }
            ],
            "year": 2010,
            "venue": "J. Virol.",
            "volume": "84",
            "issn": "",
            "pages": null,
            "other_ids": {
                "DOI": [
                    "10.1128/JVI.00630-10"
                ]
            }
        }
    }
}