{
    "paper_id": "PMC7103905",
    "metadata": {
        "title": "Dysosmia and dysgeusia due to the 2019 Novel Coronavirus; a hypothesis that needs further investigation",
        "authors": [
            {
                "first": "Seied",
                "middle": [
                    "Omid"
                ],
                "last": "Keyhan",
                "suffix": "",
                "email": "keyhanomid@ymail.com",
                "affiliation": {}
            },
            {
                "first": "Hamid",
                "middle": [
                    "Reza"
                ],
                "last": "Fallahi",
                "suffix": "",
                "email": "dr.hamidrezafallahi@gmail.com",
                "affiliation": {}
            },
            {
                "first": "Behzad",
                "middle": [],
                "last": "Cheshmi",
                "suffix": "",
                "email": "Beh.cheshomi@gmail.com",
                "affiliation": {}
            }
        ]
    },
    "body_text": [
        {
            "text": "Coronaviruses are known as enveloped viruses with a positive-sense single-stranded RNA genome that their helical symmetry nucleocapsid is about 26\u201332 kilobases in size, making it the largest investigated genome among RNA viruses. The disease caused by 2019 new coronavirus (2019-nCoV) was named coronavirus disease-19 (COVID-19) by the World Health Organization in February 2020. The 2019-nCoV is phylogenetically related to severe acute respiratory syndrome-coronavirus (SARS-CoV) [1]. It has been shown that 2019-nCov enters the cell through the ACE2 cell receptor in the same way as the severe acute respiratory syndrome (SARS) coronavirus [2]. 2019-nCoV effectively uses angiotensin-converting enzyme 2 receptor (ACE2) as a receptor for cell invasion [3]. Primary non-specific reported symptoms of 2019-nCoV infection at the prodromal phase are malaise, fever, and dry cough. The most commonly reported signs and symptoms are fever (98%), cough (76%), dyspnea (55%), and myalgia or fatigue (44%) [4].",
            "cite_spans": [
                {
                    "start": 483,
                    "end": 484,
                    "mention": "1",
                    "ref_id": "BIBREF0"
                },
                {
                    "start": 644,
                    "end": 645,
                    "mention": "2",
                    "ref_id": "BIBREF1"
                },
                {
                    "start": 756,
                    "end": 757,
                    "mention": "3",
                    "ref_id": "BIBREF2"
                },
                {
                    "start": 1001,
                    "end": 1002,
                    "mention": "4",
                    "ref_id": "BIBREF3"
                }
            ],
            "section": "",
            "ref_spans": []
        },
        {
            "text": "Our information on the probability and effect of 2019-nCoV on the peripheral and central nervous system is still scarce and therefore unreliable. There have been various studies evaluating coronavirus\u2019s effects on the central nervous system. These studies suggest that the human central nervous system (CNS) may be susceptible to coronavirus infection [5]. Routes intended for central nervous system infection with coronaviruses are peripheral trigeminal or olfactory nerves following intranasal inoculation [6, 7]. The findings of studies on rodents show that these viruses cause demyelination and stimulate T cell-mediated autoimmune reactions against CNS antigens producing the question about the relation between coronaviruses especially the 2019-nCoV and neurologic disorder in humans. Given that the peripheral trigeminal or olfactory nerves are pathways of penetration of the coronaviruses into the central nervous system, and based on animal studies, it may be hypothesized that complications such as demyelination and stimulation of T cell-mediated autoimmune reactions may occur in the path of the infection spreading, so the occurrence of dysosmia and dysgeusia can be considered potential consequences of these nerve injuries.",
            "cite_spans": [
                {
                    "start": 353,
                    "end": 354,
                    "mention": "5",
                    "ref_id": "BIBREF4"
                },
                {
                    "start": 509,
                    "end": 510,
                    "mention": "6",
                    "ref_id": "BIBREF5"
                },
                {
                    "start": 512,
                    "end": 513,
                    "mention": "7",
                    "ref_id": "BIBREF6"
                }
            ],
            "section": "",
            "ref_spans": []
        },
        {
            "text": "Numerous reports of loss of sense of smell and taste have been received from Iranian people as one of the most heavily involved countries with COVID-19 during the outbreak of the disease [8, 9]. Significant numbers of people with confirmed COVID-19 also reported a complete or partial loss of their sense of smell and taste in the early stages. Initial investigations also indicate that in some cases, if one member of a family has experienced such symptoms, other family members have experienced similar symptoms over a short period of time. Another primary point that needs further investigation is that in confirmed COVID-19 patients with reported dysosmia and dysgeusia, often, other manifestations were less severe and the patients frequently recovered more quickly. In addition to what has been said that require further investigations to establish their validity, the timeliness or permanence of these complications, as well as how they are likely to be managed and treated, are of particular importance and require thoughtful scrutiny.",
            "cite_spans": [
                {
                    "start": 188,
                    "end": 189,
                    "mention": "8",
                    "ref_id": "BIBREF7"
                },
                {
                    "start": 191,
                    "end": 192,
                    "mention": "9",
                    "ref_id": "BIBREF8"
                }
            ],
            "section": "",
            "ref_spans": []
        },
        {
            "text": "Although there is not sufficient evidence to make a definitive judgment and need more comprehensive investigations, two scenarios are more likely to be suggested as the cause of such an incident. The appearance of dysosmia and dysgeusia whether can be attributed to olfactory nerve and trigeminal nerve damage caused by the 2019-nCoV infection or excessive exposure to chemicals and disinfectants that are more commonly used by people due to the viral epidemic. Designing a study to assess the validity of such a hypothesis is important in that it can be considered a relatively acceptable diagnostic criterion for both the individual and the physicians. Since the existence of such a relationship is likely, it also seems likely that during the COVID-2019 outbreak, those who experience complications such as dysosmia and dysgeusia should be considered potential carriers of the virus and that in addition to necessary hygiene measurements, they must quarantine themselves.",
            "cite_spans": [],
            "section": "",
            "ref_spans": []
        }
    ],
    "ref_entries": {},
    "back_matter": [],
    "bib_entries": {
        "BIBREF0": {
            "title": "",
            "authors": [],
            "year": null,
            "venue": "",
            "volume": "",
            "issn": "",
            "pages": null,
            "other_ids": {
                "DOI": []
            }
        },
        "BIBREF1": {
            "title": "",
            "authors": [],
            "year": null,
            "venue": "",
            "volume": "",
            "issn": "",
            "pages": null,
            "other_ids": {
                "DOI": []
            }
        },
        "BIBREF2": {
            "title": "A pneumonia outbreak associated with a new coronavirus of probable bat origin",
            "authors": [
                {
                    "first": "P",
                    "middle": [],
                    "last": "Zhou",
                    "suffix": ""
                },
                {
                    "first": "X-L",
                    "middle": [],
                    "last": "Yang",
                    "suffix": ""
                },
                {
                    "first": "X-G",
                    "middle": [],
                    "last": "Wang",
                    "suffix": ""
                },
                {
                    "first": "B",
                    "middle": [],
                    "last": "Hu",
                    "suffix": ""
                },
                {
                    "first": "L",
                    "middle": [],
                    "last": "Zhang",
                    "suffix": ""
                },
                {
                    "first": "W",
                    "middle": [],
                    "last": "Zhang",
                    "suffix": ""
                }
            ],
            "year": 2020,
            "venue": "Nature",
            "volume": "579",
            "issn": "",
            "pages": "270-273",
            "other_ids": {
                "DOI": [
                    "10.1038/s41586-020-2012-7"
                ]
            }
        },
        "BIBREF3": {
            "title": "Epidemiological and clinical characteristics of 99 cases of 2019 novel coronavirus pneumonia in Wuhan, China: a descriptive study",
            "authors": [
                {
                    "first": "N",
                    "middle": [],
                    "last": "Chen",
                    "suffix": ""
                },
                {
                    "first": "M",
                    "middle": [],
                    "last": "Zhou",
                    "suffix": ""
                },
                {
                    "first": "X",
                    "middle": [],
                    "last": "Dong",
                    "suffix": ""
                },
                {
                    "first": "J",
                    "middle": [],
                    "last": "Qu",
                    "suffix": ""
                },
                {
                    "first": "F",
                    "middle": [],
                    "last": "Gong",
                    "suffix": ""
                },
                {
                    "first": "Y",
                    "middle": [],
                    "last": "Han",
                    "suffix": ""
                }
            ],
            "year": 2020,
            "venue": "Lancet",
            "volume": "395",
            "issn": "10223",
            "pages": "507-513",
            "other_ids": {
                "DOI": [
                    "10.1016/S0140-6736(20)30211-7"
                ]
            }
        },
        "BIBREF4": {
            "title": "Coronavirus infection of the central nervous system: host\u2013virus stand-off",
            "authors": [
                {
                    "first": "CC",
                    "middle": [],
                    "last": "Bergmann",
                    "suffix": ""
                },
                {
                    "first": "TE",
                    "middle": [],
                    "last": "Lane",
                    "suffix": ""
                },
                {
                    "first": "SA",
                    "middle": [],
                    "last": "Stohlman",
                    "suffix": ""
                }
            ],
            "year": 2006,
            "venue": "Nat Rev Microbiol",
            "volume": "4",
            "issn": "2",
            "pages": "121-132",
            "other_ids": {
                "DOI": [
                    "10.1038/nrmicro1343"
                ]
            }
        },
        "BIBREF5": {
            "title": "Susceptibility of laboratory mice to intranasal and contact infection with coronaviruses of other species",
            "authors": [
                {
                    "first": "SW",
                    "middle": [],
                    "last": "Barthold",
                    "suffix": ""
                },
                {
                    "first": "A",
                    "middle": [],
                    "last": "Smith",
                    "suffix": ""
                }
            ],
            "year": 1990,
            "venue": "Lab Anim Sci",
            "volume": "40",
            "issn": "5",
            "pages": "481-485",
            "other_ids": {
                "DOI": []
            }
        },
        "BIBREF6": {
            "title": "Effect of olfactory bulb ablation on spread of a neurotropic coronavirus into the mouse brain",
            "authors": [
                {
                    "first": "S",
                    "middle": [],
                    "last": "Perlman",
                    "suffix": ""
                },
                {
                    "first": "G",
                    "middle": [],
                    "last": "Evans",
                    "suffix": ""
                },
                {
                    "first": "A",
                    "middle": [],
                    "last": "Afifi",
                    "suffix": ""
                }
            ],
            "year": 1990,
            "venue": "J Exp Med",
            "volume": "172",
            "issn": "4",
            "pages": "1127-1132",
            "other_ids": {
                "DOI": [
                    "10.1084/jem.172.4.1127"
                ]
            }
        },
        "BIBREF7": {
            "title": "",
            "authors": [],
            "year": null,
            "venue": "",
            "volume": "",
            "issn": "",
            "pages": null,
            "other_ids": {
                "DOI": []
            }
        },
        "BIBREF8": {
            "title": "",
            "authors": [],
            "year": null,
            "venue": "",
            "volume": "",
            "issn": "",
            "pages": null,
            "other_ids": {
                "DOI": []
            }
        }
    }
}