{
    "paper_id": "PMC1899505",
    "metadata": {
        "title": "The association of RANTES polymorphism with severe acute respiratory syndrome in Hong Kong and Beijing Chinese",
        "authors": [
            {
                "first": "Man",
                "middle": [
                    "Wai"
                ],
                "last": "Ng",
                "suffix": "",
                "email": "ivy_natsu@yahoo.com.hk",
                "affiliation": {}
            },
            {
                "first": "Gangqiao",
                "middle": [],
                "last": "Zhou",
                "suffix": "",
                "email": "zhougq@chgb.org.cn",
                "affiliation": {}
            },
            {
                "first": "Wai",
                "middle": [
                    "Po"
                ],
                "last": "Chong",
                "suffix": "",
                "email": "h9820905@graduate.hku.hk",
                "affiliation": {}
            },
            {
                "first": "Loretta",
                "middle": [
                    "Wing",
                    "Yan"
                ],
                "last": "Lee",
                "suffix": "",
                "email": "h0226204@hkusua.hku.hk",
                "affiliation": {}
            },
            {
                "first": "Helen",
                "middle": [
                    "Ka",
                    "Wai"
                ],
                "last": "Law",
                "suffix": "",
                "email": "hkwlaw@hkucc.hku.hk",
                "affiliation": {}
            },
            {
                "first": "Hongxing",
                "middle": [],
                "last": "Zhang",
                "suffix": "",
                "email": "zhanghx08@126.com",
                "affiliation": {}
            },
            {
                "first": "Wilfred",
                "middle": [
                    "Hing",
                    "Sang"
                ],
                "last": "Wong",
                "suffix": "",
                "email": "whswong@hkucc.hku.hk",
                "affiliation": {}
            },
            {
                "first": "Susanna",
                "middle": [
                    "Fung",
                    "Shan"
                ],
                "last": "Fok",
                "suffix": "",
                "email": "sfsfok@hkusua.hku.hk",
                "affiliation": {}
            },
            {
                "first": "Yun",
                "middle": [],
                "last": "Zhai",
                "suffix": "",
                "email": "zhaiyun077@tom.com",
                "affiliation": {}
            },
            {
                "first": "Raymond",
                "middle": [
                    "WH"
                ],
                "last": "Yung",
                "suffix": "",
                "email": "rwhyung@ha.org.hk",
                "affiliation": {}
            },
            {
                "first": "Eudora",
                "middle": [
                    "Y"
                ],
                "last": "Chow",
                "suffix": "",
                "email": "chowe@ha.org.hk",
                "affiliation": {}
            },
            {
                "first": "Ka",
                "middle": [
                    "Leung"
                ],
                "last": "Au",
                "suffix": "",
                "email": "klau@ha.org.hk",
                "affiliation": {}
            },
            {
                "first": "Eric",
                "middle": [
                    "YT"
                ],
                "last": "Chan",
                "suffix": "",
                "email": "eytchan@ha.org.hk",
                "affiliation": {}
            },
            {
                "first": "Wilina",
                "middle": [],
                "last": "Lim",
                "suffix": "",
                "email": "wllim@pacific.net.hk",
                "affiliation": {}
            },
            {
                "first": "JS",
                "middle": [
                    "Malik"
                ],
                "last": "Peiris",
                "suffix": "",
                "email": "malik@hkucc.hku.hk",
                "affiliation": {}
            },
            {
                "first": "Fuchu",
                "middle": [],
                "last": "He",
                "suffix": "",
                "email": "hefc@nic.bmi.ac.cn",
                "affiliation": {}
            },
            {
                "first": "Yu",
                "middle": [
                    "Lung"
                ],
                "last": "Lau",
                "suffix": "",
                "email": "lauylung@hkucc.hku.hk",
                "affiliation": {}
            }
        ]
    },
    "body_text": [
        {
            "text": "Severe acute respiratory syndrome (SARS) is an infectious disease caused by SARS coronavirus [1] with >8000 cases and 774 deaths reported in 2003 [2]. Pathogenesis of SARS is complex and host genetic background is one of the factors in determining susceptibility and outcome [3]. We have demonstrated that genetic haplotypes associated with low serum mannose-binding lectin (MBL) are associated with SARS[4] and our findings were confirmed in another independent study [5]. We furthermore showed that the interferon gamma gene polymorphism, +874 A/T, is associated with SARS [6]. Other susceptibility genes, such as liver/lymph node-specific ICAM-3-grabbing nonintegrin (L-SIGN) which is encoded by CLEC4M, 2',5'-oligoadenylate synthetase 1 gene (OAS-1) and myxovirus resistance 1 (MxA) were also identified [7,8].",
            "cite_spans": [
                {
                    "start": 94,
                    "end": 95,
                    "mention": "1",
                    "ref_id": "BIBREF0"
                },
                {
                    "start": 147,
                    "end": 148,
                    "mention": "2",
                    "ref_id": "BIBREF11"
                },
                {
                    "start": 276,
                    "end": 277,
                    "mention": "3",
                    "ref_id": "BIBREF14"
                },
                {
                    "start": 405,
                    "end": 406,
                    "mention": "4",
                    "ref_id": "BIBREF15"
                },
                {
                    "start": 470,
                    "end": 471,
                    "mention": "5",
                    "ref_id": "BIBREF16"
                },
                {
                    "start": 576,
                    "end": 577,
                    "mention": "6",
                    "ref_id": "BIBREF17"
                },
                {
                    "start": 809,
                    "end": 810,
                    "mention": "7",
                    "ref_id": "BIBREF18"
                },
                {
                    "start": 811,
                    "end": 812,
                    "mention": "8",
                    "ref_id": "BIBREF19"
                }
            ],
            "section": "Background",
            "ref_spans": []
        },
        {
            "text": "Chemokines play important role in cells trafficking during immune responses. Acute respiratory viruses commonly induce inflammatory chemokines in local tissue [9]. In the case of SARS, our previous study confirmed that SARS coronavirus induces upregulation of a number of inflammatoemokines, i.e. Regulated upon Activation, Normal T cell-Expressed and Secreted (RANTES), interferon-gamma inducible protein 10 (IP-10) and Monocyte Chemoattractant Protein-1 (MCP-1) [10]. The upregulation of these chemokines recruit inflammatory cells and leukocytes into the tissue [11]. Therefore, we hypothesized that the polymorphisms of inflammatory chemokine genes might be associated with SARS.",
            "cite_spans": [
                {
                    "start": 160,
                    "end": 161,
                    "mention": "9",
                    "ref_id": "BIBREF20"
                },
                {
                    "start": 465,
                    "end": 467,
                    "mention": "10",
                    "ref_id": "BIBREF1"
                },
                {
                    "start": 566,
                    "end": 568,
                    "mention": "11",
                    "ref_id": "BIBREF2"
                }
            ],
            "section": "Background",
            "ref_spans": []
        },
        {
            "text": "In this study, we investigated the single nucleotide polymorphisms (SNPs) of inflammatory chemokine genes, i.e. RANTES, IP-10 and monokine induced by gamma interferon gene (Mig) in two Chinese cohorts from Hong Kong and Beijing and found that the RANTES -28 G allele was associated with disease susceptibility and severity of SARS.",
            "cite_spans": [],
            "section": "Background",
            "ref_spans": []
        },
        {
            "text": "The study included 495 Hong Kong Chinese patients with SARS. The mean \u00b1 SD age was 40.74 \u00b1 15.73 years with 211 males and 284 females (Table 1). At least 95% of the patients were documented with SARS-CoV antibody seroconversion and/or detectable SARS-CoV RNA in respiratory secretions by RT-PCR as described previously in our studies [4,6]. Approval for the study was granted by the Clinical Research Ethics Committee of the Institutional Review Board of the University of Hong Kong/Hospital Authority Hong Kong West Cluster. The patients were further divided into two groups, the death group and the survival group. The death group consisted of 57 patients who died from SARS and their mean \u00b1 SD age was 56.2 \u00b1 15.3 years, with 33 males and 24 females. The survival group consisted of 438 patients and their mean \u00b1 SD age was 38.7 \u00b1 14.6 years, with 178 males and 260 females. A population of Hong Kong Chinese comprising 578 healthy Red Cross blood donors served as the control subjects. Their mean \u00b1 SD age was 30.05 \u00b1 9.49 years, with 343 males and 235 females (Table 1).",
            "cite_spans": [
                {
                    "start": 335,
                    "end": 336,
                    "mention": "4",
                    "ref_id": "BIBREF15"
                },
                {
                    "start": 337,
                    "end": 338,
                    "mention": "6",
                    "ref_id": "BIBREF17"
                }
            ],
            "section": "Patients ::: Methods",
            "ref_spans": [
                {
                    "start": 141,
                    "end": 142,
                    "mention": "1",
                    "ref_id": "TABREF0"
                },
                {
                    "start": 1072,
                    "end": 1073,
                    "mention": "1",
                    "ref_id": "TABREF0"
                }
            ]
        },
        {
            "text": "Three hundred and fifty six Beijing Chinese patients with SARS were recruited as described previously (mean \u00b1 SD age = 34.85 \u00b1 13.5, 200 male and 156 female) (Table 1) [5]. Among them, 20 patients were classified as severe group, which were identified by their admissions to intensive care units or deaths from SARS (mean \u00b1 SD age = 39.45 \u00b1 12.8, 11 male and 9 female). The remaining 336 patients were classified as mild group (mean \u00b1 SD age = 34.57 \u00b1 13.5, 189 male and 147 female). A total of 367 ethnically matched healthy individuals (mean age \u00b1 SD = 32.98 \u00b1 12.8, 200 male and 167 female) served as controls (Table 1).",
            "cite_spans": [
                {
                    "start": 169,
                    "end": 170,
                    "mention": "5",
                    "ref_id": "BIBREF16"
                }
            ],
            "section": "Patients ::: Methods",
            "ref_spans": [
                {
                    "start": 165,
                    "end": 166,
                    "mention": "1",
                    "ref_id": "TABREF0"
                },
                {
                    "start": 620,
                    "end": 621,
                    "mention": "1",
                    "ref_id": "TABREF0"
                }
            ]
        },
        {
            "text": "RANTES -28C/G (rs2107538) was genotyped by polymerase chain reaction-restriction fragment length polymorphism (PCR-RFLP) as described previously [12].",
            "cite_spans": [
                {
                    "start": 146,
                    "end": 148,
                    "mention": "12",
                    "ref_id": "BIBREF3"
                }
            ],
            "section": "Genotyping ::: Methods",
            "ref_spans": []
        },
        {
            "text": "RANTES -403A/G (rs2107538), RANTES In1.1T/C (rs2280789), IP-10 nt1811A/G (rs8878), IP-10 nt2867C/A (rs4859587) and Mig nt367A/G (rs10336) were genotyped by the MassARRAY system (Sequenom, San Diego, CA). In brief, the samples were amplified in a 6 \u03bcL reaction mixture, containing 5 ng genomic DNA, 0.3 pmol each of specific forward and reverse primers, 200 \u03bcL of each dNTP, 3.25 mM MgCl2 and 0.2 units of HotStarTaq polymerase (Qiagen, Valencia, CA). PCR conditions included initial hot-start for 15 min at 95\u00b0C, 45 cycles of amplification (20 sec at 95\u00b0C, 30 sec at 56\u00b0C and 1 min at 72\u00b0C) and final extension for 3 min at 72\u00b0C. The PCR products were treated with alkaline phosphatase to dephosphorylate residual amplification nucleotides. A mixture of 0.2 \u03bcL of hME buffer, 0.3 \u03bcL of shrimp alkaline phosphatase (1 unit/\u03bcL, Sequenom) and 1.5 \u03bcL of ddH2O was added to the PCR products. The reaction solutions were incubated for 20 min at 37\u00b0C, followed by 5 min at 85\u00b0C to inactivate the enzyme. Mass-extend reactions to determine genotypes were performed in four groups of different terminations according to the design rationale (ddACG, ddACT, ddAGT and ddCGT, respectively). The reaction volume was 10 \u03bcL including 1 unit of Thermosequenase (Sequenom), 50 \u03bcM of the respective termination mix, and 0.6 pmol of each assay specific extension primer (Table 2). All assays were run with the same thermal cycle conditions: initial denaturation for 2 min at 94\u00b0C followed by 55 cycles of extension (5 sec at 94\u00b0C, 5 sec at 52\u00b0C and 5 sec at 72\u00b0C). Products of the mass-extend reactions were desalted and transferred onto a SpectroCHIP by a nanoliter dispenser according to the manufacturer's instructions (Sequenom).",
            "cite_spans": [],
            "section": "Genotyping ::: Methods",
            "ref_spans": [
                {
                    "start": 1358,
                    "end": 1359,
                    "mention": "2",
                    "ref_id": "TABREF1"
                }
            ]
        },
        {
            "text": "Genotype determination was performed on a MALDI-TOF mass spectrometer (Sequenom). Mass spectrometric data were automatically imported into the SpectroTYPER (Sequenom) database for data analysis including noise normalization and peak area analysis. The expected molecular weights of all relevant peaks were calculated by the MassARRAY AssayDesign Software (Sequenom) before the analysis and identified from the mass spectrum. In every 96-well plate for assay, there is one well for blank control and five wells for duplicate check on five samples for internal quality control.",
            "cite_spans": [],
            "section": "Genotyping ::: Methods",
            "ref_spans": []
        },
        {
            "text": "A two-step analysis was used to determine the association of polymorphisms with SARS. The genotype frequencies and allele frequencies of all the genes were compared between SARS patients and controls by a 3 \u00d7 2 chi-square test and a 2 \u00d7 2 chi-square test respectively, then logistic regression was used for calculating odds ratios (95% confidence interval) and corresponding P-values of different genotype frequencies among SARS patients and controls by adjusting for age, sex and all significant single nucleotide polymorphisms (SNPs). Association with the outcomes of SARS infection (death vs survival) was then tested by comparing the genotype frequencies and allele frequencies of all the genes between the death group and the survival group of SARS patients by a 3 \u00d7 2 chi-square test and a 2 \u00d7 2 chi-square test respectively. The genotype frequencies of all the SNPs were tested for Hardy-Weinberg equilibrium (HWE) separately in SARS patients and controls by chi-square test. Significant P-value for multiple testing was adjusted with Bonferroni's correction and all statistical analysis was performed by SAS, version 8.02 and SAS/Genetics (SAS Institute Inc., NC, USA).",
            "cite_spans": [],
            "section": "Statistical Analysis ::: Methods",
            "ref_spans": []
        },
        {
            "text": "RANTES -28C/G,RANTES -403A/G, RANTES In1.1T/C, IP-10 nt1811A/G, IP-10 nt2867C/A and Mig nt367A/G were genotyped in all 495 SARS patients and 578 controls from Hong Kong. Their genotype and allele frequencies were shown in Table 3 and 4 respectively.",
            "cite_spans": [],
            "section": "RANTES -28C/G associated with SARS susceptibility in Hong Kong Chinese ::: Results",
            "ref_spans": [
                {
                    "start": 228,
                    "end": 229,
                    "mention": "3",
                    "ref_id": "TABREF2"
                },
                {
                    "start": 234,
                    "end": 235,
                    "mention": "4",
                    "ref_id": "TABREF3"
                }
            ]
        },
        {
            "text": "RANTES -28 CG and GG genotypes were significantly associated with SARS susceptibility with OR of 3.28 (95% CI: 2.32\u20134.64) and 3.06 (95% CI: 1.47\u20136.39) respectively (P < 0.0001) (Table 3). RANTES -28 G allele was also significantly increased in the patients (P < 0.0001, OR = 2.80, 95%CI: 2.11\u20133.71) (Table 4). After correction by Bonferroni method, the significant P value should be less than 0.007, the association of RANTES -28C/G to SARS susceptibility remained to have significance.",
            "cite_spans": [],
            "section": "RANTES -28C/G associated with SARS susceptibility in Hong Kong Chinese ::: Results",
            "ref_spans": [
                {
                    "start": 184,
                    "end": 185,
                    "mention": "3",
                    "ref_id": "TABREF2"
                },
                {
                    "start": 306,
                    "end": 307,
                    "mention": "4",
                    "ref_id": "TABREF3"
                }
            ]
        },
        {
            "text": "All genotype frequencies of the six polymorphisms in SARS patients and controls were in HWE except for the RANTES -28C/G in controls. To confirm that there is no genotyping error that may contribute to the observation in HWE, direct DNA sequencing was performed in 20\u201330 samples for each SNP and no ambiguous results were obtained.",
            "cite_spans": [],
            "section": "RANTES -28C/G associated with SARS susceptibility in Hong Kong Chinese ::: Results",
            "ref_spans": []
        },
        {
            "text": "We then compared the genotype and allele frequencies of the RANTES -28C/G between the death group and survival group of the SARS patients. RANTES -28 G allele associated with death from SARS in a gene-dosage dependent manner (P = 0.014), with -28 CG and GG individuals having a 2.12-fold (95% CI: 1.11\u20134.06) and 4.01-fold (95% CI: 1.30:12.4) increased risk of death from SARS respectively (Table 5).",
            "cite_spans": [],
            "section": "RANTES -28C/G associated with death of Hong Kong Chinese patients ::: Results",
            "ref_spans": [
                {
                    "start": 396,
                    "end": 397,
                    "mention": "5",
                    "ref_id": "TABREF4"
                }
            ]
        },
        {
            "text": "To further confirm the association of RANTES with SARS, we studied the three RANTES SNPs in a Beijing Chinese cohort [14]. Three hundred and fifty six SARS patients and 367 healthy controls were genotyped and their genotype and allele frequencies were shown in (Table 6). All genotype distributions of the two groups were in HWE. No significant difference was observed between the frequencies in the SNPs between patients and controls.",
            "cite_spans": [
                {
                    "start": 118,
                    "end": 120,
                    "mention": "14",
                    "ref_id": "BIBREF5"
                }
            ],
            "section": "Association of RANTES -28 C/G with SARS in Beijing Chinese ::: Results",
            "ref_spans": [
                {
                    "start": 268,
                    "end": 269,
                    "mention": "6",
                    "ref_id": "TABREF5"
                }
            ]
        },
        {
            "text": "Next, we investigated the association of RANTES -28C/G with SARS severity. Twenty patients were classified as severe group as defined by their admissions to intensive care units or deaths due to SARS [5]. The genotype and allele frequencies of this SNP in severe and mild patients were shown in Table 7. The genotype distribution among the two groups were significantly different (P = 0.011). The frequencies of CG and GG genotypes were over-represented in the severe group (CG: OR = 4.27, 95%CI: 1.64\u201311.1; GG: OR = 3.34, 95%CI: 0.37\u201330.7). The frequency of G allele was also significantly increased in the severe group (OR = 2.78, 95%CI: 1.37\u20135.63, P = 0.005).",
            "cite_spans": [
                {
                    "start": 201,
                    "end": 202,
                    "mention": "5",
                    "ref_id": "BIBREF16"
                }
            ],
            "section": "Association of RANTES -28 C/G with SARS in Beijing Chinese ::: Results",
            "ref_spans": [
                {
                    "start": 301,
                    "end": 302,
                    "mention": "7",
                    "ref_id": "TABREF6"
                }
            ]
        },
        {
            "text": "We described here that Hong Kong Chinese with RANTES -28CG and GG genotypes had a 3.28-fold (95% CI: 2.32\u20134.64) and 3.06-fold (95% CI: 1.47\u20136.39) increased risk of developing SARS respectively (P < 0.0001) (Table 3). This -28 G allele also increased the risk of death of Hong Kong Chinese patients with SARS in a gene-dosage dependent manner (P = 0.014) that -28 CG and GG individuals had a 2.12-fold (95% CI: 1.11\u20134.06) and 4.01-fold (95% CI: 1.30:12.4) increased risk (Table 5). More importantly, we further confirmed the association of RANTES -28 C/G with the severity of SARS by studying the Beijing Chinese cohort and found that Beijing Chinese patients with CG (OR = 4.27, 95%CI: 1.64\u201311.1) and GG (OR = 3.34, 95%CI: 0.37\u201330.7) genotype were more severe, as defined by admission to intensive care units or deaths due to SARS. To further investigate the association of RANTES with SARS, we have also performed haplotype analysis using the 3 studied SNPs of RANTES, i.e. -403A/G, -28C/G and In1.1T/C, for constructing the haplotypes. However, the major effect of the haplotypes was due to the SNP RANTES -28 only (data not shown).",
            "cite_spans": [],
            "section": "Discussion",
            "ref_spans": [
                {
                    "start": 213,
                    "end": 214,
                    "mention": "3",
                    "ref_id": "TABREF2"
                },
                {
                    "start": 477,
                    "end": 478,
                    "mention": "5",
                    "ref_id": "TABREF4"
                }
            ]
        },
        {
            "text": "RANTES is responsible for the recruitment of eosinophils, lymphocytes, monocytes and basophils at the site of inflammation and is involved in many viral infections [13,14]. We found that -28 G allele of RANTES associated with the susceptibility to and death from SARS. Indeed, RANTES -28C/G is located at the NF-\u03baB binding site, which is confirmed by gel-mobility shift assays [15], meaning that this SNP may be involved in the regulation of RANTES expression. Further in vitro studies show that RANTES -28 G allele enhances NF-\u03baB binding that leads to elevation of promoter activity and increases RANTES expression in CD8+ T cells, CD4+ T cells and monocytes/macrophages [15,16]. Therefore, together with our observation that -28 G allele associated with SARS, we conclude a high level of RANTES may predispose to developing SARS.",
            "cite_spans": [
                {
                    "start": 165,
                    "end": 167,
                    "mention": "13",
                    "ref_id": "BIBREF4"
                },
                {
                    "start": 168,
                    "end": 170,
                    "mention": "14",
                    "ref_id": "BIBREF5"
                },
                {
                    "start": 378,
                    "end": 380,
                    "mention": "15",
                    "ref_id": "BIBREF6"
                },
                {
                    "start": 673,
                    "end": 675,
                    "mention": "15",
                    "ref_id": "BIBREF6"
                },
                {
                    "start": 676,
                    "end": 678,
                    "mention": "16",
                    "ref_id": "BIBREF7"
                }
            ],
            "section": "Discussion",
            "ref_spans": []
        },
        {
            "text": "This study showed that RANTES -28 G allele was a risk factor that associated with severe clinical outcomes in both Hong Kong and Beijing Chinese SARS patients. It has to be noted that many cytokines/chemokines released from activated immune cells not only take part in the process of anti-viral immune response, but are also involved in cell damage and organ dysfunction [17]. Apart from the chemokine receptor signaling pathway, RANTES could activate T cells through herbimycin A-sensitive protein tyrosine kinase (PTK)-mediated pathway at high concentration [18]. This triggers the release of inflammatory cytokines and chemokines such as IL-2, IL-5, IFN-\u03b3 and MIP1-\u03b2 [18]. We have recently demonstrated SARS coronavirus can induce high level of expression of chemokines from human dendritic cells [10]. Too high a level of RANTES may intensify lung inflammation and lead to lymphopenia, increasing the chance of secondary infection and hence death rate among SARS patients [18,19]. Therefore, we speculate that the -28 G allele that associates with the higher level of RANTES may enhance the inflammation and lead to severe clinical outcomes of SARS. Indeed, RANTES -28 G allele did show a strong association with death in Hong Kong Chinese patients with SARS (Table 5) and this observation was confirmed in Beijing Chinese that the RANTES -28 G allele was associated with admission to intensive care units or deaths due to SARS (Table 7).",
            "cite_spans": [
                {
                    "start": 372,
                    "end": 374,
                    "mention": "17",
                    "ref_id": "BIBREF8"
                },
                {
                    "start": 561,
                    "end": 563,
                    "mention": "18",
                    "ref_id": "BIBREF9"
                },
                {
                    "start": 671,
                    "end": 673,
                    "mention": "18",
                    "ref_id": "BIBREF9"
                },
                {
                    "start": 801,
                    "end": 803,
                    "mention": "10",
                    "ref_id": "BIBREF1"
                },
                {
                    "start": 977,
                    "end": 979,
                    "mention": "18",
                    "ref_id": "BIBREF9"
                },
                {
                    "start": 980,
                    "end": 982,
                    "mention": "19",
                    "ref_id": "BIBREF10"
                }
            ],
            "section": "Discussion",
            "ref_spans": [
                {
                    "start": 1270,
                    "end": 1271,
                    "mention": "5",
                    "ref_id": "TABREF4"
                },
                {
                    "start": 1439,
                    "end": 1440,
                    "mention": "7",
                    "ref_id": "TABREF6"
                }
            ]
        },
        {
            "text": "In the case of SARS susceptibility, the RANTES -28 G allele was associated with Hong Kong Chinese patients only but not in Beijing Chinese patients. It has been suggested that Chinese in southern and northern China may be genetically distinct [20,21], accounting for the different observations with regard to SARS susceptibility.",
            "cite_spans": [
                {
                    "start": 244,
                    "end": 246,
                    "mention": "20",
                    "ref_id": "BIBREF12"
                },
                {
                    "start": 247,
                    "end": 249,
                    "mention": "21",
                    "ref_id": "BIBREF13"
                }
            ],
            "section": "Discussion",
            "ref_spans": []
        },
        {
            "text": "We demonstrated that the RANTES -28 G allele, which correlates with high RANTES production, was associated with SARS susceptibility in Hong Kong Chinese. It was also associated with adverse outcomes from SARS in both Hong Kong and Beijing Chinese. These suggest that a high RANTES level may play a role in the pathogenesis of SARS.",
            "cite_spans": [],
            "section": "Conclusion",
            "ref_spans": []
        },
        {
            "text": "The authors do not have any commercial or other association that might pose a conflict of interest.",
            "cite_spans": [],
            "section": "Competing interests",
            "ref_spans": []
        },
        {
            "text": "MWN and GZ: Genotyping, data analyses, drafting the manuscript",
            "cite_spans": [],
            "section": "Authors' contributions",
            "ref_spans": []
        },
        {
            "text": "WPC: Data analyses, drafting the manuscript",
            "cite_spans": [],
            "section": "Authors' contributions",
            "ref_spans": []
        },
        {
            "text": "LWYL, HZ, SFSF, YZ: genotyping",
            "cite_spans": [],
            "section": "Authors' contributions",
            "ref_spans": []
        },
        {
            "text": "HKWL, RWHY, EYC, KLA, EYTC: Sample collection, revising for medical content",
            "cite_spans": [],
            "section": "Authors' contributions",
            "ref_spans": []
        },
        {
            "text": "WL and JSMP: Sample collection, providing virological data",
            "cite_spans": [],
            "section": "Authors' contributions",
            "ref_spans": []
        },
        {
            "text": "YLL: Study design, conception and co-ordination, drafting the manuscript",
            "cite_spans": [],
            "section": "Authors' contributions",
            "ref_spans": []
        },
        {
            "text": "All authors contributed to writing of the final manuscript",
            "cite_spans": [],
            "section": "Authors' contributions",
            "ref_spans": []
        },
        {
            "text": "All authors read and approved the final manuscript",
            "cite_spans": [],
            "section": "Authors' contributions",
            "ref_spans": []
        },
        {
            "text": "The pre-publication history for this paper can be accessed here:",
            "cite_spans": [],
            "section": "Pre-publication history",
            "ref_spans": []
        },
        {
            "text": "",
            "cite_spans": [],
            "section": "Pre-publication history",
            "ref_spans": []
        }
    ],
    "ref_entries": {
        "TABREF0": {
            "text": "Table 1: The demographic characteristics of SARSs patients and healthy controls in Hong Kong and Beijing Chinese\n",
            "type": "table"
        },
        "TABREF1": {
            "text": "Table 2: Primers used for RANTES, IP-10, Mig polymorphisms genotyping by Sequenome\n",
            "type": "table"
        },
        "TABREF2": {
            "text": "Table 3: Genotype frequencies in Hong Kong Chinese patients and controls*\nNS = not significant. *P-value and OR (95% CI) were calculated with the use of logistic regression models, adjusted with sex and age. After correction by Bonferroni method, the significant P value should be less than 0.007",
            "type": "table"
        },
        "TABREF3": {
            "text": "Table 4: Allele frequencies in Hong Kong Chinese patients and controls*\nNS = not significant. *P-value and OR (95% CI) were calculated with the use of logistic regression models, adjusted with sex and age. After correction by Bonferroni method, the significant P value should be less than 0.007",
            "type": "table"
        },
        "TABREF4": {
            "text": "Table 5: Genotype and allele frequencies of RANTES -28C/G among death and survival groups in Hong Kong Chinese*\nNS = not significant. P-value and OR (95% CI) were calculated with the use of logistic regression models, adjusted with sex and age.",
            "type": "table"
        },
        "TABREF5": {
            "text": "Table 6: Genotype and allele frequencies of RANTES -28C/G in Beijing Chinese patients and controls*\nNS = not significant. P-value and OR (95% CI) were calculated with the use of logistic regression models, adjusted with sex and age.",
            "type": "table"
        },
        "TABREF6": {
            "text": "Table 7: Genotype and allele frequencies of RANTES -28C/G among severe and mild groups in Beijing Chinese*\nNS = not significant. P-value and OR (95% CI) were calculated with the use of logistic regression models, adjusted with sex and age.",
            "type": "table"
        }
    },
    "back_matter": [],
    "bib_entries": {
        "BIBREF0": {
            "title": "Coronavirus as a possible cause of severe acute respiratory syndrome",
            "authors": [
                {
                    "first": "JS",
                    "middle": [],
                    "last": "Peiris",
                    "suffix": ""
                },
                {
                    "first": "ST",
                    "middle": [],
                    "last": "Lai",
                    "suffix": ""
                },
                {
                    "first": "LL",
                    "middle": [],
                    "last": "Poon",
                    "suffix": ""
                },
                {
                    "first": "Y",
                    "middle": [],
                    "last": "Guan",
                    "suffix": ""
                },
                {
                    "first": "LY",
                    "middle": [],
                    "last": "Yam",
                    "suffix": ""
                },
                {
                    "first": "W",
                    "middle": [],
                    "last": "Lim",
                    "suffix": ""
                },
                {
                    "first": "J",
                    "middle": [],
                    "last": "Nicholls",
                    "suffix": ""
                },
                {
                    "first": "WK",
                    "middle": [],
                    "last": "Yee",
                    "suffix": ""
                },
                {
                    "first": "WW",
                    "middle": [],
                    "last": "Yan",
                    "suffix": ""
                },
                {
                    "first": "MT",
                    "middle": [],
                    "last": "Cheung",
                    "suffix": ""
                },
                {
                    "first": "VC",
                    "middle": [],
                    "last": "Cheng",
                    "suffix": ""
                },
                {
                    "first": "KH",
                    "middle": [],
                    "last": "Chan",
                    "suffix": ""
                },
                {
                    "first": "DN",
                    "middle": [],
                    "last": "Tsang",
                    "suffix": ""
                },
                {
                    "first": "RW",
                    "middle": [],
                    "last": "Yung",
                    "suffix": ""
                },
                {
                    "first": "TK",
                    "middle": [],
                    "last": "Ng",
                    "suffix": ""
                },
                {
                    "first": "KY",
                    "middle": [],
                    "last": "Yuen",
                    "suffix": ""
                }
            ],
            "year": 2003,
            "venue": "Lancet",
            "volume": "361",
            "issn": "",
            "pages": "1319-25",
            "other_ids": {
                "DOI": [
                    "10.1016/S0140-6736(03)13077-2"
                ]
            }
        },
        "BIBREF1": {
            "title": "Chemokine upregulation in SARS coronavirus infected human monocyte derived dendritic cells",
            "authors": [
                {
                    "first": "HK",
                    "middle": [],
                    "last": "Law",
                    "suffix": ""
                },
                {
                    "first": "CY",
                    "middle": [],
                    "last": "Cheung",
                    "suffix": ""
                },
                {
                    "first": "HY",
                    "middle": [],
                    "last": "Ng",
                    "suffix": ""
                },
                {
                    "first": "SF",
                    "middle": [],
                    "last": "Sia",
                    "suffix": ""
                },
                {
                    "first": "YO",
                    "middle": [],
                    "last": "Chan",
                    "suffix": ""
                },
                {
                    "first": "W",
                    "middle": [],
                    "last": "Luk",
                    "suffix": ""
                },
                {
                    "first": "JM",
                    "middle": [],
                    "last": "Nicholls",
                    "suffix": ""
                },
                {
                    "first": "JS",
                    "middle": [],
                    "last": "Peiris",
                    "suffix": ""
                },
                {
                    "first": "YL",
                    "middle": [],
                    "last": "Lau",
                    "suffix": ""
                }
            ],
            "year": 2005,
            "venue": "Blood",
            "volume": "106",
            "issn": "",
            "pages": "2366-74",
            "other_ids": {
                "DOI": [
                    "10.1182/blood-2004-10-4166"
                ]
            }
        },
        "BIBREF2": {
            "title": "Defense against influenza A virus infection : essential role of the chemokine system",
            "authors": [
                {
                    "first": "A",
                    "middle": [],
                    "last": "Kaufmann",
                    "suffix": ""
                },
                {
                    "first": "R",
                    "middle": [],
                    "last": "Salentin",
                    "suffix": ""
                },
                {
                    "first": "RG",
                    "middle": [],
                    "last": "Meyer",
                    "suffix": ""
                },
                {
                    "first": "D",
                    "middle": [],
                    "last": "Bussfeld",
                    "suffix": ""
                },
                {
                    "first": "C",
                    "middle": [],
                    "last": "Pauligk",
                    "suffix": ""
                },
                {
                    "first": "H",
                    "middle": [],
                    "last": "Fesq",
                    "suffix": ""
                },
                {
                    "first": "P",
                    "middle": [],
                    "last": "Hofmann",
                    "suffix": ""
                },
                {
                    "first": "M",
                    "middle": [],
                    "last": "Nain",
                    "suffix": ""
                },
                {
                    "first": "D",
                    "middle": [],
                    "last": "Gemsa",
                    "suffix": ""
                },
                {
                    "first": "H",
                    "middle": [],
                    "last": "Sprenger",
                    "suffix": ""
                }
            ],
            "year": 2001,
            "venue": "Immunobiology",
            "volume": "204",
            "issn": "",
            "pages": "603-613",
            "other_ids": {
                "DOI": [
                    "10.1078/0171-2985-00099"
                ]
            }
        },
        "BIBREF3": {
            "title": "Polymorphisms in the promoter region of RANTES and the regulatory region of monocyte chemoattractant protein-1 among Chinese Children with systemic lupus erythematosus",
            "authors": [
                {
                    "first": "CH",
                    "middle": [],
                    "last": "Liao",
                    "suffix": ""
                },
                {
                    "first": "TC",
                    "middle": [],
                    "last": "Yao",
                    "suffix": ""
                },
                {
                    "first": "HT",
                    "middle": [],
                    "last": "Chung",
                    "suffix": ""
                },
                {
                    "first": "LC",
                    "middle": [],
                    "last": "See",
                    "suffix": ""
                },
                {
                    "first": "ML",
                    "middle": [],
                    "last": "Kuo",
                    "suffix": ""
                },
                {
                    "first": "JL",
                    "middle": [],
                    "last": "Huang",
                    "suffix": ""
                }
            ],
            "year": 2004,
            "venue": "J Rheumatol",
            "volume": "31",
            "issn": "",
            "pages": "2062-7",
            "other_ids": {
                "DOI": []
            }
        },
        "BIBREF4": {
            "title": "Selective attraction of monocytes and T lymphocytes of the memory phenotype by cytokine RANTES",
            "authors": [
                {
                    "first": "TJ",
                    "middle": [],
                    "last": "Schall",
                    "suffix": ""
                },
                {
                    "first": "K",
                    "middle": [],
                    "last": "Bacon",
                    "suffix": ""
                },
                {
                    "first": "KJ",
                    "middle": [],
                    "last": "Toy",
                    "suffix": ""
                },
                {
                    "first": "DV",
                    "middle": [],
                    "last": "Goeddel",
                    "suffix": ""
                }
            ],
            "year": 1990,
            "venue": "Nature",
            "volume": "347",
            "issn": "",
            "pages": "669-71",
            "other_ids": {
                "DOI": [
                    "10.1038/347669a0"
                ]
            }
        },
        "BIBREF5": {
            "title": "Cytokine RANTES released by thrombin-stimulated platelets is a potent attractant for human eosinophils",
            "authors": [
                {
                    "first": "Y",
                    "middle": [],
                    "last": "Kameyoshi",
                    "suffix": ""
                },
                {
                    "first": "A",
                    "middle": [],
                    "last": "Dorschner",
                    "suffix": ""
                },
                {
                    "first": "AI",
                    "middle": [],
                    "last": "Mallet",
                    "suffix": ""
                },
                {
                    "first": "E",
                    "middle": [],
                    "last": "Christophers",
                    "suffix": ""
                },
                {
                    "first": "JM",
                    "middle": [],
                    "last": "Schroder",
                    "suffix": ""
                }
            ],
            "year": 1992,
            "venue": "J Exp Med",
            "volume": "176",
            "issn": "",
            "pages": "587-92",
            "other_ids": {
                "DOI": [
                    "10.1084/jem.176.2.587"
                ]
            }
        },
        "BIBREF6": {
            "title": "Nuclear factor-kappa B potently up-regulates the promoter activity of RANTES, a chemokine that blocks HIV infection",
            "authors": [
                {
                    "first": "H",
                    "middle": [],
                    "last": "Moriuchi",
                    "suffix": ""
                },
                {
                    "first": "M",
                    "middle": [],
                    "last": "Moriuchi",
                    "suffix": ""
                },
                {
                    "first": "AS",
                    "middle": [],
                    "last": "Fauci",
                    "suffix": ""
                }
            ],
            "year": 1997,
            "venue": "J Immunol",
            "volume": "158",
            "issn": "",
            "pages": "3483-91",
            "other_ids": {
                "DOI": []
            }
        },
        "BIBREF7": {
            "title": "Polymorphism in RANTES chemokine promoter affects HIV-1 disease progression",
            "authors": [
                {
                    "first": "H",
                    "middle": [],
                    "last": "Liu",
                    "suffix": ""
                },
                {
                    "first": "D",
                    "middle": [],
                    "last": "Chao",
                    "suffix": ""
                },
                {
                    "first": "EE",
                    "middle": [],
                    "last": "Nakayama",
                    "suffix": ""
                },
                {
                    "first": "H",
                    "middle": [],
                    "last": "Taguchi",
                    "suffix": ""
                },
                {
                    "first": "M",
                    "middle": [],
                    "last": "Goto",
                    "suffix": ""
                },
                {
                    "first": "X",
                    "middle": [],
                    "last": "Xin",
                    "suffix": ""
                },
                {
                    "first": "JK",
                    "middle": [],
                    "last": "Takamatsu",
                    "suffix": ""
                },
                {
                    "first": "H",
                    "middle": [],
                    "last": "Saito",
                    "suffix": ""
                },
                {
                    "first": "Y",
                    "middle": [],
                    "last": "Ishikawa",
                    "suffix": ""
                },
                {
                    "first": "T",
                    "middle": [],
                    "last": "Akaza",
                    "suffix": ""
                },
                {
                    "first": "T",
                    "middle": [],
                    "last": "Juji",
                    "suffix": ""
                },
                {
                    "first": "Y",
                    "middle": [],
                    "last": "Takebe",
                    "suffix": ""
                },
                {
                    "first": "T",
                    "middle": [],
                    "last": "Ohishi",
                    "suffix": ""
                },
                {
                    "first": "K",
                    "middle": [],
                    "last": "Fukutake",
                    "suffix": ""
                },
                {
                    "first": "Y",
                    "middle": [],
                    "last": "Maruyama",
                    "suffix": ""
                },
                {
                    "first": "S",
                    "middle": [],
                    "last": "Yashiki",
                    "suffix": ""
                },
                {
                    "first": "S",
                    "middle": [],
                    "last": "Sonoda",
                    "suffix": ""
                },
                {
                    "first": "T",
                    "middle": [],
                    "last": "Nakamura",
                    "suffix": ""
                },
                {
                    "first": "Y",
                    "middle": [],
                    "last": "Nagai",
                    "suffix": ""
                },
                {
                    "first": "A",
                    "middle": [],
                    "last": "Iwamoto",
                    "suffix": ""
                },
                {
                    "first": "T",
                    "middle": [],
                    "last": "Shioda",
                    "suffix": ""
                }
            ],
            "year": 1999,
            "venue": "Proc Natl Acad Sci USA",
            "volume": "96",
            "issn": "",
            "pages": "4581-5",
            "other_ids": {
                "DOI": [
                    "10.1073/pnas.96.8.4581"
                ]
            }
        },
        "BIBREF8": {
            "title": "Chemokines \u2013 chemotactic cytokines that mediate inflammation",
            "authors": [
                {
                    "first": "AD",
                    "middle": [],
                    "last": "Luster",
                    "suffix": ""
                }
            ],
            "year": 1998,
            "venue": "N Engl J Med",
            "volume": "338",
            "issn": "",
            "pages": "436-45",
            "other_ids": {
                "DOI": [
                    "10.1056/NEJM199802123380706"
                ]
            }
        },
        "BIBREF9": {
            "title": "RANTES: a versatile and controversial chemokine",
            "authors": [
                {
                    "first": "V",
                    "middle": [],
                    "last": "Appay",
                    "suffix": ""
                },
                {
                    "first": "SL",
                    "middle": [],
                    "last": "Rowland-Jones",
                    "suffix": ""
                }
            ],
            "year": 2001,
            "venue": "Trends Immunol",
            "volume": "22",
            "issn": "",
            "pages": "83-7",
            "other_ids": {
                "DOI": [
                    "10.1016/S1471-4906(00)01812-3"
                ]
            }
        },
        "BIBREF10": {
            "title": "Characterization of cytokine/chemokine profiles of severe acute respiratory syndrome",
            "authors": [
                {
                    "first": "Y",
                    "middle": [],
                    "last": "Jiang",
                    "suffix": ""
                },
                {
                    "first": "J",
                    "middle": [],
                    "last": "Xu",
                    "suffix": ""
                },
                {
                    "first": "C",
                    "middle": [],
                    "last": "Zhou",
                    "suffix": ""
                },
                {
                    "first": "Z",
                    "middle": [],
                    "last": "Wu",
                    "suffix": ""
                },
                {
                    "first": "S",
                    "middle": [],
                    "last": "Zhong",
                    "suffix": ""
                },
                {
                    "first": "J",
                    "middle": [],
                    "last": "Liu",
                    "suffix": ""
                },
                {
                    "first": "W",
                    "middle": [],
                    "last": "Luo",
                    "suffix": ""
                },
                {
                    "first": "T",
                    "middle": [],
                    "last": "Chen",
                    "suffix": ""
                },
                {
                    "first": "Q",
                    "middle": [],
                    "last": "Qin",
                    "suffix": ""
                },
                {
                    "first": "P",
                    "middle": [],
                    "last": "Deng",
                    "suffix": ""
                }
            ],
            "year": 2005,
            "venue": "Am J Respir Crit Care Med",
            "volume": "171",
            "issn": "",
            "pages": "850-7",
            "other_ids": {
                "DOI": [
                    "10.1164/rccm.200407-857OC"
                ]
            }
        },
        "BIBREF11": {
            "title": "Severe acute respiratory syndrome",
            "authors": [
                {
                    "first": "JS",
                    "middle": [],
                    "last": "Peiris",
                    "suffix": ""
                },
                {
                    "first": "Y",
                    "middle": [],
                    "last": "Guan",
                    "suffix": ""
                },
                {
                    "first": "KY",
                    "middle": [],
                    "last": "Yuen",
                    "suffix": ""
                }
            ],
            "year": 2004,
            "venue": "Nat Med",
            "volume": "10",
            "issn": "",
            "pages": "S88-97",
            "other_ids": {
                "DOI": [
                    "10.1038/nm1143"
                ]
            }
        },
        "BIBREF12": {
            "title": "Genetic relationship of populations in China",
            "authors": [
                {
                    "first": "JY",
                    "middle": [],
                    "last": "Chu",
                    "suffix": ""
                },
                {
                    "first": "W",
                    "middle": [],
                    "last": "Huang",
                    "suffix": ""
                },
                {
                    "first": "SQ",
                    "middle": [],
                    "last": "Kuang",
                    "suffix": ""
                },
                {
                    "first": "JM",
                    "middle": [],
                    "last": "Wang",
                    "suffix": ""
                },
                {
                    "first": "JJ",
                    "middle": [],
                    "last": "Xu",
                    "suffix": ""
                },
                {
                    "first": "ZT",
                    "middle": [],
                    "last": "Chu",
                    "suffix": ""
                },
                {
                    "first": "ZQ",
                    "middle": [],
                    "last": "Yang",
                    "suffix": ""
                },
                {
                    "first": "KQ",
                    "middle": [],
                    "last": "Lin",
                    "suffix": ""
                },
                {
                    "first": "P",
                    "middle": [],
                    "last": "Li",
                    "suffix": ""
                },
                {
                    "first": "M",
                    "middle": [],
                    "last": "Wu",
                    "suffix": ""
                },
                {
                    "first": "ZC",
                    "middle": [],
                    "last": "Geng",
                    "suffix": ""
                },
                {
                    "first": "CC",
                    "middle": [],
                    "last": "Tan",
                    "suffix": ""
                },
                {
                    "first": "RF",
                    "middle": [],
                    "last": "Du",
                    "suffix": ""
                },
                {
                    "first": "L",
                    "middle": [],
                    "last": "Jin",
                    "suffix": ""
                }
            ],
            "year": 1998,
            "venue": "Proc Natl Acad Sci USA",
            "volume": "95",
            "issn": "",
            "pages": "11763-8",
            "other_ids": {
                "DOI": [
                    "10.1073/pnas.95.20.11763"
                ]
            }
        },
        "BIBREF13": {
            "title": "Towards a genetic history of China",
            "authors": [
                {
                    "first": "A",
                    "middle": [],
                    "last": "Piazza",
                    "suffix": ""
                }
            ],
            "year": 1998,
            "venue": "Nature",
            "volume": "395",
            "issn": "",
            "pages": "636-7",
            "other_ids": {
                "DOI": [
                    "10.1038/27071"
                ]
            }
        },
        "BIBREF14": {
            "title": "Pathogenesis of severe acute respiratory syndrome",
            "authors": [
                {
                    "first": "YL",
                    "middle": [],
                    "last": "Lau",
                    "suffix": ""
                },
                {
                    "first": "JS",
                    "middle": [],
                    "last": "Peiris",
                    "suffix": ""
                }
            ],
            "year": 2005,
            "venue": "Curr Opin Immunol",
            "volume": "17",
            "issn": "",
            "pages": "404-10",
            "other_ids": {
                "DOI": [
                    "10.1016/j.coi.2005.05.009"
                ]
            }
        },
        "BIBREF15": {
            "title": "Mannose-binding lectin in severe acute respiratory syndrome coronavirus infection",
            "authors": [
                {
                    "first": "WK",
                    "middle": [],
                    "last": "Ip",
                    "suffix": ""
                },
                {
                    "first": "KH",
                    "middle": [],
                    "last": "Chan",
                    "suffix": ""
                },
                {
                    "first": "HK",
                    "middle": [],
                    "last": "Law",
                    "suffix": ""
                },
                {
                    "first": "GH",
                    "middle": [],
                    "last": "Tso",
                    "suffix": ""
                },
                {
                    "first": "EK",
                    "middle": [],
                    "last": "Kong",
                    "suffix": ""
                },
                {
                    "first": "WH",
                    "middle": [],
                    "last": "Wong",
                    "suffix": ""
                },
                {
                    "first": "YF",
                    "middle": [],
                    "last": "To",
                    "suffix": ""
                },
                {
                    "first": "RW",
                    "middle": [],
                    "last": "Yung",
                    "suffix": ""
                },
                {
                    "first": "EY",
                    "middle": [],
                    "last": "Chow",
                    "suffix": ""
                },
                {
                    "first": "KL",
                    "middle": [],
                    "last": "Au",
                    "suffix": ""
                },
                {
                    "first": "EY",
                    "middle": [],
                    "last": "Chan",
                    "suffix": ""
                },
                {
                    "first": "W",
                    "middle": [],
                    "last": "Lim",
                    "suffix": ""
                },
                {
                    "first": "JC",
                    "middle": [],
                    "last": "Jensenius",
                    "suffix": ""
                },
                {
                    "first": "MW",
                    "middle": [],
                    "last": "Turner",
                    "suffix": ""
                },
                {
                    "first": "JS",
                    "middle": [],
                    "last": "Peiris",
                    "suffix": ""
                },
                {
                    "first": "YL",
                    "middle": [],
                    "last": "Lau",
                    "suffix": ""
                }
            ],
            "year": 2005,
            "venue": "J Infect Dis",
            "volume": "191",
            "issn": "",
            "pages": "1697-704",
            "other_ids": {
                "DOI": [
                    "10.1086/429631"
                ]
            }
        },
        "BIBREF16": {
            "title": "Association between mannose-binding lectin gene polymorphisms and susceptibility to severe acute respiratory syndrome coronavirus infection",
            "authors": [
                {
                    "first": "H",
                    "middle": [],
                    "last": "Zhang",
                    "suffix": ""
                },
                {
                    "first": "G",
                    "middle": [],
                    "last": "Zhou",
                    "suffix": ""
                },
                {
                    "first": "L",
                    "middle": [],
                    "last": "Zhi",
                    "suffix": ""
                },
                {
                    "first": "H",
                    "middle": [],
                    "last": "Yang",
                    "suffix": ""
                },
                {
                    "first": "Y",
                    "middle": [],
                    "last": "Zhai",
                    "suffix": ""
                },
                {
                    "first": "X",
                    "middle": [],
                    "last": "Dong",
                    "suffix": ""
                },
                {
                    "first": "X",
                    "middle": [],
                    "last": "Zhang",
                    "suffix": ""
                },
                {
                    "first": "X",
                    "middle": [],
                    "last": "Gao",
                    "suffix": ""
                },
                {
                    "first": "Y",
                    "middle": [],
                    "last": "Zhu",
                    "suffix": ""
                },
                {
                    "first": "F",
                    "middle": [],
                    "last": "He",
                    "suffix": ""
                }
            ],
            "year": 2005,
            "venue": "J Infect Dis",
            "volume": "192",
            "issn": "",
            "pages": "1355-61",
            "other_ids": {
                "DOI": [
                    "10.1086/491479"
                ]
            }
        },
        "BIBREF17": {
            "title": "The interferon gamma gene polymorphism +874 A/T is associated with severe acute respiratory syndrome",
            "authors": [
                {
                    "first": "WP",
                    "middle": [],
                    "last": "Chong",
                    "suffix": ""
                },
                {
                    "first": "WK",
                    "middle": [],
                    "last": "Ip",
                    "suffix": ""
                },
                {
                    "first": "GH",
                    "middle": [],
                    "last": "Tso",
                    "suffix": ""
                },
                {
                    "first": "MW",
                    "middle": [],
                    "last": "Ng",
                    "suffix": ""
                },
                {
                    "first": "WH",
                    "middle": [],
                    "last": "Wong",
                    "suffix": ""
                },
                {
                    "first": "HK",
                    "middle": [],
                    "last": "Law",
                    "suffix": ""
                },
                {
                    "first": "RW",
                    "middle": [],
                    "last": "Yung",
                    "suffix": ""
                },
                {
                    "first": "EY",
                    "middle": [],
                    "last": "Chow",
                    "suffix": ""
                },
                {
                    "first": "KL",
                    "middle": [],
                    "last": "Au",
                    "suffix": ""
                },
                {
                    "first": "EY",
                    "middle": [],
                    "last": "Chan",
                    "suffix": ""
                },
                {
                    "first": "W",
                    "middle": [],
                    "last": "Lim",
                    "suffix": ""
                },
                {
                    "first": "JS",
                    "middle": [],
                    "last": "Peiris",
                    "suffix": ""
                },
                {
                    "first": "YL",
                    "middle": [],
                    "last": "Lau",
                    "suffix": ""
                }
            ],
            "year": 2006,
            "venue": "BMC Infect Dis",
            "volume": "6",
            "issn": "",
            "pages": null,
            "other_ids": {
                "DOI": [
                    "10.1186/1471-2334-6-82"
                ]
            }
        },
        "BIBREF18": {
            "title": "Homozygous L-SIGN (CLEC4M) plays a protective role in SARS coronavirus infection",
            "authors": [
                {
                    "first": "VS",
                    "middle": [],
                    "last": "Chan",
                    "suffix": ""
                },
                {
                    "first": "KY",
                    "middle": [],
                    "last": "Chan",
                    "suffix": ""
                },
                {
                    "first": "Y",
                    "middle": [],
                    "last": "Chen",
                    "suffix": ""
                },
                {
                    "first": "LL",
                    "middle": [],
                    "last": "Poon",
                    "suffix": ""
                },
                {
                    "first": "AN",
                    "middle": [],
                    "last": "Cheung",
                    "suffix": ""
                },
                {
                    "first": "B",
                    "middle": [],
                    "last": "Zheng",
                    "suffix": ""
                },
                {
                    "first": "KH",
                    "middle": [],
                    "last": "Chan",
                    "suffix": ""
                },
                {
                    "first": "W",
                    "middle": [],
                    "last": "Mak",
                    "suffix": ""
                },
                {
                    "first": "HY",
                    "middle": [],
                    "last": "Ngan",
                    "suffix": ""
                },
                {
                    "first": "X",
                    "middle": [],
                    "last": "Xu",
                    "suffix": ""
                },
                {
                    "first": "G",
                    "middle": [],
                    "last": "Screaton",
                    "suffix": ""
                },
                {
                    "first": "PK",
                    "middle": [],
                    "last": "Tam",
                    "suffix": ""
                },
                {
                    "first": "JM",
                    "middle": [],
                    "last": "Austyn",
                    "suffix": ""
                },
                {
                    "first": "LC",
                    "middle": [],
                    "last": "Chan",
                    "suffix": ""
                },
                {
                    "first": "SP",
                    "middle": [],
                    "last": "Yip",
                    "suffix": ""
                },
                {
                    "first": "M",
                    "middle": [],
                    "last": "Peiris",
                    "suffix": ""
                },
                {
                    "first": "US",
                    "middle": [],
                    "last": "Khoo",
                    "suffix": ""
                },
                {
                    "first": "CL",
                    "middle": [],
                    "last": "Lin",
                    "suffix": ""
                }
            ],
            "year": 2006,
            "venue": "Nat Genet",
            "volume": "38",
            "issn": "",
            "pages": "38-46",
            "other_ids": {
                "DOI": [
                    "10.1038/ng1698"
                ]
            }
        },
        "BIBREF19": {
            "title": "Association of SARS susceptibility with single nucleic acid polymorphisms of OAS1 and MxA genes : a case-control study",
            "authors": [
                {
                    "first": "J",
                    "middle": [],
                    "last": "He",
                    "suffix": ""
                },
                {
                    "first": "D",
                    "middle": [],
                    "last": "Feng",
                    "suffix": ""
                },
                {
                    "first": "SJ",
                    "middle": [],
                    "last": "de Vlas",
                    "suffix": ""
                },
                {
                    "first": "H",
                    "middle": [],
                    "last": "Wang",
                    "suffix": ""
                },
                {
                    "first": "A",
                    "middle": [],
                    "last": "Fontanet",
                    "suffix": ""
                },
                {
                    "first": "P",
                    "middle": [],
                    "last": "Zhang",
                    "suffix": ""
                },
                {
                    "first": "S",
                    "middle": [],
                    "last": "Plancoulaine",
                    "suffix": ""
                },
                {
                    "first": "F",
                    "middle": [],
                    "last": "Tang",
                    "suffix": ""
                },
                {
                    "first": "L",
                    "middle": [],
                    "last": "Zhan",
                    "suffix": ""
                },
                {
                    "first": "H",
                    "middle": [],
                    "last": "Yang",
                    "suffix": ""
                },
                {
                    "first": "T",
                    "middle": [],
                    "last": "Wang",
                    "suffix": ""
                },
                {
                    "first": "JH",
                    "middle": [],
                    "last": "Richardus",
                    "suffix": ""
                },
                {
                    "first": "JD",
                    "middle": [],
                    "last": "Habbema",
                    "suffix": ""
                },
                {
                    "first": "W",
                    "middle": [],
                    "last": "Cao",
                    "suffix": ""
                }
            ],
            "year": 2006,
            "venue": "BMC Infect Dis",
            "volume": "6",
            "issn": "",
            "pages": null,
            "other_ids": {
                "DOI": [
                    "10.1186/1471-2334-6-106"
                ]
            }
        },
        "BIBREF20": {
            "title": "Chemokine regulation of inflammation during acute viral infection",
            "authors": [
                {
                    "first": "WG",
                    "middle": [],
                    "last": "Glass",
                    "suffix": ""
                },
                {
                    "first": "HF",
                    "middle": [],
                    "last": "Rosenberg",
                    "suffix": ""
                },
                {
                    "first": "PM",
                    "middle": [],
                    "last": "Murphy",
                    "suffix": ""
                }
            ],
            "year": 2003,
            "venue": "Curr Opin Allergy Clin Immunol",
            "volume": "3",
            "issn": "",
            "pages": "467-73",
            "other_ids": {
                "DOI": [
                    "10.1097/00130832-200312000-00008"
                ]
            }
        }
    }
}