{
    "paper_id": "PMC1149493",
    "metadata": {
        "title": "Pseudoknots: RNA Structures with Diverse Functions",
        "authors": [
            {
                "first": "David",
                "middle": [
                    "W"
                ],
                "last": "Staple",
                "suffix": "",
                "email": null,
                "affiliation": {}
            },
            {
                "first": "Samuel",
                "middle": [
                    "E"
                ],
                "last": "Butcher",
                "suffix": "",
                "email": "butcher@nmrfam.wisc.edu",
                "affiliation": {}
            }
        ]
    },
    "body_text": [
        {
            "text": "Hepatitis delta virus (HDV) is a satellite virus of hepatitis B virus. Infection of humans by both HDV and hepatitis B virus is generally more severe than a hepatitis B virus infection alone [10]. HDV has a circular genome that is replicated by the host RNA polymerase II through a double-rolling-circle mechanism. This mechanism produces long strands of RNA that must be processed into unit lengths for viral replication. The processing of the viral RNA is achieved by the self-cleaving HDV ribozyme encoded in the RNA [11]. The HDV ribozyme folds into a double-pseudoknot conformation and self-cleaves, producing single-genome-length HDV RNAs. The HDV ribozyme is the fastest-known naturally occurring self-cleaving ribozyme, with a cleavage rate greater than one per second, and is active in vitro in the absence of any proteins [12]. The HDV ribozyme consists of five helical segments that form two coaxial stacks of two (stems P2 and P3) and three (stems P1, P1.1, and P4) helices each (Figure 2A) [3,13]. Two pseudoknots are formed, each with one helix from each coaxial stack (stems P1 and P2, and stems P3 and P1.1). These two pseudoknots stack on top of each other, forming a nested double-pseudoknot conformation [13].",
            "cite_spans": [
                {
                    "start": 192,
                    "end": 194,
                    "mention": "10",
                    "ref_id": "BIBREF1"
                },
                {
                    "start": 521,
                    "end": 523,
                    "mention": "11",
                    "ref_id": "BIBREF2"
                },
                {
                    "start": 833,
                    "end": 835,
                    "mention": "12",
                    "ref_id": "BIBREF3"
                },
                {
                    "start": 1004,
                    "end": 1005,
                    "mention": "3",
                    "ref_id": "BIBREF22"
                },
                {
                    "start": 1006,
                    "end": 1008,
                    "mention": "13",
                    "ref_id": "BIBREF4"
                },
                {
                    "start": 1224,
                    "end": 1226,
                    "mention": "13",
                    "ref_id": "BIBREF4"
                }
            ],
            "section": "Catalytically Active Pseudoknots",
            "ref_spans": [
                {
                    "start": 992,
                    "end": 1001,
                    "mention": "Figure 2A",
                    "ref_id": "FIGREF1"
                }
            ]
        },
        {
            "text": "The removal of introns from pre\u2013messenger RNA (pre-mRNA) is fundamentally important for eukaryotic life. Most introns are removed by a ribonucleoprotein complex called the spliceosome. A subset of introns are self-cleaving, catalyzing their own removal from pre-mRNA without the aid of proteins [14]. One such class of introns are the group I self-splicing introns, with the most well-studied example being from the ciliate Tetrahymena. The structure of this ribozyme is made up of three helical domains, with many tertiary contacts between the domains [15]. The only portion of the RNA that spans all three helical domains is a pseudoknot belt that wraps around the molecule, base-pairing with all three helices [15]. The pseudoknot establishes the catalytic core of the group I self-splicing introns.",
            "cite_spans": [
                {
                    "start": 296,
                    "end": 298,
                    "mention": "14",
                    "ref_id": "BIBREF5"
                },
                {
                    "start": 554,
                    "end": 556,
                    "mention": "15",
                    "ref_id": "BIBREF6"
                },
                {
                    "start": 714,
                    "end": 716,
                    "mention": "15",
                    "ref_id": "BIBREF6"
                }
            ],
            "section": "Catalytically Active Pseudoknots",
            "ref_spans": []
        },
        {
            "text": "Naturally occurring ribozymes appear to perform mainly hydrolysis and transesterification reactions [16]; however, in vitro selection has yielded RNAs capable of performing a wide variety of enzymatic reactions [17]. Recently the structure of an RNA capable of catalyzing carbon\u2013carbon bond formation by the Diels-Alder reaction was solved (Figure 2B) [18]. The RNA adopts a \u03bb-shaped fold of its three helices in which stems 2 and 3 stack coaxially, with stem 1 abutting the active site, forming a pocket precisely complementary to the reaction product. The 5\u2032 end of the RNA bridges helical stems 3 and 1, generating a complex nested pseudoknot topology. Although conformationally distinct from the HDV ribozyme [3], it is worthwhile to note that they are two of the fastest-known ribozymes, and both utilize a nested pseudoknot architecture [18].",
            "cite_spans": [
                {
                    "start": 101,
                    "end": 103,
                    "mention": "16",
                    "ref_id": "BIBREF7"
                },
                {
                    "start": 212,
                    "end": 214,
                    "mention": "17",
                    "ref_id": "BIBREF8"
                },
                {
                    "start": 353,
                    "end": 355,
                    "mention": "18",
                    "ref_id": "BIBREF9"
                },
                {
                    "start": 714,
                    "end": 715,
                    "mention": "3",
                    "ref_id": "BIBREF22"
                },
                {
                    "start": 844,
                    "end": 846,
                    "mention": "18",
                    "ref_id": "BIBREF9"
                }
            ],
            "section": "Catalytically Active Pseudoknots",
            "ref_spans": [
                {
                    "start": 341,
                    "end": 350,
                    "mention": "Figure 2B",
                    "ref_id": "FIGREF1"
                }
            ]
        },
        {
            "text": "Chromosomes possess protective ends known as telomeres to protect themselves from degradation due to successive rounds of DNA synthesis. Telomerase, the ribonucleoprotein complex responsible for the maintenance of the telomere ends [19], is upregulated in most cancers [20] and might play a role in aging [21]. Human telomerase is made up of a 451-nucleotide RNA, a reverse transcriptase, and other proteins [22]. At the 5\u2032 end of the RNA is a highly conserved pseudoknot, required for activity, which lies at the core of telomerase. The structure of the human telomerase pseudoknot reveals a classic H-type pseudoknot fold with a slight bend between the stems (Figure 2C) [5]. A triple-helix structure flanks the junction of the helices and extends into each stem. Mutations within the telomerase pseudoknot have been directly linked to the diseases autosomal dyskeratosis congenita [21] and aplastic anemia [23].",
            "cite_spans": [
                {
                    "start": 233,
                    "end": 235,
                    "mention": "19",
                    "ref_id": "BIBREF10"
                },
                {
                    "start": 270,
                    "end": 272,
                    "mention": "20",
                    "ref_id": "BIBREF12"
                },
                {
                    "start": 306,
                    "end": 308,
                    "mention": "21",
                    "ref_id": "BIBREF13"
                },
                {
                    "start": 409,
                    "end": 411,
                    "mention": "22",
                    "ref_id": "BIBREF14"
                },
                {
                    "start": 674,
                    "end": 675,
                    "mention": "5",
                    "ref_id": "BIBREF28"
                },
                {
                    "start": 885,
                    "end": 887,
                    "mention": "21",
                    "ref_id": "BIBREF13"
                },
                {
                    "start": 910,
                    "end": 912,
                    "mention": "23",
                    "ref_id": "BIBREF15"
                }
            ],
            "section": "Catalytically Active Pseudoknots",
            "ref_spans": [
                {
                    "start": 662,
                    "end": 671,
                    "mention": "Figure 2C",
                    "ref_id": "FIGREF1"
                }
            ]
        },
        {
            "text": "Not all pseudoknots with biological functions are catalytically active. In fact, one of the most common functions of pseudoknots is to induce ribosomes to slip into alternative reading frames, otherwise known as frameshifting. Ribosomes typically translate mRNA without shifting the translational reading frame [24]. However, a number of organisms have evolved mechanisms to cause site-specific or programmed frameshifting of the ribosome in either the +1 or \u22121 direction [25]. Programmed \u22121 ribosomal frameshifting is typically found in viruses and is required for the replication and proliferation of all retroviruses. Therefore, the pseudoknot structures involved in frameshifting are attractive targets for the development of antiviral drugs. The frameshift event is induced by two RNA elements within the mRNA: (i) a heptanucleotide slippery sequence X XXY YYZ (spaced triplets represent preframeshift codons) and (ii) a downstream RNA structure, typically a pseudoknot [26]. The mechanism behind how these elements promote \u22121 frameshifting is not fully understood. The current model posits that the ribosome encounters the downstream pseudoknot while the slippery sequence is being decoded by the ribosome. The pseudoknot structure likely causes the ribosome to pause, which is necessary but not sufficient for frameshifting to occur [27]. While paused on the slippery sequence, the ribosome slips back one nucleotide and subsequently continues translation in the \u22121 reading frame.",
            "cite_spans": [
                {
                    "start": 312,
                    "end": 314,
                    "mention": "24",
                    "ref_id": "BIBREF16"
                },
                {
                    "start": 473,
                    "end": 475,
                    "mention": "25",
                    "ref_id": "BIBREF17"
                },
                {
                    "start": 976,
                    "end": 978,
                    "mention": "26",
                    "ref_id": "BIBREF18"
                },
                {
                    "start": 1341,
                    "end": 1343,
                    "mention": "27",
                    "ref_id": "BIBREF19"
                }
            ],
            "section": "Frameshift-Inducing Pseudoknots",
            "ref_spans": []
        },
        {
            "text": "The nuclear magnetic resonance (NMR) structure of the mouse mammary tumor virus (MMTV) frameshift-inducing pseudoknot was the first structure of a frameshift-inducing pseudoknot (Figure 2D) [6]. The MMTV pseudoknot forms a compact structure of two guanine/cytosine-rich A-form helices. The MMTV pseudoknot has a bend of approximately 60\u00b0 between the two helices, caused by an unpaired adenine that intercalates between the helices and may act as a hinge. Subsequent structural and functional studies of several variants of the MMTV pseudoknot reveal that the intercalated nucleotide and the resulting bend between stems 1 and 2 are required for efficient frameshifting [28].",
            "cite_spans": [
                {
                    "start": 191,
                    "end": 192,
                    "mention": "6",
                    "ref_id": "BIBREF29"
                },
                {
                    "start": 670,
                    "end": 672,
                    "mention": "28",
                    "ref_id": "BIBREF20"
                }
            ],
            "section": "Frameshift-Inducing Pseudoknots",
            "ref_spans": [
                {
                    "start": 179,
                    "end": 188,
                    "mention": "Figure 2D",
                    "ref_id": "FIGREF1"
                }
            ]
        },
        {
            "text": "In beet western yellow virus, pea enation mosaic virus, and other luteoviruses, an RNA pseudoknot also stimulates a \u22121 frameshift between the P1 and P2 genes [29]. These structures, solved by X-ray crystallography and NMR, respectively, revealed compact H-type pseudoknots with extensive loop\u2013stem interactions (Figure 2E) [7,9]. Like that of MMTV, frameshift-inducing pseudoknots in both the beet western yellow virus and pea enation mosaic virus have an unpaired nucleotide at the junction of the stems; however, this nucleotide is displaced from the helix, not intercalated as in MMTV.",
            "cite_spans": [
                {
                    "start": 159,
                    "end": 161,
                    "mention": "29",
                    "ref_id": "BIBREF21"
                },
                {
                    "start": 324,
                    "end": 325,
                    "mention": "7",
                    "ref_id": "BIBREF30"
                },
                {
                    "start": 326,
                    "end": 327,
                    "mention": "9",
                    "ref_id": "BIBREF32"
                }
            ],
            "section": "Frameshift-Inducing Pseudoknots",
            "ref_spans": [
                {
                    "start": 312,
                    "end": 321,
                    "mention": "Figure 2E",
                    "ref_id": "FIGREF1"
                }
            ]
        },
        {
            "text": "The frameshift-inducing pseudoknot from simian retrovirus 1 contains a number of unique features (Figure 2F) [8]. Although predicted to resemble that of MMTV, with an unpaired adenine between the helices, the structure revealed the formation of a uracil\u2013adenine pair at the junction, allowing the two stems to stack directly on top of each other (Figure 2F) [8]. The simian retrovirus 1 pseudoknot forms an extensive loop 2\u2013stem 1 triplex, which contains a ribose zipper motif in addition to base\u2013base and base\u2013sugar interactions [8].",
            "cite_spans": [
                {
                    "start": 110,
                    "end": 111,
                    "mention": "8",
                    "ref_id": "BIBREF31"
                },
                {
                    "start": 359,
                    "end": 360,
                    "mention": "8",
                    "ref_id": "BIBREF31"
                },
                {
                    "start": 531,
                    "end": 532,
                    "mention": "8",
                    "ref_id": "BIBREF31"
                }
            ],
            "section": "Frameshift-Inducing Pseudoknots",
            "ref_spans": [
                {
                    "start": 98,
                    "end": 107,
                    "mention": "Figure 2F",
                    "ref_id": "FIGREF1"
                },
                {
                    "start": 347,
                    "end": 356,
                    "mention": "Figure 2F",
                    "ref_id": "FIGREF1"
                }
            ]
        },
        {
            "text": "The severe acute respiratory syndrome coronavirus (SARS-CoV) genome contains two large genes, ORF 1a and ORF 1b, separated by a programmed \u22121 frameshift element required for ORF 1b expression [30]. Recent work has suggested that the SARS-CoV frameshift-inducing pseudoknot may be unique because it contains a third stem\u2013loop [31,32]. In this issue of PLoS Biology, bioinformatic, phylogenetic, and structural evidence is reported indicating that the SARS-CoV pseudoknot is indeed a three-stemmed RNA pseudoknot (see Figure 1D) [33]. Dinman and co-workers report the potential for the formation of this three-stemmed pseudoknot in all coronaviruses in the GenBank database. NMR experiments confirmed the proposed three-stemmed pseudoknot structure in SARS-CoV. Although the atomic-resolution structure has not yet been determined, this study identifies a new secondary structure capable of promoting frameshifting that is structurally distinct from previously described pseudoknots (see Figure 1D).",
            "cite_spans": [
                {
                    "start": 193,
                    "end": 195,
                    "mention": "30",
                    "ref_id": "BIBREF23"
                },
                {
                    "start": 326,
                    "end": 328,
                    "mention": "31",
                    "ref_id": "BIBREF24"
                },
                {
                    "start": 329,
                    "end": 331,
                    "mention": "32",
                    "ref_id": "BIBREF25"
                },
                {
                    "start": 528,
                    "end": 530,
                    "mention": "33",
                    "ref_id": "BIBREF26"
                }
            ],
            "section": "Frameshift-Inducing Pseudoknots",
            "ref_spans": [
                {
                    "start": 516,
                    "end": 525,
                    "mention": "Figure 1D",
                    "ref_id": "FIGREF0"
                },
                {
                    "start": 986,
                    "end": 995,
                    "mention": "Figure 1D",
                    "ref_id": "FIGREF0"
                }
            ]
        },
        {
            "text": "RNA pseudoknots have been identified in nearly every organism and comprise functional domains within ribozymes, self-splicing introns, ribonucleoprotein complexes, viral genomes, and many other biological systems. It is clear that the pseudoknot topology can result in many different, complex structures. The pseudoknot, therefore, represents an important piece of RNA architecture, as it provides a means for a single RNA strand to fold upon itself to produce a globular structure capable of performing important biological functions.",
            "cite_spans": [],
            "section": "Frameshift-Inducing Pseudoknots",
            "ref_spans": []
        }
    ],
    "ref_entries": {
        "FIGREF0": {
            "text": "Figure 1: (A) Linear arrangement of base-pairing elements within an H-type RNA pseudoknot. Base pairing is indicated with dashed lines. (B) Formation of initial hairpin within pseudoknot sequence. Base pairings from loop to bases outside the hairpin are indicated with dashed lines. (C) Classic H-type pseudoknot fold. (D) Three-stemmed RNA pseudoknot fold from SARS-CoV.",
            "type": "figure"
        },
        "FIGREF1": {
            "text": "Figure 2: Stems and loops are numbered sequentially, unless otherwise noted. Structure coordinates were obtained from the Protein Data Bank (http://www.rcsb.org), and structural representations were produced using MOLMOL software. (A) HDV (1SJ3). Numbering of stems reflects standard nomenclature for HDV. The U1A RNA binding domain is colored gray and is not included in the three-dimensional structure. (B) Diels-Alder ribozyme (DA-R) (1YLS). (C) Human telomerase (hTR) (1YMO). (D) MMTV (1RNK). (E) Pea enation mosaic virus RNA1 (PEMV-1) (1KPZ). (F) Simian retrovirus 1 (SRV-1) (1E95).",
            "type": "figure"
        }
    },
    "back_matter": [],
    "bib_entries": {
        "BIBREF0": {
            "title": "The tRNA-like structure at the 3\u2032 terminus of turnip yellow mosaic virus RNA. Differences and similarities with canonical tRNA",
            "authors": [
                {
                    "first": "K",
                    "middle": [],
                    "last": "Rietveld",
                    "suffix": ""
                },
                {
                    "first": "R",
                    "middle": [],
                    "last": "Van Poelgeest",
                    "suffix": ""
                },
                {
                    "first": "CW",
                    "middle": [],
                    "last": "Pleij",
                    "suffix": ""
                },
                {
                    "first": "JH",
                    "middle": [],
                    "last": "Van Boom",
                    "suffix": ""
                },
                {
                    "first": "L",
                    "middle": [],
                    "last": "Bosch",
                    "suffix": ""
                }
            ],
            "year": 1982,
            "venue": "Nucleic Acids Res",
            "volume": "10",
            "issn": "",
            "pages": "1929-1946",
            "other_ids": {
                "DOI": []
            }
        },
        "BIBREF1": {
            "title": "The molecular biology of hepatitis delta virus",
            "authors": [
                {
                    "first": "MM",
                    "middle": [],
                    "last": "Lai",
                    "suffix": ""
                }
            ],
            "year": 1995,
            "venue": "Annu Rev Biochem",
            "volume": "64",
            "issn": "",
            "pages": "259-286",
            "other_ids": {
                "DOI": []
            }
        },
        "BIBREF2": {
            "title": "Characterization of self-cleaving RNA sequences on the genome and antigenome of human hepatitis delta virus",
            "authors": [
                {
                    "first": "MY",
                    "middle": [],
                    "last": "Kuo",
                    "suffix": ""
                },
                {
                    "first": "L",
                    "middle": [],
                    "last": "Sharmeen",
                    "suffix": ""
                },
                {
                    "first": "G",
                    "middle": [],
                    "last": "Dinter-Gottlieb",
                    "suffix": ""
                },
                {
                    "first": "J",
                    "middle": [],
                    "last": "Taylor",
                    "suffix": ""
                }
            ],
            "year": 1988,
            "venue": "J Virol",
            "volume": "62",
            "issn": "",
            "pages": "4439-4444",
            "other_ids": {
                "DOI": []
            }
        },
        "BIBREF3": {
            "title": "Structural and sequence elements required for the self-cleaving activity of the hepatitis delta virus ribozyme",
            "authors": [
                {
                    "first": "G",
                    "middle": [],
                    "last": "Thill",
                    "suffix": ""
                },
                {
                    "first": "M",
                    "middle": [],
                    "last": "Vasseur",
                    "suffix": ""
                },
                {
                    "first": "NK",
                    "middle": [],
                    "last": "Tanner",
                    "suffix": ""
                }
            ],
            "year": 1993,
            "venue": "Biochemistry",
            "volume": "32",
            "issn": "",
            "pages": "4254-4262",
            "other_ids": {
                "DOI": []
            }
        },
        "BIBREF4": {
            "title": "Crystal structure of a hepatitis delta virus ribozyme",
            "authors": [
                {
                    "first": "AR",
                    "middle": [],
                    "last": "Ferre-D'Amare",
                    "suffix": ""
                },
                {
                    "first": "K",
                    "middle": [],
                    "last": "Zhou",
                    "suffix": ""
                },
                {
                    "first": "JA",
                    "middle": [],
                    "last": "Doudna",
                    "suffix": ""
                }
            ],
            "year": 1998,
            "venue": "Nature",
            "volume": "395",
            "issn": "",
            "pages": "567-574",
            "other_ids": {
                "DOI": []
            }
        },
        "BIBREF5": {
            "title": "The generality of self-splicing RNA: Relationship to nuclear mRNA splicing",
            "authors": [
                {
                    "first": "TR",
                    "middle": [],
                    "last": "Cech",
                    "suffix": ""
                }
            ],
            "year": 1986,
            "venue": "Cell",
            "volume": "44",
            "issn": "",
            "pages": "207-210",
            "other_ids": {
                "DOI": []
            }
        },
        "BIBREF6": {
            "title": "Crystal structure of a group I intron splicing intermediate",
            "authors": [
                {
                    "first": "PL",
                    "middle": [],
                    "last": "Adams",
                    "suffix": ""
                },
                {
                    "first": "MR",
                    "middle": [],
                    "last": "Stahley",
                    "suffix": ""
                },
                {
                    "first": "ML",
                    "middle": [],
                    "last": "Gill",
                    "suffix": ""
                },
                {
                    "first": "AB",
                    "middle": [],
                    "last": "Kosek",
                    "suffix": ""
                },
                {
                    "first": "J",
                    "middle": [],
                    "last": "Wang",
                    "suffix": ""
                }
            ],
            "year": 2004,
            "venue": "RNA",
            "volume": "10",
            "issn": "",
            "pages": "1867-1887",
            "other_ids": {
                "DOI": []
            }
        },
        "BIBREF7": {
            "title": "The chemical repertoire of natural ribozymes",
            "authors": [
                {
                    "first": "JA",
                    "middle": [],
                    "last": "Doudna",
                    "suffix": ""
                },
                {
                    "first": "TR",
                    "middle": [],
                    "last": "Cech",
                    "suffix": ""
                }
            ],
            "year": 2002,
            "venue": "Nature",
            "volume": "418",
            "issn": "",
            "pages": "222-228",
            "other_ids": {
                "DOI": []
            }
        },
        "BIBREF8": {
            "title": "In vitro selection of functional nucleic acids",
            "authors": [
                {
                    "first": "DS",
                    "middle": [],
                    "last": "Wilson",
                    "suffix": ""
                },
                {
                    "first": "JW",
                    "middle": [],
                    "last": "Szostak",
                    "suffix": ""
                }
            ],
            "year": 1999,
            "venue": "Annu Rev Biochem",
            "volume": "68",
            "issn": "",
            "pages": "611-647",
            "other_ids": {
                "DOI": []
            }
        },
        "BIBREF9": {
            "title": "Structural basis for Diels-Alder ribozyme-catalyzed carbon-carbon bond formation",
            "authors": [
                {
                    "first": "A",
                    "middle": [],
                    "last": "Serganov",
                    "suffix": ""
                },
                {
                    "first": "S",
                    "middle": [],
                    "last": "Keiper",
                    "suffix": ""
                },
                {
                    "first": "L",
                    "middle": [],
                    "last": "Malinina",
                    "suffix": ""
                },
                {
                    "first": "V",
                    "middle": [],
                    "last": "Tereshko",
                    "suffix": ""
                },
                {
                    "first": "E",
                    "middle": [],
                    "last": "Skripkin",
                    "suffix": ""
                }
            ],
            "year": 2005,
            "venue": "Nat Struct Mol Biol",
            "volume": "12",
            "issn": "",
            "pages": "218-224",
            "other_ids": {
                "DOI": []
            }
        },
        "BIBREF10": {
            "title": "Telomeres and their control",
            "authors": [
                {
                    "first": "MJ",
                    "middle": [],
                    "last": "McEachern",
                    "suffix": ""
                },
                {
                    "first": "A",
                    "middle": [],
                    "last": "Krauskopf",
                    "suffix": ""
                },
                {
                    "first": "EH",
                    "middle": [],
                    "last": "Blackburn",
                    "suffix": ""
                }
            ],
            "year": 2000,
            "venue": "Annu Rev Genet",
            "volume": "34",
            "issn": "",
            "pages": "331-358",
            "other_ids": {
                "DOI": []
            }
        },
        "BIBREF11": {
            "title": "A long-range pseudoknot is required for activity of the Neurospora VS ribozyme",
            "authors": [
                {
                    "first": "T",
                    "middle": [],
                    "last": "Rastogi",
                    "suffix": ""
                },
                {
                    "first": "TL",
                    "middle": [],
                    "last": "Beattie",
                    "suffix": ""
                },
                {
                    "first": "JE",
                    "middle": [],
                    "last": "Olive",
                    "suffix": ""
                },
                {
                    "first": "RA",
                    "middle": [],
                    "last": "Collins",
                    "suffix": ""
                }
            ],
            "year": 1996,
            "venue": "EMBO J",
            "volume": "15",
            "issn": "",
            "pages": "2820-2825",
            "other_ids": {
                "DOI": []
            }
        },
        "BIBREF12": {
            "title": "Telomeres and cancer: A tale with many endings",
            "authors": [
                {
                    "first": "MA",
                    "middle": [],
                    "last": "Blasco",
                    "suffix": ""
                }
            ],
            "year": 2003,
            "venue": "Curr Opin Genet Dev",
            "volume": "13",
            "issn": "",
            "pages": "70-76",
            "other_ids": {
                "DOI": []
            }
        },
        "BIBREF13": {
            "title": "Dyskeratosis congenita, telomeres and human ageing",
            "authors": [
                {
                    "first": "RA",
                    "middle": [],
                    "last": "Marciniak",
                    "suffix": ""
                },
                {
                    "first": "FB",
                    "middle": [],
                    "last": "Johnson",
                    "suffix": ""
                },
                {
                    "first": "L",
                    "middle": [],
                    "last": "Guarente",
                    "suffix": ""
                }
            ],
            "year": 2000,
            "venue": "Trends Genet",
            "volume": "16",
            "issn": "",
            "pages": "193-195",
            "other_ids": {
                "DOI": []
            }
        },
        "BIBREF14": {
            "title": "Telomerase: Biochemical considerations for enzyme and substrate",
            "authors": [
                {
                    "first": "C",
                    "middle": [],
                    "last": "Kelleher",
                    "suffix": ""
                },
                {
                    "first": "MT",
                    "middle": [],
                    "last": "Teixeira",
                    "suffix": ""
                },
                {
                    "first": "K",
                    "middle": [],
                    "last": "Forstemann",
                    "suffix": ""
                },
                {
                    "first": "J",
                    "middle": [],
                    "last": "Lingner",
                    "suffix": ""
                }
            ],
            "year": 2002,
            "venue": "Trends Biochem Sci",
            "volume": "27",
            "issn": "",
            "pages": "572-579",
            "other_ids": {
                "DOI": []
            }
        },
        "BIBREF15": {
            "title": "Association between aplastic anaemia and mutations in telomerase RNA",
            "authors": [
                {
                    "first": "T",
                    "middle": [],
                    "last": "Vulliamy",
                    "suffix": ""
                },
                {
                    "first": "A",
                    "middle": [],
                    "last": "Marrone",
                    "suffix": ""
                },
                {
                    "first": "I",
                    "middle": [],
                    "last": "Dokal",
                    "suffix": ""
                },
                {
                    "first": "PJ",
                    "middle": [],
                    "last": "Mason",
                    "suffix": ""
                }
            ],
            "year": 2002,
            "venue": "Lancet",
            "volume": "359",
            "issn": "",
            "pages": "2168-2170",
            "other_ids": {
                "DOI": []
            }
        },
        "BIBREF16": {
            "title": "How translational accuracy influences reading frame maintenance",
            "authors": [
                {
                    "first": "PJ",
                    "middle": [],
                    "last": "Farabaugh",
                    "suffix": ""
                },
                {
                    "first": "GR",
                    "middle": [],
                    "last": "Bjork",
                    "suffix": ""
                }
            ],
            "year": 1999,
            "venue": "EMBO J",
            "volume": "18",
            "issn": "",
            "pages": "1427-1434",
            "other_ids": {
                "DOI": []
            }
        },
        "BIBREF17": {
            "title": "Recoding: Dynamic reprogramming of translation",
            "authors": [
                {
                    "first": "RF",
                    "middle": [],
                    "last": "Gesteland",
                    "suffix": ""
                },
                {
                    "first": "JF",
                    "middle": [],
                    "last": "Atkins",
                    "suffix": ""
                }
            ],
            "year": 1996,
            "venue": "Annu Rev Biochem",
            "volume": "65",
            "issn": "",
            "pages": "741-768",
            "other_ids": {
                "DOI": []
            }
        },
        "BIBREF18": {
            "title": "RNA pseudoknots: Translational frameshifting and readthrough on viral RNAs",
            "authors": [
                {
                    "first": "EB",
                    "middle": [],
                    "last": "ten Dam",
                    "suffix": ""
                },
                {
                    "first": "CW",
                    "middle": [],
                    "last": "Pleij",
                    "suffix": ""
                },
                {
                    "first": "L",
                    "middle": [],
                    "last": "Bosch",
                    "suffix": ""
                }
            ],
            "year": 1990,
            "venue": "Virus Genes",
            "volume": "4",
            "issn": "",
            "pages": "121-136",
            "other_ids": {
                "DOI": []
            }
        },
        "BIBREF19": {
            "title": "Ribosomal pausing during translation of an RNA pseudoknot",
            "authors": [
                {
                    "first": "P",
                    "middle": [],
                    "last": "Somogyi",
                    "suffix": ""
                },
                {
                    "first": "AJ",
                    "middle": [],
                    "last": "Jenner",
                    "suffix": ""
                },
                {
                    "first": "I",
                    "middle": [],
                    "last": "Brierley",
                    "suffix": ""
                },
                {
                    "first": "SC",
                    "middle": [],
                    "last": "Inglis",
                    "suffix": ""
                }
            ],
            "year": 1993,
            "venue": "Mol Cell Biol",
            "volume": "13",
            "issn": "",
            "pages": "6931-6940",
            "other_ids": {
                "DOI": []
            }
        },
        "BIBREF20": {
            "title": "A characteristic bent conformation of RNA pseudoknots promotes - 1 frameshifting during translation of retroviral RNA",
            "authors": [
                {
                    "first": "X",
                    "middle": [],
                    "last": "Chen",
                    "suffix": ""
                },
                {
                    "first": "H",
                    "middle": [],
                    "last": "Kang",
                    "suffix": ""
                },
                {
                    "first": "LX",
                    "middle": [],
                    "last": "Shen",
                    "suffix": ""
                },
                {
                    "first": "M",
                    "middle": [],
                    "last": "Chamorro",
                    "suffix": ""
                },
                {
                    "first": "HE",
                    "middle": [],
                    "last": "Varmus",
                    "suffix": ""
                }
            ],
            "year": 1996,
            "venue": "J Mol Biol",
            "volume": "260",
            "issn": "",
            "pages": "479-483",
            "other_ids": {
                "DOI": []
            }
        },
        "BIBREF21": {
            "title": "Luteovirus gene expression",
            "authors": [
                {
                    "first": "AW",
                    "middle": [],
                    "last": "Miller",
                    "suffix": ""
                },
                {
                    "first": "SP",
                    "middle": [],
                    "last": "Dinesh-Kumar",
                    "suffix": ""
                },
                {
                    "first": "CP",
                    "middle": [],
                    "last": "Paul",
                    "suffix": ""
                }
            ],
            "year": 1995,
            "venue": "CRC Crit Rev Plant Sci",
            "volume": "14",
            "issn": "",
            "pages": "179-211",
            "other_ids": {
                "DOI": []
            }
        },
        "BIBREF22": {
            "title": "A conformational switch controls hepatitis delta virus ribozyme catalysis",
            "authors": [
                {
                    "first": "A",
                    "middle": [],
                    "last": "Ke",
                    "suffix": ""
                },
                {
                    "first": "K",
                    "middle": [],
                    "last": "Zhou",
                    "suffix": ""
                },
                {
                    "first": "F",
                    "middle": [],
                    "last": "Ding",
                    "suffix": ""
                },
                {
                    "first": "JH",
                    "middle": [],
                    "last": "Cate",
                    "suffix": ""
                },
                {
                    "first": "JA",
                    "middle": [],
                    "last": "Doudna",
                    "suffix": ""
                }
            ],
            "year": 2004,
            "venue": "Nature",
            "volume": "429",
            "issn": "",
            "pages": "201-205",
            "other_ids": {
                "DOI": []
            }
        },
        "BIBREF23": {
            "title": "Characterization of a novel coronavirus associated with severe acute respiratory syndrome",
            "authors": [
                {
                    "first": "PA",
                    "middle": [],
                    "last": "Rota",
                    "suffix": ""
                },
                {
                    "first": "MS",
                    "middle": [],
                    "last": "Oberste",
                    "suffix": ""
                },
                {
                    "first": "SS",
                    "middle": [],
                    "last": "Monroe",
                    "suffix": ""
                },
                {
                    "first": "WA",
                    "middle": [],
                    "last": "Nix",
                    "suffix": ""
                },
                {
                    "first": "R",
                    "middle": [],
                    "last": "Campagnoli",
                    "suffix": ""
                }
            ],
            "year": 2003,
            "venue": "Science",
            "volume": "300",
            "issn": "",
            "pages": "1394-1399",
            "other_ids": {
                "DOI": []
            }
        },
        "BIBREF24": {
            "title": "Programmed ribosomal frameshifting in decoding the SARS-CoV genome",
            "authors": [
                {
                    "first": "PV",
                    "middle": [],
                    "last": "Baranov",
                    "suffix": ""
                },
                {
                    "first": "CM",
                    "middle": [],
                    "last": "Henderson",
                    "suffix": ""
                },
                {
                    "first": "CB",
                    "middle": [],
                    "last": "Anderson",
                    "suffix": ""
                },
                {
                    "first": "RF",
                    "middle": [],
                    "last": "Gesteland",
                    "suffix": ""
                },
                {
                    "first": "JF",
                    "middle": [],
                    "last": "Atkins",
                    "suffix": ""
                }
            ],
            "year": 2005,
            "venue": "Virology",
            "volume": "332",
            "issn": "",
            "pages": "498-510",
            "other_ids": {
                "DOI": []
            }
        },
        "BIBREF25": {
            "title": "Programmed -1 ribosomal frameshifting in the SARS coronavirus",
            "authors": [
                {
                    "first": "FD",
                    "middle": [],
                    "last": "Ramos",
                    "suffix": ""
                },
                {
                    "first": "M",
                    "middle": [],
                    "last": "Carrasco",
                    "suffix": ""
                },
                {
                    "first": "T",
                    "middle": [],
                    "last": "Doyle",
                    "suffix": ""
                },
                {
                    "first": "I",
                    "middle": [],
                    "last": "Brierley",
                    "suffix": ""
                }
            ],
            "year": 2004,
            "venue": "Biochem Soc Trans",
            "volume": "32",
            "issn": "",
            "pages": "1081-1083",
            "other_ids": {
                "DOI": []
            }
        },
        "BIBREF26": {
            "title": "A three-stemmed mRNA pseudoknot in the SARS coronavirus frameshift signal",
            "authors": [
                {
                    "first": "EP",
                    "middle": [],
                    "last": "Plant",
                    "suffix": ""
                },
                {
                    "first": "GC",
                    "middle": [],
                    "last": "P\u00e9rez-Alvarado",
                    "suffix": ""
                },
                {
                    "first": "JL",
                    "middle": [],
                    "last": "Jacobs",
                    "suffix": ""
                },
                {
                    "first": "B",
                    "middle": [],
                    "last": "Mukhopadhyay",
                    "suffix": ""
                },
                {
                    "first": "M",
                    "middle": [],
                    "last": "Hennig",
                    "suffix": ""
                }
            ],
            "year": 2005,
            "venue": "PLoS Biol",
            "volume": "3",
            "issn": "",
            "pages": null,
            "other_ids": {
                "DOI": [
                    "10.1371/journal.pbio.0030172"
                ]
            }
        },
        "BIBREF27": {
            "title": "Crystal structure of a self-splicing group I intron with both exons",
            "authors": [
                {
                    "first": "PL",
                    "middle": [],
                    "last": "Adams",
                    "suffix": ""
                },
                {
                    "first": "MR",
                    "middle": [],
                    "last": "Stahley",
                    "suffix": ""
                },
                {
                    "first": "AB",
                    "middle": [],
                    "last": "Kosek",
                    "suffix": ""
                },
                {
                    "first": "J",
                    "middle": [],
                    "last": "Wang",
                    "suffix": ""
                },
                {
                    "first": "SA",
                    "middle": [],
                    "last": "Strobel",
                    "suffix": ""
                }
            ],
            "year": 2004,
            "venue": "Nature",
            "volume": "430",
            "issn": "",
            "pages": "45-50",
            "other_ids": {
                "DOI": []
            }
        },
        "BIBREF28": {
            "title": "Structure of the human telomerase RNA pseudoknot reveals conserved tertiary interactions essential for function",
            "authors": [
                {
                    "first": "CA",
                    "middle": [],
                    "last": "Theimer",
                    "suffix": ""
                },
                {
                    "first": "CA",
                    "middle": [],
                    "last": "Blois",
                    "suffix": ""
                },
                {
                    "first": "J",
                    "middle": [],
                    "last": "Feigon",
                    "suffix": ""
                }
            ],
            "year": 2005,
            "venue": "Mol Cell",
            "volume": "17",
            "issn": "",
            "pages": "671-682",
            "other_ids": {
                "DOI": []
            }
        },
        "BIBREF29": {
            "title": "The structure of an RNA pseudoknot that causes efficient frameshifting in mouse mammary tumor virus",
            "authors": [
                {
                    "first": "LX",
                    "middle": [],
                    "last": "Shen",
                    "suffix": ""
                },
                {
                    "first": "I",
                    "middle": [],
                    "last": "Tinoco",
                    "suffix": ""
                }
            ],
            "year": 1995,
            "venue": "J Mol Biol",
            "volume": "247",
            "issn": "",
            "pages": "963-978",
            "other_ids": {
                "DOI": []
            }
        },
        "BIBREF30": {
            "title": "Solution structure of a luteoviral P1-P2 frameshifting mRNA pseudoknot",
            "authors": [
                {
                    "first": "PL",
                    "middle": [],
                    "last": "Nixon",
                    "suffix": ""
                },
                {
                    "first": "A",
                    "middle": [],
                    "last": "Rangan",
                    "suffix": ""
                },
                {
                    "first": "YG",
                    "middle": [],
                    "last": "Kim",
                    "suffix": ""
                },
                {
                    "first": "A",
                    "middle": [],
                    "last": "Rich",
                    "suffix": ""
                },
                {
                    "first": "DW",
                    "middle": [],
                    "last": "Hoffman",
                    "suffix": ""
                }
            ],
            "year": 2002,
            "venue": "J Mol Biol",
            "volume": "322",
            "issn": "",
            "pages": "621-633",
            "other_ids": {
                "DOI": []
            }
        },
        "BIBREF31": {
            "title": "Solution structure of the pseudoknot of SRV-1 RNA, involved in ribosomal frameshifting",
            "authors": [
                {
                    "first": "PJ",
                    "middle": [],
                    "last": "Michiels",
                    "suffix": ""
                },
                {
                    "first": "AA",
                    "middle": [],
                    "last": "Versleijen",
                    "suffix": ""
                },
                {
                    "first": "PW",
                    "middle": [],
                    "last": "Verlaan",
                    "suffix": ""
                },
                {
                    "first": "CW",
                    "middle": [],
                    "last": "Pleij",
                    "suffix": ""
                },
                {
                    "first": "CW",
                    "middle": [],
                    "last": "Hilbers",
                    "suffix": ""
                }
            ],
            "year": 2001,
            "venue": "J Mol Biol",
            "volume": "310",
            "issn": "",
            "pages": "1109-1123",
            "other_ids": {
                "DOI": []
            }
        },
        "BIBREF32": {
            "title": "Metal ions and flexibility in a viral RNA pseudoknot at atomic resolution",
            "authors": [
                {
                    "first": "M",
                    "middle": [],
                    "last": "Egli",
                    "suffix": ""
                },
                {
                    "first": "G",
                    "middle": [],
                    "last": "Minasov",
                    "suffix": ""
                },
                {
                    "first": "L",
                    "middle": [],
                    "last": "Su",
                    "suffix": ""
                },
                {
                    "first": "A",
                    "middle": [],
                    "last": "Rich",
                    "suffix": ""
                }
            ],
            "year": 2002,
            "venue": "Proc Natl Acad Sci U S A",
            "volume": "99",
            "issn": "",
            "pages": "4302-4307",
            "other_ids": {
                "DOI": []
            }
        }
    }
}