{
    "paper_id": "PMC1160239",
    "metadata": {
        "title": "PREDBALB/c: a system for the prediction of peptide binding to H2d molecules, a haplotype of the BALB/c mouse",
        "authors": [
            {
                "first": "Guang",
                "middle": [
                    "Lan"
                ],
                "last": "Zhang",
                "suffix": "",
                "email": null,
                "affiliation": {}
            },
            {
                "first": "Kellathur",
                "middle": [
                    "N."
                ],
                "last": "Srinivasan",
                "suffix": "",
                "email": null,
                "affiliation": {}
            },
            {
                "first": "Anitha",
                "middle": [],
                "last": "Veeramani",
                "suffix": "",
                "email": null,
                "affiliation": {}
            },
            {
                "first": "J.",
                "middle": [
                    "Thomas"
                ],
                "last": "August",
                "suffix": "",
                "email": null,
                "affiliation": {}
            },
            {
                "first": "Vladimir",
                "middle": [],
                "last": "Brusic",
                "suffix": "",
                "email": null,
                "affiliation": {}
            }
        ]
    },
    "body_text": [
        {
            "text": "The T cells of the immune system recognize antigens as short peptide fragments (T-cell epitopes) derived from self or foreign proteins. Self proteins include all proteins produced by the cells of the host. Foreign peptides are derived from pathogens, environmental antigens, tumor cells and transplanted tissue. Immune recognition of both self and foreign antigens involves proteolytic processing of antigens, binding of the peptide epitopes by major histocompatibility complex (MHC) molecules and presentation of selected peptide epitopes on the cell surface to activate of T cells (1\u20134). Cytotoxic T cells (CD8+) recognize peptides bound to MHC class I molecules and helper T cells (CD4+) recognize antigen in the context of MHC class II molecules. MHC class I molecules are present in all cells and bind mainly endogenous peptides (those produced within the presenting cell), whereas class II molecules are present mainly in cells that recognize foreign proteins, such as macrophages and dendritic cells. T-cell epitopes are critical for the immune response to infectious, autoimmune, allergic and neoplastic disease. They have been studied for the development of peptide-based vaccines (5) and may also be important in the diagnosis of pathogens. It is estimated that between 1 and 5% of all peptides can bind a particular MHC molecule (6). Traditional approaches to the identification of T-cell epitopes that involve various biochemical and functional assays of overlapping peptides derived from proteins of interest are costly and not applicable to large-scale studies. Accurate predictions using computer models help speed up the identification of T-cell epitopes (7), minimize the number of experiments necessary and enable systematic scanning for candidate T-cell epitopes from larger sets of protein antigens, such as those encoded by complete viral genomes (8).",
            "cite_spans": [
                {
                    "start": 584,
                    "end": 585,
                    "mention": "1",
                    "ref_id": "BIBREF0"
                },
                {
                    "start": 586,
                    "end": 587,
                    "mention": "4",
                    "ref_id": "BIBREF23"
                },
                {
                    "start": 1191,
                    "end": 1192,
                    "mention": "5",
                    "ref_id": "BIBREF24"
                },
                {
                    "start": 1341,
                    "end": 1342,
                    "mention": "6",
                    "ref_id": "BIBREF25"
                },
                {
                    "start": 1672,
                    "end": 1673,
                    "mention": "7",
                    "ref_id": "BIBREF26"
                },
                {
                    "start": 1869,
                    "end": 1870,
                    "mention": "8",
                    "ref_id": "BIBREF27"
                }
            ],
            "section": "INTRODUCTION",
            "ref_spans": []
        },
        {
            "text": "The BALB/c inbred laboratory mouse strain is one of the most commonly used animal models in immunological studies and has been used extensively in vaccine research (9,10). BALB/c mice express three class I (H2-Kd, H2-Ld and H2-Dd) and two class II (I-Ad and I-Ed) molecules. Several publicly available prediction systems for MHC class I and class II binding peptides provide the prediction models for (histocompatibility complex-2) H2d alleles. SYFPEITHI (11) has H2-Kd and H2-Ld models, BIMAS (12) has H2-Kd, H2-Dd and H2-Ld models, and RANKPEP (13) has models for all H2d molecules. SYFPEITHI uses binding motifs, whereas BIMAS and RANKPEP use binding matrices. These are general servers that contain prediction models for a range of MHC molecules in human and mouse, and several other mammalian organisms, but the accuracies of individual models have not been determined. On the other hand, quantitative matrices for H2-Kb, H2-Db, H2-Ld and H2-Kk (14,15) have been developed and validated.",
            "cite_spans": [
                {
                    "start": 165,
                    "end": 166,
                    "mention": "9",
                    "ref_id": "BIBREF28"
                },
                {
                    "start": 167,
                    "end": 169,
                    "mention": "10",
                    "ref_id": "BIBREF1"
                },
                {
                    "start": 456,
                    "end": 458,
                    "mention": "11",
                    "ref_id": "BIBREF2"
                },
                {
                    "start": 495,
                    "end": 497,
                    "mention": "12",
                    "ref_id": "BIBREF3"
                },
                {
                    "start": 547,
                    "end": 549,
                    "mention": "13",
                    "ref_id": "BIBREF4"
                },
                {
                    "start": 951,
                    "end": 953,
                    "mention": "14",
                    "ref_id": "BIBREF5"
                },
                {
                    "start": 954,
                    "end": 956,
                    "mention": "15",
                    "ref_id": "BIBREF6"
                }
            ],
            "section": "INTRODUCTION",
            "ref_spans": []
        },
        {
            "text": "PREDBALB/c is a computational system for the prediction of peptides binding to all five MHC molecules in BALB/c mice (H2d) class I (H2-Kd, H2-Ld and H2-Dd) and class II (I-Ad and I-Ed) that allows analysis of proteins for the presence of binding motifs to all five H2d molecules in parallel. We derived the initial quantitative matrices for PREDBALB/c using logarithmic equations based on the frequency of amino acids at specific positions within the training set of 9mer peptides as described previously (16). The initial matrices were refined by including information on the consensus (11) and other binding motifs, for example, H2-Kd binding peptides that have I, L or M at major anchor position p2 (17). The anchor positions (e.g. positions 2 and 9 in Kd binding peptides) were assigned higher weights than other positions. In addition, the prediction scores were inspected for all permissible amino acids at each of the anchor positions. All amino acids at the anchor positions other than the permissible ones were assigned low scores to exclude peptides with non-permissible amino acids from the list of predicted binders. The final binding scores were normalized to a scale of 1\u20139 and the final models were tested and validated rigorously. To our knowledge, PREDBALB/c is the first online server for the prediction of peptides binding to a complete set of MHC molecules in a model organism (H2d haplotype).",
            "cite_spans": [
                {
                    "start": 506,
                    "end": 508,
                    "mention": "16",
                    "ref_id": "BIBREF7"
                },
                {
                    "start": 588,
                    "end": 590,
                    "mention": "11",
                    "ref_id": "BIBREF2"
                },
                {
                    "start": 703,
                    "end": 705,
                    "mention": "17",
                    "ref_id": "BIBREF8"
                }
            ],
            "section": "INTRODUCTION",
            "ref_spans": []
        },
        {
            "text": "The training data containing binding and non-binding peptides were extracted from MHCPEP (18), MHCBN (19), SYFPEITHI (11), JenPep (20) and a set of non-binders (V. Brusic, unpublished data). The 9mer peptides were used for deriving H2d class I matrices because the majority of peptides that bind these molecules are 9 amino acids long (21). Although the majority of H2d class II binding peptides are 12\u201320 amino acids long, their binding cores are 9 amino acids long (22,23). An iterative elimination method starting from I-Ad and I-Ed motifs in SYFPEITHI (11) was used to identify the core 9mer regions from long peptides (K.N. Srinivasan, G.L. Zhang, A. Veeramani, J.T. August and V. Brusic, manuscript in preparation). The number of peptides in the training sets is shown in Table 1. No one method of predicting peptide\u2013MHC binding consistently outperforms the rest and the most appropriate predictive model depends on the amount of data available in Ref. (16). In our previous work, an artificial neural network method and hidden Markov models were applied to the prediction of human leukocyte antigens (HLAs) binding peptides (24,25), where more training data were available. Because relatively small training data sets are available for H2d, we adopted matrix models as the prediction method.",
            "cite_spans": [
                {
                    "start": 90,
                    "end": 92,
                    "mention": "18",
                    "ref_id": "BIBREF9"
                },
                {
                    "start": 102,
                    "end": 104,
                    "mention": "19",
                    "ref_id": "BIBREF10"
                },
                {
                    "start": 118,
                    "end": 120,
                    "mention": "11",
                    "ref_id": "BIBREF2"
                },
                {
                    "start": 131,
                    "end": 133,
                    "mention": "20",
                    "ref_id": "BIBREF12"
                },
                {
                    "start": 336,
                    "end": 338,
                    "mention": "21",
                    "ref_id": "BIBREF13"
                },
                {
                    "start": 468,
                    "end": 470,
                    "mention": "22",
                    "ref_id": "BIBREF14"
                },
                {
                    "start": 471,
                    "end": 473,
                    "mention": "23",
                    "ref_id": "BIBREF15"
                },
                {
                    "start": 557,
                    "end": 559,
                    "mention": "11",
                    "ref_id": "BIBREF2"
                },
                {
                    "start": 960,
                    "end": 962,
                    "mention": "16",
                    "ref_id": "BIBREF7"
                },
                {
                    "start": 1132,
                    "end": 1134,
                    "mention": "24",
                    "ref_id": "BIBREF16"
                },
                {
                    "start": 1135,
                    "end": 1137,
                    "mention": "25",
                    "ref_id": "BIBREF17"
                }
            ],
            "section": "SYSTEM DESCRIPTION",
            "ref_spans": [
                {
                    "start": 778,
                    "end": 785,
                    "mention": "Table 1",
                    "ref_id": "TABREF0"
                }
            ]
        },
        {
            "text": "Five 9 \u00d7 20 matrices were built, one for each of the five H2d alleles, and 10-fold cross-validations were performed to test the accuracy of the prediction models. The results show that PREDBALB/c predicts peptides binding to I-Ed, I-Ad and H2-Kd with excellent accuracy [area under the receiver operating characteristic (ROC) curve, AROC \u2265 0.90], and to H2-Dd and H2-Ld with good accuracy (AROC \u2265 0.85). The models were also rigorously tested using experimentally known peptides from viral, prokaryotic and eukaryotic origins (14,26\u201329) and validated by in vivo studies using severe acute respiratory syndrome (SARS) nucleocapsid and HIV GAG proteins. The H2d models accurately predicted 11 out of 12 ELISPOT positive regions from BALB/c mice splenocytes immunized with SARS nucleocapsid DNA vaccines (data not shown).",
            "cite_spans": [
                {
                    "start": 527,
                    "end": 529,
                    "mention": "14",
                    "ref_id": "BIBREF5"
                },
                {
                    "start": 530,
                    "end": 532,
                    "mention": "26",
                    "ref_id": "BIBREF18"
                },
                {
                    "start": 533,
                    "end": 535,
                    "mention": "29",
                    "ref_id": "BIBREF21"
                }
            ],
            "section": "SYSTEM DESCRIPTION",
            "ref_spans": []
        },
        {
            "text": "The web interface of PREDBALB/c uses a set of graphical user interface forms. The interface was built using a combination of Perl, CGI and C programs. PREDBALB/c has been implemented in a SunOS 5.9 UNIX environment.",
            "cite_spans": [],
            "section": "SYSTEM DESCRIPTION",
            "ref_spans": []
        },
        {
            "text": "Users have the option to predict peptides binding to all H2d molecules, H2d class I molecules, H2d class II molecules or a single H2d molecule. The default selection on the webpage is \u2018all H2d\u2019 molecules. To perform predictions using PREDBALB/c, the user must paste a protein sequence into a textbox and assign a name to the sequence. The sequence must contain between 9 and 2000 amino acids. If the prediction is run with an input sequence containing symbols other than the 20 amino acid codes (spaces and carriage returns are allowed) or the total sequence length is outside the 9\u20132000 amino acids range, an error message will be displayed. The input can be either a contiguous protein sequence or a list of peptides, one per line. The default selection on the webpage is \u2018protein sequence\u2019 (Figure 1A), which means the input sequence is treated as a contiguous protein sequence (carriage returns and line breaks will be ignored). The PREDBALB/c input processing program decomposes protein sequence (or the list of peptides) into a series of 9mer peptides overlapping by eight amino acids. Individual 9mer peptides are then submitted for prediction. Predicted binding scores for all 9mers are displayed in the result tables (Figure 1B). The 9mer binding scores are within the range 0\u201310; the higher the score, the higher the probability of the peptide being a binder. PREDBALB/c has the option to plot the binding scores of all the overlapping 9mer peptides as a graph, in which the x-axis represents the start position of a 9mer peptide and the y-axis represents the binding score of the 9mer peptide (Figure 1C). The user can sort the peptides by their binding scores and choose to view only predicted binders with binding scores above a certain threshold. To assess prediction accuracy, we used measures of sensitivity SE = TP/(TP + FN) and specificity SP = TN/(TN + FP) (TP: true positives; TN: true negatives; FP: false positives; FN: false negatives). The higher the value of SP, the lower is the value of SE, which results in lower number of both TPs and FPs. The lower the value of SP, the higher is the value of SE, which results in higher number of both TPs and FPs. Raw binding scores are mapped to a linear scale that corresponds to SP values, and therefore the prediction thresholds across different models have similar meaning. For example, when a user sets the threshold to 8, the specificity of the predictions to all five alleles is 0.8. The corresponding sensitivities of each model can be viewed at .",
            "cite_spans": [],
            "section": "USING PRED@!start@BALB/C@!end@",
            "ref_spans": [
                {
                    "start": 794,
                    "end": 803,
                    "mention": "Figure 1A",
                    "ref_id": "FIGREF0"
                },
                {
                    "start": 1227,
                    "end": 1236,
                    "mention": "Figure 1B",
                    "ref_id": "FIGREF0"
                },
                {
                    "start": 1605,
                    "end": 1614,
                    "mention": "Figure 1C",
                    "ref_id": "FIGREF0"
                }
            ]
        },
        {
            "text": "When users select the input sequence type to be \u2018a list of peptide sequences\u2019, the input sequences separated by carriage returns or line breaks are treated as different peptides (Figure 2A). All overlapping 9mers in each peptide are submitted for prediction. In the result tables, predicted binding scores are represented by the highest individual 9mer binding score within the input peptide. The predicted binding scores of individual 9mers in each peptide in the list are not shown (Figure 2B). To display the top-scoring 9mer peptides from each input peptide, the user can use the function \u2018View binding peptides at threshold 9\u2019 (Figure 2B). In the result page (Figure 2C), the 9mers with binding scores equal to or above the threshold of 9 are aligned with the input peptides. The predicted 9mers are displayed with the names of the H2d alleles to which the 9mer binding scores are above the threshold. For example, the first input peptide, YPILPEYLQCVK, has binding scores 9.10, 7.00, 5.74, 7.62 and 8.62 to H2-Dd, H2-Kd, H2-Ld, I-Ad and I-Ed, respectively (Figure 2B). At threshold 9 (SP level 0.9), there are no 9mer binders to H2d class II alleles and the 9mer ILPEYLQCV has the highest binding score to H2-Dd, 9.10. Thus, in Figure 2C, this 9mer is aligned with the input peptide and followed by \u2018Dd\u2019.",
            "cite_spans": [],
            "section": "USING PRED@!start@BALB/C@!end@",
            "ref_spans": [
                {
                    "start": 179,
                    "end": 188,
                    "mention": "Figure 2A",
                    "ref_id": "FIGREF1"
                },
                {
                    "start": 485,
                    "end": 494,
                    "mention": "Figure 2B",
                    "ref_id": "FIGREF1"
                },
                {
                    "start": 633,
                    "end": 642,
                    "mention": "Figure 2B",
                    "ref_id": "FIGREF1"
                },
                {
                    "start": 665,
                    "end": 674,
                    "mention": "Figure 2C",
                    "ref_id": "FIGREF1"
                },
                {
                    "start": 1063,
                    "end": 1072,
                    "mention": "Figure 2B",
                    "ref_id": "FIGREF1"
                },
                {
                    "start": 1234,
                    "end": 1243,
                    "mention": "Figure 2C",
                    "ref_id": "FIGREF1"
                }
            ]
        },
        {
            "text": "PREDBALB/c marks a new direction in predictive modeling of MHC-binding peptides and T-cell epitopes. The main advantage is that PREDBALB/c focuses on a complete organism and its predictions represent a complete set of predicted targets of T-cell immune responses. The focus on the complete set of MHC alleles is closer to studies involving laboratory animals. This approach provides a more complete view of the immune responses of an organism. The BALB/c mouse is an important laboratory model and PREDBALB/c is, therefore, useful for the analysis of immunization regimens and deciphering responses to infections. Further development of PREDBALB/c will include addition of matrices for prediction of 8mer and 10mer binders to H2d class I molecules and further improvement of prediction matrices by cyclical refinement\u2014using newly defined binders and non-binders from experiments.",
            "cite_spans": [],
            "section": "CONCLUSION",
            "ref_spans": []
        },
        {
            "text": "Supplementary Material is available at NAR Online.",
            "cite_spans": [],
            "section": "SUPPLEMENTARY MATERIAL",
            "ref_spans": []
        }
    ],
    "ref_entries": {
        "TABREF0": {
            "text": "Table 1: Number of peptides in the training sets for H2d matrices\n",
            "type": "table"
        },
        "FIGREF0": {
            "text": "Figure 1: An example of the output pages of PREDBALB/c when the input is a single protein. The input protein sequence is Staphylococcal nuclease (Nase), the sequence type chosen is \u2018protein sequence\u2019 and the H2d alleles of interest are all H2d alleles. (A) The input page. (B) The main result page. The input sequence is decomposed into overlapping 9mers for the prediction of binding scores to each allele. (C) Graphical view of the predicted binding scores to the I-Ed molecule.",
            "type": "figure"
        },
        "FIGREF1": {
            "text": "Figure 2: An example of the output pages of PREDBALB/c when the input is a list of peptides. The input is a list of peptides from chicken ovalbumin and the H2d alleles of interest are all H2d alleles. (A) The input page. (B) The main result page. All 9mers in each peptide are submitted for prediction. The predicted binding scores are represented by the highest individual 9mer binding score of each input peptide. (C) The alignment view of the predicted binding peptides at threshold 9, which indicates that the specificity of the prediction is 0.9.",
            "type": "figure"
        }
    },
    "back_matter": [],
    "bib_entries": {
        "BIBREF0": {
            "title": "Mechanisms of MHC class I\u2013restricted antigen processing",
            "authors": [
                {
                    "first": "E.",
                    "middle": [],
                    "last": "Pamer",
                    "suffix": ""
                },
                {
                    "first": "P.",
                    "middle": [],
                    "last": "Cresswell",
                    "suffix": ""
                }
            ],
            "year": 1998,
            "venue": "Annu. Rev. Immunol.",
            "volume": "16",
            "issn": "",
            "pages": "323-358",
            "other_ids": {
                "DOI": []
            }
        },
        "BIBREF1": {
            "title": "Vaccination by genetically modified dendritic cells expressing a truncated neu oncogene prevents development of breast cancer in transgenic mice",
            "authors": [
                {
                    "first": "Y.",
                    "middle": [],
                    "last": "Sakai",
                    "suffix": ""
                },
                {
                    "first": "B.J.",
                    "middle": [],
                    "last": "Morrison",
                    "suffix": ""
                },
                {
                    "first": "J.D.",
                    "middle": [],
                    "last": "Burke",
                    "suffix": ""
                },
                {
                    "first": "J.M.",
                    "middle": [],
                    "last": "Park",
                    "suffix": ""
                },
                {
                    "first": "M.",
                    "middle": [],
                    "last": "Terabe",
                    "suffix": ""
                },
                {
                    "first": "J.E.",
                    "middle": [],
                    "last": "Janik",
                    "suffix": ""
                },
                {
                    "first": "G.",
                    "middle": [],
                    "last": "Forni",
                    "suffix": ""
                },
                {
                    "first": "J.A.",
                    "middle": [],
                    "last": "Berzofsky",
                    "suffix": ""
                },
                {
                    "first": "J.C.",
                    "middle": [],
                    "last": "Morris",
                    "suffix": ""
                }
            ],
            "year": 2004,
            "venue": "Cancer Res.",
            "volume": "64",
            "issn": "",
            "pages": "8022-8028",
            "other_ids": {
                "DOI": []
            }
        },
        "BIBREF2": {
            "title": "SYFPEITHI: database for MHC ligands and peptide motifs",
            "authors": [
                {
                    "first": "H.G.",
                    "middle": [],
                    "last": "Rammensee",
                    "suffix": ""
                },
                {
                    "first": "J.",
                    "middle": [],
                    "last": "Bachmann",
                    "suffix": ""
                },
                {
                    "first": "N.P.",
                    "middle": [],
                    "last": "Emmerich",
                    "suffix": ""
                },
                {
                    "first": "O.A.",
                    "middle": [],
                    "last": "Bachor",
                    "suffix": ""
                },
                {
                    "first": "S.",
                    "middle": [],
                    "last": "Stevanovic",
                    "suffix": ""
                }
            ],
            "year": 1999,
            "venue": "Immunogenetics",
            "volume": "50",
            "issn": "",
            "pages": "213-219",
            "other_ids": {
                "DOI": []
            }
        },
        "BIBREF3": {
            "title": "Scheme for ranking potential HLA-A2 binding peptides based on independent binding of individual peptide side-chains",
            "authors": [
                {
                    "first": "K.C.",
                    "middle": [],
                    "last": "Parker",
                    "suffix": ""
                },
                {
                    "first": "M.A.",
                    "middle": [],
                    "last": "Bednarek",
                    "suffix": ""
                },
                {
                    "first": "J.E.",
                    "middle": [],
                    "last": "Coligan",
                    "suffix": ""
                }
            ],
            "year": 1994,
            "venue": "J. Immunol.",
            "volume": "152",
            "issn": "",
            "pages": "163-175",
            "other_ids": {
                "DOI": []
            }
        },
        "BIBREF4": {
            "title": "Prediction of MHC class I binding peptides using profile motifs",
            "authors": [
                {
                    "first": "P.A.",
                    "middle": [],
                    "last": "Reche",
                    "suffix": ""
                },
                {
                    "first": "J.P.",
                    "middle": [],
                    "last": "Glutting",
                    "suffix": ""
                },
                {
                    "first": "E.L.",
                    "middle": [],
                    "last": "Reinherz",
                    "suffix": ""
                }
            ],
            "year": 2002,
            "venue": "Hum. Immunol.",
            "volume": "63",
            "issn": "",
            "pages": "701-709",
            "other_ids": {
                "DOI": []
            }
        },
        "BIBREF5": {
            "title": "An automated prediction of MHC class I-binding peptides based on positional scanning with peptide libraries",
            "authors": [
                {
                    "first": "K.",
                    "middle": [],
                    "last": "Udaka",
                    "suffix": ""
                },
                {
                    "first": "K.H.",
                    "middle": [],
                    "last": "Wiesmuller",
                    "suffix": ""
                },
                {
                    "first": "S.",
                    "middle": [],
                    "last": "Kienle",
                    "suffix": ""
                },
                {
                    "first": "G.",
                    "middle": [],
                    "last": "Jung",
                    "suffix": ""
                },
                {
                    "first": "H.",
                    "middle": [],
                    "last": "Tamamura",
                    "suffix": ""
                },
                {
                    "first": "H.",
                    "middle": [],
                    "last": "Yamagishi",
                    "suffix": ""
                },
                {
                    "first": "K.",
                    "middle": [],
                    "last": "Okumura",
                    "suffix": ""
                },
                {
                    "first": "P.",
                    "middle": [],
                    "last": "Walden",
                    "suffix": ""
                },
                {
                    "first": "T.",
                    "middle": [],
                    "last": "Suto",
                    "suffix": ""
                },
                {
                    "first": "T.",
                    "middle": [],
                    "last": "Kawasaki",
                    "suffix": ""
                }
            ],
            "year": 2000,
            "venue": "Immunogenetics",
            "volume": "51",
            "issn": "",
            "pages": "816-828",
            "other_ids": {
                "DOI": []
            }
        },
        "BIBREF6": {
            "title": "New horizons in mouse immunoinformatics: reliable in silico prediction of mouse class I histocompatibility major complex peptide binding affinity",
            "authors": [
                {
                    "first": "C.K.",
                    "middle": [],
                    "last": "Hattotuwagama",
                    "suffix": ""
                },
                {
                    "first": "P.",
                    "middle": [],
                    "last": "Guan",
                    "suffix": ""
                },
                {
                    "first": "I.A.",
                    "middle": [],
                    "last": "Doytchinova",
                    "suffix": ""
                },
                {
                    "first": "D.R.",
                    "middle": [],
                    "last": "Flower",
                    "suffix": ""
                }
            ],
            "year": 2004,
            "venue": "Org. Biomol. Chem.",
            "volume": "2",
            "issn": "",
            "pages": "3274-3283",
            "other_ids": {
                "DOI": []
            }
        },
        "BIBREF7": {
            "title": "Methods for prediction of peptide binding to MHC molecules: a comparative study",
            "authors": [
                {
                    "first": "K.",
                    "middle": [],
                    "last": "Yu",
                    "suffix": ""
                },
                {
                    "first": "N.",
                    "middle": [],
                    "last": "Petrovsky",
                    "suffix": ""
                },
                {
                    "first": "C.",
                    "middle": [],
                    "last": "Sch\u00f6nbach",
                    "suffix": ""
                },
                {
                    "first": "J.Y.L.",
                    "middle": [],
                    "last": "Koh",
                    "suffix": ""
                },
                {
                    "first": "V.",
                    "middle": [],
                    "last": "Brusic",
                    "suffix": ""
                }
            ],
            "year": 2002,
            "venue": "Mol. Med.",
            "volume": "8",
            "issn": "",
            "pages": "137-148",
            "other_ids": {
                "DOI": []
            }
        },
        "BIBREF8": {
            "title": "Efficient binding to the MHC class I K(d) molecule of synthetic peptides in which the anchoring position 2 does not fit the consensus motif",
            "authors": [
                {
                    "first": "A.",
                    "middle": [],
                    "last": "Quesnel",
                    "suffix": ""
                },
                {
                    "first": "S.C.",
                    "middle": [],
                    "last": "Hsu",
                    "suffix": ""
                },
                {
                    "first": "A.",
                    "middle": [],
                    "last": "Delmas",
                    "suffix": ""
                },
                {
                    "first": "M.W.",
                    "middle": [],
                    "last": "Steward",
                    "suffix": ""
                },
                {
                    "first": "Y.",
                    "middle": [],
                    "last": "Trudelle",
                    "suffix": ""
                },
                {
                    "first": "J.P.",
                    "middle": [],
                    "last": "Abastado",
                    "suffix": ""
                }
            ],
            "year": 1996,
            "venue": "FEBS Lett.",
            "volume": "387",
            "issn": "",
            "pages": "42-46",
            "other_ids": {
                "DOI": []
            }
        },
        "BIBREF9": {
            "title": "MHCPEP, a database of MHC-binding peptides",
            "authors": [
                {
                    "first": "V.",
                    "middle": [],
                    "last": "Brusic",
                    "suffix": ""
                },
                {
                    "first": "G.",
                    "middle": [],
                    "last": "Rudy",
                    "suffix": ""
                },
                {
                    "first": "L.C.",
                    "middle": [],
                    "last": "Harrison",
                    "suffix": ""
                }
            ],
            "year": 1994,
            "venue": "Nucleic Acids Res.",
            "volume": "22",
            "issn": "",
            "pages": "3663-3665",
            "other_ids": {
                "DOI": []
            }
        },
        "BIBREF10": {
            "title": "MHCBN: a comprehensive database of MHC binding and non-binding peptides",
            "authors": [
                {
                    "first": "M.",
                    "middle": [],
                    "last": "Bhasin",
                    "suffix": ""
                },
                {
                    "first": "H.",
                    "middle": [],
                    "last": "Singh",
                    "suffix": ""
                },
                {
                    "first": "G.P.",
                    "middle": [],
                    "last": "Raghava",
                    "suffix": ""
                }
            ],
            "year": 2003,
            "venue": "Bioinformatics",
            "volume": "19",
            "issn": "",
            "pages": "665-666",
            "other_ids": {
                "DOI": []
            }
        },
        "BIBREF11": {
            "title": "Proteases involved in MHC class II antigen presentation",
            "authors": [
                {
                    "first": "J.A.",
                    "middle": [],
                    "last": "Villadangos",
                    "suffix": ""
                },
                {
                    "first": "R.A.",
                    "middle": [],
                    "last": "Bryant",
                    "suffix": ""
                },
                {
                    "first": "J.",
                    "middle": [],
                    "last": "Deussing",
                    "suffix": ""
                },
                {
                    "first": "C.",
                    "middle": [],
                    "last": "Driessen",
                    "suffix": ""
                }
            ],
            "year": 1999,
            "venue": "Immunol. Rev.",
            "volume": "172",
            "issn": "",
            "pages": "109-120",
            "other_ids": {
                "DOI": []
            }
        },
        "BIBREF12": {
            "title": "JenPep: a novel computational information resource for immunobiology and vaccinology",
            "authors": [
                {
                    "first": "H.",
                    "middle": [],
                    "last": "McSparron",
                    "suffix": ""
                },
                {
                    "first": "M.J.",
                    "middle": [],
                    "last": "Blythe",
                    "suffix": ""
                },
                {
                    "first": "C.",
                    "middle": [],
                    "last": "Zygouri",
                    "suffix": ""
                },
                {
                    "first": "I.A.",
                    "middle": [],
                    "last": "Doytchinova",
                    "suffix": ""
                },
                {
                    "first": "D.R.",
                    "middle": [],
                    "last": "Flower",
                    "suffix": ""
                }
            ],
            "year": 2003,
            "venue": "J. Chem. Inf. Comput. Sci.",
            "volume": "43",
            "issn": "",
            "pages": "1276-1287",
            "other_ids": {
                "DOI": []
            }
        },
        "BIBREF13": {
            "title": "Peptides naturally presented by MHC class I molecules",
            "authors": [
                {
                    "first": "H.G.",
                    "middle": [],
                    "last": "Rammensee",
                    "suffix": ""
                },
                {
                    "first": "K.",
                    "middle": [],
                    "last": "Falk",
                    "suffix": ""
                },
                {
                    "first": "O.",
                    "middle": [],
                    "last": "Rotzschke",
                    "suffix": ""
                }
            ],
            "year": 1993,
            "venue": "Annu. Rev. Immunol.",
            "volume": "11",
            "issn": "",
            "pages": "213-244",
            "other_ids": {
                "DOI": []
            }
        },
        "BIBREF14": {
            "title": "Chemistry of peptides associated with MHC class I and class II molecules",
            "authors": [
                {
                    "first": "H.G.",
                    "middle": [],
                    "last": "Rammensee",
                    "suffix": ""
                }
            ],
            "year": 1995,
            "venue": "Curr. Opin. Immunol.",
            "volume": "7",
            "issn": "",
            "pages": "85-96",
            "other_ids": {
                "DOI": []
            }
        },
        "BIBREF15": {
            "title": "Crystal structures of two I-Ad-peptide complexes reveal that high affinity can be achieved without large anchor residues",
            "authors": [
                {
                    "first": "C.A.",
                    "middle": [],
                    "last": "Scott",
                    "suffix": ""
                },
                {
                    "first": "P.A.",
                    "middle": [],
                    "last": "Peterson",
                    "suffix": ""
                },
                {
                    "first": "L.",
                    "middle": [],
                    "last": "Teyton",
                    "suffix": ""
                },
                {
                    "first": "I.A.",
                    "middle": [],
                    "last": "Wilson",
                    "suffix": ""
                }
            ],
            "year": 1998,
            "venue": "Immunity",
            "volume": "8",
            "issn": "",
            "pages": "319-329",
            "other_ids": {
                "DOI": []
            }
        },
        "BIBREF16": {
            "title": "Neural Models for predicting viral vaccine targets",
            "authors": [
                {
                    "first": "A.M.",
                    "middle": [],
                    "last": "Khan",
                    "suffix": ""
                },
                {
                    "first": "K.N.",
                    "middle": [],
                    "last": "Srinivasan",
                    "suffix": ""
                },
                {
                    "first": "J.T.",
                    "middle": [],
                    "last": "August",
                    "suffix": ""
                },
                {
                    "first": "V.",
                    "middle": [],
                    "last": "Brusic",
                    "suffix": ""
                }
            ],
            "year": 2005,
            "venue": "J. Bioinform. Comput. Biol.",
            "volume": "",
            "issn": "",
            "pages": null,
            "other_ids": {
                "DOI": []
            }
        },
        "BIBREF17": {
            "title": "MULTIPRED: a computational system for prediction of promiscuous HLA binding peptides",
            "authors": [
                {
                    "first": "G.L.",
                    "middle": [],
                    "last": "Zhang",
                    "suffix": ""
                },
                {
                    "first": "A.M.",
                    "middle": [],
                    "last": "Khan",
                    "suffix": ""
                },
                {
                    "first": "K.N.",
                    "middle": [],
                    "last": "Srinivasan",
                    "suffix": ""
                },
                {
                    "first": "J.T.",
                    "middle": [],
                    "last": "August",
                    "suffix": ""
                },
                {
                    "first": "V.",
                    "middle": [],
                    "last": "Brusic",
                    "suffix": ""
                }
            ],
            "year": 2005,
            "venue": "Nucleic Acids Res.",
            "volume": "",
            "issn": "",
            "pages": null,
            "other_ids": {
                "DOI": []
            }
        },
        "BIBREF18": {
            "title": "Prediction of major histocompatibility complex binding regions of protein antigens by sequence pattern analysis",
            "authors": [
                {
                    "first": "A.",
                    "middle": [],
                    "last": "Sette",
                    "suffix": ""
                },
                {
                    "first": "S.",
                    "middle": [],
                    "last": "Buus",
                    "suffix": ""
                },
                {
                    "first": "E.",
                    "middle": [],
                    "last": "Appella",
                    "suffix": ""
                },
                {
                    "first": "J.A.",
                    "middle": [],
                    "last": "Smith",
                    "suffix": ""
                },
                {
                    "first": "R.",
                    "middle": [],
                    "last": "Chesnut",
                    "suffix": ""
                },
                {
                    "first": "C.",
                    "middle": [],
                    "last": "Miles",
                    "suffix": ""
                },
                {
                    "first": "S.M.",
                    "middle": [],
                    "last": "Colon",
                    "suffix": ""
                },
                {
                    "first": "H.M.",
                    "middle": [],
                    "last": "Grey",
                    "suffix": ""
                }
            ],
            "year": 1989,
            "venue": "Proc. Natl Acad. Sci. USA",
            "volume": "86",
            "issn": "",
            "pages": "3296-3300",
            "other_ids": {
                "DOI": []
            }
        },
        "BIBREF19": {
            "title": "The MHC class I-restricted immune response to HIV-gag in BALB/c mice selects a single epitope that does not have a predictable MHC-binding motif and binds to Kd through interactions between a glutamine at P3 and pocket D1",
            "authors": [
                {
                    "first": "M.",
                    "middle": [],
                    "last": "Mata",
                    "suffix": ""
                },
                {
                    "first": "P.J.",
                    "middle": [],
                    "last": "Travers",
                    "suffix": ""
                },
                {
                    "first": "Q.",
                    "middle": [],
                    "last": "Liu",
                    "suffix": ""
                },
                {
                    "first": "F.R.",
                    "middle": [],
                    "last": "Frankel",
                    "suffix": ""
                },
                {
                    "first": "Y.",
                    "middle": [],
                    "last": "Paterson",
                    "suffix": ""
                }
            ],
            "year": 1998,
            "venue": "J. Immunol.",
            "volume": "161",
            "issn": "",
            "pages": "2985-2993",
            "other_ids": {
                "DOI": []
            }
        },
        "BIBREF20": {
            "title": "Influenza A virus-specific H-2d restricted cross-reactive cytotoxic T lymphocyte epitope(s) detected in the hemagglutinin HA2 subunit of A/Udorn/72",
            "authors": [
                {
                    "first": "K.U.",
                    "middle": [],
                    "last": "Saikh",
                    "suffix": ""
                },
                {
                    "first": "J.D.",
                    "middle": [],
                    "last": "Martin",
                    "suffix": ""
                },
                {
                    "first": "A.H.",
                    "middle": [],
                    "last": "Nishikawa",
                    "suffix": ""
                },
                {
                    "first": "S.B.",
                    "middle": [],
                    "last": "Dillon",
                    "suffix": ""
                }
            ],
            "year": 1995,
            "venue": "Virology",
            "volume": "214",
            "issn": "",
            "pages": "445-452",
            "other_ids": {
                "DOI": []
            }
        },
        "BIBREF21": {
            "title": "Identification of murine cytotoxic T-lymphocyte epitopes of bovine herpesvirus 1",
            "authors": [
                {
                    "first": "D.S.",
                    "middle": [],
                    "last": "Zatechka",
                    "suffix": "Jr"
                },
                {
                    "first": "N.R.",
                    "middle": [],
                    "last": "Hegde",
                    "suffix": ""
                },
                {
                    "first": "K.",
                    "middle": [],
                    "last": "Hariharan",
                    "suffix": ""
                },
                {
                    "first": "S.",
                    "middle": [],
                    "last": "Srikumaran",
                    "suffix": ""
                }
            ],
            "year": 1999,
            "venue": "Vaccine",
            "volume": "17",
            "issn": "",
            "pages": "686-69",
            "other_ids": {
                "DOI": []
            }
        },
        "BIBREF22": {
            "title": "Cut and trim: generating MHC class I peptide ligands",
            "authors": [
                {
                    "first": "J.W.",
                    "middle": [],
                    "last": "Yewdell",
                    "suffix": ""
                },
                {
                    "first": "J.R.",
                    "middle": [],
                    "last": "Bennink",
                    "suffix": ""
                }
            ],
            "year": 2001,
            "venue": "Curr. Opin. Immunol.",
            "volume": "13",
            "issn": "",
            "pages": "13-18",
            "other_ids": {
                "DOI": []
            }
        },
        "BIBREF23": {
            "title": "Class II MHC peptide loading by the professionals",
            "authors": [
                {
                    "first": "P.",
                    "middle": [],
                    "last": "Bryant",
                    "suffix": ""
                },
                {
                    "first": "H.",
                    "middle": [],
                    "last": "Ploegh",
                    "suffix": ""
                }
            ],
            "year": 2004,
            "venue": "Curr. Opin. Immunol.",
            "volume": "16",
            "issn": "",
            "pages": "96-102",
            "other_ids": {
                "DOI": []
            }
        },
        "BIBREF24": {
            "title": "Genome-wide characterization of a viral cytotoxic T lymphocyte epitope repertoire",
            "authors": [
                {
                    "first": "W.",
                    "middle": [],
                    "last": "Zhong",
                    "suffix": ""
                },
                {
                    "first": "P.A.",
                    "middle": [],
                    "last": "Reche",
                    "suffix": ""
                },
                {
                    "first": "C.C.",
                    "middle": [],
                    "last": "Lai",
                    "suffix": ""
                },
                {
                    "first": "B.",
                    "middle": [],
                    "last": "Reinhold",
                    "suffix": ""
                },
                {
                    "first": "E.L.",
                    "middle": [],
                    "last": "Reinherz",
                    "suffix": ""
                }
            ],
            "year": 2003,
            "venue": "J. Biol. Chem.",
            "volume": "278",
            "issn": "",
            "pages": "45135-45144",
            "other_ids": {
                "DOI": []
            }
        },
        "BIBREF25": {
            "title": "Computational binding assays of antigenic peptides",
            "authors": [
                {
                    "first": "V.",
                    "middle": [],
                    "last": "Brusic",
                    "suffix": ""
                },
                {
                    "first": "J.",
                    "middle": [],
                    "last": "Zeleznikow",
                    "suffix": ""
                }
            ],
            "year": 1999,
            "venue": "Lett. Pept. Sci.",
            "volume": "6",
            "issn": "",
            "pages": "313-324",
            "other_ids": {
                "DOI": []
            }
        },
        "BIBREF26": {
            "title": "Computational methods for prediction of T-cell epitopes\u2014a framework for modelling, testing, and applications",
            "authors": [
                {
                    "first": "V.",
                    "middle": [],
                    "last": "Brusic",
                    "suffix": ""
                },
                {
                    "first": "V.B.",
                    "middle": [],
                    "last": "Bajic",
                    "suffix": ""
                },
                {
                    "first": "N.",
                    "middle": [],
                    "last": "Petrovsky",
                    "suffix": ""
                }
            ],
            "year": 2004,
            "venue": "Methods",
            "volume": "34",
            "issn": "",
            "pages": "436-443",
            "other_ids": {
                "DOI": []
            }
        },
        "BIBREF27": {
            "title": "Rapid determination of HLA B*07 ligands from the West Nile virus NY99 genome",
            "authors": [
                {
                    "first": "A.S.",
                    "middle": [],
                    "last": "De Groot",
                    "suffix": ""
                },
                {
                    "first": "C.",
                    "middle": [],
                    "last": "Saint-Aubin",
                    "suffix": ""
                },
                {
                    "first": "A.",
                    "middle": [],
                    "last": "Bosma",
                    "suffix": ""
                },
                {
                    "first": "H.",
                    "middle": [],
                    "last": "Sbai",
                    "suffix": ""
                },
                {
                    "first": "J.",
                    "middle": [],
                    "last": "Rayner",
                    "suffix": ""
                },
                {
                    "first": "W.",
                    "middle": [],
                    "last": "Martin",
                    "suffix": ""
                }
            ],
            "year": 2001,
            "venue": "Emerg. Infect. Dis.",
            "volume": "7",
            "issn": "",
            "pages": "706-713",
            "other_ids": {
                "DOI": []
            }
        },
        "BIBREF28": {
            "title": "A peptide mimotope of type 8 pneumococcal capsular polysaccharide induces a protective immune response in mice",
            "authors": [
                {
                    "first": "U.K.",
                    "middle": [],
                    "last": "Buchwald",
                    "suffix": ""
                },
                {
                    "first": "A.",
                    "middle": [],
                    "last": "Lees",
                    "suffix": ""
                },
                {
                    "first": "M.",
                    "middle": [],
                    "last": "Steinitz",
                    "suffix": ""
                },
                {
                    "first": "L.A.",
                    "middle": [],
                    "last": "Pirofski",
                    "suffix": ""
                }
            ],
            "year": 2005,
            "venue": "Infect. Immun.",
            "volume": "73",
            "issn": "",
            "pages": "325-33",
            "other_ids": {
                "DOI": []
            }
        }
    }
}