{
    "paper_id": "PMC3354684",
    "metadata": {
        "title": "\nCD40 Gene Polymorphisms Associated with Susceptibility and Coronary Artery Lesions of Kawasaki Disease in the Taiwanese Population",
        "authors": [
            {
                "first": "Ho-Chang",
                "middle": [],
                "last": "Kuo",
                "suffix": "",
                "email": null,
                "affiliation": {}
            },
            {
                "first": "Mei-Chyn",
                "middle": [],
                "last": "Chao",
                "suffix": "",
                "email": null,
                "affiliation": {}
            },
            {
                "first": "Yu-Wen",
                "middle": [],
                "last": "Hsu",
                "suffix": "",
                "email": null,
                "affiliation": {}
            },
            {
                "first": "Ying-Chi",
                "middle": [],
                "last": "Lin",
                "suffix": "",
                "email": null,
                "affiliation": {}
            },
            {
                "first": "Ying-Hsien",
                "middle": [],
                "last": "Huang",
                "suffix": "",
                "email": null,
                "affiliation": {}
            },
            {
                "first": "Hong-Ren",
                "middle": [],
                "last": "Yu",
                "suffix": "",
                "email": null,
                "affiliation": {}
            },
            {
                "first": "Ming-Feng",
                "middle": [],
                "last": "Hou",
                "suffix": "",
                "email": null,
                "affiliation": {}
            },
            {
                "first": "Chi-Di",
                "middle": [],
                "last": "Liang",
                "suffix": "",
                "email": null,
                "affiliation": {}
            },
            {
                "first": "Kuender",
                "middle": [
                    "D."
                ],
                "last": "Yang",
                "suffix": "",
                "email": null,
                "affiliation": {}
            },
            {
                "first": "Wei-Chiao",
                "middle": [],
                "last": "Chang",
                "suffix": "",
                "email": null,
                "affiliation": {}
            },
            {
                "first": "Chih-Lu",
                "middle": [],
                "last": "Wang",
                "suffix": "",
                "email": null,
                "affiliation": {}
            }
        ]
    },
    "body_text": [
        {
            "text": "Kawasaki disease (KD) is characterized by acute, febrile, systemic vasculitis and was first described by Kawasaki et al. in 1974 [1]. The most serious complication of KD is the occurrence of coronary artery lesions (CALs) [2]. In developed countries, KD is the leading cause of acquired heart diseases in children. KD primarily affects children less than 5 years of age [3], and the prevalence is highest in Japan, followed by Korea and Taiwan, and lowest in Europe [4]. ",
            "cite_spans": [
                {
                    "start": 130,
                    "end": 131,
                    "mention": "1",
                    "ref_id": "BIBREF0"
                },
                {
                    "start": 223,
                    "end": 224,
                    "mention": "2",
                    "ref_id": "BIBREF11"
                },
                {
                    "start": 371,
                    "end": 372,
                    "mention": "3",
                    "ref_id": "BIBREF22"
                },
                {
                    "start": 467,
                    "end": 468,
                    "mention": "4",
                    "ref_id": "BIBREF30"
                }
            ],
            "section": "1. Introduction",
            "ref_spans": []
        },
        {
            "text": "The etiology of KD is still under investigation. Esper et al. reported that human coronavirus is associated with KD but cannot be reproduced by other groups [5]. Previous studies have either failed to identify the causative pathogen for KD or reported discrepant results [5\u20137]. Evidence suggests that immune activation with vascular endothelial inflammation may be involved in the pathogenesis of KD and CAL formation. Acute stage of KD is reported to be associated with overactivation of immunologic factors including immune-competent cell activation [4], cytokines [8, 9], nitric oxide production [10], autoantibody production [11, 12], and adhesion molecule expression [13, 14]. ",
            "cite_spans": [
                {
                    "start": 158,
                    "end": 159,
                    "mention": "5",
                    "ref_id": "BIBREF31"
                },
                {
                    "start": 272,
                    "end": 273,
                    "mention": "5",
                    "ref_id": "BIBREF31"
                },
                {
                    "start": 274,
                    "end": 275,
                    "mention": "7",
                    "ref_id": "BIBREF33"
                },
                {
                    "start": 553,
                    "end": 554,
                    "mention": "4",
                    "ref_id": "BIBREF30"
                },
                {
                    "start": 568,
                    "end": 569,
                    "mention": "8",
                    "ref_id": "BIBREF34"
                },
                {
                    "start": 571,
                    "end": 572,
                    "mention": "9",
                    "ref_id": "BIBREF35"
                },
                {
                    "start": 600,
                    "end": 602,
                    "mention": "10",
                    "ref_id": "BIBREF1"
                },
                {
                    "start": 630,
                    "end": 632,
                    "mention": "11",
                    "ref_id": "BIBREF2"
                },
                {
                    "start": 634,
                    "end": 636,
                    "mention": "12",
                    "ref_id": "BIBREF3"
                },
                {
                    "start": 673,
                    "end": 675,
                    "mention": "13",
                    "ref_id": "BIBREF4"
                },
                {
                    "start": 677,
                    "end": 679,
                    "mention": "14",
                    "ref_id": "BIBREF5"
                }
            ],
            "section": "1. Introduction",
            "ref_spans": []
        },
        {
            "text": "CD40 ligand (CD40L, CD154, gp 39), a transmembrane protein structurally related to tumor necrosis factor-alpha, was originally identified on activated CD4+ T cells. Both membrane-bound and soluble forms of CD40L may interact with CD40, which is mainly expressed on B cells, macrophages, endothelial cells, and vascular smooth muscle cells, resulting in various immune and inflammatory responses [15, 16]. Interaction between CD40L and CD40 plays a central role in the activation of the immune system, such as immunoglobulin G (IgG) switching, autoimmune disease, antiviral effect, allograft rejection, cytokines regulation, arthrosclerosis, and endothelial cell interaction [17, 18]. CD40-CD40L system is also associated with both prothrombotic and proinflammatory effects [19, 20]. The soluble form of CD40L (sCD40L) is derived mainly from activated platelets and contributes to the pathophysiology of atherosclerosis and atherothrombosis [20]. Indeed, sCD40L has autocrine, paracrine, and endocrine activities, and it enhances platelet activation, aggregation, and platelet-leucocyte conjugation that may lead to atherothrombosis. It also has been suggested that sCD40L may play a pathogenic role in triggering acute coronary syndromes [19]. By detecting expression level of CD40L from clinical samples, our previous study provides evidence that supports a functional role of CD40L in the susceptibility of KD and CAL formation [21]. ",
            "cite_spans": [
                {
                    "start": 396,
                    "end": 398,
                    "mention": "15",
                    "ref_id": "BIBREF6"
                },
                {
                    "start": 400,
                    "end": 402,
                    "mention": "16",
                    "ref_id": "BIBREF7"
                },
                {
                    "start": 675,
                    "end": 677,
                    "mention": "17",
                    "ref_id": "BIBREF8"
                },
                {
                    "start": 679,
                    "end": 681,
                    "mention": "18",
                    "ref_id": "BIBREF9"
                },
                {
                    "start": 774,
                    "end": 776,
                    "mention": "19",
                    "ref_id": "BIBREF10"
                },
                {
                    "start": 778,
                    "end": 780,
                    "mention": "20",
                    "ref_id": "BIBREF12"
                },
                {
                    "start": 941,
                    "end": 943,
                    "mention": "20",
                    "ref_id": "BIBREF12"
                },
                {
                    "start": 1239,
                    "end": 1241,
                    "mention": "19",
                    "ref_id": "BIBREF10"
                },
                {
                    "start": 1431,
                    "end": 1433,
                    "mention": "21",
                    "ref_id": "BIBREF13"
                }
            ],
            "section": "1. Introduction",
            "ref_spans": []
        },
        {
            "text": "Several reports have indicated that genetic polymorphisms may contribute to the susceptibility and disease severity of KD. For example, polymorphisms in the genes including IL-10, CASP3, IL-18, and inositol 1,4,5-trisphosphate 3-kinase C (ITPKC) have been reported to be involved in the development of KD [22\u201326]. In 2004, Onouchi and colleagues were the first group reporting the association between CD40L gene polymorphisms and KD [27]. Our previous studies have shown that expression of CD40L on CD4+ T cells was correlated to the coronary artery lesion (CAL) and disease progress in KD [21]. However, another group from Taiwan reported the lack of an association between CD40L polymorphisms and susceptibility KD in a Taiwanese population [28]. Therefore, we strived to investigate the potential genetic role of CD40 in the susceptibility of KD and CAL formation in the Taiwanese population.",
            "cite_spans": [
                {
                    "start": 306,
                    "end": 308,
                    "mention": "22",
                    "ref_id": "BIBREF14"
                },
                {
                    "start": 309,
                    "end": 311,
                    "mention": "26",
                    "ref_id": "BIBREF18"
                },
                {
                    "start": 434,
                    "end": 436,
                    "mention": "27",
                    "ref_id": "BIBREF19"
                },
                {
                    "start": 591,
                    "end": 593,
                    "mention": "21",
                    "ref_id": "BIBREF13"
                },
                {
                    "start": 744,
                    "end": 746,
                    "mention": "28",
                    "ref_id": "BIBREF20"
                }
            ],
            "section": "1. Introduction",
            "ref_spans": []
        },
        {
            "text": "All subjects studied were children who filled the diagnostic criteria for KD according to 2004 AHA criteria [29] and were admitted to the Kaohsiung Chang Gung Memorial Hospital between 2000 and 2010. All patients were treated with a single infusion of IVIG (2 g/kg) administered over a 12-hour period. Aspirin was administered until all signs of inflammation were resolved or regression of CAL was detected under two-dimensional (2D) echocardiography as in our previous reports [30\u201332]. This study was approved by the Institutional Review Board of the Chang Gung Memorial Hospital. CAL was defined by the internal diameter of the coronary artery being at least 3 mm (or 4 mm if the subject was over the age of 5 years) or the internal diameter of a segment being at least 1.5 times of an adjacent segment in the echocardiogram [22, 33]. IVIG responsiveness was defined as defervescence within 48 hours after the completion of IVIG treatment and being without fever (temperature, >38\u00b0C) [2, 34].",
            "cite_spans": [
                {
                    "start": 109,
                    "end": 111,
                    "mention": "29",
                    "ref_id": "BIBREF21"
                },
                {
                    "start": 479,
                    "end": 481,
                    "mention": "30",
                    "ref_id": "BIBREF23"
                },
                {
                    "start": 482,
                    "end": 484,
                    "mention": "32",
                    "ref_id": "BIBREF25"
                },
                {
                    "start": 828,
                    "end": 830,
                    "mention": "22",
                    "ref_id": "BIBREF14"
                },
                {
                    "start": 832,
                    "end": 834,
                    "mention": "33",
                    "ref_id": "BIBREF26"
                },
                {
                    "start": 987,
                    "end": 988,
                    "mention": "2",
                    "ref_id": "BIBREF11"
                },
                {
                    "start": 990,
                    "end": 992,
                    "mention": "34",
                    "ref_id": "BIBREF27"
                }
            ],
            "section": "2.1. Patients Studied ::: 2. Material and Methods",
            "ref_spans": []
        },
        {
            "text": "Blood cells were subjected to DNA extraction by treating them first with 0.5% SDS lysis buffer and then protease K (1 mg/mL) for digestion of nuclear protein for 4 h at 60\u00b0C. Using the Gentra extraction kit followed by 70% alcohol precipitation, total DNA was harvested. ",
            "cite_spans": [],
            "section": "2.2. DNA Extraction ::: 2. Material and Methods",
            "ref_spans": []
        },
        {
            "text": "Two tagging SNPs (rs4810485 and rs1535045) in the CD40 gene with a minor allele frequency of >10% in the Han Chinese population were selected from the HapMap database (http://www.hapmap.org/). Genotyping was performed by using the TaqMan allelic discrimination assay (Applied Biosystems, Foster city, CA, USA) was noted in our previous report [22, 24, 35]. Briefly, PCR primers and TaqMan minor groove binding probes were designed by applied Biosystems. The polymerase chain reaction (PCR) was carried out in a 96-well microplate with the ABI 9700 Thermal Cycler. After PCR, fluorescence was detected by ABI 7500 Real-Time PCR system and data was analyzed using the System SDS software (version 1.2.3).",
            "cite_spans": [
                {
                    "start": 344,
                    "end": 346,
                    "mention": "22",
                    "ref_id": "BIBREF14"
                },
                {
                    "start": 348,
                    "end": 350,
                    "mention": "24",
                    "ref_id": "BIBREF16"
                },
                {
                    "start": 352,
                    "end": 354,
                    "mention": "35",
                    "ref_id": "BIBREF28"
                }
            ],
            "section": "2.3. Genotyping ::: 2. Material and Methods",
            "ref_spans": []
        },
        {
            "text": "JMP 9.0 for Windows was used for analysis. The statistical differences between case and control in genotype and allele frequency were assessed by the \u03c7\n2-test. Statistical differences in genotype and allele frequency of KD patients with/without CAL formation were assessed using the \u03c7\n2 test. Linkage disequilibrium (LD) was assessed for one pair of SNPs, and haplotype blocks were defined using the default setting of the Haploview software 4.1 (Broad Institute, Cambridge, MA, USA).",
            "cite_spans": [],
            "section": "2.4. Statistical Analysis ::: 2. Material and Methods",
            "ref_spans": []
        },
        {
            "text": "A total of 950 subjects including 381 KD patients and 569 controls were recruited in this study.  Table 1 shows the characteristics of the subjects. The average age of cases was 1.7 years and that in the controls is 5.7 years. CAL was observed in 9.7% (37/381) of KD patients 8 weeks after disease onset, and 12.9% (49/381) of the KD patients were resistant to initial IVIG treatment. The genotype frequencies of the controls and patients were in the Hardy-Weinberg equilibrium (Table 2). Polymorphism rs1535045 in the CD40 was found to have significant influence with regards to the susceptibility of KD (P = 0.0405). ",
            "cite_spans": [],
            "section": "3.1. A Significant Association between Genetic Polymorphisms in CD40 and Susceptibility to Kawasaki Disease ::: 3. Results",
            "ref_spans": [
                {
                    "start": 97,
                    "end": 105,
                    "mention": " Table 1",
                    "ref_id": "TABREF0"
                },
                {
                    "start": 479,
                    "end": 486,
                    "mention": "Table 2",
                    "ref_id": "TABREF1"
                }
            ]
        },
        {
            "text": "The association between CD40 genotypes and CAL formation, the major complication of KD, was evaluated. 37 patients among the 381 KD patients developed CAL. Our results indicated that the TT genotype of rs4810485 has protective effects for CAL formation in KD patients (Table 3).",
            "cite_spans": [],
            "section": "3.2. CD40 Genetic Polymorphisms Associated with CAL Formation in the KD Patients ::: 3. Results",
            "ref_spans": [
                {
                    "start": 269,
                    "end": 276,
                    "mention": "Table 3",
                    "ref_id": "TABREF2"
                }
            ]
        },
        {
            "text": "We further calculated pairwise linkage disequilibrium (LD) and analyzed haplotypes of CD40. However, no significant association was found between CD40 haplotype analysis and the susceptibility of KD (Table 4), as well as CAL formation (Table 5).",
            "cite_spans": [],
            "section": "3.3. Haplotype Analysis of CD40 in the KD Patients ::: 3. Results",
            "ref_spans": [
                {
                    "start": 200,
                    "end": 207,
                    "mention": "Table 4",
                    "ref_id": "TABREF3"
                },
                {
                    "start": 236,
                    "end": 243,
                    "mention": "Table 5",
                    "ref_id": "TABREF4"
                }
            ]
        },
        {
            "text": "Kawasaki disease is caused by activation of the immune system targeting on vascular endothelium, resulting in systemic vasculitis or even coronary artery lesions formation. Interaction of CD40L with its receptor CD40 has been implicated in the modulation of immune and inflammatory responses, which are critical for the activation of tissue structure cells, such as endothelial cells, smooth muscle cells, epithelial cells, and fibroblast and induce production of a cascade of proinflammatory cytokines [18, 19]. The CD40-CD40L signaling pathway has been associated with the pathogenic processes of chronic inflammatory diseases, including autoimmune diseases, neurodegenerative disorders, graft-versus-host disease, cancer, vasculitis, and atherosclerosis [17, 20]. In the presented study, our results implied that genetic polymorphisms in CD40 may result in the overactivation of proinflammatory signaling pathways that lead to the development of KD. ",
            "cite_spans": [
                {
                    "start": 504,
                    "end": 506,
                    "mention": "18",
                    "ref_id": "BIBREF9"
                },
                {
                    "start": 508,
                    "end": 510,
                    "mention": "19",
                    "ref_id": "BIBREF10"
                },
                {
                    "start": 758,
                    "end": 760,
                    "mention": "17",
                    "ref_id": "BIBREF8"
                },
                {
                    "start": 762,
                    "end": 764,
                    "mention": "20",
                    "ref_id": "BIBREF12"
                }
            ],
            "section": "4. Discussion",
            "ref_spans": []
        },
        {
            "text": "Our previous report indicated that expression of CD40L on CD4+ T-cells correlated to the CAL formation and disease progress in KD patients [21]. Burns and Glod\u00e9 also suggested that CD40-CD40L interaction impacts on the vasculitis pathogenesis of KD [4]. Therefore, the CD40-CD40L signaling pathway may play an important pathogenic role in acute coronary syndromes such as the CAL of patients with KD. In this study, we found that CD40 genetic polymorphism (rs1535045) is associated with susceptibility of KD. Interestingly, rs1535045 in CD40 gene has been confirmed to be associated with the coronary artery calcification in diabetic families [36]. These observations in combination with those of the present study support genetic polymorphism effects of CD40 in the vascular diseases. Further study into the mechanisms between CD40-CD40L interaction and long-term coronary arterial vasculitis may provide a better understanding for the pathogenesis of KD. ",
            "cite_spans": [
                {
                    "start": 140,
                    "end": 142,
                    "mention": "21",
                    "ref_id": "BIBREF13"
                },
                {
                    "start": 250,
                    "end": 251,
                    "mention": "4",
                    "ref_id": "BIBREF30"
                },
                {
                    "start": 644,
                    "end": 646,
                    "mention": "36",
                    "ref_id": "BIBREF29"
                }
            ],
            "section": "4. Discussion",
            "ref_spans": []
        },
        {
            "text": "Although our studies indicated the significant association between genetic polymorphisms of CD40 and the risk of KD, haplotypes of KD didn not yield significant results. We acknowledged that the modest sample size in the study was underpowered to detect the small genetic effect of CD40 in the disease severity such as CAL formation. These findings need to be replicated in a second population with a larger sample size.",
            "cite_spans": [],
            "section": "4. Discussion",
            "ref_spans": []
        },
        {
            "text": "Taken together, our results indicated that the genetic polymorphisms of CD40 are very likely to be involved in the susceptibility and disease severity of KD in a Taiwanese population.",
            "cite_spans": [],
            "section": "4. Discussion",
            "ref_spans": []
        }
    ],
    "ref_entries": {
        "TABREF0": {
            "text": "Table 1: Basal characteristics of patients with Kawasaki disease and normal controls.\n",
            "type": "table"
        },
        "TABREF1": {
            "text": "Table 2: Genotype and allele frequencies of the CD40 gene in controls and patients with Kawasaki disease.\n",
            "type": "table"
        },
        "TABREF2": {
            "text": "Table 3: Genotype and allele frequencies of the CD40 gene in patients with or without coronary artery lesion (CAL) formation.\n",
            "type": "table"
        },
        "TABREF3": {
            "text": "Table 4: Haplotype frequencies of the CD40 gene in controls and patients with Kawasaki disease.\n",
            "type": "table"
        },
        "TABREF4": {
            "text": "Table 5: Haplotype frequencies of the CD40 gene in patients with or without coronary artery lesion formation.\n",
            "type": "table"
        }
    },
    "back_matter": [],
    "bib_entries": {
        "BIBREF0": {
            "title": "A new infantile acute febrile mucocutaneous lymph node syndrome (MLNS) prevailing in Japan",
            "authors": [
                {
                    "first": "T",
                    "middle": [],
                    "last": "Kawasaki",
                    "suffix": ""
                },
                {
                    "first": "F",
                    "middle": [],
                    "last": "Kosaki",
                    "suffix": ""
                },
                {
                    "first": "S",
                    "middle": [],
                    "last": "Okawa",
                    "suffix": ""
                },
                {
                    "first": "I",
                    "middle": [],
                    "last": "Shigematsu",
                    "suffix": ""
                },
                {
                    "first": "H",
                    "middle": [],
                    "last": "Yanagawa",
                    "suffix": ""
                }
            ],
            "year": 1974,
            "venue": "Pediatrics",
            "volume": "54",
            "issn": "3",
            "pages": "271-276",
            "other_ids": {
                "DOI": []
            }
        },
        "BIBREF1": {
            "title": "Decreased nitric oxide production after intravenous immunoglobulin treatment in patients with Kawasaki disease",
            "authors": [
                {
                    "first": "CL",
                    "middle": [],
                    "last": "Wang",
                    "suffix": ""
                },
                {
                    "first": "YT",
                    "middle": [],
                    "last": "Wu",
                    "suffix": ""
                },
                {
                    "first": "CJ",
                    "middle": [],
                    "last": "Lee",
                    "suffix": ""
                },
                {
                    "first": "HC",
                    "middle": [],
                    "last": "Liu",
                    "suffix": ""
                },
                {
                    "first": "LT",
                    "middle": [],
                    "last": "Huang",
                    "suffix": ""
                },
                {
                    "first": "KD",
                    "middle": [],
                    "last": "Yang",
                    "suffix": ""
                }
            ],
            "year": 2002,
            "venue": "Journal of Pediatrics",
            "volume": "141",
            "issn": "4",
            "pages": "560-565",
            "other_ids": {
                "DOI": []
            }
        },
        "BIBREF2": {
            "title": "A novel anti-peroxiredoxin autoantibody in patients with Kawasaki disease",
            "authors": [
                {
                    "first": "M",
                    "middle": [],
                    "last": "Fujieda",
                    "suffix": ""
                },
                {
                    "first": "R",
                    "middle": [],
                    "last": "Karasawa",
                    "suffix": ""
                },
                {
                    "first": "H",
                    "middle": [],
                    "last": "Takasugi",
                    "suffix": ""
                }
            ],
            "year": 2012,
            "venue": "Microbiology and Immunology",
            "volume": "56",
            "issn": "1",
            "pages": "56-61",
            "other_ids": {
                "DOI": []
            }
        },
        "BIBREF3": {
            "title": "Elevated anti-\u03b1-enolase antibody levels in Kawasaki disease",
            "authors": [
                {
                    "first": "JK",
                    "middle": [],
                    "last": "Chun",
                    "suffix": ""
                },
                {
                    "first": "TJ",
                    "middle": [],
                    "last": "Lee",
                    "suffix": ""
                },
                {
                    "first": "KM",
                    "middle": [],
                    "last": "Choi",
                    "suffix": ""
                },
                {
                    "first": "KH",
                    "middle": [],
                    "last": "Lee",
                    "suffix": ""
                },
                {
                    "first": "DS",
                    "middle": [],
                    "last": "Kim",
                    "suffix": ""
                }
            ],
            "year": 2008,
            "venue": "Scandinavian Journal of Rheumatology",
            "volume": "37",
            "issn": "1",
            "pages": "48-52",
            "other_ids": {
                "DOI": []
            }
        },
        "BIBREF4": {
            "title": "Increased CD11b expression on polymorphonuclear leucocytes and cytokine profiles in patients with Kawasaki disease",
            "authors": [
                {
                    "first": "T",
                    "middle": [],
                    "last": "Kobayashi",
                    "suffix": ""
                },
                {
                    "first": "H",
                    "middle": [],
                    "last": "Kimura",
                    "suffix": ""
                },
                {
                    "first": "Y",
                    "middle": [],
                    "last": "Okada",
                    "suffix": ""
                }
            ],
            "year": 2007,
            "venue": "Clinical and Experimental Immunology",
            "volume": "148",
            "issn": "1",
            "pages": "112-118",
            "other_ids": {
                "DOI": []
            }
        },
        "BIBREF5": {
            "title": "Elevated levels of high-sensitivity C-reactive protein and serum amyloid-A late after Kawasaki disease: association between inflammation and late coronary sequelae in Kawasaki disease",
            "authors": [
                {
                    "first": "Y",
                    "middle": [],
                    "last": "Mitani",
                    "suffix": ""
                },
                {
                    "first": "H",
                    "middle": [],
                    "last": "Sawada",
                    "suffix": ""
                },
                {
                    "first": "H",
                    "middle": [],
                    "last": "Hayakawa",
                    "suffix": ""
                }
            ],
            "year": 2005,
            "venue": "Circulation",
            "volume": "111",
            "issn": "1",
            "pages": "38-43",
            "other_ids": {
                "DOI": []
            }
        },
        "BIBREF6": {
            "title": "CD40 ligand on activated platelets triggers an inflammatory reaction of endothelial cells",
            "authors": [
                {
                    "first": "V",
                    "middle": [],
                    "last": "Henn",
                    "suffix": ""
                },
                {
                    "first": "JR",
                    "middle": [],
                    "last": "Slupsky",
                    "suffix": ""
                },
                {
                    "first": "M",
                    "middle": [],
                    "last": "Gr\u00e4fe",
                    "suffix": ""
                }
            ],
            "year": 1998,
            "venue": "Nature",
            "volume": "391",
            "issn": "6667",
            "pages": "591-594",
            "other_ids": {
                "DOI": []
            }
        },
        "BIBREF7": {
            "title": "CD40 and vascular inflammation",
            "authors": [
                {
                    "first": "C",
                    "middle": [],
                    "last": "Urbrich",
                    "suffix": ""
                },
                {
                    "first": "S",
                    "middle": [],
                    "last": "Dimmeler",
                    "suffix": ""
                }
            ],
            "year": 2004,
            "venue": "Canadian Journal of Cardiology",
            "volume": "20",
            "issn": "7",
            "pages": "681-683",
            "other_ids": {
                "DOI": []
            }
        },
        "BIBREF8": {
            "title": "LOX-1, an oxidized LDL endothelial receptor, induces CD40/CD40L signaling in human coronary artery endothelial cells",
            "authors": [
                {
                    "first": "D",
                    "middle": [],
                    "last": "Li",
                    "suffix": ""
                },
                {
                    "first": "L",
                    "middle": [],
                    "last": "Liu",
                    "suffix": ""
                },
                {
                    "first": "H",
                    "middle": [],
                    "last": "Chen",
                    "suffix": ""
                },
                {
                    "first": "T",
                    "middle": [],
                    "last": "Sawamura",
                    "suffix": ""
                },
                {
                    "first": "JL",
                    "middle": [],
                    "last": "Mehta",
                    "suffix": ""
                }
            ],
            "year": 2003,
            "venue": "Arteriosclerosis, Thrombosis, and Vascular Biology",
            "volume": "23",
            "issn": "5",
            "pages": "816-821",
            "other_ids": {
                "DOI": []
            }
        },
        "BIBREF9": {
            "title": "CD40/CD40L signaling and its implication in health and disease",
            "authors": [
                {
                    "first": "A",
                    "middle": [],
                    "last": "Chatzigeorgiou",
                    "suffix": ""
                },
                {
                    "first": "M",
                    "middle": [],
                    "last": "Lyberi",
                    "suffix": ""
                },
                {
                    "first": "G",
                    "middle": [],
                    "last": "Chatzilymperis",
                    "suffix": ""
                },
                {
                    "first": "A",
                    "middle": [],
                    "last": "Nezos",
                    "suffix": ""
                },
                {
                    "first": "E",
                    "middle": [],
                    "last": "Kamper",
                    "suffix": ""
                }
            ],
            "year": 2009,
            "venue": "BioFactors",
            "volume": "35",
            "issn": "6",
            "pages": "474-483",
            "other_ids": {
                "DOI": []
            }
        },
        "BIBREF10": {
            "title": "The CD40-CD40L system in cardiovascular disease",
            "authors": [
                {
                    "first": "B",
                    "middle": [],
                    "last": "Pamukcu",
                    "suffix": ""
                },
                {
                    "first": "GYH",
                    "middle": [],
                    "last": "Lip",
                    "suffix": ""
                },
                {
                    "first": "V",
                    "middle": [],
                    "last": "Snezhitskiy",
                    "suffix": ""
                },
                {
                    "first": "E",
                    "middle": [],
                    "last": "Shantsila",
                    "suffix": ""
                }
            ],
            "year": 2011,
            "venue": "Annals of Medicine",
            "volume": "43",
            "issn": "5",
            "pages": "331-340",
            "other_ids": {
                "DOI": []
            }
        },
        "BIBREF11": {
            "title": "Serum albumin level predicts initial intravenous immunoglobulin treatment failure in Kawasaki disease",
            "authors": [
                {
                    "first": "HC",
                    "middle": [],
                    "last": "Kuo",
                    "suffix": ""
                },
                {
                    "first": "CD",
                    "middle": [],
                    "last": "Liang",
                    "suffix": ""
                },
                {
                    "first": "CL",
                    "middle": [],
                    "last": "Wang",
                    "suffix": ""
                },
                {
                    "first": "HR",
                    "middle": [],
                    "last": "Yu",
                    "suffix": ""
                },
                {
                    "first": "KP",
                    "middle": [],
                    "last": "Hwang",
                    "suffix": ""
                },
                {
                    "first": "KD",
                    "middle": [],
                    "last": "Yang",
                    "suffix": ""
                }
            ],
            "year": 2010,
            "venue": "Acta Paediatrica, International Journal of Paediatrics",
            "volume": "99",
            "issn": "10",
            "pages": "1578-1583",
            "other_ids": {
                "DOI": []
            }
        },
        "BIBREF12": {
            "title": "The CD40/CD40 Ligand System. Linking Inflammation With Atherothrombosis",
            "authors": [
                {
                    "first": "C",
                    "middle": [],
                    "last": "Antoniades",
                    "suffix": ""
                },
                {
                    "first": "C",
                    "middle": [],
                    "last": "Bakogiannis",
                    "suffix": ""
                },
                {
                    "first": "D",
                    "middle": [],
                    "last": "Tousoulis",
                    "suffix": ""
                },
                {
                    "first": "AS",
                    "middle": [],
                    "last": "Antonopoulos",
                    "suffix": ""
                },
                {
                    "first": "C",
                    "middle": [],
                    "last": "Stefanadis",
                    "suffix": ""
                }
            ],
            "year": 2009,
            "venue": "Journal of the American College of Cardiology",
            "volume": "54",
            "issn": "8",
            "pages": "669-677",
            "other_ids": {
                "DOI": []
            }
        },
        "BIBREF13": {
            "title": "Expression of CD40 ligand on CD4+ T-cells and platelets correlated to the coronary artery lesion and disease progress in Kawasaki disease",
            "authors": [
                {
                    "first": "CL",
                    "middle": [],
                    "last": "Wang",
                    "suffix": ""
                },
                {
                    "first": "YT",
                    "middle": [],
                    "last": "Wu",
                    "suffix": ""
                },
                {
                    "first": "CA",
                    "middle": [],
                    "last": "Liu",
                    "suffix": ""
                }
            ],
            "year": 2003,
            "venue": "Pediatrics",
            "volume": "111",
            "issn": "2",
            "pages": "E140-E147",
            "other_ids": {
                "DOI": []
            }
        },
        "BIBREF14": {
            "title": "CASP3 gene single-nucleotide polymorphism (rs72689236) and Kawasaki disease in Taiwanese children",
            "authors": [
                {
                    "first": "H-C",
                    "middle": [],
                    "last": "Kuo",
                    "suffix": ""
                },
                {
                    "first": "H-R",
                    "middle": [],
                    "last": "Yu",
                    "suffix": ""
                },
                {
                    "first": "S-HH",
                    "middle": [],
                    "last": "Juo",
                    "suffix": ""
                }
            ],
            "year": 2011,
            "venue": "Journal of Human Genetics",
            "volume": "56",
            "issn": "2",
            "pages": "161-165",
            "other_ids": {
                "DOI": []
            }
        },
        "BIBREF15": {
            "title": "ITPKC functional polymorphism associated with Kawasaki disease susceptibility and formation of coronary artery aneurysms",
            "authors": [
                {
                    "first": "Y",
                    "middle": [],
                    "last": "Onouchi",
                    "suffix": ""
                },
                {
                    "first": "T",
                    "middle": [],
                    "last": "Gunji",
                    "suffix": ""
                },
                {
                    "first": "JC",
                    "middle": [],
                    "last": "Burns",
                    "suffix": ""
                }
            ],
            "year": 2008,
            "venue": "Nature Genetics",
            "volume": "40",
            "issn": "1",
            "pages": "35-42",
            "other_ids": {
                "DOI": []
            }
        },
        "BIBREF16": {
            "title": "Itpkc single nucleotide polymorphism associated with the kawasaki disease in a taiwanese population",
            "authors": [
                {
                    "first": "H-C",
                    "middle": [],
                    "last": "Kuo",
                    "suffix": ""
                },
                {
                    "first": "KD",
                    "middle": [],
                    "last": "Yang",
                    "suffix": ""
                },
                {
                    "first": "S-HH",
                    "middle": [],
                    "last": "Juo",
                    "suffix": ""
                }
            ],
            "year": 2011,
            "venue": "PLoS One",
            "volume": "6",
            "issn": "4",
            "pages": null,
            "other_ids": {
                "DOI": []
            }
        },
        "BIBREF17": {
            "title": "IL-10 promoter genetic polymorphisms and risk of Kawasaki disease in Taiwan",
            "authors": [
                {
                    "first": "K-S",
                    "middle": [],
                    "last": "Hsieh",
                    "suffix": ""
                },
                {
                    "first": "T-J",
                    "middle": [],
                    "last": "Lai",
                    "suffix": ""
                },
                {
                    "first": "Y-T",
                    "middle": [],
                    "last": "Hwang",
                    "suffix": ""
                }
            ],
            "year": 2011,
            "venue": "Disease Markers",
            "volume": "30",
            "issn": "1",
            "pages": "51-59",
            "other_ids": {
                "DOI": []
            }
        },
        "BIBREF18": {
            "title": "Influence of interleukin 18 promoter polymorphisms in susceptibility to Kawasaki disease in Taiwan",
            "authors": [
                {
                    "first": "KC",
                    "middle": [],
                    "last": "Hsueh",
                    "suffix": ""
                },
                {
                    "first": "YJ",
                    "middle": [],
                    "last": "Lin",
                    "suffix": ""
                },
                {
                    "first": "JS",
                    "middle": [],
                    "last": "Chang",
                    "suffix": ""
                }
            ],
            "year": 2008,
            "venue": "Journal of Rheumatology",
            "volume": "35",
            "issn": "7",
            "pages": "1408-1413",
            "other_ids": {
                "DOI": []
            }
        },
        "BIBREF19": {
            "title": "CD40 ligand gene and Kawasaki disease",
            "authors": [
                {
                    "first": "Y",
                    "middle": [],
                    "last": "Onouchi",
                    "suffix": ""
                },
                {
                    "first": "S",
                    "middle": [],
                    "last": "Onoue",
                    "suffix": ""
                },
                {
                    "first": "M",
                    "middle": [],
                    "last": "Tamari",
                    "suffix": ""
                }
            ],
            "year": 2004,
            "venue": "European Journal of Human Genetics",
            "volume": "12",
            "issn": "12",
            "pages": "1062-1068",
            "other_ids": {
                "DOI": []
            }
        },
        "BIBREF20": {
            "title": "Genetic polymorphisms in the CD40 ligand gene and Kawasaki disease",
            "authors": [
                {
                    "first": "FY",
                    "middle": [],
                    "last": "Huang",
                    "suffix": ""
                },
                {
                    "first": "TY",
                    "middle": [],
                    "last": "Chang",
                    "suffix": ""
                },
                {
                    "first": "MR",
                    "middle": [],
                    "last": "Chen",
                    "suffix": ""
                }
            ],
            "year": 2008,
            "venue": "Journal of Clinical Immunology",
            "volume": "28",
            "issn": "5",
            "pages": "405-410",
            "other_ids": {
                "DOI": []
            }
        },
        "BIBREF21": {
            "title": "Diagnosis, treatment, and long-term management of Kawasaki disease: a statement for health professionals from the Committee on Rheumatic Fever, Endocarditis and Kawasaki Disease, Council on Cardiovascular Disease in the Young, American Heart Association",
            "authors": [
                {
                    "first": "JW",
                    "middle": [],
                    "last": "Newburger",
                    "suffix": ""
                },
                {
                    "first": "M",
                    "middle": [],
                    "last": "Takahashi",
                    "suffix": ""
                },
                {
                    "first": "MA",
                    "middle": [],
                    "last": "Gerber",
                    "suffix": ""
                }
            ],
            "year": 2004,
            "venue": "Circulation",
            "volume": "110",
            "issn": "17",
            "pages": "2747-2771",
            "other_ids": {
                "DOI": []
            }
        },
        "BIBREF22": {
            "title": "Kawasaki disease in Korea, 2003-2005",
            "authors": [
                {
                    "first": "YW",
                    "middle": [],
                    "last": "Park",
                    "suffix": ""
                },
                {
                    "first": "JW",
                    "middle": [],
                    "last": "Han",
                    "suffix": ""
                },
                {
                    "first": "IS",
                    "middle": [],
                    "last": "Park",
                    "suffix": ""
                }
            ],
            "year": 2007,
            "venue": "Pediatric Infectious Disease Journal",
            "volume": "26",
            "issn": "9",
            "pages": "821-823",
            "other_ids": {
                "DOI": []
            }
        },
        "BIBREF23": {
            "title": "A unique plasma proteomic profiling with imbalanced fibrinogen cascade in patients with Kawasaki disease",
            "authors": [
                {
                    "first": "HR",
                    "middle": [],
                    "last": "Yu",
                    "suffix": ""
                },
                {
                    "first": "HC",
                    "middle": [],
                    "last": "Kuo",
                    "suffix": ""
                },
                {
                    "first": "JM",
                    "middle": [],
                    "last": "Sheen",
                    "suffix": ""
                }
            ],
            "year": 2009,
            "venue": "Pediatric Allergy and Immunology",
            "volume": "20",
            "issn": "7",
            "pages": "699-707",
            "other_ids": {
                "DOI": []
            }
        },
        "BIBREF24": {
            "title": "CTLA-4, position 49 A/G polymorphism associated with coronary artery lesions in Kawasaki disease",
            "authors": [
                {
                    "first": "HC",
                    "middle": [],
                    "last": "Kuo",
                    "suffix": ""
                },
                {
                    "first": "CD",
                    "middle": [],
                    "last": "Liang",
                    "suffix": ""
                },
                {
                    "first": "HR",
                    "middle": [],
                    "last": "Yu",
                    "suffix": ""
                }
            ],
            "year": 2010,
            "venue": "Journal of Clinical Immunology",
            "volume": "31",
            "issn": "2",
            "pages": "240-244",
            "other_ids": {
                "DOI": []
            }
        },
        "BIBREF25": {
            "title": "Polymorphisms of transforming growth factor-beta signaling pathway and Kawasaki disease in the Taiwanese population",
            "authors": [
                {
                    "first": "H-C",
                    "middle": [],
                    "last": "Kuo",
                    "suffix": ""
                },
                {
                    "first": "Y",
                    "middle": [],
                    "last": "Onouchi",
                    "suffix": ""
                },
                {
                    "first": "Y-W",
                    "middle": [],
                    "last": "Hsu",
                    "suffix": ""
                }
            ],
            "year": 2011,
            "venue": "Journal of Human Genetics",
            "volume": "56",
            "issn": "12",
            "pages": "840-845",
            "other_ids": {
                "DOI": []
            }
        },
        "BIBREF26": {
            "title": "Kawasaki disease",
            "authors": [
                {
                    "first": "ST",
                    "middle": [],
                    "last": "Shulman",
                    "suffix": ""
                },
                {
                    "first": "J",
                    "middle": [],
                    "last": "De Inocencio",
                    "suffix": ""
                },
                {
                    "first": "R",
                    "middle": [],
                    "last": "Hirsch",
                    "suffix": ""
                }
            ],
            "year": 1995,
            "venue": "Pediatric Clinics of North America",
            "volume": "42",
            "issn": "5",
            "pages": "1205-1222",
            "other_ids": {
                "DOI": []
            }
        },
        "BIBREF27": {
            "title": "The relationship of eosinophilia to intravenous immunoglobulin treatment failure in Kawasaki disease",
            "authors": [
                {
                    "first": "HC",
                    "middle": [],
                    "last": "Kuo",
                    "suffix": ""
                },
                {
                    "first": "KD",
                    "middle": [],
                    "last": "Yang",
                    "suffix": ""
                },
                {
                    "first": "CD",
                    "middle": [],
                    "last": "Liang",
                    "suffix": ""
                }
            ],
            "year": 2007,
            "venue": "Pediatric Allergy and Immunology",
            "volume": "18",
            "issn": "4",
            "pages": "354-359",
            "other_ids": {
                "DOI": []
            }
        },
        "BIBREF28": {
            "title": "Lack of association between ORAI1/CRACM1 Gene Polymorphisms and Kawasaki disease in the Taiwanese children",
            "authors": [
                {
                    "first": "H-C",
                    "middle": [],
                    "last": "Kuo",
                    "suffix": ""
                },
                {
                    "first": "Y-J",
                    "middle": [],
                    "last": "Lin",
                    "suffix": ""
                },
                {
                    "first": "S-HH",
                    "middle": [],
                    "last": "Juo",
                    "suffix": ""
                }
            ],
            "year": 2011,
            "venue": "Journal of Clinical Immunology",
            "volume": "31",
            "issn": "4",
            "pages": "650-655",
            "other_ids": {
                "DOI": []
            }
        },
        "BIBREF29": {
            "title": "Variants of the CD40 gene but not of the CD40L gene are associated with coronary artery calcification in the Diabetes Heart Study (DHS)",
            "authors": [
                {
                    "first": "KP",
                    "middle": [],
                    "last": "Burdon",
                    "suffix": ""
                },
                {
                    "first": "CD",
                    "middle": [],
                    "last": "Langefeld",
                    "suffix": ""
                },
                {
                    "first": "SR",
                    "middle": [],
                    "last": "Beck",
                    "suffix": ""
                }
            ],
            "year": 2006,
            "venue": "American Heart Journal",
            "volume": "151",
            "issn": "3",
            "pages": "706-711",
            "other_ids": {
                "DOI": []
            }
        },
        "BIBREF30": {
            "title": "Kawasaki syndrome",
            "authors": [
                {
                    "first": "JC",
                    "middle": [],
                    "last": "Burns",
                    "suffix": ""
                },
                {
                    "first": "MP",
                    "middle": [],
                    "last": "Glod\u00e9",
                    "suffix": ""
                }
            ],
            "year": 2004,
            "venue": "The Lancet",
            "volume": "364",
            "issn": "9433",
            "pages": "533-544",
            "other_ids": {
                "DOI": []
            }
        },
        "BIBREF31": {
            "title": "Association between a novel human coronavirus and kawasaki disease",
            "authors": [
                {
                    "first": "F",
                    "middle": [],
                    "last": "Esper",
                    "suffix": ""
                },
                {
                    "first": "ED",
                    "middle": [],
                    "last": "Shapiro",
                    "suffix": ""
                },
                {
                    "first": "C",
                    "middle": [],
                    "last": "Weibel",
                    "suffix": ""
                },
                {
                    "first": "D",
                    "middle": [],
                    "last": "Ferguson",
                    "suffix": ""
                },
                {
                    "first": "ML",
                    "middle": [],
                    "last": "Landry",
                    "suffix": ""
                },
                {
                    "first": "JS",
                    "middle": [],
                    "last": "Kahn",
                    "suffix": ""
                }
            ],
            "year": 2005,
            "venue": "The Journal of Infectious Diseases",
            "volume": "191",
            "issn": "4",
            "pages": "499-502",
            "other_ids": {
                "DOI": []
            }
        },
        "BIBREF32": {
            "title": "Lack of association between infection with a novel human coronavirus (HCoV), HCoV-NH, and Kawasaki disease in Taiwan",
            "authors": [
                {
                    "first": "LY",
                    "middle": [],
                    "last": "Chang",
                    "suffix": ""
                },
                {
                    "first": "BL",
                    "middle": [],
                    "last": "Chiang",
                    "suffix": ""
                },
                {
                    "first": "CL",
                    "middle": [],
                    "last": "Kao",
                    "suffix": ""
                }
            ],
            "year": 2006,
            "venue": "The Journal of Infectious Diseases",
            "volume": "193",
            "issn": "2",
            "pages": "283-286",
            "other_ids": {
                "DOI": []
            }
        },
        "BIBREF33": {
            "title": "Lack of association between New Haven coronavirus and Kawasaki disease",
            "authors": [
                {
                    "first": "T",
                    "middle": [],
                    "last": "Ebihara",
                    "suffix": ""
                },
                {
                    "first": "R",
                    "middle": [],
                    "last": "Endo",
                    "suffix": ""
                },
                {
                    "first": "X",
                    "middle": [],
                    "last": "Ma",
                    "suffix": ""
                },
                {
                    "first": "N",
                    "middle": [],
                    "last": "Ishiguro",
                    "suffix": ""
                },
                {
                    "first": "H",
                    "middle": [],
                    "last": "Kikuta",
                    "suffix": ""
                }
            ],
            "year": 2005,
            "venue": "The Journal of Infectious Diseases",
            "volume": "192",
            "issn": "2",
            "pages": "351-352",
            "other_ids": {
                "DOI": []
            }
        },
        "BIBREF34": {
            "title": "Th1 and Th2 cytokine production is suppressed at the level of transcriptional regulation in Kawasaki disease",
            "authors": [
                {
                    "first": "J",
                    "middle": [],
                    "last": "Kimura",
                    "suffix": ""
                },
                {
                    "first": "H",
                    "middle": [],
                    "last": "Takada",
                    "suffix": ""
                },
                {
                    "first": "A",
                    "middle": [],
                    "last": "Nomura",
                    "suffix": ""
                }
            ],
            "year": 2004,
            "venue": "Clinical and Experimental Immunology",
            "volume": "137",
            "issn": "2",
            "pages": "444-449",
            "other_ids": {
                "DOI": []
            }
        },
        "BIBREF35": {
            "title": "Association of lower eosinophil-related T helper 2 (Th2) cytokines with coronary artery lesions in Kawasaki disease",
            "authors": [
                {
                    "first": "HC",
                    "middle": [],
                    "last": "Kuo",
                    "suffix": ""
                },
                {
                    "first": "CL",
                    "middle": [],
                    "last": "Wang",
                    "suffix": ""
                },
                {
                    "first": "CD",
                    "middle": [],
                    "last": "Liang",
                    "suffix": ""
                }
            ],
            "year": 2009,
            "venue": "Pediatric Allergy and Immunology",
            "volume": "20",
            "issn": "3",
            "pages": "266-272",
            "other_ids": {
                "DOI": []
            }
        }
    }
}