{
    "paper_id": "PMC7131053",
    "metadata": {
        "title": "Global health is our health",
        "authors": [
            {
                "first": "Kimberly",
                "middle": [
                    "Adams"
                ],
                "last": "Tufts",
                "suffix": "",
                "email": "ktufts@odu.edu",
                "affiliation": {}
            }
        ]
    },
    "body_text": [
        {
            "text": "To the Editor:",
            "cite_spans": [],
            "section": "",
            "ref_spans": []
        },
        {
            "text": "In recent months, the mosquito-born Zika virus and potential complications associated with transmission of the virus has been at the forefront of much public discussion and angst. The potential congenital malformations associated with contracting Zika during pregnancy as well as the risk for serious autoimmune and neurologic sequela in affected persons have been highlighted in most news outlets (Marcus, 2016, Searcey, 2016). In February of this year, the World Health Organization (WHO, 2016) asserted that the potential association between Zika and microcephaly constitutes an international public health emergency.",
            "cite_spans": [
                {
                    "start": 399,
                    "end": 411,
                    "mention": "Marcus, 2016",
                    "ref_id": "BIBREF2"
                },
                {
                    "start": 413,
                    "end": 426,
                    "mention": "Searcey, 2016",
                    "ref_id": "BIBREF3"
                },
                {
                    "start": 459,
                    "end": 496,
                    "mention": "World Health Organization (WHO, 2016)",
                    "ref_id": "BIBREF4"
                }
            ],
            "section": "",
            "ref_spans": []
        },
        {
            "text": "As a whole, Americans are now aware of the negative health outcomes associated with Zika transmission and have concerns about the implications of Zika coming to our shores and crossing our borders. Zika is now front and center. At my own institution, we have canceled study abroad trips to Guatemala and Brazil. While attending a university event focused on civil rights issues, several colleagues approached me to ask about my knowledge of and perspective on the virus. Yet, neither Zika nor knowledge about its devastating effects is new. The virus was first identified in Uganda in 1947. In 2007, an outbreak occurred on Yap Island, where 49 people were infected. The people of French Polynesia were subject to an outbreak in 2013 (Cauchemez et al., 2016). To date, transmission of the virus has been reported in more than 25 Caribbean and Latin American countries with Brazil and Chile being the most recent.",
            "cite_spans": [
                {
                    "start": 735,
                    "end": 757,
                    "mention": "Cauchemez et al., 2016",
                    "ref_id": "BIBREF0"
                }
            ],
            "section": "",
            "ref_spans": []
        },
        {
            "text": "During my recent travels to the United Kingdom and Austria for purposes of studying health systems and strengthening international nursing collaboration, I was once again struck by how alike we are; how our national perspectives on and decisions about health care and attention to public health or lack of attention impacts us all. We are indeed a global community. Artificial borders may serve the purpose of restricting entry or exit from our various countries, nonetheless, they cannot protect health or prevent the transmission of disease and illness. People cross borders, disease causing microorganisms accompany them. The rise in the incidence and prevalence of dengue fever is evidence of such movement. Hence, as a nation, we must engage with the global community to act proactively; rather than reacting as was the case with Severe Acute Respiratory Syndrome (SARS) and Ebola. We must act decisively to galvanize our resources; adhering to guidelines and processes endorsed by the World Health Organization and the Centers for Disease Control and Prevention as well as actively striving to work across borders to institute global surveillance of infectious diseases (Zika Virus, 2016). We must respond to infectious outbreaks whenever and wherever they occur with concerted coordinated efforts that recognize that global health is indeed our health. I assert that nursing's commitment to and knowledge about health promotion and disease prevention well positions us to lead such efforts. Let's sound a clarion call to action!",
            "cite_spans": [
                {
                    "start": 1177,
                    "end": 1193,
                    "mention": "Zika Virus, 2016",
                    "ref_id": "BIBREF1"
                }
            ],
            "section": "",
            "ref_spans": []
        }
    ],
    "ref_entries": {},
    "back_matter": [],
    "bib_entries": {
        "BIBREF0": {
            "title": "",
            "authors": [],
            "year": null,
            "venue": "",
            "volume": "",
            "issn": "",
            "pages": null,
            "other_ids": {
                "DOI": [
                    "10.1016/S0140-6736(16)00651-6"
                ]
            }
        },
        "BIBREF1": {
            "title": "Zika virus: A new global threat for 2016",
            "authors": [],
            "year": 2016,
            "venue": "Lancet",
            "volume": "387",
            "issn": "10014",
            "pages": null,
            "other_ids": {
                "DOI": [
                    "10.1016/S0140-6736(16)00014-3"
                ]
            }
        },
        "BIBREF2": {
            "title": "",
            "authors": [
                {
                    "first": "M.B.",
                    "middle": [],
                    "last": "Marcus",
                    "suffix": ""
                }
            ],
            "year": null,
            "venue": "",
            "volume": "",
            "issn": "",
            "pages": null,
            "other_ids": {
                "DOI": []
            }
        },
        "BIBREF3": {
            "title": "",
            "authors": [
                {
                    "first": "D.",
                    "middle": [],
                    "last": "Searcey",
                    "suffix": ""
                }
            ],
            "year": null,
            "venue": "",
            "volume": "",
            "issn": "",
            "pages": null,
            "other_ids": {
                "DOI": []
            }
        },
        "BIBREF4": {
            "title": "",
            "authors": [],
            "year": 2016,
            "venue": "",
            "volume": "",
            "issn": "",
            "pages": null,
            "other_ids": {
                "DOI": []
            }
        }
    }
}