{
    "paper_id": "PMC3814607",
    "metadata": {
        "title": "Detection and Molecular Diversity of Spike Gene of Porcine Epidemic Diarrhea Virus in China",
        "authors": [
            {
                "first": "Jianfei",
                "middle": [],
                "last": "Chen",
                "suffix": "",
                "email": null,
                "affiliation": {}
            },
            {
                "first": "Xiaozhen",
                "middle": [],
                "last": "Liu",
                "suffix": "",
                "email": null,
                "affiliation": {}
            },
            {
                "first": "Da",
                "middle": [],
                "last": "Shi",
                "suffix": "",
                "email": null,
                "affiliation": {}
            },
            {
                "first": "Hongyan",
                "middle": [],
                "last": "Shi",
                "suffix": "",
                "email": null,
                "affiliation": {}
            },
            {
                "first": "Xin",
                "middle": [],
                "last": "Zhang",
                "suffix": "",
                "email": null,
                "affiliation": {}
            },
            {
                "first": "Changlong",
                "middle": [],
                "last": "Li",
                "suffix": "",
                "email": null,
                "affiliation": {}
            },
            {
                "first": "Yanbin",
                "middle": [],
                "last": "Chi",
                "suffix": "",
                "email": null,
                "affiliation": {}
            },
            {
                "first": "Li",
                "middle": [],
                "last": "Feng",
                "suffix": "",
                "email": null,
                "affiliation": {}
            }
        ]
    },
    "body_text": [
        {
            "text": "Porcine epidemic diarrhea virus (PEDV) is a member of genus Alphacoronavirus within the family Coronaviridae and is a single-stranded positive-sense RNA virus. PEDV was firstly identified in Belgium in 1978 [1]. The disease caused by PEDV was firstly observed in feeder pigs and fattening swine in England [2] and was proposed the name \u201cporcine epidemic diarrhea\u201d (PED) [3]. PED is an acute and highly contagious enteric disease characterized by severe enteritis, vomiting and watery diarrhea in swine.",
            "cite_spans": [
                {
                    "start": 208,
                    "end": 209,
                    "mention": "1",
                    "ref_id": "BIBREF0"
                },
                {
                    "start": 307,
                    "end": 308,
                    "mention": "2",
                    "ref_id": "BIBREF11"
                },
                {
                    "start": 371,
                    "end": 372,
                    "mention": "3",
                    "ref_id": "BIBREF18"
                }
            ],
            "section": "1. Introduction",
            "ref_spans": []
        },
        {
            "text": "In China, PED was firstly occurred in Shanghai in 1973, however the causative agent was PEDV confirmed in 1984 [4]. Since first identified there have been occasional outbreaks of PEDV in China. However, outbreaks of PEDV have been observed on most swine breeding farms in most provinces since late 2010 in China. The piglets within one week of age and sometimes within only a few hours showed vomiting, severe watery diarrhea, severe dehydration and high mortality (up to 100%), but few sows or fattening swine showed any clinical signs during the outbreaks [5,6]. The economic loss caused by PEDV infection has been continuous and serious in China.",
            "cite_spans": [
                {
                    "start": 112,
                    "end": 113,
                    "mention": "4",
                    "ref_id": "BIBREF19"
                },
                {
                    "start": 559,
                    "end": 560,
                    "mention": "5",
                    "ref_id": "BIBREF20"
                },
                {
                    "start": 561,
                    "end": 562,
                    "mention": "6",
                    "ref_id": "BIBREF21"
                }
            ],
            "section": "1. Introduction",
            "ref_spans": []
        },
        {
            "text": "The Spike (S) gene is considered the most useful in revealing the genetic diversity of coronavirus isolates [7,8,9]. Like other coronaviruses, PEDV S gene also plays an important role in the molecular epidemiology and in the genetic variation of PEDV field strains [10,11,12]. In order to control and prevent PEDV infection, it is necessary for us to further investigate the prevalence of PEDV and the molecular characteristics of the S genes of Chinese PEDV field strains during 2011\u20132012. In this study, we firstly detected PEDV in the samples collected from 177 farms, then analyzed the sequence characteristics of S genes of field strains and performed the phylogenetic analysis of the field strains.",
            "cite_spans": [
                {
                    "start": 109,
                    "end": 110,
                    "mention": "7",
                    "ref_id": "BIBREF22"
                },
                {
                    "start": 111,
                    "end": 112,
                    "mention": "8",
                    "ref_id": "BIBREF23"
                },
                {
                    "start": 113,
                    "end": 114,
                    "mention": "9",
                    "ref_id": "BIBREF24"
                },
                {
                    "start": 266,
                    "end": 268,
                    "mention": "10",
                    "ref_id": "BIBREF1"
                },
                {
                    "start": 269,
                    "end": 271,
                    "mention": "11",
                    "ref_id": "BIBREF2"
                },
                {
                    "start": 272,
                    "end": 274,
                    "mention": "12",
                    "ref_id": "BIBREF3"
                }
            ],
            "section": "1. Introduction",
            "ref_spans": []
        },
        {
            "text": "79.66% (141 of 177) pig farms in 29 provinces (excluding Tibet and Hainan, China) and 72.27% (417 of 577) samples were positive for PEDV. 417 positive samples included 361 (71.63%; of 504) small intestine samples and 56 (76.71%; of 73) milk samples. ",
            "cite_spans": [],
            "section": "2.1. PEDV Detection ::: 2. Results",
            "ref_spans": []
        },
        {
            "text": "The full-length nucleotide sequences of S genes of 33 field strains were determined to investigate their genetic characterization. The sequence data found that the S genes of recently Chinese field strains have 4,146\u20134,170 nucleotides (nt) in length (Table 1). Compared to the S gene (4152 nt) of CV777, the S genes of 3 field strains are 6 nt shorter and consist of 4,146 n, the S genes of 8 field strains are 3 nt shorter and consist of 4,149 nt, the S genes of 2 field strains consist of 4152 nt, the S genes of 2 field strains are 6 nt longer and consist of 4158 nt, the S genes of 17 field strains are 9 nt longer and consist of 4,161 nt and the S gene of 1 field strain are 18 nt longer consists of 4,170 nt. These consequences were due to the presences of the number of deleted or inserted nucleotides that were accumulated in the N-terminus of the S gene. ",
            "cite_spans": [],
            "section": "2.2. Nucleotide and Amino Acid Sequence Analysis ::: 2. Results",
            "ref_spans": [
                {
                    "start": 251,
                    "end": 258,
                    "mention": "Table 1",
                    "ref_id": "TABREF0"
                }
            ]
        },
        {
            "text": "The S proteins of recently Chinese field strains have 1,381\u20131,389 amino acids (aa) in length (Table 1). These consequences were due to the presences of the number of deleted or inserted amino acids that were accumulated in the N-terminus of the S protein. The antigen epitope motif (1368GPRLQPY1374) against 2C10, a monoclonal antibody that showed neutralizing activities against PEDV [13], the CO-26K equivalent (COE) domain (aa499\u2013638) [14] and the epitopes SS2 (748YSNIGVCK755), SS6 (764LQDGQVKI771) [15] of S protein can induce neutralizing antibodies against PEDV. According to the result of multiple alignments of amino acid sequences, the antigen epitope motif (1368GPRLQPY1374) is conserved in all the Chinese field strains. The epitope SS2 is conserved in all the Chinese field strains (excluding CH/HLJHG/2011). The epitope SS6 shows 2- or 3-amino acid mutations in most field strains (Figure 1). Compared to CV777-attenuated, 7 field strains have no amino acids change in the COE domain, 27 field strains have 1-8 different amino acids in the COE domain (Table 2). ",
            "cite_spans": [
                {
                    "start": 386,
                    "end": 388,
                    "mention": "13",
                    "ref_id": "BIBREF4"
                },
                {
                    "start": 439,
                    "end": 441,
                    "mention": "14",
                    "ref_id": "BIBREF5"
                },
                {
                    "start": 504,
                    "end": 506,
                    "mention": "15",
                    "ref_id": "BIBREF6"
                }
            ],
            "section": "2.2. Nucleotide and Amino Acid Sequence Analysis ::: 2. Results",
            "ref_spans": [
                {
                    "start": 896,
                    "end": 904,
                    "mention": "Figure 1",
                    "ref_id": "FIGREF0"
                },
                {
                    "start": 94,
                    "end": 101,
                    "mention": "Table 1",
                    "ref_id": "TABREF0"
                },
                {
                    "start": 1066,
                    "end": 1073,
                    "mention": "Table 2",
                    "ref_id": "TABREF1"
                }
            ]
        },
        {
            "text": "To establish genetic relationship of the fully sequenced S genes of field strains, phylogenetic analysis was performed. The phylogenetic tree (Figure 2) indicated that all PEDV strains used in this study were divided into two groups (G1 and G2). G1 was composed of three subgroups (G1-1, G1-2 and G1-3). G1-1 comprised 27 strains including 5 classical Chinese field strains (CH/S, LZC, LJB/03, JS-2004-2, DX), 13 recently Chinese field strains, 2 European strains (CV777 and Br1/87), 2 Japanese field strains (MK and 83p-5), 2 Korean strains (SM98 and DR13), 3 attenuated strains (CV777-attenuated, DR13-attenuated and 83p-5-100). G1-2 and G1-3 were composed of 10 and 3 foreign reference strains, respectively. G2 was only composed of 22 recently Chinese field strains (including reference strains CH/FJND-3/2011, CHGD-01). In sum, 33 recently field strains were included in G1-1 and G2, and 13 field strains were included in G1-1 and 20 field strains were included in G2. ",
            "cite_spans": [],
            "section": "2.3. Phylogenetic Analysis ::: 2. Results",
            "ref_spans": [
                {
                    "start": 143,
                    "end": 151,
                    "mention": "Figure 2",
                    "ref_id": "FIGREF1"
                }
            ]
        },
        {
            "text": "We found that the nucleotide and deduced amino acid sequences of 33 field strains share 93.5%\u201399.9% and 92.3%\u201399.8% homologies with each other, respectively. The S genes of 13 recently Chinese field strains in G1-1 have 95.6%\u201399.9% homologies with each other, and share 96.0%\u201399.9%, 95.4%\u201396.7% and 93.6%\u201395.7% homologies with those of CV777-attenuated, CH/S and CHGD-1, respectively. The deduced amino acid sequences of S protein of these strains have 94.9%-99.8% homologies with each other, and share 95.9%\u2013100%, 94.6%\u201396.2% and 92.7%\u201395.1% homologies with those of CV777-attenuated, CH/S and CHGD-1, respectively (Table 3).",
            "cite_spans": [],
            "section": "2.4. Sequence Homology Analysis ::: 2. Results",
            "ref_spans": [
                {
                    "start": 617,
                    "end": 624,
                    "mention": "Table 3",
                    "ref_id": "TABREF2"
                }
            ]
        },
        {
            "text": "The S genes of 20 recently Chinese field strains in G2 have 96.2%\u201399.7% homologies with each other, and share 93.6%\u201395.4%, 93.5%\u201394.2% and 97.1%\u201399.3% homologies with those of CV777-attenuated, CH/S and CHGD-1, respectively. The deduced amino acid sequences of these strains have 96.7%\u201399.7% homologies with each other, and share 92.3%\u201394.4%, 92.9%\u201393.7% and 96.6%\u201398.9% homologies with those of strains CV777-attenuated, CH/S and CHGD-1, respectively (Table 3).",
            "cite_spans": [],
            "section": "2.4. Sequence Homology Analysis ::: 2. Results",
            "ref_spans": [
                {
                    "start": 453,
                    "end": 460,
                    "mention": "Table 3",
                    "ref_id": "TABREF2"
                }
            ]
        },
        {
            "text": "Since December 2010, outbreaks of viral diarrhea have been observed on most swine-breeding farms in most of the provinces of China. The clinical appearance was similar to that of PEDV infection. In this study, 79.66% (141 of 177) pig farms in 29 provinces (excluding Tibet and Hainan, China) were confirmed as infected with PEDV, and 72.27% (417 of 577) clinical samples were positive for PEDV. The results indicated that PEDV has a high prevalence rate in pig herds. TGEV was also detected by RT-PCR [16] in our lab, and the overall detection rate was 29.12% in clinical samples. Two other research groups in China reported that 40.8% (20 of 49) and 22.73% (5 of 22) sow milk samples were positive for PEDV in 2011 [5,6], and hypothesized that sow milk could represent a possible route for the vertical transmission of PEDV from sow to suckling piglets [5]. We also detected PEDV in 76.71% (56 of 73) sow milk samples in 2012. These results indicated that newborn piglets could be infected by PEDV in sow milk. ",
            "cite_spans": [
                {
                    "start": 502,
                    "end": 504,
                    "mention": "16",
                    "ref_id": "BIBREF7"
                },
                {
                    "start": 717,
                    "end": 718,
                    "mention": "5",
                    "ref_id": "BIBREF20"
                },
                {
                    "start": 719,
                    "end": 720,
                    "mention": "6",
                    "ref_id": "BIBREF21"
                },
                {
                    "start": 855,
                    "end": 856,
                    "mention": "5",
                    "ref_id": "BIBREF20"
                }
            ],
            "section": "3. Discussion",
            "ref_spans": []
        },
        {
            "text": "Our previously study indicated that the S gene of CH/FJND-3/2011) has the lowest sequence homology (93.75%) with that of CH/S and is 9 nt longer than those of CV777 and CH/S [17]. A more precise study with the full-length S genes of recently Chinese field strains will help to best understand the genetic relationships among prevailing PEDV in China. In this study, the entire S genes of 33 representative Chinese field strains during 2011\u20132012 were determined and compared with those of CV777-attenuated, CH/S and CHGD-1. ",
            "cite_spans": [
                {
                    "start": 175,
                    "end": 177,
                    "mention": "17",
                    "ref_id": "BIBREF8"
                }
            ],
            "section": "3. Discussion",
            "ref_spans": []
        },
        {
            "text": "The S genes of attenuated strains (CV777-attenuated, DR13-attenuated, 83p-5-100) are 4149 nt in length [18,19], however those of classical virulent strains are 4152 nt in length, such as CV777 [20], Br1/87 [21] and Chinese classical strain CH/S [22]. The S genes of 33 recently field strains show the diversity in length. The S genes of 13 recently field strains in G1-1 are shorter than those of classical strains in length because of the nucleotides deletion, however, the S genes of 20 recently field strains in G2 are longer than those of classical strains in length because of the nucleotides insertion and deletion. ",
            "cite_spans": [
                {
                    "start": 104,
                    "end": 106,
                    "mention": "18",
                    "ref_id": "BIBREF9"
                },
                {
                    "start": 107,
                    "end": 109,
                    "mention": "19",
                    "ref_id": "BIBREF10"
                },
                {
                    "start": 194,
                    "end": 196,
                    "mention": "20",
                    "ref_id": "BIBREF12"
                },
                {
                    "start": 207,
                    "end": 209,
                    "mention": "21",
                    "ref_id": "BIBREF13"
                },
                {
                    "start": 246,
                    "end": 248,
                    "mention": "22",
                    "ref_id": "BIBREF14"
                }
            ],
            "section": "3. Discussion",
            "ref_spans": []
        },
        {
            "text": "The unique characteristic of 20 field strains in G2 in the present study was the presence of the nucleotides insertion and deletion in the S genes. The alignment of S genes reveals that one domain which locates within the 5' most 1100 nt of the S gene exhibited an increased divergence compared to the remaining part of the sequence. The insertion and deletion regions are mainly clustered in this region. Furthermore, the largest number of nucleotide differences is also clustered in this domain. Most of the diversity between the recent field strains in G1-1 and in G2 is located within the 1100 nt-domain. The phenomenon is also found in the S gene of CH/FJND-3/2011 [17]. ",
            "cite_spans": [
                {
                    "start": 671,
                    "end": 673,
                    "mention": "17",
                    "ref_id": "BIBREF8"
                }
            ],
            "section": "3. Discussion",
            "ref_spans": []
        },
        {
            "text": "Our findings showed the S genes of 13 field strains in G1-1 exhibited higher homologies with those of CH/S and CV777-attenuated than with that of CHGD-1. However, the S genes of 20 field strains in G2 exhibited higher sequence identities with that of CHGD-1 than with those of CH/S and CV777-attenuated. These results further indicated the heterogeneity in S genes of PEDV field strains prevailing in China. ",
            "cite_spans": [],
            "section": "3. Discussion",
            "ref_spans": []
        },
        {
            "text": "According to the phylogenetic analyses, the recently Chinese field strains were divided into two distinct clusters. 13 field strains and reference strains including Korean field strains, Japanese strains, PEDV-attenuated strains and Chinese classical strains were determined to belong to G1, whereas 20 field strains and 2 reference strains (CH/FJND-3/2011, CHGD-1) were clustered together within G2. These data demonstrate that prevalent PEDV field strains in China have two types (classical strains and variant strains), and most field strains are variant strains. These variants are more closely related to each other and to other previously identified Chinese variants CH/FJND-3/2011 and CHGD-1 rather than Chinese classical strains (CH/S, DX, JS-2004-2, LJB/03, LZC) and attenuated strains.",
            "cite_spans": [],
            "section": "3. Discussion",
            "ref_spans": []
        },
        {
            "text": "The antigen epitope motif (1368GPRLQPY1374) [13] and the COE domain (aa499-638) [14] of S protein can induce neutralizing antibodies against PEDV. According to the alignment of amino acid sequences of S proteins, the antigen epitope motif (1368GPRLQPY1374) is conserved in all the recent field strains. The COE domain consists of 140 aa. Compared to CV777-attenuated, 27 field strains have 1-8 different aa, 7 field strains have no different aa. A previously study reported that three of these mutations in the recent isolates influenced the hydrophobicity of the S protein as compared with that for CV777 [5]. ",
            "cite_spans": [
                {
                    "start": 45,
                    "end": 47,
                    "mention": "13",
                    "ref_id": "BIBREF4"
                },
                {
                    "start": 81,
                    "end": 83,
                    "mention": "14",
                    "ref_id": "BIBREF5"
                },
                {
                    "start": 607,
                    "end": 608,
                    "mention": "5",
                    "ref_id": "BIBREF20"
                }
            ],
            "section": "3. Discussion",
            "ref_spans": []
        },
        {
            "text": "A total of 577 samples (504 small intestines of dead neonatal piglets and 73 sow milk) were collected from 177 farms in 29 provinces from February 2011 to November 2012. The collection procedures of milk were as follows. The sows\u2019 teats were washed three times with sterile physiological saline. The workers milked the teats with sterile gloves, and took the middle section of the milk in 1.5mL sterile microcentrifuge tubes. The milk samples were sent to our lab with ice bags or dry ice. All the samples were initially detected by reverse transcription-polymerase chain reaction (RT-PCR) using previously described methods [23]. The animal experiments were approved by Harbin Veterinary Research Institute and performed in accordance with animal ethics guidelines and approved protocols. The approval number of Animal Ethics Committee is Heilongjiang-SYXK-2006-032.",
            "cite_spans": [
                {
                    "start": 626,
                    "end": 628,
                    "mention": "23",
                    "ref_id": "BIBREF15"
                }
            ],
            "section": "4.1. Clinical Samples Detection ::: 4. Experimental",
            "ref_spans": []
        },
        {
            "text": "To obtain the full-length S gene, four primers (S1-1U, 5'- ATCGTCAGAGGCATTTTTAA-3'; S1-1L, 5'-ATCCATCACCATTAAACGAA-3'; and S1-2U, 5'- ATGTTGTGTTAGGCTTGTTG-3'; S1-2L, 5'- CACTAACAGGCGTGTTGTAA-3') and three primers (S2-U, 5'- CTGATTCTGGACAGTTGTTA-3'; S2-1L, 5'- TTGGACAGCATCCAAAGACA-3'; S2-2L, 5'- CTTCGAGACATCTTTGACAA-3') were designed and synthesized according to the corresponding region of CV777 (AF353511) to amplify S1 domain and S2 domain by PCR or nested-PCR, respectively. The complementary DNA (cDNA) of 33 representative field strains was synthesized using S2-2L as the reverse transcription primer according to the previously described methods [23].",
            "cite_spans": [
                {
                    "start": 655,
                    "end": 657,
                    "mention": "23",
                    "ref_id": "BIBREF15"
                }
            ],
            "section": "4.2. Sequencing of S Gene ::: 4. Experimental",
            "ref_spans": []
        },
        {
            "text": "PCR was carried out in a two-step reaction, first with a pair of primers flanking the region to be amplified and then using a pair of primers within the amplified sequence in a total volume of 25 \u00b5L. Exactly, 1\u00b5L (10 ng) cDNA was mixed with a reaction mixture containing 12.5 \u00b5L 2\u00d7 EmeraldAmpTM PCR Master Mix (TaKaRa, Dalian, China), 0.5 \u00b5L each specific primer (10 \u00b5M), and 10.5 \u00b5L sterile deionized water. The first round of amplification was performed under the reaction conditions (pre-denaturation at 94 \u00b0C for 5 min followed by 30 cycles of denaturation at 98 \u00b0C for 10 s, annealing at 50 \u00b0C for 30 s, extension at 72 \u00b0C for 3 min, and a final extension at 72 \u00b0C for 7 min). The second round of amplification was performed: a 100-fold dilution in distilled water of the first PCR products were used as the template under the reaction conditions of the first round of amplification (pre-denaturation at 94 \u00b0C for 5 min followed by 25 cycles of denaturation at 98 \u00b0C for 10 s, annealing at 50 \u00b0C for 30 s, extension at 72 \u00b0C for 2.5 min, and a final extension at 72 \u00b0C for 7 min).",
            "cite_spans": [],
            "section": "4.2. Sequencing of S Gene ::: 4. Experimental",
            "ref_spans": []
        },
        {
            "text": "PCR products were excised from 1.0% agarose gels, extracted using QIAquick\u00ae Gel Extraction Kit (QIAGEN GmbH, Hilden, German), cloned into a T-tailed vector, pMD18-T (TaKaRa, Dalian, China) and transformed using JM109 competent cells (TaKaRa, Dalian, China). Three to five recombinant DNA clones of each PEDV strains were sequenced by Beijing Genomics Institute (Beijing, China). ",
            "cite_spans": [],
            "section": "4.2. Sequencing of S Gene ::: 4. Experimental",
            "ref_spans": []
        },
        {
            "text": "The sequences of full-length S genes of 33 field strains (Table 1) and 30 reference strains (Table 4) were used in sequence alignments and phylogenetic analysis. The multiple sequence alignments, nucleotide and amino acid sequences divergences were analyzed by Jotun Hein method in the software program MegAlign [24]. Phylogenetic tree was constructed from the aligned nucleotide sequences by the maximum likelihood method in MEGA 5.05 program [25].",
            "cite_spans": [
                {
                    "start": 313,
                    "end": 315,
                    "mention": "24",
                    "ref_id": "BIBREF16"
                },
                {
                    "start": 445,
                    "end": 447,
                    "mention": "25",
                    "ref_id": "BIBREF17"
                }
            ],
            "section": "4.3. Multiple Alignments and Phylogenetic Analysis ::: 4. Experimental",
            "ref_spans": [
                {
                    "start": 58,
                    "end": 65,
                    "mention": "Table 1",
                    "ref_id": "TABREF0"
                },
                {
                    "start": 93,
                    "end": 100,
                    "mention": "Table 4",
                    "ref_id": "TABREF3"
                }
            ]
        },
        {
            "text": "This study confirmed that PEDV has a high detection rate in pig herds in China. The sequence analysis indicated the S genes of recent field strains are heterogeneous. The phylogenetic analysis indicated that there are two types of PEDV strains (classical strains and variant strains) prevailing in China. The sequence information in the current study would lead to a better understanding of the genetic diversity among recently Chinese PEDV strains and contribute to the development of more effective vaccines. The future work should focus on the variants of PEDV in China and develop novel variant strain\u2013based vaccines to treat the current outbreak in China. ",
            "cite_spans": [],
            "section": "5. Conclusions",
            "ref_spans": []
        }
    ],
    "ref_entries": {
        "TABREF0": {
            "text": "Table 1: The recently Chinese PEDV field strains used in this study\n",
            "type": "table"
        },
        "TABREF1": {
            "text": "Table 2: Analysis of amino acids mutations in COE domains of field strains and CV777 attenuated strain \n",
            "type": "table"
        },
        "TABREF2": {
            "text": "Table 3: Nucleotide and deduced amino acid sequence homology of the S genes of PEDV field strains and reference strains\n",
            "type": "table"
        },
        "TABREF3": {
            "text": "Table 4: Reference strains used in this study\n",
            "type": "table"
        },
        "FIGREF0": {
            "text": "Figure 1: Comparison of the antigen epitopes of S proteins of field strains and reference strains. Dots indicate the amino acids are identical to those of reference strain CV777-attenuated. SS2 is in the yellow region, SS6 is in the green region and the motif against 2C10 is in the pink region.",
            "type": "figure"
        },
        "FIGREF1": {
            "text": "Figure 2: Phylogenetic analysis based on the nucleotide sequences corresponding to the full-length S gene. Putative similar regions of S gene of other distantly related coronavirus, transmissible gastroenteritis virus (TGEV), was also included in this study. The phylogenetic tree was constructed from the aligned nucleotide sequences by using the maximum likelihood method in MEGA 5.05. The scale bars indicate the number of 0.05 inferred substitutions per site. The GenBank accession numbers of recent field strains and reference strains are in the brackets. ",
            "type": "figure"
        }
    },
    "back_matter": [],
    "bib_entries": {
        "BIBREF0": {
            "title": "A new coronavirus-like particles associated with diarrhea in swine",
            "authors": [
                {
                    "first": "M.B.",
                    "middle": [],
                    "last": "Pensaert",
                    "suffix": ""
                },
                {
                    "first": "P.",
                    "middle": [],
                    "last": "DeBouck",
                    "suffix": ""
                }
            ],
            "year": 1978,
            "venue": "Arch. Virol.",
            "volume": "58",
            "issn": "",
            "pages": "243-247",
            "other_ids": {
                "DOI": [
                    "10.1007/BF01317606"
                ]
            }
        },
        "BIBREF1": {
            "title": "Cloning and further sequence analysis of the spike gene of attenuated porcine epidemic diarrhea virus DR13",
            "authors": [
                {
                    "first": "S.J.",
                    "middle": [],
                    "last": "Park",
                    "suffix": ""
                },
                {
                    "first": "H.J.",
                    "middle": [],
                    "last": "Moon",
                    "suffix": ""
                },
                {
                    "first": "J.S.",
                    "middle": [],
                    "last": "Yang",
                    "suffix": ""
                },
                {
                    "first": "C.S.",
                    "middle": [],
                    "last": "Lee",
                    "suffix": ""
                },
                {
                    "first": "D.S.",
                    "middle": [],
                    "last": "Song",
                    "suffix": ""
                },
                {
                    "first": "B.K.",
                    "middle": [],
                    "last": "Kang",
                    "suffix": ""
                },
                {
                    "first": "B.K.",
                    "middle": [],
                    "last": "Park",
                    "suffix": ""
                }
            ],
            "year": 2007,
            "venue": "Virus Genes",
            "volume": "35",
            "issn": "",
            "pages": "55-64",
            "other_ids": {
                "DOI": [
                    "10.1007/s11262-006-0036-1"
                ]
            }
        },
        "BIBREF2": {
            "title": "Chinese-like strain of porcine epidemic diarrhea virus, Thailand",
            "authors": [
                {
                    "first": "S.",
                    "middle": [],
                    "last": "Puranaveja",
                    "suffix": ""
                },
                {
                    "first": "P.",
                    "middle": [],
                    "last": "Poolperm",
                    "suffix": ""
                },
                {
                    "first": "P.",
                    "middle": [],
                    "last": "Lertwatcharasarakul",
                    "suffix": ""
                },
                {
                    "first": "S.",
                    "middle": [],
                    "last": "Kesdaengsakonwut",
                    "suffix": ""
                },
                {
                    "first": "A.",
                    "middle": [],
                    "last": "Boonsoongnern",
                    "suffix": ""
                },
                {
                    "first": "K.",
                    "middle": [],
                    "last": "Urairong",
                    "suffix": ""
                },
                {
                    "first": "P.",
                    "middle": [],
                    "last": "Kitikoon",
                    "suffix": ""
                },
                {
                    "first": "P.",
                    "middle": [],
                    "last": "Choojai",
                    "suffix": ""
                },
                {
                    "first": "R.",
                    "middle": [],
                    "last": "Kedkovid",
                    "suffix": ""
                },
                {
                    "first": "K.",
                    "middle": [],
                    "last": "Teankum",
                    "suffix": ""
                }
            ],
            "year": 2009,
            "venue": "Emerg. Infect. Dis.",
            "volume": "15",
            "issn": "",
            "pages": "1112-1115",
            "other_ids": {
                "DOI": [
                    "10.3201/eid1507.081256"
                ]
            }
        },
        "BIBREF3": {
            "title": "Heterogeneity in spike protein genes of porcine epidemic diarrhea viruses isolated in Korea",
            "authors": [
                {
                    "first": "D.K.",
                    "middle": [],
                    "last": "Lee",
                    "suffix": ""
                },
                {
                    "first": "C.K.",
                    "middle": [],
                    "last": "Park",
                    "suffix": ""
                },
                {
                    "first": "S.H.",
                    "middle": [],
                    "last": "Kim",
                    "suffix": ""
                },
                {
                    "first": "C.",
                    "middle": [],
                    "last": "Lee",
                    "suffix": ""
                }
            ],
            "year": 2010,
            "venue": "Virus Res.",
            "volume": "149",
            "issn": "",
            "pages": "175-182",
            "other_ids": {
                "DOI": [
                    "10.1016/j.virusres.2010.01.015"
                ]
            }
        },
        "BIBREF4": {
            "title": "Phage-displayed peptides having antigenic similarities with porcine epidemic diarrhea virus (PEDV) neutralizing epitopes",
            "authors": [
                {
                    "first": "D.J.",
                    "middle": [],
                    "last": "Cruz",
                    "suffix": ""
                },
                {
                    "first": "C.J.",
                    "middle": [],
                    "last": "Kim",
                    "suffix": ""
                },
                {
                    "first": "H.J.",
                    "middle": [],
                    "last": "Shin",
                    "suffix": ""
                }
            ],
            "year": 2006,
            "venue": "Virology",
            "volume": "354",
            "issn": "",
            "pages": "28-34",
            "other_ids": {
                "DOI": [
                    "10.1016/j.virol.2006.04.027"
                ]
            }
        },
        "BIBREF5": {
            "title": "Identification of the epitope region capable of inducing neutralizing antibodies against the porcine epidemic diarrhea virus",
            "authors": [
                {
                    "first": "S.H.",
                    "middle": [],
                    "last": "Chang",
                    "suffix": ""
                },
                {
                    "first": "J.L.",
                    "middle": [],
                    "last": "Bae",
                    "suffix": ""
                },
                {
                    "first": "T.J.",
                    "middle": [],
                    "last": "Kang",
                    "suffix": ""
                },
                {
                    "first": "J.",
                    "middle": [],
                    "last": "Kim",
                    "suffix": ""
                },
                {
                    "first": "G.H.",
                    "middle": [],
                    "last": "Chung",
                    "suffix": ""
                },
                {
                    "first": "C.W.",
                    "middle": [],
                    "last": "Lim",
                    "suffix": ""
                },
                {
                    "first": "H.",
                    "middle": [],
                    "last": "Laude",
                    "suffix": ""
                },
                {
                    "first": "M.S.",
                    "middle": [],
                    "last": "Yang",
                    "suffix": ""
                },
                {
                    "first": "Y.S.",
                    "middle": [],
                    "last": "Jang",
                    "suffix": ""
                }
            ],
            "year": 2002,
            "venue": "Mol. Cells",
            "volume": "14",
            "issn": "",
            "pages": "295-299",
            "other_ids": {
                "DOI": []
            }
        },
        "BIBREF6": {
            "title": "Identification of two novel B cell epitopes on porcine epidemic diarrhea virus spike protein",
            "authors": [
                {
                    "first": "D.",
                    "middle": [],
                    "last": "Sun",
                    "suffix": ""
                },
                {
                    "first": "L.",
                    "middle": [],
                    "last": "Feng",
                    "suffix": ""
                },
                {
                    "first": "H.",
                    "middle": [],
                    "last": "Shi",
                    "suffix": ""
                },
                {
                    "first": "J.",
                    "middle": [],
                    "last": "Chen",
                    "suffix": ""
                },
                {
                    "first": "X.",
                    "middle": [],
                    "last": "Cui",
                    "suffix": ""
                },
                {
                    "first": "H.",
                    "middle": [],
                    "last": "Chen",
                    "suffix": ""
                },
                {
                    "first": "S.",
                    "middle": [],
                    "last": "Liu",
                    "suffix": ""
                },
                {
                    "first": "Y.",
                    "middle": [],
                    "last": "Tong",
                    "suffix": ""
                },
                {
                    "first": "Y.",
                    "middle": [],
                    "last": "Wang",
                    "suffix": ""
                },
                {
                    "first": "G.",
                    "middle": [],
                    "last": "Tong",
                    "suffix": ""
                }
            ],
            "year": 2008,
            "venue": "Vet. Microbiol.",
            "volume": "131",
            "issn": "",
            "pages": "73-81",
            "other_ids": {
                "DOI": [
                    "10.1016/j.vetmic.2008.02.022"
                ]
            }
        },
        "BIBREF7": {
            "title": "Rapid differentiation of vaccine strain and Chinese field strains of transmissible gastroenteritis virus by restriction fragment length polymorphism of the N gene",
            "authors": [
                {
                    "first": "C.",
                    "middle": [],
                    "last": "Wang",
                    "suffix": ""
                },
                {
                    "first": "J.",
                    "middle": [],
                    "last": "Chen",
                    "suffix": ""
                },
                {
                    "first": "H.",
                    "middle": [],
                    "last": "Shi",
                    "suffix": ""
                },
                {
                    "first": "H.J.",
                    "middle": [],
                    "last": "Qiu",
                    "suffix": ""
                },
                {
                    "first": "F.",
                    "middle": [],
                    "last": "Xue",
                    "suffix": ""
                },
                {
                    "first": "S.",
                    "middle": [],
                    "last": "Liu",
                    "suffix": ""
                },
                {
                    "first": "C.",
                    "middle": [],
                    "last": "Liu",
                    "suffix": ""
                },
                {
                    "first": "Y.",
                    "middle": [],
                    "last": "Zhu",
                    "suffix": ""
                },
                {
                    "first": "F.",
                    "middle": [],
                    "last": "Almaz\u00e1n",
                    "suffix": ""
                },
                {
                    "first": "L.",
                    "middle": [],
                    "last": "Enjuanes",
                    "suffix": ""
                }
            ],
            "year": 2010,
            "venue": "Virus Genes",
            "volume": "41",
            "issn": "",
            "pages": "47-58",
            "other_ids": {
                "DOI": [
                    "10.1007/s11262-010-0481-8"
                ]
            }
        },
        "BIBREF8": {
            "title": "Complete genome sequence of a porcine epidemic diarrhea virus variant",
            "authors": [
                {
                    "first": "J.",
                    "middle": [],
                    "last": "Chen",
                    "suffix": ""
                },
                {
                    "first": "X.",
                    "middle": [],
                    "last": "Liu",
                    "suffix": ""
                },
                {
                    "first": "D.",
                    "middle": [],
                    "last": "Shi",
                    "suffix": ""
                },
                {
                    "first": "H.",
                    "middle": [],
                    "last": "Shi",
                    "suffix": ""
                },
                {
                    "first": "X.",
                    "middle": [
                        ""
                    ],
                    "last": "Zhang",
                    "suffix": ""
                },
                {
                    "first": "L.",
                    "middle": [],
                    "last": "Feng",
                    "suffix": ""
                }
            ],
            "year": 2012,
            "venue": "J. Virol.",
            "volume": "86",
            "issn": "",
            "pages": null,
            "other_ids": {
                "DOI": [
                    "10.1128/JVI.07150-11"
                ]
            }
        },
        "BIBREF9": {
            "title": "Sequence analysis of the partial spike glycoprotein gene of porcine epidemic diarrhea viruses isolated in Korea",
            "authors": [
                {
                    "first": "S.J.",
                    "middle": [],
                    "last": "Park",
                    "suffix": ""
                },
                {
                    "first": "D.S.",
                    "middle": [],
                    "last": "Song",
                    "suffix": ""
                },
                {
                    "first": "G.W.",
                    "middle": [],
                    "last": "Ha",
                    "suffix": ""
                },
                {
                    "first": "B.K.",
                    "middle": [],
                    "last": "Park",
                    "suffix": ""
                }
            ],
            "year": 2007,
            "venue": "Virus Genes",
            "volume": "35",
            "issn": "",
            "pages": "321-332",
            "other_ids": {
                "DOI": [
                    "10.1007/s11262-007-0096-x"
                ]
            }
        },
        "BIBREF10": {
            "title": "Mutations in the spike gene of porcine epidemic diarrhea virus associated with growth adaptation in vitro and attenuation of virulence in vivo",
            "authors": [
                {
                    "first": "T.",
                    "middle": [],
                    "last": "Sato",
                    "suffix": ""
                },
                {
                    "first": "N.",
                    "middle": [],
                    "last": "Takeyama",
                    "suffix": ""
                },
                {
                    "first": "A.",
                    "middle": [],
                    "last": "Katsumata",
                    "suffix": ""
                },
                {
                    "first": "K.",
                    "middle": [],
                    "last": "Tuchiya",
                    "suffix": ""
                },
                {
                    "first": "T.",
                    "middle": [],
                    "last": "Kodama",
                    "suffix": ""
                },
                {
                    "first": "K.",
                    "middle": [],
                    "last": "Kusanagi",
                    "suffix": ""
                }
            ],
            "year": 2011,
            "venue": "Virus Genes",
            "volume": "43",
            "issn": "",
            "pages": "72-78",
            "other_ids": {
                "DOI": [
                    "10.1007/s11262-011-0617-5"
                ]
            }
        },
        "BIBREF11": {
            "title": "Letter to the editor",
            "authors": [
                {
                    "first": "J.",
                    "middle": [],
                    "last": "Oldham",
                    "suffix": ""
                }
            ],
            "year": 1972,
            "venue": "Pig Farming",
            "volume": "10",
            "issn": "",
            "pages": "72-73",
            "other_ids": {
                "DOI": []
            }
        },
        "BIBREF12": {
            "title": "Completion of the porcine epidemic diarrhoea coronavirus (PEDV) genome sequence",
            "authors": [
                {
                    "first": "R.",
                    "middle": [],
                    "last": "Kocherhans",
                    "suffix": ""
                },
                {
                    "first": "A.",
                    "middle": [],
                    "last": "Bridgen",
                    "suffix": ""
                },
                {
                    "first": "M.",
                    "middle": [],
                    "last": "Ackermann",
                    "suffix": ""
                },
                {
                    "first": "K.",
                    "middle": [],
                    "last": "Tobler",
                    "suffix": ""
                }
            ],
            "year": 2001,
            "venue": "Virus Genes",
            "volume": "23",
            "issn": "",
            "pages": "137-144",
            "other_ids": {
                "DOI": [
                    "10.1023/A:1011831902219"
                ]
            }
        },
        "BIBREF13": {
            "title": "Sequence of the spike protein of porcine epidemic diarrhea virus",
            "authors": [
                {
                    "first": "M.",
                    "middle": [],
                    "last": "Duarte",
                    "suffix": ""
                },
                {
                    "first": "H.",
                    "middle": [],
                    "last": "Laude",
                    "suffix": ""
                }
            ],
            "year": 1994,
            "venue": "J. Gen. Virol.",
            "volume": "75",
            "issn": "",
            "pages": "1195-1200",
            "other_ids": {
                "DOI": [
                    "10.1099/0022-1317-75-5-1195"
                ]
            }
        },
        "BIBREF14": {
            "title": "Complete genome sequence of a Chinese virulent porcine epidemic diarrhea virus strain",
            "authors": [
                {
                    "first": "J.",
                    "middle": [],
                    "last": "Chen",
                    "suffix": ""
                },
                {
                    "first": "C.",
                    "middle": [],
                    "last": "Wang",
                    "suffix": ""
                },
                {
                    "first": "H.",
                    "middle": [],
                    "last": "Shi",
                    "suffix": ""
                },
                {
                    "first": "H.J.",
                    "middle": [],
                    "last": "Qiu",
                    "suffix": ""
                },
                {
                    "first": "S.",
                    "middle": [],
                    "last": "Liu",
                    "suffix": ""
                },
                {
                    "first": "D.",
                    "middle": [],
                    "last": "Shi",
                    "suffix": ""
                },
                {
                    "first": "X.",
                    "middle": [],
                    "last": "Zhang",
                    "suffix": ""
                },
                {
                    "first": "L.",
                    "middle": [],
                    "last": "Feng",
                    "suffix": ""
                }
            ],
            "year": 2011,
            "venue": "J. Virol.",
            "volume": "85",
            "issn": "",
            "pages": "11538-11539",
            "other_ids": {
                "DOI": [
                    "10.1128/JVI.06024-11"
                ]
            }
        },
        "BIBREF15": {
            "title": "Molecular epidemiology of porcine epidemic diarrhea virus in China",
            "authors": [
                {
                    "first": "J.",
                    "middle": [],
                    "last": "Chen",
                    "suffix": ""
                },
                {
                    "first": "C.",
                    "middle": [],
                    "last": "Wang",
                    "suffix": ""
                },
                {
                    "first": "H.",
                    "middle": [],
                    "last": "Shi",
                    "suffix": ""
                },
                {
                    "first": "H.J.",
                    "middle": [],
                    "last": "Qiu",
                    "suffix": ""
                },
                {
                    "first": "S.",
                    "middle": [],
                    "last": "Liu",
                    "suffix": ""
                },
                {
                    "first": "X.",
                    "middle": [],
                    "last": "Chen",
                    "suffix": ""
                },
                {
                    "first": "Z.",
                    "middle": [],
                    "last": "Zhang",
                    "suffix": ""
                },
                {
                    "first": "L.",
                    "middle": [],
                    "last": "Feng",
                    "suffix": ""
                }
            ],
            "year": 2010,
            "venue": "Arch. Virol.",
            "volume": "155",
            "issn": "",
            "pages": "1471-1476",
            "other_ids": {
                "DOI": [
                    "10.1007/s00705-010-0720-2"
                ]
            }
        },
        "BIBREF16": {
            "title": "",
            "authors": [],
            "year": 2006,
            "venue": "DNAStar package",
            "volume": "",
            "issn": "",
            "pages": null,
            "other_ids": {
                "DOI": []
            }
        },
        "BIBREF17": {
            "title": "MEGA5: Molecular Evolutionary Genetics Analysis using Maximum Likelihood, Evolutionary Distance, and Maximum Parsimony Methods",
            "authors": [
                {
                    "first": "K.",
                    "middle": [],
                    "last": "Tamura",
                    "suffix": ""
                },
                {
                    "first": "D.",
                    "middle": [],
                    "last": "Peterson",
                    "suffix": ""
                },
                {
                    "first": "N.",
                    "middle": [],
                    "last": "Peterson",
                    "suffix": ""
                },
                {
                    "first": "G.",
                    "middle": [],
                    "last": "Stecher",
                    "suffix": ""
                },
                {
                    "first": "M.",
                    "middle": [],
                    "last": "Nei",
                    "suffix": ""
                },
                {
                    "first": "S.",
                    "middle": [],
                    "last": "Kumar",
                    "suffix": ""
                }
            ],
            "year": 2011,
            "venue": "Med. Biol. Evol.",
            "volume": "28",
            "issn": "",
            "pages": "2731-2739",
            "other_ids": {
                "DOI": [
                    "10.1093/molbev/msr121"
                ]
            }
        },
        "BIBREF18": {
            "title": "Porcine epidemic diarrhea (PED) caused by a coronavirus: Present knowledge",
            "authors": [
                {
                    "first": "M.B.",
                    "middle": [],
                    "last": "Pensaert",
                    "suffix": ""
                },
                {
                    "first": "P.",
                    "middle": [],
                    "last": "Callebaut",
                    "suffix": ""
                },
                {
                    "first": "P.",
                    "middle": [],
                    "last": "DeBouck",
                    "suffix": ""
                }
            ],
            "year": 1982,
            "venue": "Proc. Congr. Int. Pig. Vet. Soc.",
            "volume": "7",
            "issn": "",
            "pages": null,
            "other_ids": {
                "DOI": []
            }
        },
        "BIBREF19": {
            "title": "Study on the culture of porcine epidemic diarrhea virus adapted to fetal porcine intestine primary cell monolayer",
            "authors": [
                {
                    "first": "H.",
                    "middle": [],
                    "last": "Xuan",
                    "suffix": ""
                },
                {
                    "first": "D.",
                    "middle": [],
                    "last": "Xing",
                    "suffix": ""
                },
                {
                    "first": "D.",
                    "middle": [],
                    "last": "Wang",
                    "suffix": ""
                },
                {
                    "first": "W.",
                    "middle": [],
                    "last": "Zhu",
                    "suffix": ""
                },
                {
                    "first": "F.",
                    "middle": [],
                    "last": "Zhao",
                    "suffix": ""
                },
                {
                    "first": "H.",
                    "middle": [],
                    "last": "Gong",
                    "suffix": ""
                }
            ],
            "year": 1984,
            "venue": "Chin. J. Vet. Sci.",
            "volume": "4",
            "issn": "",
            "pages": "202-208",
            "other_ids": {
                "DOI": []
            }
        },
        "BIBREF20": {
            "title": "Outbreak of porcine epidemic diarrhea in suckling piglets, China",
            "authors": [
                {
                    "first": "R.Q.",
                    "middle": [],
                    "last": "Sun",
                    "suffix": ""
                },
                {
                    "first": "R.J.",
                    "middle": [],
                    "last": "Cai",
                    "suffix": ""
                },
                {
                    "first": "Y.Q.",
                    "middle": [],
                    "last": "Chen",
                    "suffix": ""
                },
                {
                    "first": "P.S.",
                    "middle": [],
                    "last": "Liang",
                    "suffix": ""
                },
                {
                    "first": "D.K.",
                    "middle": [],
                    "last": "Chen",
                    "suffix": ""
                },
                {
                    "first": "C.X.",
                    "middle": [],
                    "last": "Song",
                    "suffix": ""
                }
            ],
            "year": 2011,
            "venue": "Emerg. Infect. Dis.",
            "volume": "18",
            "issn": "",
            "pages": "161-163",
            "other_ids": {
                "DOI": []
            }
        },
        "BIBREF21": {
            "title": "New variants of porcine epidemic diarrhea virus, China, 2011",
            "authors": [
                {
                    "first": "W.",
                    "middle": [],
                    "last": "Li",
                    "suffix": ""
                },
                {
                    "first": "H.",
                    "middle": [],
                    "last": "Li",
                    "suffix": ""
                },
                {
                    "first": "Y.",
                    "middle": [],
                    "last": "Liu",
                    "suffix": ""
                },
                {
                    "first": "Y.",
                    "middle": [],
                    "last": "Pan",
                    "suffix": ""
                },
                {
                    "first": "F.",
                    "middle": [],
                    "last": "Deng",
                    "suffix": ""
                },
                {
                    "first": "Y.",
                    "middle": [],
                    "last": "Song",
                    "suffix": ""
                },
                {
                    "first": "X.",
                    "middle": [],
                    "last": "Tang",
                    "suffix": ""
                },
                {
                    "first": "Q.",
                    "middle": [],
                    "last": "He",
                    "suffix": ""
                }
            ],
            "year": 2012,
            "venue": "Emerg. Infect. Dis.",
            "volume": "18",
            "issn": "",
            "pages": "1350-1353",
            "other_ids": {
                "DOI": []
            }
        },
        "BIBREF22": {
            "title": "Genetic evolution and tropism of transmissible gastroenteritis coronaviruses",
            "authors": [
                {
                    "first": "C.M.",
                    "middle": [],
                    "last": "S\u00e1nchez",
                    "suffix": ""
                },
                {
                    "first": "F.",
                    "middle": [],
                    "last": "Gebauer",
                    "suffix": ""
                },
                {
                    "first": "C.",
                    "middle": [],
                    "last": "Su\u00f1\u00e9",
                    "suffix": ""
                },
                {
                    "first": "A.",
                    "middle": [],
                    "last": "Mendez",
                    "suffix": ""
                },
                {
                    "first": "J.",
                    "middle": [],
                    "last": "Dopazo",
                    "suffix": ""
                },
                {
                    "first": "L.",
                    "middle": [],
                    "last": "Enjuanes",
                    "suffix": ""
                }
            ],
            "year": 1992,
            "venue": "Virology",
            "volume": "190",
            "issn": "",
            "pages": "92-105",
            "other_ids": {
                "DOI": [
                    "10.1016/0042-6822(92)91195-Z"
                ]
            }
        },
        "BIBREF23": {
            "title": "Discrimination between transmissible gastroenteritis virus isolates",
            "authors": [
                {
                    "first": "D.",
                    "middle": [],
                    "last": "Paton",
                    "suffix": ""
                },
                {
                    "first": "P.",
                    "middle": [],
                    "last": "Lowings",
                    "suffix": ""
                }
            ],
            "year": 1997,
            "venue": "Arch. Virol.",
            "volume": "142",
            "issn": "",
            "pages": "1703-1711",
            "other_ids": {
                "DOI": [
                    "10.1007/s007050050191"
                ]
            }
        },
        "BIBREF24": {
            "title": "Partial sequence of the spike glycoprotein gene of transmissible gastroenteritis viruses isolated in Korea",
            "authors": [
                {
                    "first": "S.J.",
                    "middle": [],
                    "last": "Kim",
                    "suffix": ""
                },
                {
                    "first": "J.H.",
                    "middle": [],
                    "last": "Han",
                    "suffix": ""
                },
                {
                    "first": "H.M.",
                    "middle": [],
                    "last": "Kwon",
                    "suffix": ""
                }
            ],
            "year": 2003,
            "venue": "Vet. Microbiol.",
            "volume": "94",
            "issn": "",
            "pages": "195-206",
            "other_ids": {
                "DOI": [
                    "10.1016/S0378-1135(03)00101-9"
                ]
            }
        }
    }
}